
 /----------------------------------------------------------------------------\
 |  yosys -- Yosys Open SYnthesis Suite                                       |
 |  Copyright (C) 2012 - 2026  Claire Xenia Wolf <claire@yosyshq.com>         |
 |  Distributed under an ISC-like license, type "license" to see terms        |
 \----------------------------------------------------------------------------/
 Yosys 0.64 (git sha1 d8dab5b32666564eca8e18f412973853ce006e61, clang++ 21.0.0 -fPIC -O3)

-- Executing script file `/tmp/yosys_XXXXXX.ys' --

1. Executing Verilog-2005 frontend: ../rtl/periph/axil_to_apb.sv
Parsing SystemVerilog input from `../rtl/periph/axil_to_apb.sv' to AST representation.
Generating RTLIL representation for module `\axil_to_apb'.
Successfully finished Verilog frontend.

2. Executing Verilog-2005 frontend: ../rtl/periph/pulp/spi/apb_spi_master.sv
Parsing SystemVerilog input from `../rtl/periph/pulp/spi/apb_spi_master.sv' to AST representation.
Generating RTLIL representation for module `\apb_spi_master'.
Successfully finished Verilog frontend.

3. Executing Verilog-2005 frontend: ../rtl/periph/pulp/spi/spi_master_apb_if.sv
Parsing SystemVerilog input from `../rtl/periph/pulp/spi/spi_master_apb_if.sv' to AST representation.
Generating RTLIL representation for module `\spi_master_apb_if'.
Successfully finished Verilog frontend.

4. Executing Verilog-2005 frontend: ../rtl/periph/pulp/spi/spi_master_clkgen.sv
Parsing SystemVerilog input from `../rtl/periph/pulp/spi/spi_master_clkgen.sv' to AST representation.
Generating RTLIL representation for module `\spi_master_clkgen'.
Successfully finished Verilog frontend.

5. Executing Verilog-2005 frontend: ../rtl/periph/pulp/spi/spi_master_controller.sv
Parsing SystemVerilog input from `../rtl/periph/pulp/spi/spi_master_controller.sv' to AST representation.
Generating RTLIL representation for module `\spi_master_controller'.
Successfully finished Verilog frontend.

6. Executing Verilog-2005 frontend: ../rtl/periph/pulp/spi/spi_master_fifo.sv
Parsing SystemVerilog input from `../rtl/periph/pulp/spi/spi_master_fifo.sv' to AST representation.
Generating RTLIL representation for module `\spi_master_fifo'.
Warning: Replacing memory \buffer with list of registers. See ../rtl/periph/pulp/spi/spi_master_fifo.sv:78
Successfully finished Verilog frontend.

7. Executing Verilog-2005 frontend: ../rtl/periph/pulp/spi/spi_master_rx.sv
Parsing SystemVerilog input from `../rtl/periph/pulp/spi/spi_master_rx.sv' to AST representation.
Generating RTLIL representation for module `\spi_master_rx'.
Successfully finished Verilog frontend.

8. Executing Verilog-2005 frontend: ../rtl/periph/pulp/spi/spi_master_tx.sv
Parsing SystemVerilog input from `../rtl/periph/pulp/spi/spi_master_tx.sv' to AST representation.
Generating RTLIL representation for module `\spi_master_tx'.
Successfully finished Verilog frontend.

9. Executing Verilog-2005 frontend: ../rtl/periph/pulp_spi_wrap.sv
Parsing SystemVerilog input from `../rtl/periph/pulp_spi_wrap.sv' to AST representation.
Generating RTLIL representation for module `\pulp_spi_wrap'.
Successfully finished Verilog frontend.

10. Executing HIERARCHY pass (managing design hierarchy).

10.1. Analyzing design hierarchy..
Top module:  \pulp_spi_wrap
Used module:     \apb_spi_master
Used module:         \spi_master_controller
Used module:             \spi_master_rx
Used module:             \spi_master_tx
Used module:             \spi_master_clkgen
Used module:         \spi_master_fifo
Used module:         \spi_master_apb_if
Used module:     \axil_to_apb
Parameter \DATA_WIDTH = 32
Parameter \BUFFER_DEPTH = 10

10.2. Executing AST frontend in derive mode using pre-parsed AST for module `\spi_master_fifo'.
Parameter \DATA_WIDTH = 32
Parameter \BUFFER_DEPTH = 10
Generating RTLIL representation for module `$paramod$5d47a364494881cde1d725715d934c4b71fe415e\spi_master_fifo'.
Warning: Replacing memory \buffer with list of registers. See ../rtl/periph/pulp/spi/spi_master_fifo.sv:78
Parameter \DATA_WIDTH = 32
Parameter \BUFFER_DEPTH = 10
Found cached RTLIL representation for module `$paramod$5d47a364494881cde1d725715d934c4b71fe415e\spi_master_fifo'.
Parameter \BUFFER_DEPTH = 10
Parameter \APB_ADDR_WIDTH = 12

10.3. Executing AST frontend in derive mode using pre-parsed AST for module `\spi_master_apb_if'.
Parameter \BUFFER_DEPTH = 10
Parameter \APB_ADDR_WIDTH = 12
Generating RTLIL representation for module `$paramod$fe9c13a86f91523830d2111d71903910f9ca1507\spi_master_apb_if'.
Parameter \BUFFER_DEPTH = 8
Parameter \APB_ADDR_WIDTH = 12

10.4. Executing AST frontend in derive mode using pre-parsed AST for module `\apb_spi_master'.
Parameter \BUFFER_DEPTH = 8
Parameter \APB_ADDR_WIDTH = 12
Generating RTLIL representation for module `$paramod$83bc75265b358b15e6cbe03cbfc629e968b46589\apb_spi_master'.

10.5. Analyzing design hierarchy..
Top module:  \pulp_spi_wrap
Used module:     $paramod$83bc75265b358b15e6cbe03cbfc629e968b46589\apb_spi_master
Used module:         \spi_master_controller
Used module:             \spi_master_rx
Used module:             \spi_master_tx
Used module:             \spi_master_clkgen
Used module:         \spi_master_fifo
Used module:         \spi_master_apb_if
Used module:     \axil_to_apb
Parameter \DATA_WIDTH = 32
Parameter \BUFFER_DEPTH = 8

10.6. Executing AST frontend in derive mode using pre-parsed AST for module `\spi_master_fifo'.
Parameter \DATA_WIDTH = 32
Parameter \BUFFER_DEPTH = 8
Generating RTLIL representation for module `$paramod$dec9424b776ed6cf19510f938baf4f9a5bd62edc\spi_master_fifo'.
Warning: Replacing memory \buffer with list of registers. See ../rtl/periph/pulp/spi/spi_master_fifo.sv:78
Parameter \DATA_WIDTH = 32
Parameter \BUFFER_DEPTH = 8
Found cached RTLIL representation for module `$paramod$dec9424b776ed6cf19510f938baf4f9a5bd62edc\spi_master_fifo'.
Parameter \BUFFER_DEPTH = 8
Parameter \APB_ADDR_WIDTH = 12

10.7. Executing AST frontend in derive mode using pre-parsed AST for module `\spi_master_apb_if'.
Parameter \BUFFER_DEPTH = 8
Parameter \APB_ADDR_WIDTH = 12
Generating RTLIL representation for module `$paramod$83bc75265b358b15e6cbe03cbfc629e968b46589\spi_master_apb_if'.

10.8. Analyzing design hierarchy..
Top module:  \pulp_spi_wrap
Used module:     $paramod$83bc75265b358b15e6cbe03cbfc629e968b46589\apb_spi_master
Used module:         \spi_master_controller
Used module:             \spi_master_rx
Used module:             \spi_master_tx
Used module:             \spi_master_clkgen
Used module:         $paramod$dec9424b776ed6cf19510f938baf4f9a5bd62edc\spi_master_fifo
Used module:         $paramod$83bc75265b358b15e6cbe03cbfc629e968b46589\spi_master_apb_if
Used module:     \axil_to_apb

10.9. Analyzing design hierarchy..
Top module:  \pulp_spi_wrap
Used module:     $paramod$83bc75265b358b15e6cbe03cbfc629e968b46589\apb_spi_master
Used module:         \spi_master_controller
Used module:             \spi_master_rx
Used module:             \spi_master_tx
Used module:             \spi_master_clkgen
Used module:         $paramod$dec9424b776ed6cf19510f938baf4f9a5bd62edc\spi_master_fifo
Used module:         $paramod$83bc75265b358b15e6cbe03cbfc629e968b46589\spi_master_apb_if
Used module:     \axil_to_apb
Removing unused module `$paramod$fe9c13a86f91523830d2111d71903910f9ca1507\spi_master_apb_if'.
Removing unused module `$paramod$5d47a364494881cde1d725715d934c4b71fe415e\spi_master_fifo'.
Removing unused module `\spi_master_fifo'.
Removing unused module `\spi_master_apb_if'.
Removing unused module `\apb_spi_master'.
Removed 5 unused modules.

11. Executing SYNTH pass.

11.1. Executing HIERARCHY pass (managing design hierarchy).

11.1.1. Analyzing design hierarchy..
Top module:  \pulp_spi_wrap
Used module:     $paramod$83bc75265b358b15e6cbe03cbfc629e968b46589\apb_spi_master
Used module:         \spi_master_controller
Used module:             \spi_master_rx
Used module:             \spi_master_tx
Used module:             \spi_master_clkgen
Used module:         $paramod$dec9424b776ed6cf19510f938baf4f9a5bd62edc\spi_master_fifo
Used module:         $paramod$83bc75265b358b15e6cbe03cbfc629e968b46589\spi_master_apb_if
Used module:     \axil_to_apb

11.1.2. Analyzing design hierarchy..
Top module:  \pulp_spi_wrap
Used module:     $paramod$83bc75265b358b15e6cbe03cbfc629e968b46589\apb_spi_master
Used module:         \spi_master_controller
Used module:             \spi_master_rx
Used module:             \spi_master_tx
Used module:             \spi_master_clkgen
Used module:         $paramod$dec9424b776ed6cf19510f938baf4f9a5bd62edc\spi_master_fifo
Used module:         $paramod$83bc75265b358b15e6cbe03cbfc629e968b46589\spi_master_apb_if
Used module:     \axil_to_apb
Removed 0 unused modules.

11.2. Executing PROC pass (convert processes to netlists).

11.2.1. Executing PROC_CLEAN pass (remove empty switches from decision trees).
Cleaned up 0 empty switches.

11.2.2. Executing PROC_RMDEAD pass (remove dead branches from decision trees).
Marked 1 switch rules as full_case in process $proc$../rtl/periph/pulp_spi_wrap.sv:234$292 in module pulp_spi_wrap.
Marked 2 switch rules as full_case in process $proc$../rtl/periph/pulp_spi_wrap.sv:208$286 in module pulp_spi_wrap.
Marked 3 switch rules as full_case in process $proc$../rtl/periph/pulp_spi_wrap.sv:157$257 in module pulp_spi_wrap.
Marked 3 switch rules as full_case in process $proc$../rtl/periph/pulp_spi_wrap.sv:148$255 in module pulp_spi_wrap.
Marked 2 switch rules as full_case in process $proc$../rtl/periph/pulp_spi_wrap.sv:113$245 in module pulp_spi_wrap.
Marked 4 switch rules as full_case in process $proc$../rtl/periph/pulp_spi_wrap.sv:103$243 in module pulp_spi_wrap.
Marked 1 switch rules as full_case in process $proc$../rtl/periph/pulp/spi/spi_master_tx.sv:112$233 in module spi_master_tx.
Removed 1 dead cases from process $proc$../rtl/periph/pulp/spi/spi_master_tx.sv:61$228 in module spi_master_tx.
Marked 7 switch rules as full_case in process $proc$../rtl/periph/pulp/spi/spi_master_tx.sv:61$228 in module spi_master_tx.
Marked 1 switch rules as full_case in process $proc$../rtl/periph/pulp/spi/spi_master_tx.sv:51$223 in module spi_master_tx.
Marked 1 switch rules as full_case in process $proc$../rtl/periph/pulp/spi/spi_master_rx.sv:121$214 in module spi_master_rx.
Removed 1 dead cases from process $proc$../rtl/periph/pulp/spi/spi_master_rx.sv:57$211 in module spi_master_rx.
Marked 10 switch rules as full_case in process $proc$../rtl/periph/pulp/spi/spi_master_rx.sv:57$211 in module spi_master_rx.
Marked 1 switch rules as full_case in process $proc$../rtl/periph/pulp/spi/spi_master_rx.sv:47$206 in module spi_master_rx.
Marked 5 switch rules as full_case in process $proc$../rtl/periph/pulp/spi/apb_spi_master.sv:208$375 in module $paramod$83bc75265b358b15e6cbe03cbfc629e968b46589\apb_spi_master.
Marked 5 switch rules as full_case in process $proc$../rtl/periph/pulp/spi/apb_spi_master.sv:167$369 in module $paramod$83bc75265b358b15e6cbe03cbfc629e968b46589\apb_spi_master.
Marked 4 switch rules as full_case in process $proc$../rtl/periph/pulp/spi/apb_spi_master.sv:133$359 in module $paramod$83bc75265b358b15e6cbe03cbfc629e968b46589\apb_spi_master.
Marked 1 switch rules as full_case in process $proc$../rtl/periph/pulp/spi/apb_spi_master.sv:119$357 in module $paramod$83bc75265b358b15e6cbe03cbfc629e968b46589\apb_spi_master.
Marked 4 switch rules as full_case in process $proc$../rtl/periph/pulp/spi/spi_master_controller.sv:518$143 in module spi_master_controller.
Marked 25 switch rules as full_case in process $proc$../rtl/periph/pulp/spi/spi_master_controller.sv:193$101 in module spi_master_controller.
Marked 1 switch rules as full_case in process $proc$../rtl/periph/pulp/spi/spi_master_controller.sv:150$100 in module spi_master_controller.
Marked 2 switch rules as full_case in process $proc$../rtl/periph/pulp/spi/spi_master_clkgen.sv:56$92 in module spi_master_clkgen.
Marked 3 switch rules as full_case in process $proc$../rtl/periph/pulp/spi/spi_master_clkgen.sv:31$87 in module spi_master_clkgen.
Marked 1 switch rules as full_case in process $proc$../rtl/periph/pulp/spi/spi_master_apb_if.sv:183$431 in module $paramod$83bc75265b358b15e6cbe03cbfc629e968b46589\spi_master_apb_if.
Marked 2 switch rules as full_case in process $proc$../rtl/periph/pulp/spi/spi_master_apb_if.sv:84$427 in module $paramod$83bc75265b358b15e6cbe03cbfc629e968b46589\spi_master_apb_if.
Removed 1 dead cases from process $proc$../rtl/periph/pulp/spi/spi_master_fifo.sv:134$419 in module $paramod$dec9424b776ed6cf19510f938baf4f9a5bd62edc\spi_master_fifo.
Marked 1 switch rules as full_case in process $proc$../rtl/periph/pulp/spi/spi_master_fifo.sv:134$419 in module $paramod$dec9424b776ed6cf19510f938baf4f9a5bd62edc\spi_master_fifo.
Marked 4 switch rules as full_case in process $proc$../rtl/periph/pulp/spi/spi_master_fifo.sv:88$408 in module $paramod$dec9424b776ed6cf19510f938baf4f9a5bd62edc\spi_master_fifo.
Marked 3 switch rules as full_case in process $proc$../rtl/periph/pulp/spi/spi_master_fifo.sv:73$398 in module $paramod$dec9424b776ed6cf19510f938baf4f9a5bd62edc\spi_master_fifo.
Marked 3 switch rules as full_case in process $proc$../rtl/periph/pulp/spi/spi_master_fifo.sv:49$384 in module $paramod$dec9424b776ed6cf19510f938baf4f9a5bd62edc\spi_master_fifo.
Marked 1 switch rules as full_case in process $proc$../rtl/periph/axil_to_apb.sv:200$33 in module axil_to_apb.
Marked 1 switch rules as full_case in process $proc$../rtl/periph/axil_to_apb.sv:187$29 in module axil_to_apb.
Marked 1 switch rules as full_case in process $proc$../rtl/periph/axil_to_apb.sv:179$27 in module axil_to_apb.
Removed 1 dead cases from process $proc$../rtl/periph/axil_to_apb.sv:148$23 in module axil_to_apb.
Marked 6 switch rules as full_case in process $proc$../rtl/periph/axil_to_apb.sv:148$23 in module axil_to_apb.
Marked 2 switch rules as full_case in process $proc$../rtl/periph/axil_to_apb.sv:109$16 in module axil_to_apb.
Removed a total of 4 dead cases.

11.2.3. Executing PROC_PRUNE pass (remove redundant assignments in processes).
Removed 23 redundant assignments.
Promoted 56 assignments to connections.

11.2.4. Executing PROC_INIT pass (extract init attributes).

11.2.5. Executing PROC_ARST pass (detect async resets in processes).
Found async reset \rst_n in `\pulp_spi_wrap.$proc$../rtl/periph/pulp_spi_wrap.sv:157$257'.
Found async reset \rst_n in `\pulp_spi_wrap.$proc$../rtl/periph/pulp_spi_wrap.sv:113$245'.
Found async reset \rstn in `\spi_master_tx.$proc$../rtl/periph/pulp/spi/spi_master_tx.sv:112$233'.
Found async reset \rstn in `\spi_master_rx.$proc$../rtl/periph/pulp/spi/spi_master_rx.sv:121$214'.
Found async reset \HRESETn in `$paramod$83bc75265b358b15e6cbe03cbfc629e968b46589\apb_spi_master.$proc$../rtl/periph/pulp/spi/apb_spi_master.sv:133$359'.
Found async reset \HRESETn in `$paramod$83bc75265b358b15e6cbe03cbfc629e968b46589\apb_spi_master.$proc$../rtl/periph/pulp/spi/apb_spi_master.sv:119$357'.
Found async reset \rstn in `\spi_master_controller.$proc$../rtl/periph/pulp/spi/spi_master_controller.sv:518$143'.
Found async reset \rstn in `\spi_master_clkgen.$proc$../rtl/periph/pulp/spi/spi_master_clkgen.sv:56$92'.
Found async reset \HRESETn in `$paramod$83bc75265b358b15e6cbe03cbfc629e968b46589\spi_master_apb_if.$proc$../rtl/periph/pulp/spi/spi_master_apb_if.sv:84$427'.
Found async reset \rst_ni in `$paramod$dec9424b776ed6cf19510f938baf4f9a5bd62edc\spi_master_fifo.$proc$../rtl/periph/pulp/spi/spi_master_fifo.sv:88$408'.
Found async reset \rst_ni in `$paramod$dec9424b776ed6cf19510f938baf4f9a5bd62edc\spi_master_fifo.$proc$../rtl/periph/pulp/spi/spi_master_fifo.sv:73$398'.
Found async reset \rst_ni in `$paramod$dec9424b776ed6cf19510f938baf4f9a5bd62edc\spi_master_fifo.$proc$../rtl/periph/pulp/spi/spi_master_fifo.sv:49$384'.
Found async reset \rst_n in `\axil_to_apb.$proc$../rtl/periph/axil_to_apb.sv:187$29'.
Found async reset \rst_n in `\axil_to_apb.$proc$../rtl/periph/axil_to_apb.sv:179$27'.
Found async reset \rst_n in `\axil_to_apb.$proc$../rtl/periph/axil_to_apb.sv:109$16'.

11.2.6. Executing PROC_ROM pass (convert switches to ROMs).
Converted 0 switches.
<suppressed ~112 debug messages>

11.2.7. Executing PROC_MUX pass (convert decision trees to multiplexers).
Creating decoders for process `\pulp_spi_wrap.$proc$../rtl/periph/pulp_spi_wrap.sv:234$292'.
     1/3: $1\spi_mosi[0:0]
     2/3: $1\spi_sck[0:0]
     3/3: $1\spi_cs_n[0:0]
Creating decoders for process `\pulp_spi_wrap.$proc$../rtl/periph/pulp_spi_wrap.sv:208$286'.
     1/2: $2\pwdata_gated[7:0]
     2/2: $1\pwdata_gated[7:0]
Creating decoders for process `\pulp_spi_wrap.$proc$../rtl/periph/pulp_spi_wrap.sv:157$257'.
     1/2: $0\lrd_state_r[1:0]
     2/2: $0\lrd_rdata_r[31:0]
Creating decoders for process `\pulp_spi_wrap.$proc$../rtl/periph/pulp_spi_wrap.sv:148$255'.
     1/3: $3\lrd_state_next[1:0]
     2/3: $2\lrd_state_next[1:0]
     3/3: $1\lrd_state_next[1:0]
Creating decoders for process `\pulp_spi_wrap.$proc$../rtl/periph/pulp_spi_wrap.sv:113$245'.
     1/4: $0\lwr_state_r[1:0]
     2/4: $0\lwr_addr_r[11:0]
     3/4: $0\cs_lock_r[0:0]
     4/4: $0\max_len_r[7:0]
Creating decoders for process `\pulp_spi_wrap.$proc$../rtl/periph/pulp_spi_wrap.sv:103$243'.
     1/4: $4\lwr_state_next[1:0]
     2/4: $3\lwr_state_next[1:0]
     3/4: $2\lwr_state_next[1:0]
     4/4: $1\lwr_state_next[1:0]
Creating decoders for process `\spi_master_tx.$proc$../rtl/periph/pulp/spi/spi_master_tx.sv:112$233'.
     1/4: $0\tx_CS[0:0]
     2/4: $0\data_int[31:0]
     3/4: $0\counter_trgt[15:0]
     4/4: $0\counter[15:0]
Creating decoders for process `\spi_master_tx.$proc$../rtl/periph/pulp/spi/spi_master_tx.sv:61$228'.
     1/30: $7\data_ready[0:0]
     2/30: $7\data_int_next[31:0]
     3/30: $7\tx_NS[0:0]
     4/30: $6\clk_en_o[0:0]
     5/30: $6\tx_NS[0:0]
     6/30: $6\data_int_next[31:0]
     7/30: $5\clk_en_o[0:0]
     8/30: $6\data_ready[0:0]
     9/30: $5\tx_NS[0:0]
    10/30: $5\data_ready[0:0]
    11/30: $5\data_int_next[31:0]
    12/30: $4\clk_en_o[0:0]
    13/30: $4\tx_NS[0:0]
    14/30: $4\data_int_next[31:0]
    15/30: $3\clk_en_o[0:0]
    16/30: $4\data_ready[0:0]
    17/30: $3\counter_next[15:0]
    18/30: $3\tx_NS[0:0]
    19/30: $3\data_int_next[31:0]
    20/30: $2\clk_en_o[0:0]
    21/30: $3\data_ready[0:0]
    22/30: $2\counter_next[15:0]
    23/30: $2\tx_NS[0:0]
    24/30: $2\data_ready[0:0]
    25/30: $2\data_int_next[31:0]
    26/30: $1\tx_NS[0:0]
    27/30: $1\data_int_next[31:0]
    28/30: $1\data_ready[0:0]
    29/30: $1\clk_en_o[0:0]
    30/30: $1\counter_next[15:0]
Creating decoders for process `\spi_master_tx.$proc$../rtl/periph/pulp/spi/spi_master_tx.sv:51$223'.
     1/1: $1\counter_trgt_next[15:0]
Creating decoders for process `\spi_master_rx.$proc$../rtl/periph/pulp/spi/spi_master_rx.sv:121$214'.
     1/4: $0\rx_CS[1:0]
     2/4: $0\data_int[31:0]
     3/4: $0\counter_trgt[15:0]
     4/4: $0\counter[15:0]
Creating decoders for process `\spi_master_rx.$proc$../rtl/periph/pulp/spi/spi_master_rx.sv:57$211'.
     1/24: $9\rx_NS[1:0]
     2/24: $8\rx_NS[1:0]
     3/24: $7\rx_NS[1:0]
     4/24: $5\clk_en_o[0:0]
     5/24: $6\rx_NS[1:0]
     6/24: $4\clk_en_o[0:0]
     7/24: $4\data_valid[0:0]
     8/24: $5\rx_NS[1:0]
     9/24: $4\rx_NS[1:0]
    10/24: $3\data_valid[0:0]
    11/24: $3\counter_next[15:0]
    12/24: $3\clk_en_o[0:0]
    13/24: $3\data_int_next[31:0]
    14/24: $3\rx_NS[1:0]
    15/24: $2\clk_en_o[0:0]
    16/24: $2\data_valid[0:0]
    17/24: $2\counter_next[15:0]
    18/24: $2\data_int_next[31:0]
    19/24: $2\rx_NS[1:0]
    20/24: $1\rx_NS[1:0]
    21/24: $1\clk_en_o[0:0]
    22/24: $1\data_int_next[31:0]
    23/24: $1\data_valid[0:0]
    24/24: $1\counter_next[15:0]
Creating decoders for process `\spi_master_rx.$proc$../rtl/periph/pulp/spi/spi_master_rx.sv:47$206'.
     1/1: $1\counter_trgt_next[15:0]
Creating decoders for process `$paramod$83bc75265b358b15e6cbe03cbfc629e968b46589\apb_spi_master.$proc$../rtl/periph/pulp/spi/apb_spi_master.sv:208$375'.
     1/6: $5\s_state_rx_next[1:0]
     2/6: $4\s_state_rx_next[1:0]
     3/6: $3\s_state_rx_next[1:0]
     4/6: $2\s_state_rx_next[1:0]
     5/6: $1\s_state_rx_next[1:0]
     6/6: $1\s_int_rx[0:0]
Creating decoders for process `$paramod$83bc75265b358b15e6cbe03cbfc629e968b46589\apb_spi_master.$proc$../rtl/periph/pulp/spi/apb_spi_master.sv:167$369'.
     1/6: $5\s_state_tx_next[1:0]
     2/6: $4\s_state_tx_next[1:0]
     3/6: $3\s_state_tx_next[1:0]
     4/6: $2\s_state_tx_next[1:0]
     5/6: $1\s_state_tx_next[1:0]
     6/6: $1\s_int_tx[0:0]
Creating decoders for process `$paramod$83bc75265b358b15e6cbe03cbfc629e968b46589\apb_spi_master.$proc$../rtl/periph/pulp/spi/apb_spi_master.sv:133$359'.
     1/2: $0\r_counter_rx[4:0]
     2/2: $0\r_counter_tx[4:0]
Creating decoders for process `$paramod$83bc75265b358b15e6cbe03cbfc629e968b46589\apb_spi_master.$proc$../rtl/periph/pulp/spi/apb_spi_master.sv:119$357'.
     1/2: $0\r_state_rx[1:0]
     2/2: $0\r_state_tx[1:0]
Creating decoders for process `\spi_master_controller.$proc$../rtl/periph/pulp/spi/spi_master_controller.sv:518$143'.
     1/5: $0\spi_mode[1:0]
     2/5: $0\state[4:0]
     3/5: $0\do_rx[0:0]
     4/5: $0\do_tx[0:0]
     5/5: $0\en_quad_int[0:0]
Creating decoders for process `\spi_master_controller.$proc$../rtl/periph/pulp/spi/spi_master_controller.sv:193$101'.
     1/220: $1\spi_status[6:0] [6]
     2/220: $5\eot[0:0]
     3/220: $1\spi_status[6:0] [4]
     4/220: $20\spi_en_rx[0:0]
     5/220: $1\spi_status[6:0] [3]
     6/220: $23\state_next[4:0]
     7/220: $4\eot[0:0]
     8/220: $1\spi_status[6:0] [5]
     9/220: $1\spi_status[6:0] [2]
    10/220: $19\spi_en_rx[0:0]
    11/220: $19\counter_rx_valid[0:0]
    12/220: $19\counter_rx[15:0]
    13/220: $16\s_spi_mode[1:0]
    14/220: $22\counter_tx_valid[0:0]
    15/220: $22\counter_tx[15:0]
    16/220: $21\spi_en_tx[0:0]
    17/220: $5\spi_clock_en[0:0]
    18/220: $15\s_spi_mode[1:0]
    19/220: $18\counter_rx_valid[0:0]
    20/220: $18\counter_rx[15:0]
    21/220: $21\counter_tx_valid[0:0]
    22/220: $21\counter_tx[15:0]
    23/220: $18\spi_en_rx[0:0]
    24/220: $20\spi_en_tx[0:0]
    25/220: $4\spi_clock_en[0:0]
    26/220: $21\state_next[4:0]
    27/220: $3\eot[0:0]
    28/220: $14\s_spi_mode[1:0]
    29/220: $17\counter_rx_valid[0:0]
    30/220: $17\counter_rx[15:0]
    31/220: $20\counter_tx_valid[0:0]
    32/220: $20\counter_tx[15:0]
    33/220: $17\spi_en_rx[0:0]
    34/220: $19\spi_en_tx[0:0]
    35/220: $3\spi_clock_en[0:0]
    36/220: $2\eot[0:0]
    37/220: $20\state_next[4:0]
    38/220: $20\ctrl_data_mux[2:0]
    39/220: $1\spi_status[6:0] [1]
    40/220: $1\spi_status[6:0] [0]
    41/220: $24\state_next[4:0]
    42/220: $19\ctrl_data_mux[2:0]
    43/220: $19\counter_tx_valid[0:0]
    44/220: $19\counter_tx[15:0]
    45/220: $16\ctrl_data_valid[0:0]
    46/220: $18\state_next[4:0]
    47/220: $18\ctrl_data_mux[2:0]
    48/220: $18\spi_en_tx[0:0]
    49/220: $18\counter_tx_valid[0:0]
    50/220: $18\counter_tx[15:0]
    51/220: $16\counter_rx_valid[0:0]
    52/220: $16\counter_rx[15:0]
    53/220: $16\spi_en_rx[0:0]
    54/220: $17\ctrl_data_mux[2:0]
    55/220: $15\counter_rx_valid[0:0]
    56/220: $15\counter_rx[15:0]
    57/220: $17\counter_tx_valid[0:0]
    58/220: $17\counter_tx[15:0]
    59/220: $15\spi_en_rx[0:0]
    60/220: $17\spi_en_tx[0:0]
    61/220: $17\state_next[4:0]
    62/220: $13\s_spi_mode[1:0]
    63/220: $15\ctrl_data_valid[0:0]
    64/220: $16\ctrl_data_mux[2:0]
    65/220: $14\ctrl_data_valid[0:0]
    66/220: $12\s_spi_mode[1:0]
    67/220: $14\counter_rx_valid[0:0]
    68/220: $14\counter_rx[15:0]
    69/220: $16\counter_tx_valid[0:0]
    70/220: $16\counter_tx[15:0]
    71/220: $14\spi_en_rx[0:0]
    72/220: $16\spi_en_tx[0:0]
    73/220: $16\state_next[4:0]
    74/220: $15\ctrl_data_mux[2:0]
    75/220: $13\ctrl_data_valid[0:0]
    76/220: $11\s_spi_mode[1:0]
    77/220: $13\counter_rx_valid[0:0]
    78/220: $13\counter_rx[15:0]
    79/220: $15\counter_tx_valid[0:0]
    80/220: $15\counter_tx[15:0]
    81/220: $13\spi_en_rx[0:0]
    82/220: $15\spi_en_tx[0:0]
    83/220: $15\state_next[4:0]
    84/220: $6\spi_clock_en[0:0]
    85/220: $22\state_next[4:0]
    86/220: $14\spi_en_tx[0:0]
    87/220: $14\ctrl_data_mux[2:0]
    88/220: $14\counter_tx_valid[0:0]
    89/220: $14\counter_tx[15:0]
    90/220: $12\ctrl_data_valid[0:0]
    91/220: $13\state_next[4:0]
    92/220: $13\ctrl_data_mux[2:0]
    93/220: $13\spi_en_tx[0:0]
    94/220: $13\counter_tx_valid[0:0]
    95/220: $13\counter_tx[15:0]
    96/220: $12\counter_rx_valid[0:0]
    97/220: $12\counter_rx[15:0]
    98/220: $12\spi_en_rx[0:0]
    99/220: $12\ctrl_data_mux[2:0]
   100/220: $11\counter_rx_valid[0:0]
   101/220: $11\counter_rx[15:0]
   102/220: $12\counter_tx_valid[0:0]
   103/220: $12\counter_tx[15:0]
   104/220: $11\spi_en_rx[0:0]
   105/220: $12\spi_en_tx[0:0]
   106/220: $12\state_next[4:0]
   107/220: $10\s_spi_mode[1:0]
   108/220: $11\ctrl_data_valid[0:0]
   109/220: $11\ctrl_data_mux[2:0]
   110/220: $10\ctrl_data_valid[0:0]
   111/220: $9\s_spi_mode[1:0]
   112/220: $10\counter_rx_valid[0:0]
   113/220: $10\counter_rx[15:0]
   114/220: $11\counter_tx_valid[0:0]
   115/220: $11\counter_tx[15:0]
   116/220: $10\spi_en_rx[0:0]
   117/220: $11\spi_en_tx[0:0]
   118/220: $11\state_next[4:0]
   119/220: $10\state_next[4:0]
   120/220: $10\spi_en_tx[0:0]
   121/220: $9\ctrl_data_valid[0:0]
   122/220: $10\ctrl_data_mux[2:0]
   123/220: $10\counter_tx_valid[0:0]
   124/220: $10\counter_tx[15:0]
   125/220: $8\s_spi_mode[1:0]
   126/220: $9\counter_rx_valid[0:0]
   127/220: $9\counter_rx[15:0]
   128/220: $9\spi_en_rx[0:0]
   129/220: $9\ctrl_data_mux[2:0]
   130/220: $8\ctrl_data_valid[0:0]
   131/220: $7\s_spi_mode[1:0]
   132/220: $8\counter_rx_valid[0:0]
   133/220: $8\counter_rx[15:0]
   134/220: $9\counter_tx_valid[0:0]
   135/220: $9\counter_tx[15:0]
   136/220: $8\spi_en_rx[0:0]
   137/220: $9\spi_en_tx[0:0]
   138/220: $9\state_next[4:0]
   139/220: $25\state_next[4:0]
   140/220: $19\state_next[4:0]
   141/220: $8\spi_en_tx[0:0]
   142/220: $8\ctrl_data_mux[2:0]
   143/220: $8\counter_tx_valid[0:0]
   144/220: $8\counter_tx[15:0]
   145/220: $7\ctrl_data_valid[0:0]
   146/220: $7\state_next[4:0]
   147/220: $7\ctrl_data_mux[2:0]
   148/220: $7\spi_en_tx[0:0]
   149/220: $7\counter_tx_valid[0:0]
   150/220: $7\counter_tx[15:0]
   151/220: $7\counter_rx_valid[0:0]
   152/220: $7\counter_rx[15:0]
   153/220: $7\spi_en_rx[0:0]
   154/220: $6\ctrl_data_mux[2:0]
   155/220: $6\counter_rx_valid[0:0]
   156/220: $6\counter_rx[15:0]
   157/220: $6\counter_tx_valid[0:0]
   158/220: $6\counter_tx[15:0]
   159/220: $6\spi_en_rx[0:0]
   160/220: $6\spi_en_tx[0:0]
   161/220: $6\state_next[4:0]
   162/220: $6\s_spi_mode[1:0]
   163/220: $6\ctrl_data_valid[0:0]
   164/220: $5\ctrl_data_mux[2:0]
   165/220: $5\ctrl_data_valid[0:0]
   166/220: $5\s_spi_mode[1:0]
   167/220: $5\counter_rx_valid[0:0]
   168/220: $5\counter_rx[15:0]
   169/220: $5\counter_tx_valid[0:0]
   170/220: $5\counter_tx[15:0]
   171/220: $5\spi_en_rx[0:0]
   172/220: $5\spi_en_tx[0:0]
   173/220: $5\state_next[4:0]
   174/220: $4\state_next[4:0]
   175/220: $4\spi_en_tx[0:0]
   176/220: $4\ctrl_data_valid[0:0]
   177/220: $4\ctrl_data_mux[2:0]
   178/220: $4\counter_tx_valid[0:0]
   179/220: $4\counter_tx[15:0]
   180/220: $4\s_spi_mode[1:0]
   181/220: $4\counter_rx_valid[0:0]
   182/220: $4\counter_rx[15:0]
   183/220: $4\spi_en_rx[0:0]
   184/220: $3\state_next[4:0]
   185/220: $3\spi_en_tx[0:0]
   186/220: $3\ctrl_data_valid[0:0]
   187/220: $3\ctrl_data_mux[2:0]
   188/220: $3\counter_tx_valid[0:0]
   189/220: $3\counter_tx[15:0]
   190/220: $3\s_spi_mode[1:0]
   191/220: $3\counter_rx_valid[0:0]
   192/220: $3\counter_rx[15:0]
   193/220: $3\spi_en_rx[0:0]
   194/220: $2\ctrl_data_mux[2:0]
   195/220: $2\ctrl_data_valid[0:0]
   196/220: $2\s_spi_mode[1:0]
   197/220: $2\counter_rx_valid[0:0]
   198/220: $2\counter_rx[15:0]
   199/220: $2\counter_tx_valid[0:0]
   200/220: $2\counter_tx[15:0]
   201/220: $2\spi_en_rx[0:0]
   202/220: $2\spi_en_tx[0:0]
   203/220: $2\state_next[4:0]
   204/220: $2\spi_clock_en[0:0]
   205/220: $2\spi_cs[0:0]
   206/220: $1\ctrl_data_mux[2:0]
   207/220: $1\spi_cs[0:0]
   208/220: $1\ctrl_data_valid[0:0]
   209/220: $1\s_spi_mode[1:0]
   210/220: $1\counter_rx_valid[0:0]
   211/220: $1\counter_rx[15:0]
   212/220: $1\counter_tx_valid[0:0]
   213/220: $1\counter_tx[15:0]
   214/220: $1\spi_en_rx[0:0]
   215/220: $1\spi_en_tx[0:0]
   216/220: $1\spi_clock_en[0:0]
   217/220: $1\state_next[4:0]
   218/220: $8\state_next[4:0]
   219/220: $1\eot[0:0]
   220/220: $14\state_next[4:0]
Creating decoders for process `\spi_master_controller.$proc$../rtl/periph/pulp/spi/spi_master_controller.sv:150$100'.
     1/3: $1\spi_ctrl_data_tx_ready[0:0]
     2/3: $1\data_to_tx_valid[0:0]
     3/3: $1\data_to_tx[31:0]
Creating decoders for process `\spi_master_clkgen.$proc$../rtl/periph/pulp/spi/spi_master_clkgen.sv:56$92'.
     1/4: $0\running[0:0]
     2/4: $0\counter_trgt[7:0]
     3/4: $0\counter[7:0]
     4/4: $0\spi_clk[0:0]
Creating decoders for process `\spi_master_clkgen.$proc$../rtl/periph/pulp/spi/spi_master_clkgen.sv:31$87'.
     1/7: $2\spi_rise[0:0]
     2/7: $2\spi_fall[0:0]
     3/7: $1\spi_rise[0:0]
     4/7: $1\spi_fall[0:0]
     5/7: $1\spi_clk_next[0:0]
     6/7: $1\counter_next[7:0]
     7/7: $1\counter_trgt_next[7:0]
Creating decoders for process `$paramod$83bc75265b358b15e6cbe03cbfc629e968b46589\spi_master_apb_if.$proc$../rtl/periph/pulp/spi/spi_master_apb_if.sv:183$431'.
     1/10: $1\PRDATA[31:0] [31]
     2/10: $1\PRDATA[31:0] [29]
     3/10: $1\PRDATA[31:0] [28:24]
     4/10: $1\PRDATA[31:0] [23:21]
     5/10: $1\PRDATA[31:0] [20:16]
     6/10: $1\PRDATA[31:0] [15:13]
     7/10: $1\PRDATA[31:0] [12:8]
     8/10: $1\PRDATA[31:0] [7:5]
     9/10: $1\PRDATA[31:0] [4:0]
    10/10: $1\PRDATA[31:0] [30]
Creating decoders for process `$paramod$83bc75265b358b15e6cbe03cbfc629e968b46589\spi_master_apb_if.$proc$../rtl/periph/pulp/spi/spi_master_apb_if.sv:84$427'.
     1/24: $0\spi_dummy_wr[15:0] [15:8]
     2/24: $0\spi_dummy_wr[15:0] [7:0]
     3/24: $0\spi_dummy_rd[15:0] [7:0]
     4/24: $0\spi_data_len[15:0] [7:0]
     5/24: $0\spi_qwr[0:0]
     6/24: $0\spi_qrd[0:0]
     7/24: $0\spi_wr[0:0]
     8/24: $0\spi_rd[0:0]
     9/24: $0\spi_swrst[0:0]
    10/24: $0\spi_int_cnt_en[0:0]
    11/24: $0\spi_int_en[0:0]
    12/24: $0\spi_int_cnt_tx[4:0]
    13/24: $0\spi_int_cnt_rx[4:0]
    14/24: $0\spi_int_th_tx[4:0]
    15/24: $0\spi_int_th_rx[4:0]
    16/24: $0\spi_csreg[3:0]
    17/24: $0\spi_dummy_rd[15:0] [15:8]
    18/24: $0\spi_data_len[15:0] [15:8]
    19/24: $0\spi_clk_div_valid[0:0]
    20/24: $0\spi_cmd_len[5:0]
    21/24: $0\spi_cmd[31:0]
    22/24: $0\spi_addr_len[5:0]
    23/24: $0\spi_addr[31:0]
    24/24: $0\spi_clk_div[7:0]
Creating decoders for process `$paramod$dec9424b776ed6cf19510f938baf4f9a5bd62edc\spi_master_fifo.$proc$../rtl/periph/pulp/spi/spi_master_fifo.sv:134$419'.
     1/1: $1$mem2reg_rd$\buffer$../rtl/periph/pulp/spi/spi_master_fifo.sv:134$382_DATA[31:0]$421
Creating decoders for process `$paramod$dec9424b776ed6cf19510f938baf4f9a5bd62edc\spi_master_fifo.$proc$../rtl/periph/pulp/spi/spi_master_fifo.sv:88$408'.
     1/2: $0\pointer_out[3:0]
     2/2: $0\pointer_in[3:0]
Creating decoders for process `$paramod$dec9424b776ed6cf19510f938baf4f9a5bd62edc\spi_master_fifo.$proc$../rtl/periph/pulp/spi/spi_master_fifo.sv:73$398'.
     1/13: $2$mem2reg_wr$\buffer$../rtl/periph/pulp/spi/spi_master_fifo.sv:84$381_ADDR[2:0]$406
     2/13: $2$mem2reg_wr$\buffer$../rtl/periph/pulp/spi/spi_master_fifo.sv:84$381_DATA[31:0]$407
     3/13: $1$mem2reg_wr$\buffer$../rtl/periph/pulp/spi/spi_master_fifo.sv:84$381_DATA[31:0]$403
     4/13: $1$mem2reg_wr$\buffer$../rtl/periph/pulp/spi/spi_master_fifo.sv:84$381_ADDR[2:0]$402
     5/13: $1\loop1[31:0]
     6/13: $0\buffer[7][31:0]
     7/13: $0\buffer[6][31:0]
     8/13: $0\buffer[5][31:0]
     9/13: $0\buffer[4][31:0]
    10/13: $0\buffer[3][31:0]
    11/13: $0\buffer[2][31:0]
    12/13: $0\buffer[1][31:0]
    13/13: $0\buffer[0][31:0]
Creating decoders for process `$paramod$dec9424b776ed6cf19510f938baf4f9a5bd62edc\spi_master_fifo.$proc$../rtl/periph/pulp/spi/spi_master_fifo.sv:49$384'.
     1/1: $0\elements[4:0]
Creating decoders for process `\axil_to_apb.$proc$../rtl/periph/axil_to_apb.sv:200$33'.
     1/2: $1\penable[0:0]
     2/2: $1\psel[0:0]
Creating decoders for process `\axil_to_apb.$proc$../rtl/periph/axil_to_apb.sv:187$29'.
     1/2: $0\slverr_r[0:0]
     2/2: $0\rdata_r[31:0]
Creating decoders for process `\axil_to_apb.$proc$../rtl/periph/axil_to_apb.sv:179$27'.
     1/1: $0\state_r[1:0]
Creating decoders for process `\axil_to_apb.$proc$../rtl/periph/axil_to_apb.sv:148$23'.
     1/6: $6\state_next[1:0]
     2/6: $5\state_next[1:0]
     3/6: $4\state_next[1:0]
     4/6: $3\state_next[1:0]
     5/6: $2\state_next[1:0]
     6/6: $1\state_next[1:0]
Creating decoders for process `\axil_to_apb.$proc$../rtl/periph/axil_to_apb.sv:109$16'.
     1/6: $0\rd_pending_r[0:0]
     2/6: $0\wr_pending_r[0:0]
     3/6: $0\lat_write_r[0:0]
     4/6: $0\lat_wstrb_r[3:0]
     5/6: $0\lat_wdata_r[31:0]
     6/6: $0\lat_addr_r[11:0]

11.2.8. Executing PROC_DLATCH pass (convert process syncs to latches).
No latch inferred for signal `\pulp_spi_wrap.\spi_sck' from process `\pulp_spi_wrap.$proc$../rtl/periph/pulp_spi_wrap.sv:234$292'.
No latch inferred for signal `\pulp_spi_wrap.\spi_mosi' from process `\pulp_spi_wrap.$proc$../rtl/periph/pulp_spi_wrap.sv:234$292'.
No latch inferred for signal `\pulp_spi_wrap.\spi_cs_n' from process `\pulp_spi_wrap.$proc$../rtl/periph/pulp_spi_wrap.sv:234$292'.
No latch inferred for signal `\pulp_spi_wrap.\pwdata_gated' from process `\pulp_spi_wrap.$proc$../rtl/periph/pulp_spi_wrap.sv:208$286'.
No latch inferred for signal `\pulp_spi_wrap.\lrd_state_next' from process `\pulp_spi_wrap.$proc$../rtl/periph/pulp_spi_wrap.sv:148$255'.
No latch inferred for signal `\pulp_spi_wrap.\lwr_state_next' from process `\pulp_spi_wrap.$proc$../rtl/periph/pulp_spi_wrap.sv:103$243'.
No latch inferred for signal `\spi_master_tx.\counter_next' from process `\spi_master_tx.$proc$../rtl/periph/pulp/spi/spi_master_tx.sv:61$228'.
No latch inferred for signal `\spi_master_tx.\data_ready' from process `\spi_master_tx.$proc$../rtl/periph/pulp/spi/spi_master_tx.sv:61$228'.
No latch inferred for signal `\spi_master_tx.\clk_en_o' from process `\spi_master_tx.$proc$../rtl/periph/pulp/spi/spi_master_tx.sv:61$228'.
No latch inferred for signal `\spi_master_tx.\data_int_next' from process `\spi_master_tx.$proc$../rtl/periph/pulp/spi/spi_master_tx.sv:61$228'.
No latch inferred for signal `\spi_master_tx.\tx_NS' from process `\spi_master_tx.$proc$../rtl/periph/pulp/spi/spi_master_tx.sv:61$228'.
No latch inferred for signal `\spi_master_tx.\counter_trgt_next' from process `\spi_master_tx.$proc$../rtl/periph/pulp/spi/spi_master_tx.sv:51$223'.
No latch inferred for signal `\spi_master_rx.\counter_next' from process `\spi_master_rx.$proc$../rtl/periph/pulp/spi/spi_master_rx.sv:57$211'.
No latch inferred for signal `\spi_master_rx.\data_valid' from process `\spi_master_rx.$proc$../rtl/periph/pulp/spi/spi_master_rx.sv:57$211'.
No latch inferred for signal `\spi_master_rx.\clk_en_o' from process `\spi_master_rx.$proc$../rtl/periph/pulp/spi/spi_master_rx.sv:57$211'.
No latch inferred for signal `\spi_master_rx.\data_int_next' from process `\spi_master_rx.$proc$../rtl/periph/pulp/spi/spi_master_rx.sv:57$211'.
No latch inferred for signal `\spi_master_rx.\rx_NS' from process `\spi_master_rx.$proc$../rtl/periph/pulp/spi/spi_master_rx.sv:57$211'.
No latch inferred for signal `\spi_master_rx.\counter_trgt_next' from process `\spi_master_rx.$proc$../rtl/periph/pulp/spi/spi_master_rx.sv:47$206'.
No latch inferred for signal `$paramod$83bc75265b358b15e6cbe03cbfc629e968b46589\apb_spi_master.\s_int_rx' from process `$paramod$83bc75265b358b15e6cbe03cbfc629e968b46589\apb_spi_master.$proc$../rtl/periph/pulp/spi/apb_spi_master.sv:208$375'.
No latch inferred for signal `$paramod$83bc75265b358b15e6cbe03cbfc629e968b46589\apb_spi_master.\s_state_rx_next' from process `$paramod$83bc75265b358b15e6cbe03cbfc629e968b46589\apb_spi_master.$proc$../rtl/periph/pulp/spi/apb_spi_master.sv:208$375'.
No latch inferred for signal `$paramod$83bc75265b358b15e6cbe03cbfc629e968b46589\apb_spi_master.\s_int_tx' from process `$paramod$83bc75265b358b15e6cbe03cbfc629e968b46589\apb_spi_master.$proc$../rtl/periph/pulp/spi/apb_spi_master.sv:167$369'.
No latch inferred for signal `$paramod$83bc75265b358b15e6cbe03cbfc629e968b46589\apb_spi_master.\s_state_tx_next' from process `$paramod$83bc75265b358b15e6cbe03cbfc629e968b46589\apb_spi_master.$proc$../rtl/periph/pulp/spi/apb_spi_master.sv:167$369'.
No latch inferred for signal `\spi_master_controller.\state_next' from process `\spi_master_controller.$proc$../rtl/periph/pulp/spi/spi_master_controller.sv:193$101'.
No latch inferred for signal `\spi_master_controller.\spi_status' from process `\spi_master_controller.$proc$../rtl/periph/pulp/spi/spi_master_controller.sv:193$101'.
No latch inferred for signal `\spi_master_controller.\eot' from process `\spi_master_controller.$proc$../rtl/periph/pulp/spi/spi_master_controller.sv:193$101'.
No latch inferred for signal `\spi_master_controller.\spi_clock_en' from process `\spi_master_controller.$proc$../rtl/periph/pulp/spi/spi_master_controller.sv:193$101'.
No latch inferred for signal `\spi_master_controller.\spi_en_tx' from process `\spi_master_controller.$proc$../rtl/periph/pulp/spi/spi_master_controller.sv:193$101'.
No latch inferred for signal `\spi_master_controller.\spi_en_rx' from process `\spi_master_controller.$proc$../rtl/periph/pulp/spi/spi_master_controller.sv:193$101'.
No latch inferred for signal `\spi_master_controller.\counter_tx' from process `\spi_master_controller.$proc$../rtl/periph/pulp/spi/spi_master_controller.sv:193$101'.
No latch inferred for signal `\spi_master_controller.\counter_tx_valid' from process `\spi_master_controller.$proc$../rtl/periph/pulp/spi/spi_master_controller.sv:193$101'.
No latch inferred for signal `\spi_master_controller.\counter_rx' from process `\spi_master_controller.$proc$../rtl/periph/pulp/spi/spi_master_controller.sv:193$101'.
No latch inferred for signal `\spi_master_controller.\counter_rx_valid' from process `\spi_master_controller.$proc$../rtl/periph/pulp/spi/spi_master_controller.sv:193$101'.
No latch inferred for signal `\spi_master_controller.\s_spi_mode' from process `\spi_master_controller.$proc$../rtl/periph/pulp/spi/spi_master_controller.sv:193$101'.
No latch inferred for signal `\spi_master_controller.\ctrl_data_valid' from process `\spi_master_controller.$proc$../rtl/periph/pulp/spi/spi_master_controller.sv:193$101'.
No latch inferred for signal `\spi_master_controller.\spi_cs' from process `\spi_master_controller.$proc$../rtl/periph/pulp/spi/spi_master_controller.sv:193$101'.
No latch inferred for signal `\spi_master_controller.\ctrl_data_mux' from process `\spi_master_controller.$proc$../rtl/periph/pulp/spi/spi_master_controller.sv:193$101'.
No latch inferred for signal `\spi_master_controller.\spi_ctrl_data_tx_ready' from process `\spi_master_controller.$proc$../rtl/periph/pulp/spi/spi_master_controller.sv:150$100'.
No latch inferred for signal `\spi_master_controller.\data_to_tx' from process `\spi_master_controller.$proc$../rtl/periph/pulp/spi/spi_master_controller.sv:150$100'.
No latch inferred for signal `\spi_master_controller.\data_to_tx_valid' from process `\spi_master_controller.$proc$../rtl/periph/pulp/spi/spi_master_controller.sv:150$100'.
No latch inferred for signal `\spi_master_clkgen.\spi_fall' from process `\spi_master_clkgen.$proc$../rtl/periph/pulp/spi/spi_master_clkgen.sv:31$87'.
No latch inferred for signal `\spi_master_clkgen.\spi_rise' from process `\spi_master_clkgen.$proc$../rtl/periph/pulp/spi/spi_master_clkgen.sv:31$87'.
No latch inferred for signal `\spi_master_clkgen.\counter_trgt_next' from process `\spi_master_clkgen.$proc$../rtl/periph/pulp/spi/spi_master_clkgen.sv:31$87'.
No latch inferred for signal `\spi_master_clkgen.\counter_next' from process `\spi_master_clkgen.$proc$../rtl/periph/pulp/spi/spi_master_clkgen.sv:31$87'.
No latch inferred for signal `\spi_master_clkgen.\spi_clk_next' from process `\spi_master_clkgen.$proc$../rtl/periph/pulp/spi/spi_master_clkgen.sv:31$87'.
No latch inferred for signal `$paramod$83bc75265b358b15e6cbe03cbfc629e968b46589\spi_master_apb_if.\PRDATA' from process `$paramod$83bc75265b358b15e6cbe03cbfc629e968b46589\spi_master_apb_if.$proc$../rtl/periph/pulp/spi/spi_master_apb_if.sv:183$431'.
No latch inferred for signal `$paramod$dec9424b776ed6cf19510f938baf4f9a5bd62edc\spi_master_fifo.$mem2reg_rd$\buffer$../rtl/periph/pulp/spi/spi_master_fifo.sv:134$382_DATA' from process `$paramod$dec9424b776ed6cf19510f938baf4f9a5bd62edc\spi_master_fifo.$proc$../rtl/periph/pulp/spi/spi_master_fifo.sv:134$419'.
No latch inferred for signal `\axil_to_apb.\paddr' from process `\axil_to_apb.$proc$../rtl/periph/axil_to_apb.sv:200$33'.
No latch inferred for signal `\axil_to_apb.\psel' from process `\axil_to_apb.$proc$../rtl/periph/axil_to_apb.sv:200$33'.
No latch inferred for signal `\axil_to_apb.\penable' from process `\axil_to_apb.$proc$../rtl/periph/axil_to_apb.sv:200$33'.
No latch inferred for signal `\axil_to_apb.\pwrite' from process `\axil_to_apb.$proc$../rtl/periph/axil_to_apb.sv:200$33'.
No latch inferred for signal `\axil_to_apb.\pwdata' from process `\axil_to_apb.$proc$../rtl/periph/axil_to_apb.sv:200$33'.
No latch inferred for signal `\axil_to_apb.\state_next' from process `\axil_to_apb.$proc$../rtl/periph/axil_to_apb.sv:148$23'.

11.2.9. Executing PROC_DFF pass (convert process syncs to FFs).
Creating register for signal `\pulp_spi_wrap.\lrd_state_r' using process `\pulp_spi_wrap.$proc$../rtl/periph/pulp_spi_wrap.sv:157$257'.
  created $adff cell `$procdff$5222' with positive edge clock and positive level reset.
Creating register for signal `\pulp_spi_wrap.\lrd_rdata_r' using process `\pulp_spi_wrap.$proc$../rtl/periph/pulp_spi_wrap.sv:157$257'.
  created $adff cell `$procdff$5227' with positive edge clock and positive level reset.
Creating register for signal `\pulp_spi_wrap.\max_len_r' using process `\pulp_spi_wrap.$proc$../rtl/periph/pulp_spi_wrap.sv:113$245'.
  created $adff cell `$procdff$5232' with positive edge clock and positive level reset.
Creating register for signal `\pulp_spi_wrap.\cs_lock_r' using process `\pulp_spi_wrap.$proc$../rtl/periph/pulp_spi_wrap.sv:113$245'.
  created $adff cell `$procdff$5237' with positive edge clock and positive level reset.
Creating register for signal `\pulp_spi_wrap.\lwr_state_r' using process `\pulp_spi_wrap.$proc$../rtl/periph/pulp_spi_wrap.sv:113$245'.
  created $adff cell `$procdff$5242' with positive edge clock and positive level reset.
Creating register for signal `\pulp_spi_wrap.\lwr_addr_r' using process `\pulp_spi_wrap.$proc$../rtl/periph/pulp_spi_wrap.sv:113$245'.
  created $adff cell `$procdff$5247' with positive edge clock and positive level reset.
Creating register for signal `\spi_master_tx.\counter_trgt' using process `\spi_master_tx.$proc$../rtl/periph/pulp/spi/spi_master_tx.sv:112$233'.
  created $adff cell `$procdff$5252' with positive edge clock and positive level reset.
Creating register for signal `\spi_master_tx.\counter' using process `\spi_master_tx.$proc$../rtl/periph/pulp/spi/spi_master_tx.sv:112$233'.
  created $adff cell `$procdff$5257' with positive edge clock and positive level reset.
Creating register for signal `\spi_master_tx.\data_int' using process `\spi_master_tx.$proc$../rtl/periph/pulp/spi/spi_master_tx.sv:112$233'.
  created $adff cell `$procdff$5262' with positive edge clock and positive level reset.
Creating register for signal `\spi_master_tx.\tx_CS' using process `\spi_master_tx.$proc$../rtl/periph/pulp/spi/spi_master_tx.sv:112$233'.
  created $adff cell `$procdff$5267' with positive edge clock and positive level reset.
Creating register for signal `\spi_master_rx.\counter_trgt' using process `\spi_master_rx.$proc$../rtl/periph/pulp/spi/spi_master_rx.sv:121$214'.
  created $adff cell `$procdff$5272' with positive edge clock and positive level reset.
Creating register for signal `\spi_master_rx.\counter' using process `\spi_master_rx.$proc$../rtl/periph/pulp/spi/spi_master_rx.sv:121$214'.
  created $adff cell `$procdff$5277' with positive edge clock and positive level reset.
Creating register for signal `\spi_master_rx.\data_int' using process `\spi_master_rx.$proc$../rtl/periph/pulp/spi/spi_master_rx.sv:121$214'.
  created $adff cell `$procdff$5282' with positive edge clock and positive level reset.
Creating register for signal `\spi_master_rx.\rx_CS' using process `\spi_master_rx.$proc$../rtl/periph/pulp/spi/spi_master_rx.sv:121$214'.
  created $adff cell `$procdff$5287' with positive edge clock and positive level reset.
Creating register for signal `$paramod$83bc75265b358b15e6cbe03cbfc629e968b46589\apb_spi_master.\r_counter_tx' using process `$paramod$83bc75265b358b15e6cbe03cbfc629e968b46589\apb_spi_master.$proc$../rtl/periph/pulp/spi/apb_spi_master.sv:133$359'.
  created $adff cell `$procdff$5292' with positive edge clock and positive level reset.
Creating register for signal `$paramod$83bc75265b358b15e6cbe03cbfc629e968b46589\apb_spi_master.\r_counter_rx' using process `$paramod$83bc75265b358b15e6cbe03cbfc629e968b46589\apb_spi_master.$proc$../rtl/periph/pulp/spi/apb_spi_master.sv:133$359'.
  created $adff cell `$procdff$5297' with positive edge clock and positive level reset.
Creating register for signal `$paramod$83bc75265b358b15e6cbe03cbfc629e968b46589\apb_spi_master.\r_state_rx' using process `$paramod$83bc75265b358b15e6cbe03cbfc629e968b46589\apb_spi_master.$proc$../rtl/periph/pulp/spi/apb_spi_master.sv:119$357'.
  created $adff cell `$procdff$5302' with positive edge clock and positive level reset.
Creating register for signal `$paramod$83bc75265b358b15e6cbe03cbfc629e968b46589\apb_spi_master.\r_state_tx' using process `$paramod$83bc75265b358b15e6cbe03cbfc629e968b46589\apb_spi_master.$proc$../rtl/periph/pulp/spi/apb_spi_master.sv:119$357'.
  created $adff cell `$procdff$5307' with positive edge clock and positive level reset.
Creating register for signal `\spi_master_controller.\spi_mode' using process `\spi_master_controller.$proc$../rtl/periph/pulp/spi/spi_master_controller.sv:518$143'.
  created $adff cell `$procdff$5312' with positive edge clock and positive level reset.
Creating register for signal `\spi_master_controller.\en_quad_int' using process `\spi_master_controller.$proc$../rtl/periph/pulp/spi/spi_master_controller.sv:518$143'.
  created $adff cell `$procdff$5317' with positive edge clock and positive level reset.
Creating register for signal `\spi_master_controller.\do_tx' using process `\spi_master_controller.$proc$../rtl/periph/pulp/spi/spi_master_controller.sv:518$143'.
  created $adff cell `$procdff$5322' with positive edge clock and positive level reset.
Creating register for signal `\spi_master_controller.\do_rx' using process `\spi_master_controller.$proc$../rtl/periph/pulp/spi/spi_master_controller.sv:518$143'.
  created $adff cell `$procdff$5327' with positive edge clock and positive level reset.
Creating register for signal `\spi_master_controller.\state' using process `\spi_master_controller.$proc$../rtl/periph/pulp/spi/spi_master_controller.sv:518$143'.
  created $adff cell `$procdff$5332' with positive edge clock and positive level reset.
Creating register for signal `\spi_master_clkgen.\spi_clk' using process `\spi_master_clkgen.$proc$../rtl/periph/pulp/spi/spi_master_clkgen.sv:56$92'.
  created $adff cell `$procdff$5337' with positive edge clock and positive level reset.
Creating register for signal `\spi_master_clkgen.\counter_trgt' using process `\spi_master_clkgen.$proc$../rtl/periph/pulp/spi/spi_master_clkgen.sv:56$92'.
  created $adff cell `$procdff$5342' with positive edge clock and positive level reset.
Creating register for signal `\spi_master_clkgen.\counter' using process `\spi_master_clkgen.$proc$../rtl/periph/pulp/spi/spi_master_clkgen.sv:56$92'.
  created $adff cell `$procdff$5347' with positive edge clock and positive level reset.
Creating register for signal `\spi_master_clkgen.\running' using process `\spi_master_clkgen.$proc$../rtl/periph/pulp/spi/spi_master_clkgen.sv:56$92'.
  created $adff cell `$procdff$5352' with positive edge clock and positive level reset.
Creating register for signal `$paramod$83bc75265b358b15e6cbe03cbfc629e968b46589\spi_master_apb_if.\spi_clk_div' using process `$paramod$83bc75265b358b15e6cbe03cbfc629e968b46589\spi_master_apb_if.$proc$../rtl/periph/pulp/spi/spi_master_apb_if.sv:84$427'.
  created $adff cell `$procdff$5357' with positive edge clock and positive level reset.
Creating register for signal `$paramod$83bc75265b358b15e6cbe03cbfc629e968b46589\spi_master_apb_if.\spi_clk_div_valid' using process `$paramod$83bc75265b358b15e6cbe03cbfc629e968b46589\spi_master_apb_if.$proc$../rtl/periph/pulp/spi/spi_master_apb_if.sv:84$427'.
  created $adff cell `$procdff$5362' with positive edge clock and positive level reset.
Creating register for signal `$paramod$83bc75265b358b15e6cbe03cbfc629e968b46589\spi_master_apb_if.\spi_addr' using process `$paramod$83bc75265b358b15e6cbe03cbfc629e968b46589\spi_master_apb_if.$proc$../rtl/periph/pulp/spi/spi_master_apb_if.sv:84$427'.
  created $adff cell `$procdff$5367' with positive edge clock and positive level reset.
Creating register for signal `$paramod$83bc75265b358b15e6cbe03cbfc629e968b46589\spi_master_apb_if.\spi_addr_len' using process `$paramod$83bc75265b358b15e6cbe03cbfc629e968b46589\spi_master_apb_if.$proc$../rtl/periph/pulp/spi/spi_master_apb_if.sv:84$427'.
  created $adff cell `$procdff$5372' with positive edge clock and positive level reset.
Creating register for signal `$paramod$83bc75265b358b15e6cbe03cbfc629e968b46589\spi_master_apb_if.\spi_cmd' using process `$paramod$83bc75265b358b15e6cbe03cbfc629e968b46589\spi_master_apb_if.$proc$../rtl/periph/pulp/spi/spi_master_apb_if.sv:84$427'.
  created $adff cell `$procdff$5377' with positive edge clock and positive level reset.
Creating register for signal `$paramod$83bc75265b358b15e6cbe03cbfc629e968b46589\spi_master_apb_if.\spi_cmd_len' using process `$paramod$83bc75265b358b15e6cbe03cbfc629e968b46589\spi_master_apb_if.$proc$../rtl/periph/pulp/spi/spi_master_apb_if.sv:84$427'.
  created $adff cell `$procdff$5382' with positive edge clock and positive level reset.
Creating register for signal `$paramod$83bc75265b358b15e6cbe03cbfc629e968b46589\spi_master_apb_if.\spi_data_len' using process `$paramod$83bc75265b358b15e6cbe03cbfc629e968b46589\spi_master_apb_if.$proc$../rtl/periph/pulp/spi/spi_master_apb_if.sv:84$427'.
  created $adff cell `$procdff$5387' with positive edge clock and positive level reset.
Creating register for signal `$paramod$83bc75265b358b15e6cbe03cbfc629e968b46589\spi_master_apb_if.\spi_dummy_rd' using process `$paramod$83bc75265b358b15e6cbe03cbfc629e968b46589\spi_master_apb_if.$proc$../rtl/periph/pulp/spi/spi_master_apb_if.sv:84$427'.
  created $adff cell `$procdff$5392' with positive edge clock and positive level reset.
Creating register for signal `$paramod$83bc75265b358b15e6cbe03cbfc629e968b46589\spi_master_apb_if.\spi_dummy_wr' using process `$paramod$83bc75265b358b15e6cbe03cbfc629e968b46589\spi_master_apb_if.$proc$../rtl/periph/pulp/spi/spi_master_apb_if.sv:84$427'.
  created $adff cell `$procdff$5397' with positive edge clock and positive level reset.
Creating register for signal `$paramod$83bc75265b358b15e6cbe03cbfc629e968b46589\spi_master_apb_if.\spi_swrst' using process `$paramod$83bc75265b358b15e6cbe03cbfc629e968b46589\spi_master_apb_if.$proc$../rtl/periph/pulp/spi/spi_master_apb_if.sv:84$427'.
  created $adff cell `$procdff$5402' with positive edge clock and positive level reset.
Creating register for signal `$paramod$83bc75265b358b15e6cbe03cbfc629e968b46589\spi_master_apb_if.\spi_rd' using process `$paramod$83bc75265b358b15e6cbe03cbfc629e968b46589\spi_master_apb_if.$proc$../rtl/periph/pulp/spi/spi_master_apb_if.sv:84$427'.
  created $adff cell `$procdff$5407' with positive edge clock and positive level reset.
Creating register for signal `$paramod$83bc75265b358b15e6cbe03cbfc629e968b46589\spi_master_apb_if.\spi_wr' using process `$paramod$83bc75265b358b15e6cbe03cbfc629e968b46589\spi_master_apb_if.$proc$../rtl/periph/pulp/spi/spi_master_apb_if.sv:84$427'.
  created $adff cell `$procdff$5412' with positive edge clock and positive level reset.
Creating register for signal `$paramod$83bc75265b358b15e6cbe03cbfc629e968b46589\spi_master_apb_if.\spi_qrd' using process `$paramod$83bc75265b358b15e6cbe03cbfc629e968b46589\spi_master_apb_if.$proc$../rtl/periph/pulp/spi/spi_master_apb_if.sv:84$427'.
  created $adff cell `$procdff$5417' with positive edge clock and positive level reset.
Creating register for signal `$paramod$83bc75265b358b15e6cbe03cbfc629e968b46589\spi_master_apb_if.\spi_qwr' using process `$paramod$83bc75265b358b15e6cbe03cbfc629e968b46589\spi_master_apb_if.$proc$../rtl/periph/pulp/spi/spi_master_apb_if.sv:84$427'.
  created $adff cell `$procdff$5422' with positive edge clock and positive level reset.
Creating register for signal `$paramod$83bc75265b358b15e6cbe03cbfc629e968b46589\spi_master_apb_if.\spi_csreg' using process `$paramod$83bc75265b358b15e6cbe03cbfc629e968b46589\spi_master_apb_if.$proc$../rtl/periph/pulp/spi/spi_master_apb_if.sv:84$427'.
  created $adff cell `$procdff$5427' with positive edge clock and positive level reset.
Creating register for signal `$paramod$83bc75265b358b15e6cbe03cbfc629e968b46589\spi_master_apb_if.\spi_int_th_rx' using process `$paramod$83bc75265b358b15e6cbe03cbfc629e968b46589\spi_master_apb_if.$proc$../rtl/periph/pulp/spi/spi_master_apb_if.sv:84$427'.
  created $adff cell `$procdff$5432' with positive edge clock and positive level reset.
Creating register for signal `$paramod$83bc75265b358b15e6cbe03cbfc629e968b46589\spi_master_apb_if.\spi_int_th_tx' using process `$paramod$83bc75265b358b15e6cbe03cbfc629e968b46589\spi_master_apb_if.$proc$../rtl/periph/pulp/spi/spi_master_apb_if.sv:84$427'.
  created $adff cell `$procdff$5437' with positive edge clock and positive level reset.
Creating register for signal `$paramod$83bc75265b358b15e6cbe03cbfc629e968b46589\spi_master_apb_if.\spi_int_cnt_rx' using process `$paramod$83bc75265b358b15e6cbe03cbfc629e968b46589\spi_master_apb_if.$proc$../rtl/periph/pulp/spi/spi_master_apb_if.sv:84$427'.
  created $adff cell `$procdff$5442' with positive edge clock and positive level reset.
Creating register for signal `$paramod$83bc75265b358b15e6cbe03cbfc629e968b46589\spi_master_apb_if.\spi_int_cnt_tx' using process `$paramod$83bc75265b358b15e6cbe03cbfc629e968b46589\spi_master_apb_if.$proc$../rtl/periph/pulp/spi/spi_master_apb_if.sv:84$427'.
  created $adff cell `$procdff$5447' with positive edge clock and positive level reset.
Creating register for signal `$paramod$83bc75265b358b15e6cbe03cbfc629e968b46589\spi_master_apb_if.\spi_int_en' using process `$paramod$83bc75265b358b15e6cbe03cbfc629e968b46589\spi_master_apb_if.$proc$../rtl/periph/pulp/spi/spi_master_apb_if.sv:84$427'.
  created $adff cell `$procdff$5452' with positive edge clock and positive level reset.
Creating register for signal `$paramod$83bc75265b358b15e6cbe03cbfc629e968b46589\spi_master_apb_if.\spi_int_cnt_en' using process `$paramod$83bc75265b358b15e6cbe03cbfc629e968b46589\spi_master_apb_if.$proc$../rtl/periph/pulp/spi/spi_master_apb_if.sv:84$427'.
  created $adff cell `$procdff$5457' with positive edge clock and positive level reset.
Creating register for signal `$paramod$dec9424b776ed6cf19510f938baf4f9a5bd62edc\spi_master_fifo.\pointer_in' using process `$paramod$dec9424b776ed6cf19510f938baf4f9a5bd62edc\spi_master_fifo.$proc$../rtl/periph/pulp/spi/spi_master_fifo.sv:88$408'.
  created $adff cell `$procdff$5462' with positive edge clock and positive level reset.
Creating register for signal `$paramod$dec9424b776ed6cf19510f938baf4f9a5bd62edc\spi_master_fifo.\pointer_out' using process `$paramod$dec9424b776ed6cf19510f938baf4f9a5bd62edc\spi_master_fifo.$proc$../rtl/periph/pulp/spi/spi_master_fifo.sv:88$408'.
  created $adff cell `$procdff$5467' with positive edge clock and positive level reset.
Creating register for signal `$paramod$dec9424b776ed6cf19510f938baf4f9a5bd62edc\spi_master_fifo.\loop1' using process `$paramod$dec9424b776ed6cf19510f938baf4f9a5bd62edc\spi_master_fifo.$proc$../rtl/periph/pulp/spi/spi_master_fifo.sv:73$398'.
  created $adff cell `$procdff$5472' with positive edge clock and positive level reset.
Creating register for signal `$paramod$dec9424b776ed6cf19510f938baf4f9a5bd62edc\spi_master_fifo.\buffer[0]' using process `$paramod$dec9424b776ed6cf19510f938baf4f9a5bd62edc\spi_master_fifo.$proc$../rtl/periph/pulp/spi/spi_master_fifo.sv:73$398'.
  created $adff cell `$procdff$5477' with positive edge clock and positive level reset.
Creating register for signal `$paramod$dec9424b776ed6cf19510f938baf4f9a5bd62edc\spi_master_fifo.\buffer[1]' using process `$paramod$dec9424b776ed6cf19510f938baf4f9a5bd62edc\spi_master_fifo.$proc$../rtl/periph/pulp/spi/spi_master_fifo.sv:73$398'.
  created $adff cell `$procdff$5482' with positive edge clock and positive level reset.
Creating register for signal `$paramod$dec9424b776ed6cf19510f938baf4f9a5bd62edc\spi_master_fifo.\buffer[2]' using process `$paramod$dec9424b776ed6cf19510f938baf4f9a5bd62edc\spi_master_fifo.$proc$../rtl/periph/pulp/spi/spi_master_fifo.sv:73$398'.
  created $adff cell `$procdff$5487' with positive edge clock and positive level reset.
Creating register for signal `$paramod$dec9424b776ed6cf19510f938baf4f9a5bd62edc\spi_master_fifo.\buffer[3]' using process `$paramod$dec9424b776ed6cf19510f938baf4f9a5bd62edc\spi_master_fifo.$proc$../rtl/periph/pulp/spi/spi_master_fifo.sv:73$398'.
  created $adff cell `$procdff$5492' with positive edge clock and positive level reset.
Creating register for signal `$paramod$dec9424b776ed6cf19510f938baf4f9a5bd62edc\spi_master_fifo.\buffer[4]' using process `$paramod$dec9424b776ed6cf19510f938baf4f9a5bd62edc\spi_master_fifo.$proc$../rtl/periph/pulp/spi/spi_master_fifo.sv:73$398'.
  created $adff cell `$procdff$5497' with positive edge clock and positive level reset.
Creating register for signal `$paramod$dec9424b776ed6cf19510f938baf4f9a5bd62edc\spi_master_fifo.\buffer[5]' using process `$paramod$dec9424b776ed6cf19510f938baf4f9a5bd62edc\spi_master_fifo.$proc$../rtl/periph/pulp/spi/spi_master_fifo.sv:73$398'.
  created $adff cell `$procdff$5502' with positive edge clock and positive level reset.
Creating register for signal `$paramod$dec9424b776ed6cf19510f938baf4f9a5bd62edc\spi_master_fifo.\buffer[6]' using process `$paramod$dec9424b776ed6cf19510f938baf4f9a5bd62edc\spi_master_fifo.$proc$../rtl/periph/pulp/spi/spi_master_fifo.sv:73$398'.
  created $adff cell `$procdff$5507' with positive edge clock and positive level reset.
Creating register for signal `$paramod$dec9424b776ed6cf19510f938baf4f9a5bd62edc\spi_master_fifo.\buffer[7]' using process `$paramod$dec9424b776ed6cf19510f938baf4f9a5bd62edc\spi_master_fifo.$proc$../rtl/periph/pulp/spi/spi_master_fifo.sv:73$398'.
  created $adff cell `$procdff$5512' with positive edge clock and positive level reset.
Creating register for signal `$paramod$dec9424b776ed6cf19510f938baf4f9a5bd62edc\spi_master_fifo.\elements' using process `$paramod$dec9424b776ed6cf19510f938baf4f9a5bd62edc\spi_master_fifo.$proc$../rtl/periph/pulp/spi/spi_master_fifo.sv:49$384'.
  created $adff cell `$procdff$5517' with positive edge clock and positive level reset.
Creating register for signal `\axil_to_apb.\rdata_r' using process `\axil_to_apb.$proc$../rtl/periph/axil_to_apb.sv:187$29'.
  created $adff cell `$procdff$5522' with positive edge clock and positive level reset.
Creating register for signal `\axil_to_apb.\slverr_r' using process `\axil_to_apb.$proc$../rtl/periph/axil_to_apb.sv:187$29'.
  created $adff cell `$procdff$5527' with positive edge clock and positive level reset.
Creating register for signal `\axil_to_apb.\state_r' using process `\axil_to_apb.$proc$../rtl/periph/axil_to_apb.sv:179$27'.
  created $adff cell `$procdff$5532' with positive edge clock and positive level reset.
Creating register for signal `\axil_to_apb.\lat_addr_r' using process `\axil_to_apb.$proc$../rtl/periph/axil_to_apb.sv:109$16'.
  created $adff cell `$procdff$5537' with positive edge clock and positive level reset.
Creating register for signal `\axil_to_apb.\lat_wdata_r' using process `\axil_to_apb.$proc$../rtl/periph/axil_to_apb.sv:109$16'.
  created $adff cell `$procdff$5542' with positive edge clock and positive level reset.
Creating register for signal `\axil_to_apb.\lat_wstrb_r' using process `\axil_to_apb.$proc$../rtl/periph/axil_to_apb.sv:109$16'.
  created $adff cell `$procdff$5547' with positive edge clock and positive level reset.
Creating register for signal `\axil_to_apb.\lat_write_r' using process `\axil_to_apb.$proc$../rtl/periph/axil_to_apb.sv:109$16'.
  created $adff cell `$procdff$5552' with positive edge clock and positive level reset.
Creating register for signal `\axil_to_apb.\wr_pending_r' using process `\axil_to_apb.$proc$../rtl/periph/axil_to_apb.sv:109$16'.
  created $adff cell `$procdff$5557' with positive edge clock and positive level reset.
Creating register for signal `\axil_to_apb.\rd_pending_r' using process `\axil_to_apb.$proc$../rtl/periph/axil_to_apb.sv:109$16'.
  created $adff cell `$procdff$5562' with positive edge clock and positive level reset.

11.2.10. Executing PROC_MEMWR pass (convert process memory writes to cells).

11.2.11. Executing PROC_CLEAN pass (remove empty switches from decision trees).
Found and cleaned up 1 empty switch in `\pulp_spi_wrap.$proc$../rtl/periph/pulp_spi_wrap.sv:234$292'.
Removing empty process `pulp_spi_wrap.$proc$../rtl/periph/pulp_spi_wrap.sv:234$292'.
Found and cleaned up 2 empty switches in `\pulp_spi_wrap.$proc$../rtl/periph/pulp_spi_wrap.sv:208$286'.
Removing empty process `pulp_spi_wrap.$proc$../rtl/periph/pulp_spi_wrap.sv:208$286'.
Found and cleaned up 3 empty switches in `\pulp_spi_wrap.$proc$../rtl/periph/pulp_spi_wrap.sv:157$257'.
Removing empty process `pulp_spi_wrap.$proc$../rtl/periph/pulp_spi_wrap.sv:157$257'.
Found and cleaned up 3 empty switches in `\pulp_spi_wrap.$proc$../rtl/periph/pulp_spi_wrap.sv:148$255'.
Removing empty process `pulp_spi_wrap.$proc$../rtl/periph/pulp_spi_wrap.sv:148$255'.
Found and cleaned up 4 empty switches in `\pulp_spi_wrap.$proc$../rtl/periph/pulp_spi_wrap.sv:113$245'.
Removing empty process `pulp_spi_wrap.$proc$../rtl/periph/pulp_spi_wrap.sv:113$245'.
Found and cleaned up 4 empty switches in `\pulp_spi_wrap.$proc$../rtl/periph/pulp_spi_wrap.sv:103$243'.
Removing empty process `pulp_spi_wrap.$proc$../rtl/periph/pulp_spi_wrap.sv:103$243'.
Removing empty process `spi_master_tx.$proc$../rtl/periph/pulp/spi/spi_master_tx.sv:112$233'.
Found and cleaned up 7 empty switches in `\spi_master_tx.$proc$../rtl/periph/pulp/spi/spi_master_tx.sv:61$228'.
Removing empty process `spi_master_tx.$proc$../rtl/periph/pulp/spi/spi_master_tx.sv:61$228'.
Found and cleaned up 1 empty switch in `\spi_master_tx.$proc$../rtl/periph/pulp/spi/spi_master_tx.sv:51$223'.
Removing empty process `spi_master_tx.$proc$../rtl/periph/pulp/spi/spi_master_tx.sv:51$223'.
Removing empty process `spi_master_rx.$proc$../rtl/periph/pulp/spi/spi_master_rx.sv:121$214'.
Found and cleaned up 10 empty switches in `\spi_master_rx.$proc$../rtl/periph/pulp/spi/spi_master_rx.sv:57$211'.
Removing empty process `spi_master_rx.$proc$../rtl/periph/pulp/spi/spi_master_rx.sv:57$211'.
Found and cleaned up 1 empty switch in `\spi_master_rx.$proc$../rtl/periph/pulp/spi/spi_master_rx.sv:47$206'.
Removing empty process `spi_master_rx.$proc$../rtl/periph/pulp/spi/spi_master_rx.sv:47$206'.
Found and cleaned up 5 empty switches in `$paramod$83bc75265b358b15e6cbe03cbfc629e968b46589\apb_spi_master.$proc$../rtl/periph/pulp/spi/apb_spi_master.sv:208$375'.
Removing empty process `$paramod$83bc75265b358b15e6cbe03cbfc629e968b46589\apb_spi_master.$proc$../rtl/periph/pulp/spi/apb_spi_master.sv:208$375'.
Found and cleaned up 5 empty switches in `$paramod$83bc75265b358b15e6cbe03cbfc629e968b46589\apb_spi_master.$proc$../rtl/periph/pulp/spi/apb_spi_master.sv:167$369'.
Removing empty process `$paramod$83bc75265b358b15e6cbe03cbfc629e968b46589\apb_spi_master.$proc$../rtl/periph/pulp/spi/apb_spi_master.sv:167$369'.
Found and cleaned up 5 empty switches in `$paramod$83bc75265b358b15e6cbe03cbfc629e968b46589\apb_spi_master.$proc$../rtl/periph/pulp/spi/apb_spi_master.sv:133$359'.
Removing empty process `$paramod$83bc75265b358b15e6cbe03cbfc629e968b46589\apb_spi_master.$proc$../rtl/periph/pulp/spi/apb_spi_master.sv:133$359'.
Removing empty process `$paramod$83bc75265b358b15e6cbe03cbfc629e968b46589\apb_spi_master.$proc$../rtl/periph/pulp/spi/apb_spi_master.sv:119$357'.
Found and cleaned up 5 empty switches in `\spi_master_controller.$proc$../rtl/periph/pulp/spi/spi_master_controller.sv:518$143'.
Removing empty process `spi_master_controller.$proc$../rtl/periph/pulp/spi/spi_master_controller.sv:518$143'.
Found and cleaned up 25 empty switches in `\spi_master_controller.$proc$../rtl/periph/pulp/spi/spi_master_controller.sv:193$101'.
Removing empty process `spi_master_controller.$proc$../rtl/periph/pulp/spi/spi_master_controller.sv:193$101'.
Found and cleaned up 1 empty switch in `\spi_master_controller.$proc$../rtl/periph/pulp/spi/spi_master_controller.sv:150$100'.
Removing empty process `spi_master_controller.$proc$../rtl/periph/pulp/spi/spi_master_controller.sv:150$100'.
Found and cleaned up 1 empty switch in `\spi_master_clkgen.$proc$../rtl/periph/pulp/spi/spi_master_clkgen.sv:56$92'.
Removing empty process `spi_master_clkgen.$proc$../rtl/periph/pulp/spi/spi_master_clkgen.sv:56$92'.
Found and cleaned up 3 empty switches in `\spi_master_clkgen.$proc$../rtl/periph/pulp/spi/spi_master_clkgen.sv:31$87'.
Removing empty process `spi_master_clkgen.$proc$../rtl/periph/pulp/spi/spi_master_clkgen.sv:31$87'.
Found and cleaned up 1 empty switch in `$paramod$83bc75265b358b15e6cbe03cbfc629e968b46589\spi_master_apb_if.$proc$../rtl/periph/pulp/spi/spi_master_apb_if.sv:183$431'.
Removing empty process `$paramod$83bc75265b358b15e6cbe03cbfc629e968b46589\spi_master_apb_if.$proc$../rtl/periph/pulp/spi/spi_master_apb_if.sv:183$431'.
Found and cleaned up 2 empty switches in `$paramod$83bc75265b358b15e6cbe03cbfc629e968b46589\spi_master_apb_if.$proc$../rtl/periph/pulp/spi/spi_master_apb_if.sv:84$427'.
Removing empty process `$paramod$83bc75265b358b15e6cbe03cbfc629e968b46589\spi_master_apb_if.$proc$../rtl/periph/pulp/spi/spi_master_apb_if.sv:84$427'.
Found and cleaned up 1 empty switch in `$paramod$dec9424b776ed6cf19510f938baf4f9a5bd62edc\spi_master_fifo.$proc$../rtl/periph/pulp/spi/spi_master_fifo.sv:134$419'.
Removing empty process `$paramod$dec9424b776ed6cf19510f938baf4f9a5bd62edc\spi_master_fifo.$proc$../rtl/periph/pulp/spi/spi_master_fifo.sv:134$419'.
Found and cleaned up 5 empty switches in `$paramod$dec9424b776ed6cf19510f938baf4f9a5bd62edc\spi_master_fifo.$proc$../rtl/periph/pulp/spi/spi_master_fifo.sv:88$408'.
Removing empty process `$paramod$dec9424b776ed6cf19510f938baf4f9a5bd62edc\spi_master_fifo.$proc$../rtl/periph/pulp/spi/spi_master_fifo.sv:88$408'.
Found and cleaned up 2 empty switches in `$paramod$dec9424b776ed6cf19510f938baf4f9a5bd62edc\spi_master_fifo.$proc$../rtl/periph/pulp/spi/spi_master_fifo.sv:73$398'.
Removing empty process `$paramod$dec9424b776ed6cf19510f938baf4f9a5bd62edc\spi_master_fifo.$proc$../rtl/periph/pulp/spi/spi_master_fifo.sv:73$398'.
Found and cleaned up 3 empty switches in `$paramod$dec9424b776ed6cf19510f938baf4f9a5bd62edc\spi_master_fifo.$proc$../rtl/periph/pulp/spi/spi_master_fifo.sv:49$384'.
Removing empty process `$paramod$dec9424b776ed6cf19510f938baf4f9a5bd62edc\spi_master_fifo.$proc$../rtl/periph/pulp/spi/spi_master_fifo.sv:49$384'.
Found and cleaned up 1 empty switch in `\axil_to_apb.$proc$../rtl/periph/axil_to_apb.sv:200$33'.
Removing empty process `axil_to_apb.$proc$../rtl/periph/axil_to_apb.sv:200$33'.
Found and cleaned up 1 empty switch in `\axil_to_apb.$proc$../rtl/periph/axil_to_apb.sv:187$29'.
Removing empty process `axil_to_apb.$proc$../rtl/periph/axil_to_apb.sv:187$29'.
Removing empty process `axil_to_apb.$proc$../rtl/periph/axil_to_apb.sv:179$27'.
Found and cleaned up 6 empty switches in `\axil_to_apb.$proc$../rtl/periph/axil_to_apb.sv:148$23'.
Removing empty process `axil_to_apb.$proc$../rtl/periph/axil_to_apb.sv:148$23'.
Found and cleaned up 4 empty switches in `\axil_to_apb.$proc$../rtl/periph/axil_to_apb.sv:109$16'.
Removing empty process `axil_to_apb.$proc$../rtl/periph/axil_to_apb.sv:109$16'.
Cleaned up 112 empty switches.

11.2.12. Executing OPT_EXPR pass (perform const folding).
Optimizing module pulp_spi_wrap.
<suppressed ~21 debug messages>
Optimizing module spi_master_tx.
<suppressed ~19 debug messages>
Optimizing module spi_master_rx.
<suppressed ~17 debug messages>
Optimizing module $paramod$83bc75265b358b15e6cbe03cbfc629e968b46589\apb_spi_master.
<suppressed ~12 debug messages>
Optimizing module spi_master_controller.
<suppressed ~105 debug messages>
Optimizing module spi_master_clkgen.
<suppressed ~16 debug messages>
Optimizing module $paramod$83bc75265b358b15e6cbe03cbfc629e968b46589\spi_master_apb_if.
<suppressed ~59 debug messages>
Optimizing module $paramod$dec9424b776ed6cf19510f938baf4f9a5bd62edc\spi_master_fifo.
<suppressed ~30 debug messages>
Optimizing module axil_to_apb.
<suppressed ~24 debug messages>

11.3. Executing OPT_EXPR pass (perform const folding).
Optimizing module pulp_spi_wrap.
Optimizing module spi_master_tx.
Optimizing module spi_master_rx.
Optimizing module $paramod$83bc75265b358b15e6cbe03cbfc629e968b46589\apb_spi_master.
Optimizing module spi_master_controller.
Optimizing module spi_master_clkgen.
Optimizing module $paramod$83bc75265b358b15e6cbe03cbfc629e968b46589\spi_master_apb_if.
Optimizing module $paramod$dec9424b776ed6cf19510f938baf4f9a5bd62edc\spi_master_fifo.
Optimizing module axil_to_apb.

11.4. Executing OPT_CLEAN pass (remove unused cells and wires).
Finding unused cells or wires in module \pulp_spi_wrap..
Finding unused cells or wires in module \spi_master_tx..
Finding unused cells or wires in module \spi_master_rx..
Finding unused cells or wires in module $paramod$83bc75265b358b15e6cbe03cbfc629e968b46589\apb_spi_master..
Finding unused cells or wires in module \spi_master_controller..
Finding unused cells or wires in module \spi_master_clkgen..
Finding unused cells or wires in module $paramod$83bc75265b358b15e6cbe03cbfc629e968b46589\spi_master_apb_if..
Finding unused cells or wires in module $paramod$dec9424b776ed6cf19510f938baf4f9a5bd62edc\spi_master_fifo..
Finding unused cells or wires in module \axil_to_apb..
Removed 99 unused cells and 1545 unused wires.
<suppressed ~111 debug messages>

11.5. Executing CHECK pass (checking for obvious problems).
Checking module pulp_spi_wrap...
Checking module spi_master_tx...
Checking module spi_master_rx...
Checking module $paramod$83bc75265b358b15e6cbe03cbfc629e968b46589\apb_spi_master...
Checking module spi_master_controller...
Checking module spi_master_clkgen...
Checking module $paramod$83bc75265b358b15e6cbe03cbfc629e968b46589\spi_master_apb_if...
Checking module $paramod$dec9424b776ed6cf19510f938baf4f9a5bd62edc\spi_master_fifo...
Checking module axil_to_apb...
Found and reported 0 problems.

11.6. Executing OPT pass (performing simple optimizations).

11.6.1. Executing OPT_EXPR pass (perform const folding).
Optimizing module pulp_spi_wrap.
Optimizing module spi_master_tx.
Optimizing module spi_master_rx.
Optimizing module $paramod$83bc75265b358b15e6cbe03cbfc629e968b46589\apb_spi_master.
Optimizing module spi_master_controller.
Optimizing module spi_master_clkgen.
Optimizing module $paramod$83bc75265b358b15e6cbe03cbfc629e968b46589\spi_master_apb_if.
Optimizing module $paramod$dec9424b776ed6cf19510f938baf4f9a5bd62edc\spi_master_fifo.
Optimizing module axil_to_apb.

11.6.2. Executing OPT_MERGE pass (detect identical cells).
Finding identical cells in module `\pulp_spi_wrap'.
Computing hashes of 96 cells of `\pulp_spi_wrap'.
Finding duplicate cells in `\pulp_spi_wrap'.
Computing hashes of 77 cells of `\pulp_spi_wrap'.
Finding duplicate cells in `\pulp_spi_wrap'.
<suppressed ~57 debug messages>
Finding identical cells in module `\spi_master_tx'.
Computing hashes of 113 cells of `\spi_master_tx'.
Finding duplicate cells in `\spi_master_tx'.
Computing hashes of 108 cells of `\spi_master_tx'.
Finding duplicate cells in `\spi_master_tx'.
<suppressed ~15 debug messages>
Finding identical cells in module `\spi_master_rx'.
Computing hashes of 117 cells of `\spi_master_rx'.
Finding duplicate cells in `\spi_master_rx'.
Computing hashes of 82 cells of `\spi_master_rx'.
Finding duplicate cells in `\spi_master_rx'.
<suppressed ~105 debug messages>
Finding identical cells in module `$paramod$83bc75265b358b15e6cbe03cbfc629e968b46589\apb_spi_master'.
Computing hashes of 75 cells of `$paramod$83bc75265b358b15e6cbe03cbfc629e968b46589\apb_spi_master'.
Finding duplicate cells in `$paramod$83bc75265b358b15e6cbe03cbfc629e968b46589\apb_spi_master'.
Computing hashes of 61 cells of `$paramod$83bc75265b358b15e6cbe03cbfc629e968b46589\apb_spi_master'.
Finding duplicate cells in `$paramod$83bc75265b358b15e6cbe03cbfc629e968b46589\apb_spi_master'.
Computing hashes of 59 cells of `$paramod$83bc75265b358b15e6cbe03cbfc629e968b46589\apb_spi_master'.
Finding duplicate cells in `$paramod$83bc75265b358b15e6cbe03cbfc629e968b46589\apb_spi_master'.
<suppressed ~48 debug messages>
Finding identical cells in module `\spi_master_controller'.
Computing hashes of 1150 cells of `\spi_master_controller'.
Finding duplicate cells in `\spi_master_controller'.
Computing hashes of 866 cells of `\spi_master_controller'.
Finding duplicate cells in `\spi_master_controller'.
<suppressed ~852 debug messages>
Finding identical cells in module `\spi_master_clkgen'.
Computing hashes of 22 cells of `\spi_master_clkgen'.
Finding duplicate cells in `\spi_master_clkgen'.
Computing hashes of 21 cells of `\spi_master_clkgen'.
Finding duplicate cells in `\spi_master_clkgen'.
<suppressed ~3 debug messages>
Finding identical cells in module `$paramod$83bc75265b358b15e6cbe03cbfc629e968b46589\spi_master_apb_if'.
Computing hashes of 187 cells of `$paramod$83bc75265b358b15e6cbe03cbfc629e968b46589\spi_master_apb_if'.
Finding duplicate cells in `$paramod$83bc75265b358b15e6cbe03cbfc629e968b46589\spi_master_apb_if'.
Computing hashes of 99 cells of `$paramod$83bc75265b358b15e6cbe03cbfc629e968b46589\spi_master_apb_if'.
Finding duplicate cells in `$paramod$83bc75265b358b15e6cbe03cbfc629e968b46589\spi_master_apb_if'.
Computing hashes of 98 cells of `$paramod$83bc75265b358b15e6cbe03cbfc629e968b46589\spi_master_apb_if'.
Finding duplicate cells in `$paramod$83bc75265b358b15e6cbe03cbfc629e968b46589\spi_master_apb_if'.
<suppressed ~267 debug messages>
Finding identical cells in module `$paramod$dec9424b776ed6cf19510f938baf4f9a5bd62edc\spi_master_fifo'.
Computing hashes of 77 cells of `$paramod$dec9424b776ed6cf19510f938baf4f9a5bd62edc\spi_master_fifo'.
Finding duplicate cells in `$paramod$dec9424b776ed6cf19510f938baf4f9a5bd62edc\spi_master_fifo'.
Computing hashes of 74 cells of `$paramod$dec9424b776ed6cf19510f938baf4f9a5bd62edc\spi_master_fifo'.
Finding duplicate cells in `$paramod$dec9424b776ed6cf19510f938baf4f9a5bd62edc\spi_master_fifo'.
Computing hashes of 73 cells of `$paramod$dec9424b776ed6cf19510f938baf4f9a5bd62edc\spi_master_fifo'.
Finding duplicate cells in `$paramod$dec9424b776ed6cf19510f938baf4f9a5bd62edc\spi_master_fifo'.
<suppressed ~12 debug messages>
Finding identical cells in module `\axil_to_apb'.
Computing hashes of 80 cells of `\axil_to_apb'.
Finding duplicate cells in `\axil_to_apb'.
Computing hashes of 64 cells of `\axil_to_apb'.
Finding duplicate cells in `\axil_to_apb'.
Computing hashes of 63 cells of `\axil_to_apb'.
Finding duplicate cells in `\axil_to_apb'.
<suppressed ~51 debug messages>
Removed a total of 470 cells.

11.6.3. Executing OPT_MUXTREE pass (detect dead branches in mux trees).
Running muxtree optimizer on module \pulp_spi_wrap..
  Creating internal representation of mux trees.
  Evaluating internal representation of mux trees.
  Analyzing evaluation results.
    dead port 2/2 on $mux $procmux$478.
    dead port 2/2 on $mux $procmux$471.
    dead port 2/2 on $mux $procmux$454.
    dead port 2/2 on $mux $procmux$517.
    dead port 2/2 on $mux $procmux$509.
    dead port 2/2 on $mux $procmux$502.
Running muxtree optimizer on module \spi_master_tx..
  Creating internal representation of mux trees.
  Evaluating internal representation of mux trees.
      Replacing known input bits on port A of cell $procmux$709: \tx_CS -> 1'1
      Replacing known input bits on port A of cell $procmux$582: \tx_CS -> 1'1
      Replacing known input bits on port B of cell $procmux$555: \tx_CS -> 1'1
      Replacing known input bits on port A of cell $procmux$735: \tx_CS -> 1'0
  Analyzing evaluation results.
    dead port 1/2 on $mux $procmux$749.
    dead port 1/2 on $mux $procmux$743.
    dead port 1/2 on $mux $procmux$737.
    dead port 2/2 on $mux $procmux$731.
    dead port 2/2 on $mux $procmux$726.
    dead port 2/2 on $mux $procmux$721.
    dead port 2/2 on $mux $procmux$716.
    dead port 2/2 on $mux $procmux$711.
    dead port 2/2 on $mux $procmux$706.
    dead port 2/2 on $mux $procmux$704.
    dead port 2/2 on $mux $procmux$698.
    dead port 2/2 on $mux $procmux$696.
    dead port 2/2 on $mux $procmux$690.
    dead port 2/2 on $mux $procmux$688.
    dead port 2/2 on $mux $procmux$682.
    dead port 2/2 on $mux $procmux$680.
    dead port 2/2 on $mux $procmux$674.
    dead port 2/2 on $mux $procmux$672.
    dead port 2/2 on $mux $procmux$666.
    dead port 2/2 on $mux $procmux$664.
    dead port 2/2 on $mux $procmux$662.
    dead port 2/2 on $mux $procmux$655.
    dead port 2/2 on $mux $procmux$653.
    dead port 2/2 on $mux $procmux$651.
    dead port 2/2 on $mux $procmux$644.
    dead port 2/2 on $mux $procmux$642.
    dead port 2/2 on $mux $procmux$640.
    dead port 2/2 on $mux $procmux$633.
    dead port 2/2 on $mux $procmux$631.
    dead port 2/2 on $mux $procmux$629.
    dead port 2/2 on $mux $procmux$622.
    dead port 2/2 on $mux $procmux$620.
    dead port 1/2 on $mux $procmux$618.
    dead port 2/2 on $mux $procmux$611.
    dead port 2/2 on $mux $procmux$609.
    dead port 1/2 on $mux $procmux$607.
    dead port 2/2 on $mux $procmux$600.
    dead port 2/2 on $mux $procmux$598.
    dead port 1/2 on $mux $procmux$596.
    dead port 2/2 on $mux $procmux$589.
    dead port 2/2 on $mux $procmux$587.
    dead port 1/2 on $mux $procmux$585.
    dead port 2/2 on $mux $procmux$578.
    dead port 2/2 on $mux $procmux$576.
    dead port 1/2 on $mux $procmux$574.
    dead port 2/2 on $mux $procmux$571.
    dead port 2/2 on $mux $procmux$564.
    dead port 2/2 on $mux $procmux$562.
    dead port 1/2 on $mux $procmux$560.
    dead port 2/2 on $mux $procmux$557.
    dead port 2/2 on $mux $procmux$550.
    dead port 2/2 on $mux $procmux$548.
    dead port 1/2 on $mux $procmux$546.
    dead port 2/2 on $mux $procmux$543.
    dead port 2/2 on $mux $procmux$536.
    dead port 2/2 on $mux $procmux$534.
    dead port 1/2 on $mux $procmux$532.
    dead port 2/2 on $mux $procmux$529.
Running muxtree optimizer on module \spi_master_rx..
  Creating internal representation of mux trees.
  Evaluating internal representation of mux trees.
  Analyzing evaluation results.
    dead port 2/2 on $mux $procmux$933.
    dead port 2/2 on $mux $procmux$926.
    dead port 2/2 on $mux $procmux$919.
    dead port 2/2 on $mux $procmux$912.
    dead port 2/2 on $mux $procmux$910.
    dead port 2/2 on $mux $procmux$902.
    dead port 2/2 on $mux $procmux$900.
    dead port 2/2 on $mux $procmux$892.
    dead port 2/2 on $mux $procmux$890.
    dead port 2/2 on $mux $procmux$882.
    dead port 2/2 on $mux $procmux$880.
    dead port 2/2 on $mux $procmux$872.
    dead port 2/2 on $mux $procmux$870.
    dead port 2/2 on $mux $procmux$862.
    dead port 2/2 on $mux $procmux$860.
    dead port 2/2 on $mux $procmux$858.
    dead port 2/2 on $mux $procmux$849.
    dead port 2/2 on $mux $procmux$955.
    dead port 2/2 on $mux $procmux$847.
    dead port 1/2 on $mux $procmux$845.
    dead port 2/2 on $mux $procmux$836.
    dead port 2/2 on $mux $procmux$834.
    dead port 1/2 on $mux $procmux$832.
    dead port 2/2 on $mux $procmux$823.
    dead port 2/2 on $mux $procmux$821.
    dead port 1/2 on $mux $procmux$819.
    dead port 2/2 on $mux $procmux$810.
    dead port 2/2 on $mux $procmux$947.
    dead port 2/2 on $mux $procmux$808.
    dead port 1/2 on $mux $procmux$806.
    dead port 2/2 on $mux $procmux$803.
    dead port 2/2 on $mux $procmux$794.
    dead port 2/2 on $mux $procmux$792.
    dead port 1/2 on $mux $procmux$790.
    dead port 2/2 on $mux $procmux$787.
    dead port 2/2 on $mux $procmux$778.
    dead port 2/2 on $mux $procmux$772.
    dead port 2/2 on $mux $procmux$940.
Running muxtree optimizer on module $paramod$83bc75265b358b15e6cbe03cbfc629e968b46589\apb_spi_master..
  Creating internal representation of mux trees.
  Evaluating internal representation of mux trees.
  Analyzing evaluation results.
    dead port 2/2 on $mux $procmux$1048.
    dead port 2/2 on $mux $procmux$1042.
    dead port 2/2 on $mux $procmux$1040.
    dead port 2/2 on $mux $procmux$1033.
    dead port 1/2 on $mux $procmux$1031.
    dead port 2/2 on $mux $procmux$1015.
    dead port 2/2 on $mux $procmux$1007.
    dead port 2/2 on $mux $procmux$1001.
    dead port 2/2 on $mux $procmux$999.
    dead port 2/2 on $mux $procmux$992.
    dead port 1/2 on $mux $procmux$990.
    dead port 2/2 on $mux $procmux$1056.
Running muxtree optimizer on module \spi_master_controller..
  Creating internal representation of mux trees.
  Evaluating internal representation of mux trees.
  Analyzing evaluation results.
    dead port 1/2 on $mux $procmux$3853.
    dead port 1/2 on $mux $procmux$3850.
    dead port 2/2 on $mux $procmux$3835.
    dead port 2/2 on $mux $procmux$4539.
    dead port 2/2 on $mux $procmux$3833.
    dead port 1/2 on $mux $procmux$3831.
    dead port 1/2 on $mux $procmux$3828.
    dead port 2/2 on $mux $procmux$3813.
    dead port 2/2 on $mux $procmux$3811.
    dead port 1/2 on $mux $procmux$3809.
    dead port 1/2 on $mux $procmux$3806.
    dead port 2/2 on $mux $procmux$3803.
    dead port 2/2 on $mux $procmux$3788.
    dead port 2/2 on $mux $procmux$3786.
    dead port 1/2 on $mux $procmux$3784.
    dead port 1/2 on $mux $procmux$3781.
    dead port 2/2 on $mux $procmux$3778.
    dead port 2/2 on $mux $procmux$3763.
    dead port 2/2 on $mux $procmux$4526.
    dead port 2/2 on $mux $procmux$3761.
    dead port 1/2 on $mux $procmux$3759.
    dead port 1/2 on $mux $procmux$3756.
    dead port 2/2 on $mux $procmux$3753.
    dead port 2/2 on $mux $procmux$3738.
    dead port 2/2 on $mux $procmux$3736.
    dead port 1/2 on $mux $procmux$3734.
    dead port 1/2 on $mux $procmux$3731.
    dead port 2/2 on $mux $procmux$3728.
    dead port 2/2 on $mux $procmux$3713.
    dead port 2/2 on $mux $procmux$3711.
    dead port 1/2 on $mux $procmux$3709.
    dead port 1/2 on $mux $procmux$3706.
    dead port 2/2 on $mux $procmux$3703.
    dead port 2/2 on $mux $procmux$3688.
    dead port 2/2 on $mux $procmux$4513.
    dead port 2/2 on $mux $procmux$3686.
    dead port 1/2 on $mux $procmux$3684.
    dead port 1/2 on $mux $procmux$3681.
    dead port 2/2 on $mux $procmux$3678.
    dead port 2/2 on $mux $procmux$3663.
    dead port 2/2 on $mux $procmux$3661.
    dead port 1/2 on $mux $procmux$3659.
    dead port 1/2 on $mux $procmux$3656.
    dead port 2/2 on $mux $procmux$3653.
    dead port 2/2 on $mux $procmux$3638.
    dead port 2/2 on $mux $procmux$3636.
    dead port 1/2 on $mux $procmux$3634.
    dead port 1/2 on $mux $procmux$3631.
    dead port 2/2 on $mux $procmux$3628.
    dead port 2/2 on $mux $procmux$3613.
    dead port 2/2 on $mux $procmux$4500.
    dead port 2/2 on $mux $procmux$3611.
    dead port 1/2 on $mux $procmux$3609.
    dead port 1/2 on $mux $procmux$3606.
    dead port 2/2 on $mux $procmux$3603.
    dead port 2/2 on $mux $procmux$3588.
    dead port 2/2 on $mux $procmux$3586.
    dead port 1/2 on $mux $procmux$3584.
    dead port 1/2 on $mux $procmux$3581.
    dead port 2/2 on $mux $procmux$3578.
    dead port 2/2 on $mux $procmux$3563.
    dead port 2/2 on $mux $procmux$3561.
    dead port 1/2 on $mux $procmux$3559.
    dead port 1/2 on $mux $procmux$3556.
    dead port 2/2 on $mux $procmux$3553.
    dead port 2/2 on $mux $procmux$3551.
    dead port 2/2 on $mux $procmux$3535.
    dead port 2/2 on $mux $procmux$4487.
    dead port 2/2 on $mux $procmux$3533.
    dead port 1/2 on $mux $procmux$3531.
    dead port 1/2 on $mux $procmux$3528.
    dead port 2/2 on $mux $procmux$3525.
    dead port 2/2 on $mux $procmux$3523.
    dead port 2/2 on $mux $procmux$3507.
    dead port 2/2 on $mux $procmux$3505.
    dead port 1/2 on $mux $procmux$3503.
    dead port 1/2 on $mux $procmux$3500.
    dead port 2/2 on $mux $procmux$3497.
    dead port 2/2 on $mux $procmux$3495.
    dead port 2/2 on $mux $procmux$3479.
    dead port 2/2 on $mux $procmux$3477.
    dead port 1/2 on $mux $procmux$3475.
    dead port 1/2 on $mux $procmux$3472.
    dead port 2/2 on $mux $procmux$3469.
    dead port 2/2 on $mux $procmux$3467.
    dead port 2/2 on $mux $procmux$3451.
    dead port 2/2 on $mux $procmux$4474.
    dead port 2/2 on $mux $procmux$3449.
    dead port 1/2 on $mux $procmux$3447.
    dead port 1/2 on $mux $procmux$3444.
    dead port 2/2 on $mux $procmux$3441.
    dead port 2/2 on $mux $procmux$3439.
    dead port 2/2 on $mux $procmux$3423.
    dead port 2/2 on $mux $procmux$3421.
    dead port 1/2 on $mux $procmux$3419.
    dead port 1/2 on $mux $procmux$3416.
    dead port 2/2 on $mux $procmux$3413.
    dead port 2/2 on $mux $procmux$3411.
    dead port 2/2 on $mux $procmux$3395.
    dead port 2/2 on $mux $procmux$3393.
    dead port 1/2 on $mux $procmux$3391.
    dead port 1/2 on $mux $procmux$3388.
    dead port 2/2 on $mux $procmux$3385.
    dead port 2/2 on $mux $procmux$3383.
    dead port 2/2 on $mux $procmux$3367.
    dead port 2/2 on $mux $procmux$4461.
    dead port 2/2 on $mux $procmux$3365.
    dead port 1/2 on $mux $procmux$3363.
    dead port 1/2 on $mux $procmux$3360.
    dead port 2/2 on $mux $procmux$3357.
    dead port 2/2 on $mux $procmux$3355.
    dead port 2/2 on $mux $procmux$3339.
    dead port 2/2 on $mux $procmux$3337.
    dead port 1/2 on $mux $procmux$3335.
    dead port 1/2 on $mux $procmux$3332.
    dead port 2/2 on $mux $procmux$3329.
    dead port 1/2 on $mux $procmux$3327.
    dead port 2/2 on $mux $procmux$3312.
    dead port 2/2 on $mux $procmux$3310.
    dead port 1/2 on $mux $procmux$3308.
    dead port 1/2 on $mux $procmux$3305.
    dead port 2/2 on $mux $procmux$3302.
    dead port 1/2 on $mux $procmux$3300.
    dead port 2/2 on $mux $procmux$3284.
    dead port 2/2 on $mux $procmux$4448.
    dead port 2/2 on $mux $procmux$3282.
    dead port 1/2 on $mux $procmux$3280.
    dead port 1/2 on $mux $procmux$3277.
    dead port 2/2 on $mux $procmux$3274.
    dead port 1/2 on $mux $procmux$3272.
    dead port 2/2 on $mux $procmux$3257.
    dead port 2/2 on $mux $procmux$3255.
    dead port 1/2 on $mux $procmux$3253.
    dead port 1/2 on $mux $procmux$3250.
    dead port 2/2 on $mux $procmux$3247.
    dead port 1/2 on $mux $procmux$3245.
    dead port 2/2 on $mux $procmux$3229.
    dead port 2/2 on $mux $procmux$3227.
    dead port 1/2 on $mux $procmux$3225.
    dead port 1/2 on $mux $procmux$3222.
    dead port 2/2 on $mux $procmux$3219.
    dead port 1/2 on $mux $procmux$3217.
    dead port 2/2 on $mux $procmux$3202.
    dead port 2/2 on $mux $procmux$4435.
    dead port 2/2 on $mux $procmux$3200.
    dead port 2/2 on $mux $procmux$3198.
    dead port 1/2 on $mux $procmux$3196.
    dead port 2/2 on $mux $procmux$3182.
    dead port 2/2 on $mux $procmux$3176.
    dead port 2/2 on $mux $procmux$3164.
    dead port 2/2 on $mux $procmux$4422.
    dead port 2/2 on $mux $procmux$3152.
    dead port 2/2 on $mux $procmux$3140.
    dead port 2/2 on $mux $procmux$3128.
    dead port 2/2 on $mux $procmux$4409.
    dead port 2/2 on $mux $procmux$3116.
    dead port 2/2 on $mux $procmux$4705.
    dead port 2/2 on $mux $procmux$3104.
    dead port 2/2 on $mux $procmux$3092.
    dead port 2/2 on $mux $procmux$4396.
    dead port 2/2 on $mux $procmux$3080.
    dead port 2/2 on $mux $procmux$3068.
    dead port 2/2 on $mux $procmux$3056.
    dead port 2/2 on $mux $procmux$4383.
    dead port 2/2 on $mux $procmux$3054.
    dead port 2/2 on $mux $procmux$3041.
    dead port 2/2 on $mux $procmux$3039.
    dead port 2/2 on $mux $procmux$3026.
    dead port 2/2 on $mux $procmux$4381.
    dead port 2/2 on $mux $procmux$3024.
    dead port 2/2 on $mux $procmux$3011.
    dead port 2/2 on $mux $procmux$3009.
    dead port 2/2 on $mux $procmux$2996.
    dead port 2/2 on $mux $procmux$4367.
    dead port 2/2 on $mux $procmux$2994.
    dead port 2/2 on $mux $procmux$2981.
    dead port 2/2 on $mux $procmux$2979.
    dead port 2/2 on $mux $procmux$2966.
    dead port 2/2 on $mux $procmux$4365.
    dead port 2/2 on $mux $procmux$2964.
    dead port 2/2 on $mux $procmux$2951.
    dead port 2/2 on $mux $procmux$2949.
    dead port 2/2 on $mux $procmux$2936.
    dead port 2/2 on $mux $procmux$4351.
    dead port 2/2 on $mux $procmux$2934.
    dead port 2/2 on $mux $procmux$2921.
    dead port 2/2 on $mux $procmux$4703.
    dead port 2/2 on $mux $procmux$2919.
    dead port 2/2 on $mux $procmux$2906.
    dead port 2/2 on $mux $procmux$4349.
    dead port 2/2 on $mux $procmux$2904.
    dead port 1/2 on $mux $procmux$2902.
    dead port 2/2 on $mux $procmux$2888.
    dead port 2/2 on $mux $procmux$2886.
    dead port 1/2 on $mux $procmux$2884.
    dead port 2/2 on $mux $procmux$2870.
    dead port 2/2 on $mux $procmux$4335.
    dead port 2/2 on $mux $procmux$2868.
    dead port 1/2 on $mux $procmux$2866.
    dead port 2/2 on $mux $procmux$2852.
    dead port 2/2 on $mux $procmux$2850.
    dead port 1/2 on $mux $procmux$2848.
    dead port 2/2 on $mux $procmux$2834.
    dead port 2/2 on $mux $procmux$4333.
    dead port 2/2 on $mux $procmux$2832.
    dead port 1/2 on $mux $procmux$2830.
    dead port 2/2 on $mux $procmux$2816.
    dead port 2/2 on $mux $procmux$2814.
    dead port 1/2 on $mux $procmux$2812.
    dead port 2/2 on $mux $procmux$2798.
    dead port 2/2 on $mux $procmux$4319.
    dead port 2/2 on $mux $procmux$2796.
    dead port 1/2 on $mux $procmux$2794.
    dead port 2/2 on $mux $procmux$2780.
    dead port 1/2 on $mux $procmux$4701.
    dead port 2/2 on $mux $procmux$2778.
    dead port 1/2 on $mux $procmux$2776.
    dead port 2/2 on $mux $procmux$2762.
    dead port 2/2 on $mux $procmux$4317.
    dead port 2/2 on $mux $procmux$2760.
    dead port 1/2 on $mux $procmux$2758.
    dead port 2/2 on $mux $procmux$2744.
    dead port 2/2 on $mux $procmux$2742.
    dead port 1/2 on $mux $procmux$2740.
    dead port 2/2 on $mux $procmux$2726.
    dead port 2/2 on $mux $procmux$4303.
    dead port 2/2 on $mux $procmux$2724.
    dead port 1/2 on $mux $procmux$2722.
    dead port 2/2 on $mux $procmux$2719.
    dead port 2/2 on $mux $procmux$2705.
    dead port 2/2 on $mux $procmux$4698.
    dead port 2/2 on $mux $procmux$2703.
    dead port 1/2 on $mux $procmux$2701.
    dead port 2/2 on $mux $procmux$2698.
    dead port 2/2 on $mux $procmux$2684.
    dead port 2/2 on $mux $procmux$4301.
    dead port 2/2 on $mux $procmux$2682.
    dead port 1/2 on $mux $procmux$2680.
    dead port 2/2 on $mux $procmux$2677.
    dead port 2/2 on $mux $procmux$2663.
    dead port 2/2 on $mux $procmux$2661.
    dead port 1/2 on $mux $procmux$2659.
    dead port 2/2 on $mux $procmux$2656.
    dead port 2/2 on $mux $procmux$2642.
    dead port 2/2 on $mux $procmux$4287.
    dead port 2/2 on $mux $procmux$2640.
    dead port 1/2 on $mux $procmux$2638.
    dead port 2/2 on $mux $procmux$2635.
    dead port 2/2 on $mux $procmux$2621.
    dead port 1/2 on $mux $procmux$4696.
    dead port 2/2 on $mux $procmux$2619.
    dead port 1/2 on $mux $procmux$2617.
    dead port 2/2 on $mux $procmux$2614.
    dead port 2/2 on $mux $procmux$2600.
    dead port 2/2 on $mux $procmux$4285.
    dead port 2/2 on $mux $procmux$2598.
    dead port 1/2 on $mux $procmux$2596.
    dead port 2/2 on $mux $procmux$2593.
    dead port 2/2 on $mux $procmux$2579.
    dead port 2/2 on $mux $procmux$2577.
    dead port 1/2 on $mux $procmux$2575.
    dead port 2/2 on $mux $procmux$2572.
    dead port 2/2 on $mux $procmux$2558.
    dead port 2/2 on $mux $procmux$4271.
    dead port 2/2 on $mux $procmux$2556.
    dead port 1/2 on $mux $procmux$2554.
    dead port 2/2 on $mux $procmux$2551.
    dead port 2/2 on $mux $procmux$2537.
    dead port 2/2 on $mux $procmux$2535.
    dead port 1/2 on $mux $procmux$2533.
    dead port 2/2 on $mux $procmux$2530.
    dead port 2/2 on $mux $procmux$2516.
    dead port 2/2 on $mux $procmux$4269.
    dead port 2/2 on $mux $procmux$2514.
    dead port 1/2 on $mux $procmux$2512.
    dead port 2/2 on $mux $procmux$2509.
    dead port 2/2 on $mux $procmux$2507.
    dead port 2/2 on $mux $procmux$2492.
    dead port 2/2 on $mux $procmux$2490.
    dead port 1/2 on $mux $procmux$2488.
    dead port 2/2 on $mux $procmux$2485.
    dead port 2/2 on $mux $procmux$2483.
    dead port 2/2 on $mux $procmux$2468.
    dead port 2/2 on $mux $procmux$4255.
    dead port 2/2 on $mux $procmux$2466.
    dead port 1/2 on $mux $procmux$2464.
    dead port 2/2 on $mux $procmux$2461.
    dead port 2/2 on $mux $procmux$2459.
    dead port 2/2 on $mux $procmux$2444.
    dead port 2/2 on $mux $procmux$2442.
    dead port 1/2 on $mux $procmux$2440.
    dead port 2/2 on $mux $procmux$2437.
    dead port 2/2 on $mux $procmux$2435.
    dead port 2/2 on $mux $procmux$2420.
    dead port 2/2 on $mux $procmux$4253.
    dead port 2/2 on $mux $procmux$2418.
    dead port 1/2 on $mux $procmux$2416.
    dead port 2/2 on $mux $procmux$2413.
    dead port 2/2 on $mux $procmux$2411.
    dead port 2/2 on $mux $procmux$2396.
    dead port 2/2 on $mux $procmux$2394.
    dead port 1/2 on $mux $procmux$2392.
    dead port 2/2 on $mux $procmux$2389.
    dead port 2/2 on $mux $procmux$2387.
    dead port 2/2 on $mux $procmux$2372.
    dead port 2/2 on $mux $procmux$4239.
    dead port 2/2 on $mux $procmux$2370.
    dead port 1/2 on $mux $procmux$2368.
    dead port 2/2 on $mux $procmux$2365.
    dead port 2/2 on $mux $procmux$2363.
    dead port 2/2 on $mux $procmux$2348.
    dead port 2/2 on $mux $procmux$2346.
    dead port 1/2 on $mux $procmux$2344.
    dead port 2/2 on $mux $procmux$2341.
    dead port 2/2 on $mux $procmux$2339.
    dead port 2/2 on $mux $procmux$2324.
    dead port 2/2 on $mux $procmux$4237.
    dead port 2/2 on $mux $procmux$2322.
    dead port 1/2 on $mux $procmux$2320.
    dead port 2/2 on $mux $procmux$2317.
    dead port 1/2 on $mux $procmux$2315.
    dead port 2/2 on $mux $procmux$2300.
    dead port 2/2 on $mux $procmux$2298.
    dead port 1/2 on $mux $procmux$2296.
    dead port 2/2 on $mux $procmux$2293.
    dead port 1/2 on $mux $procmux$2291.
    dead port 2/2 on $mux $procmux$2276.
    dead port 2/2 on $mux $procmux$4223.
    dead port 2/2 on $mux $procmux$2274.
    dead port 1/2 on $mux $procmux$2272.
    dead port 2/2 on $mux $procmux$2269.
    dead port 1/2 on $mux $procmux$2267.
    dead port 2/2 on $mux $procmux$2253.
    dead port 2/2 on $mux $procmux$2251.
    dead port 1/2 on $mux $procmux$2249.
    dead port 2/2 on $mux $procmux$2246.
    dead port 1/2 on $mux $procmux$2244.
    dead port 2/2 on $mux $procmux$2229.
    dead port 2/2 on $mux $procmux$4221.
    dead port 2/2 on $mux $procmux$2227.
    dead port 1/2 on $mux $procmux$2225.
    dead port 2/2 on $mux $procmux$2222.
    dead port 1/2 on $mux $procmux$2220.
    dead port 2/2 on $mux $procmux$2206.
    dead port 1/2 on $mux $procmux$4219.
    dead port 2/2 on $mux $procmux$2204.
    dead port 2/2 on $mux $procmux$2202.
    dead port 2/2 on $mux $procmux$2191.
    dead port 2/2 on $mux $procmux$2183.
    dead port 2/2 on $mux $procmux$4204.
    dead port 2/2 on $mux $procmux$2172.
    dead port 2/2 on $mux $procmux$2161.
    dead port 2/2 on $mux $procmux$4202.
    dead port 2/2 on $mux $procmux$2150.
    dead port 1/2 on $mux $procmux$4200.
    dead port 2/2 on $mux $procmux$2139.
    dead port 2/2 on $mux $procmux$2128.
    dead port 2/2 on $mux $procmux$4185.
    dead port 2/2 on $mux $procmux$2117.
    dead port 2/2 on $mux $procmux$2106.
    dead port 2/2 on $mux $procmux$4183.
    dead port 2/2 on $mux $procmux$2095.
    dead port 1/2 on $mux $procmux$4181.
    dead port 2/2 on $mux $procmux$2084.
    dead port 2/2 on $mux $procmux$2073.
    dead port 2/2 on $mux $procmux$4166.
    dead port 2/2 on $mux $procmux$2071.
    dead port 2/2 on $mux $procmux$2059.
    dead port 2/2 on $mux $procmux$2057.
    dead port 2/2 on $mux $procmux$2045.
    dead port 2/2 on $mux $procmux$4164.
    dead port 2/2 on $mux $procmux$2043.
    dead port 2/2 on $mux $procmux$2031.
    dead port 1/2 on $mux $procmux$4162.
    dead port 2/2 on $mux $procmux$2029.
    dead port 2/2 on $mux $procmux$2017.
    dead port 2/2 on $mux $procmux$2015.
    dead port 2/2 on $mux $procmux$2003.
    dead port 2/2 on $mux $procmux$4147.
    dead port 2/2 on $mux $procmux$2001.
    dead port 2/2 on $mux $procmux$1989.
    dead port 2/2 on $mux $procmux$1987.
    dead port 2/2 on $mux $procmux$1975.
    dead port 2/2 on $mux $procmux$4145.
    dead port 2/2 on $mux $procmux$1973.
    dead port 2/2 on $mux $procmux$1961.
    dead port 1/2 on $mux $procmux$4143.
    dead port 2/2 on $mux $procmux$1959.
    dead port 2/2 on $mux $procmux$1947.
    dead port 2/2 on $mux $procmux$1945.
    dead port 2/2 on $mux $procmux$1933.
    dead port 2/2 on $mux $procmux$4128.
    dead port 2/2 on $mux $procmux$1931.
    dead port 2/2 on $mux $procmux$1929.
    dead port 2/2 on $mux $procmux$1916.
    dead port 2/2 on $mux $procmux$4676.
    dead port 2/2 on $mux $procmux$1914.
    dead port 2/2 on $mux $procmux$1912.
    dead port 2/2 on $mux $procmux$1899.
    dead port 2/2 on $mux $procmux$4126.
    dead port 2/2 on $mux $procmux$1897.
    dead port 2/2 on $mux $procmux$1895.
    dead port 2/2 on $mux $procmux$1882.
    dead port 1/2 on $mux $procmux$4124.
    dead port 2/2 on $mux $procmux$1880.
    dead port 2/2 on $mux $procmux$1878.
    dead port 2/2 on $mux $procmux$1865.
    dead port 2/2 on $mux $procmux$1863.
    dead port 2/2 on $mux $procmux$1861.
    dead port 2/2 on $mux $procmux$1848.
    dead port 2/2 on $mux $procmux$4109.
    dead port 2/2 on $mux $procmux$1846.
    dead port 2/2 on $mux $procmux$1844.
    dead port 2/2 on $mux $procmux$1831.
    dead port 2/2 on $mux $procmux$1829.
    dead port 2/2 on $mux $procmux$1827.
    dead port 2/2 on $mux $procmux$1814.
    dead port 2/2 on $mux $procmux$4107.
    dead port 2/2 on $mux $procmux$1812.
    dead port 2/2 on $mux $procmux$1810.
    dead port 2/2 on $mux $procmux$1797.
    dead port 1/2 on $mux $procmux$4105.
    dead port 2/2 on $mux $procmux$1795.
    dead port 2/2 on $mux $procmux$1793.
    dead port 2/2 on $mux $procmux$1780.
    dead port 2/2 on $mux $procmux$1778.
    dead port 2/2 on $mux $procmux$1776.
    dead port 2/2 on $mux $procmux$1763.
    dead port 2/2 on $mux $procmux$4090.
    dead port 2/2 on $mux $procmux$1761.
    dead port 2/2 on $mux $procmux$1759.
    dead port 2/2 on $mux $procmux$1757.
    dead port 2/2 on $mux $procmux$1743.
    dead port 2/2 on $mux $procmux$4674.
    dead port 2/2 on $mux $procmux$1741.
    dead port 2/2 on $mux $procmux$1739.
    dead port 2/2 on $mux $procmux$1737.
    dead port 2/2 on $mux $procmux$1723.
    dead port 2/2 on $mux $procmux$4088.
    dead port 2/2 on $mux $procmux$1721.
    dead port 2/2 on $mux $procmux$1719.
    dead port 2/2 on $mux $procmux$1717.
    dead port 2/2 on $mux $procmux$1703.
    dead port 1/2 on $mux $procmux$4086.
    dead port 2/2 on $mux $procmux$1701.
    dead port 2/2 on $mux $procmux$1699.
    dead port 2/2 on $mux $procmux$1697.
    dead port 2/2 on $mux $procmux$1683.
    dead port 2/2 on $mux $procmux$1681.
    dead port 2/2 on $mux $procmux$1679.
    dead port 2/2 on $mux $procmux$1677.
    dead port 2/2 on $mux $procmux$1663.
    dead port 2/2 on $mux $procmux$4071.
    dead port 2/2 on $mux $procmux$1661.
    dead port 2/2 on $mux $procmux$1659.
    dead port 2/2 on $mux $procmux$1657.
    dead port 2/2 on $mux $procmux$1644.
    dead port 2/2 on $mux $procmux$1642.
    dead port 2/2 on $mux $procmux$1640.
    dead port 2/2 on $mux $procmux$1638.
    dead port 2/2 on $mux $procmux$1624.
    dead port 2/2 on $mux $procmux$4069.
    dead port 2/2 on $mux $procmux$1622.
    dead port 2/2 on $mux $procmux$1620.
    dead port 2/2 on $mux $procmux$1618.
    dead port 2/2 on $mux $procmux$1604.
    dead port 1/2 on $mux $procmux$4067.
    dead port 2/2 on $mux $procmux$1602.
    dead port 2/2 on $mux $procmux$1600.
    dead port 1/2 on $mux $procmux$1598.
    dead port 2/2 on $mux $procmux$1584.
    dead port 2/2 on $mux $procmux$1582.
    dead port 2/2 on $mux $procmux$1580.
    dead port 1/2 on $mux $procmux$1578.
    dead port 2/2 on $mux $procmux$1564.
    dead port 2/2 on $mux $procmux$4052.
    dead port 2/2 on $mux $procmux$1562.
    dead port 2/2 on $mux $procmux$1560.
    dead port 1/2 on $mux $procmux$1558.
    dead port 2/2 on $mux $procmux$1545.
    dead port 1/2 on $mux $procmux$4672.
    dead port 2/2 on $mux $procmux$1543.
    dead port 2/2 on $mux $procmux$1541.
    dead port 1/2 on $mux $procmux$1539.
    dead port 2/2 on $mux $procmux$1525.
    dead port 2/2 on $mux $procmux$4050.
    dead port 1/2 on $mux $procmux$4048.
    dead port 2/2 on $mux $procmux$1499.
    dead port 2/2 on $mux $procmux$4033.
    dead port 2/2 on $mux $procmux$1490.
    dead port 1/2 on $mux $procmux$4669.
    dead port 2/2 on $mux $procmux$1481.
    dead port 2/2 on $mux $procmux$4031.
    dead port 2/2 on $mux $procmux$1472.
    dead port 1/2 on $mux $procmux$4029.
    dead port 2/2 on $mux $procmux$1463.
    dead port 1/2 on $mux $procmux$4026.
    dead port 2/2 on $mux $procmux$1454.
    dead port 2/2 on $mux $procmux$1445.
    dead port 2/2 on $mux $procmux$4011.
    dead port 2/2 on $mux $procmux$1436.
    dead port 2/2 on $mux $procmux$1427.
    dead port 2/2 on $mux $procmux$4009.
    dead port 2/2 on $mux $procmux$1418.
    dead port 1/2 on $mux $procmux$4007.
    dead port 2/2 on $mux $procmux$1409.
    dead port 1/2 on $mux $procmux$4004.
    dead port 2/2 on $mux $procmux$1400.
    dead port 2/2 on $mux $procmux$1398.
    dead port 2/2 on $mux $procmux$1388.
    dead port 2/2 on $mux $procmux$3989.
    dead port 2/2 on $mux $procmux$1386.
    dead port 2/2 on $mux $procmux$1376.
    dead port 2/2 on $mux $procmux$4666.
    dead port 2/2 on $mux $procmux$1374.
    dead port 2/2 on $mux $procmux$1364.
    dead port 2/2 on $mux $procmux$3987.
    dead port 2/2 on $mux $procmux$1362.
    dead port 2/2 on $mux $procmux$1352.
    dead port 1/2 on $mux $procmux$3985.
    dead port 2/2 on $mux $procmux$1350.
    dead port 2/2 on $mux $procmux$1340.
    dead port 1/2 on $mux $procmux$3982.
    dead port 2/2 on $mux $procmux$1338.
    dead port 2/2 on $mux $procmux$1328.
    dead port 2/2 on $mux $procmux$1326.
    dead port 2/2 on $mux $procmux$1316.
    dead port 2/2 on $mux $procmux$3967.
    dead port 2/2 on $mux $procmux$1314.
    dead port 2/2 on $mux $procmux$1304.
    dead port 1/2 on $mux $procmux$4664.
    dead port 2/2 on $mux $procmux$1302.
    dead port 2/2 on $mux $procmux$1292.
    dead port 2/2 on $mux $procmux$3965.
    dead port 2/2 on $mux $procmux$1290.
    dead port 2/2 on $mux $procmux$1280.
    dead port 1/2 on $mux $procmux$3963.
    dead port 2/2 on $mux $procmux$1278.
    dead port 2/2 on $mux $procmux$1276.
    dead port 2/2 on $mux $procmux$1265.
    dead port 1/2 on $mux $procmux$3960.
    dead port 2/2 on $mux $procmux$1263.
    dead port 2/2 on $mux $procmux$1261.
    dead port 2/2 on $mux $procmux$1251.
    dead port 2/2 on $mux $procmux$1249.
    dead port 2/2 on $mux $procmux$1247.
    dead port 2/2 on $mux $procmux$1236.
    dead port 2/2 on $mux $procmux$3945.
    dead port 2/2 on $mux $procmux$1234.
    dead port 2/2 on $mux $procmux$1232.
    dead port 2/2 on $mux $procmux$1221.
    dead port 2/2 on $mux $procmux$1219.
    dead port 2/2 on $mux $procmux$1217.
    dead port 2/2 on $mux $procmux$1206.
    dead port 2/2 on $mux $procmux$3943.
    dead port 2/2 on $mux $procmux$1204.
    dead port 2/2 on $mux $procmux$1202.
    dead port 2/2 on $mux $procmux$1191.
    dead port 1/2 on $mux $procmux$3941.
    dead port 2/2 on $mux $procmux$1189.
    dead port 2/2 on $mux $procmux$1187.
    dead port 2/2 on $mux $procmux$1176.
    dead port 1/2 on $mux $procmux$3938.
    dead port 2/2 on $mux $procmux$1174.
    dead port 2/2 on $mux $procmux$1172.
    dead port 2/2 on $mux $procmux$3923.
    dead port 2/2 on $mux $procmux$1148.
    dead port 2/2 on $mux $procmux$1140.
    dead port 2/2 on $mux $procmux$3921.
    dead port 1/2 on $mux $procmux$3919.
    dead port 2/2 on $mux $procmux$1125.
    dead port 1/2 on $mux $procmux$3916.
    dead port 2/2 on $mux $procmux$1112.
    dead port 2/2 on $mux $procmux$3901.
    dead port 2/2 on $mux $procmux$3899.
    dead port 1/2 on $mux $procmux$3897.
    dead port 1/2 on $mux $procmux$3894.
    dead port 2/2 on $mux $procmux$3879.
    dead port 2/2 on $mux $procmux$3877.
    dead port 1/2 on $mux $procmux$3875.
    dead port 1/2 on $mux $procmux$3872.
    dead port 2/2 on $mux $procmux$3857.
    dead port 2/2 on $mux $procmux$3855.
Running muxtree optimizer on module \spi_master_clkgen..
  Creating internal representation of mux trees.
  Evaluating internal representation of mux trees.
  Analyzing evaluation results.
    dead port 2/2 on $mux $procmux$4740.
    dead port 2/2 on $mux $procmux$4734.
Running muxtree optimizer on module $paramod$83bc75265b358b15e6cbe03cbfc629e968b46589\spi_master_apb_if..
  Creating internal representation of mux trees.
  Evaluating internal representation of mux trees.
  Analyzing evaluation results.
Running muxtree optimizer on module $paramod$dec9424b776ed6cf19510f938baf4f9a5bd62edc\spi_master_fifo..
  Creating internal representation of mux trees.
  Evaluating internal representation of mux trees.
  Analyzing evaluation results.
Running muxtree optimizer on module \axil_to_apb..
  Creating internal representation of mux trees.
  Evaluating internal representation of mux trees.
  Analyzing evaluation results.
    dead port 2/2 on $mux $procmux$5185.
    dead port 2/2 on $mux $procmux$5177.
    dead port 2/2 on $mux $procmux$5171.
    dead port 2/2 on $mux $procmux$5166.
    dead port 2/2 on $mux $procmux$5164.
    dead port 2/2 on $mux $procmux$5158.
    dead port 1/2 on $mux $procmux$5156.
Removed 706 multiplexer ports.
<suppressed ~1378 debug messages>

11.6.4. Executing OPT_REDUCE pass (consolidate $*mux and $reduce_* inputs).
  Optimizing cells in module \pulp_spi_wrap.
  Optimizing cells in module \spi_master_tx.
  Optimizing cells in module \spi_master_rx.
    New ctrl vector for $pmux cell $procmux$967: { $procmux$980_CMP $auto$opt_reduce.cc:137:opt_pmux$5564 }
    New ctrl vector for $pmux cell $procmux$962: { $procmux$980_CMP $auto$opt_reduce.cc:137:opt_pmux$5566 }
    New ctrl vector for $pmux cell $procmux$972: { $procmux$981_CMP $procmux$980_CMP $auto$opt_reduce.cc:137:opt_pmux$5568 }
    New ctrl vector for $pmux cell $procmux$977: { $procmux$980_CMP $auto$opt_reduce.cc:137:opt_pmux$5570 }
  Optimizing cells in module \spi_master_rx.
  Optimizing cells in module $paramod$83bc75265b358b15e6cbe03cbfc629e968b46589\apb_spi_master.
  Optimizing cells in module \spi_master_controller.
    New ctrl vector for $pmux cell $procmux$4624: { $procmux$4677_CMP $procmux$4706_CMP $procmux$4647_CMP $procmux$4682_CMP $auto$opt_reduce.cc:137:opt_pmux$5572 }
    New ctrl vector for $pmux cell $procmux$4551: { $procmux$4677_CMP $auto$opt_reduce.cc:137:opt_pmux$5574 }
    New ctrl vector for $pmux cell $procmux$4633: { $procmux$4677_CMP $auto$opt_reduce.cc:137:opt_pmux$5576 $procmux$4682_CMP $procmux$4681_CMP $procmux$4644_CMP }
    New ctrl vector for $pmux cell $procmux$4711: { $procmux$4715_CMP $auto$opt_reduce.cc:137:opt_pmux$5578 $procmux$4718_CMP }
    New ctrl vector for $pmux cell $procmux$1105: $auto$opt_reduce.cc:137:opt_pmux$5580
    New ctrl vector for $pmux cell $procmux$4624: { $procmux$4677_CMP $procmux$4706_CMP $procmux$4647_CMP $auto$opt_reduce.cc:137:opt_pmux$5582 }
    New input vector for $reduce_or cell $auto$opt_reduce.cc:131:opt_pmux$5581: { $procmux$4682_CMP $procmux$4681_CMP $procmux$4637_CMP }
    New ctrl vector for $pmux cell $procmux$4624: { $procmux$4677_CMP $procmux$4706_CMP $auto$opt_reduce.cc:137:opt_pmux$5584 }
    New input vector for $reduce_or cell $auto$opt_reduce.cc:131:opt_pmux$5583: { $procmux$4682_CMP $procmux$4681_CMP $procmux$4647_CMP $procmux$4637_CMP }
  Optimizing cells in module \spi_master_controller.
  Optimizing cells in module \spi_master_clkgen.
  Optimizing cells in module $paramod$83bc75265b358b15e6cbe03cbfc629e968b46589\spi_master_apb_if.
  Optimizing cells in module $paramod$dec9424b776ed6cf19510f938baf4f9a5bd62edc\spi_master_fifo.
  Optimizing cells in module \axil_to_apb.
    New ctrl vector for $pmux cell $procmux$5145: $auto$opt_reduce.cc:137:opt_pmux$5586
  Optimizing cells in module \axil_to_apb.
Performed a total of 21 changes.

11.6.5. Executing OPT_MERGE pass (detect identical cells).
Finding identical cells in module `\pulp_spi_wrap'.
Computing hashes of 71 cells of `\pulp_spi_wrap'.
Finding duplicate cells in `\pulp_spi_wrap'.
Finding identical cells in module `\spi_master_tx'.
Computing hashes of 50 cells of `\spi_master_tx'.
Finding duplicate cells in `\spi_master_tx'.
Computing hashes of 44 cells of `\spi_master_tx'.
Finding duplicate cells in `\spi_master_tx'.
Computing hashes of 43 cells of `\spi_master_tx'.
Finding duplicate cells in `\spi_master_tx'.
Computing hashes of 42 cells of `\spi_master_tx'.
Finding duplicate cells in `\spi_master_tx'.
Computing hashes of 41 cells of `\spi_master_tx'.
Finding duplicate cells in `\spi_master_tx'.
<suppressed ~27 debug messages>
Finding identical cells in module `\spi_master_rx'.
Computing hashes of 48 cells of `\spi_master_rx'.
Finding duplicate cells in `\spi_master_rx'.
Computing hashes of 46 cells of `\spi_master_rx'.
Finding duplicate cells in `\spi_master_rx'.
<suppressed ~6 debug messages>
Finding identical cells in module `$paramod$83bc75265b358b15e6cbe03cbfc629e968b46589\apb_spi_master'.
Computing hashes of 47 cells of `$paramod$83bc75265b358b15e6cbe03cbfc629e968b46589\apb_spi_master'.
Finding duplicate cells in `$paramod$83bc75265b358b15e6cbe03cbfc629e968b46589\apb_spi_master'.
Finding identical cells in module `\spi_master_controller'.
Computing hashes of 283 cells of `\spi_master_controller'.
Finding duplicate cells in `\spi_master_controller'.
Computing hashes of 247 cells of `\spi_master_controller'.
Finding duplicate cells in `\spi_master_controller'.
Computing hashes of 229 cells of `\spi_master_controller'.
Finding duplicate cells in `\spi_master_controller'.
Computing hashes of 215 cells of `\spi_master_controller'.
Finding duplicate cells in `\spi_master_controller'.
Computing hashes of 209 cells of `\spi_master_controller'.
Finding duplicate cells in `\spi_master_controller'.
Computing hashes of 206 cells of `\spi_master_controller'.
Finding duplicate cells in `\spi_master_controller'.
Computing hashes of 204 cells of `\spi_master_controller'.
Finding duplicate cells in `\spi_master_controller'.
<suppressed ~237 debug messages>
Finding identical cells in module `\spi_master_clkgen'.
Computing hashes of 19 cells of `\spi_master_clkgen'.
Finding duplicate cells in `\spi_master_clkgen'.
Finding identical cells in module `$paramod$83bc75265b358b15e6cbe03cbfc629e968b46589\spi_master_apb_if'.
Computing hashes of 98 cells of `$paramod$83bc75265b358b15e6cbe03cbfc629e968b46589\spi_master_apb_if'.
Finding duplicate cells in `$paramod$83bc75265b358b15e6cbe03cbfc629e968b46589\spi_master_apb_if'.
Finding identical cells in module `$paramod$dec9424b776ed6cf19510f938baf4f9a5bd62edc\spi_master_fifo'.
Computing hashes of 73 cells of `$paramod$dec9424b776ed6cf19510f938baf4f9a5bd62edc\spi_master_fifo'.
Finding duplicate cells in `$paramod$dec9424b776ed6cf19510f938baf4f9a5bd62edc\spi_master_fifo'.
Finding identical cells in module `\axil_to_apb'.
Computing hashes of 57 cells of `\axil_to_apb'.
Finding duplicate cells in `\axil_to_apb'.
Computing hashes of 56 cells of `\axil_to_apb'.
Finding duplicate cells in `\axil_to_apb'.
<suppressed ~3 debug messages>
Removed a total of 91 cells.

11.6.6. Executing OPT_DFF pass (perform DFF optimizations).

11.6.7. Executing OPT_CLEAN pass (remove unused cells and wires).
Finding unused cells or wires in module \pulp_spi_wrap..
Finding unused cells or wires in module \spi_master_tx..
Finding unused cells or wires in module \spi_master_rx..
Finding unused cells or wires in module $paramod$83bc75265b358b15e6cbe03cbfc629e968b46589\apb_spi_master..
Finding unused cells or wires in module \spi_master_controller..
Finding unused cells or wires in module \spi_master_clkgen..
Finding unused cells or wires in module $paramod$83bc75265b358b15e6cbe03cbfc629e968b46589\spi_master_apb_if..
Finding unused cells or wires in module $paramod$dec9424b776ed6cf19510f938baf4f9a5bd62edc\spi_master_fifo..
Finding unused cells or wires in module \axil_to_apb..
Removed 2 unused cells and 1274 unused wires.
<suppressed ~11 debug messages>

11.6.8. Executing OPT_EXPR pass (perform const folding).
Optimizing module pulp_spi_wrap.
Optimizing module spi_master_tx.
Optimizing module spi_master_rx.
Optimizing module $paramod$83bc75265b358b15e6cbe03cbfc629e968b46589\apb_spi_master.
Optimizing module spi_master_controller.
Optimizing module spi_master_clkgen.
Optimizing module $paramod$83bc75265b358b15e6cbe03cbfc629e968b46589\spi_master_apb_if.
Optimizing module $paramod$dec9424b776ed6cf19510f938baf4f9a5bd62edc\spi_master_fifo.
Optimizing module axil_to_apb.

11.6.9. Rerunning OPT passes. (Maybe there is more to do..)

11.6.10. Executing OPT_MUXTREE pass (detect dead branches in mux trees).
Running muxtree optimizer on module \pulp_spi_wrap..
  Creating internal representation of mux trees.
  Evaluating internal representation of mux trees.
  Analyzing evaluation results.
Running muxtree optimizer on module \spi_master_tx..
  Creating internal representation of mux trees.
  Evaluating internal representation of mux trees.
  Analyzing evaluation results.
Running muxtree optimizer on module \spi_master_rx..
  Creating internal representation of mux trees.
  Evaluating internal representation of mux trees.
  Analyzing evaluation results.
Running muxtree optimizer on module $paramod$83bc75265b358b15e6cbe03cbfc629e968b46589\apb_spi_master..
  Creating internal representation of mux trees.
  Evaluating internal representation of mux trees.
  Analyzing evaluation results.
Running muxtree optimizer on module \spi_master_controller..
  Creating internal representation of mux trees.
  Evaluating internal representation of mux trees.
  Analyzing evaluation results.
Running muxtree optimizer on module \spi_master_clkgen..
  Creating internal representation of mux trees.
  Evaluating internal representation of mux trees.
  Analyzing evaluation results.
Running muxtree optimizer on module $paramod$83bc75265b358b15e6cbe03cbfc629e968b46589\spi_master_apb_if..
  Creating internal representation of mux trees.
  Evaluating internal representation of mux trees.
  Analyzing evaluation results.
Running muxtree optimizer on module $paramod$dec9424b776ed6cf19510f938baf4f9a5bd62edc\spi_master_fifo..
  Creating internal representation of mux trees.
  Evaluating internal representation of mux trees.
  Analyzing evaluation results.
Running muxtree optimizer on module \axil_to_apb..
  Creating internal representation of mux trees.
  Evaluating internal representation of mux trees.
  Analyzing evaluation results.
Removed 0 multiplexer ports.
<suppressed ~709 debug messages>

11.6.11. Executing OPT_REDUCE pass (consolidate $*mux and $reduce_* inputs).
  Optimizing cells in module \pulp_spi_wrap.
  Optimizing cells in module \spi_master_tx.
  Optimizing cells in module \spi_master_rx.
  Optimizing cells in module $paramod$83bc75265b358b15e6cbe03cbfc629e968b46589\apb_spi_master.
  Optimizing cells in module \spi_master_controller.
    New ctrl vector for $pmux cell $procmux$4569: { $procmux$1519_CMP $procmux$1509_CMP $procmux$1162_CMP $procmux$1119_CMP $procmux$1141_CMP $auto$opt_reduce.cc:137:opt_pmux$5588 }
  Optimizing cells in module \spi_master_controller.
  Optimizing cells in module \spi_master_clkgen.
  Optimizing cells in module $paramod$83bc75265b358b15e6cbe03cbfc629e968b46589\spi_master_apb_if.
  Optimizing cells in module $paramod$dec9424b776ed6cf19510f938baf4f9a5bd62edc\spi_master_fifo.
  Optimizing cells in module \axil_to_apb.
Performed a total of 1 changes.

11.6.12. Executing OPT_MERGE pass (detect identical cells).
Finding identical cells in module `\pulp_spi_wrap'.
Computing hashes of 71 cells of `\pulp_spi_wrap'.
Finding duplicate cells in `\pulp_spi_wrap'.
Finding identical cells in module `\spi_master_tx'.
Computing hashes of 41 cells of `\spi_master_tx'.
Finding duplicate cells in `\spi_master_tx'.
Finding identical cells in module `\spi_master_rx'.
Computing hashes of 46 cells of `\spi_master_rx'.
Finding duplicate cells in `\spi_master_rx'.
Finding identical cells in module `$paramod$83bc75265b358b15e6cbe03cbfc629e968b46589\apb_spi_master'.
Computing hashes of 47 cells of `$paramod$83bc75265b358b15e6cbe03cbfc629e968b46589\apb_spi_master'.
Finding duplicate cells in `$paramod$83bc75265b358b15e6cbe03cbfc629e968b46589\apb_spi_master'.
Finding identical cells in module `\spi_master_controller'.
Computing hashes of 203 cells of `\spi_master_controller'.
Finding duplicate cells in `\spi_master_controller'.
Computing hashes of 202 cells of `\spi_master_controller'.
Finding duplicate cells in `\spi_master_controller'.
<suppressed ~3 debug messages>
Finding identical cells in module `\spi_master_clkgen'.
Computing hashes of 19 cells of `\spi_master_clkgen'.
Finding duplicate cells in `\spi_master_clkgen'.
Finding identical cells in module `$paramod$83bc75265b358b15e6cbe03cbfc629e968b46589\spi_master_apb_if'.
Computing hashes of 98 cells of `$paramod$83bc75265b358b15e6cbe03cbfc629e968b46589\spi_master_apb_if'.
Finding duplicate cells in `$paramod$83bc75265b358b15e6cbe03cbfc629e968b46589\spi_master_apb_if'.
Finding identical cells in module `$paramod$dec9424b776ed6cf19510f938baf4f9a5bd62edc\spi_master_fifo'.
Computing hashes of 73 cells of `$paramod$dec9424b776ed6cf19510f938baf4f9a5bd62edc\spi_master_fifo'.
Finding duplicate cells in `$paramod$dec9424b776ed6cf19510f938baf4f9a5bd62edc\spi_master_fifo'.
Finding identical cells in module `\axil_to_apb'.
Computing hashes of 56 cells of `\axil_to_apb'.
Finding duplicate cells in `\axil_to_apb'.
Removed a total of 1 cells.

11.6.13. Executing OPT_DFF pass (perform DFF optimizations).

11.6.14. Executing OPT_CLEAN pass (remove unused cells and wires).
Finding unused cells or wires in module \pulp_spi_wrap..
Finding unused cells or wires in module \spi_master_tx..
Finding unused cells or wires in module \spi_master_rx..
Finding unused cells or wires in module $paramod$83bc75265b358b15e6cbe03cbfc629e968b46589\apb_spi_master..
Finding unused cells or wires in module \spi_master_controller..
Finding unused cells or wires in module \spi_master_clkgen..
Finding unused cells or wires in module $paramod$83bc75265b358b15e6cbe03cbfc629e968b46589\spi_master_apb_if..
Finding unused cells or wires in module $paramod$dec9424b776ed6cf19510f938baf4f9a5bd62edc\spi_master_fifo..
Finding unused cells or wires in module \axil_to_apb..
Removed 0 unused cells and 1 unused wires.
<suppressed ~1 debug messages>

11.6.15. Executing OPT_EXPR pass (perform const folding).
Optimizing module pulp_spi_wrap.
Optimizing module spi_master_tx.
Optimizing module spi_master_rx.
Optimizing module $paramod$83bc75265b358b15e6cbe03cbfc629e968b46589\apb_spi_master.
Optimizing module spi_master_controller.
Optimizing module spi_master_clkgen.
Optimizing module $paramod$83bc75265b358b15e6cbe03cbfc629e968b46589\spi_master_apb_if.
Optimizing module $paramod$dec9424b776ed6cf19510f938baf4f9a5bd62edc\spi_master_fifo.
Optimizing module axil_to_apb.

11.6.16. Rerunning OPT passes. (Maybe there is more to do..)

11.6.17. Executing OPT_MUXTREE pass (detect dead branches in mux trees).
Running muxtree optimizer on module \pulp_spi_wrap..
  Creating internal representation of mux trees.
  Evaluating internal representation of mux trees.
  Analyzing evaluation results.
Running muxtree optimizer on module \spi_master_tx..
  Creating internal representation of mux trees.
  Evaluating internal representation of mux trees.
  Analyzing evaluation results.
Running muxtree optimizer on module \spi_master_rx..
  Creating internal representation of mux trees.
  Evaluating internal representation of mux trees.
  Analyzing evaluation results.
Running muxtree optimizer on module $paramod$83bc75265b358b15e6cbe03cbfc629e968b46589\apb_spi_master..
  Creating internal representation of mux trees.
  Evaluating internal representation of mux trees.
  Analyzing evaluation results.
Running muxtree optimizer on module \spi_master_controller..
  Creating internal representation of mux trees.
  Evaluating internal representation of mux trees.
  Analyzing evaluation results.
Running muxtree optimizer on module \spi_master_clkgen..
  Creating internal representation of mux trees.
  Evaluating internal representation of mux trees.
  Analyzing evaluation results.
Running muxtree optimizer on module $paramod$83bc75265b358b15e6cbe03cbfc629e968b46589\spi_master_apb_if..
  Creating internal representation of mux trees.
  Evaluating internal representation of mux trees.
  Analyzing evaluation results.
Running muxtree optimizer on module $paramod$dec9424b776ed6cf19510f938baf4f9a5bd62edc\spi_master_fifo..
  Creating internal representation of mux trees.
  Evaluating internal representation of mux trees.
  Analyzing evaluation results.
Running muxtree optimizer on module \axil_to_apb..
  Creating internal representation of mux trees.
  Evaluating internal representation of mux trees.
  Analyzing evaluation results.
Removed 0 multiplexer ports.
<suppressed ~708 debug messages>

11.6.18. Executing OPT_REDUCE pass (consolidate $*mux and $reduce_* inputs).
  Optimizing cells in module \pulp_spi_wrap.
  Optimizing cells in module \spi_master_tx.
  Optimizing cells in module \spi_master_rx.
  Optimizing cells in module $paramod$83bc75265b358b15e6cbe03cbfc629e968b46589\apb_spi_master.
  Optimizing cells in module \spi_master_controller.
  Optimizing cells in module \spi_master_clkgen.
  Optimizing cells in module $paramod$83bc75265b358b15e6cbe03cbfc629e968b46589\spi_master_apb_if.
  Optimizing cells in module $paramod$dec9424b776ed6cf19510f938baf4f9a5bd62edc\spi_master_fifo.
  Optimizing cells in module \axil_to_apb.
Performed a total of 0 changes.

11.6.19. Executing OPT_MERGE pass (detect identical cells).
Finding identical cells in module `\pulp_spi_wrap'.
Computing hashes of 71 cells of `\pulp_spi_wrap'.
Finding duplicate cells in `\pulp_spi_wrap'.
Finding identical cells in module `\spi_master_tx'.
Computing hashes of 41 cells of `\spi_master_tx'.
Finding duplicate cells in `\spi_master_tx'.
Finding identical cells in module `\spi_master_rx'.
Computing hashes of 46 cells of `\spi_master_rx'.
Finding duplicate cells in `\spi_master_rx'.
Finding identical cells in module `$paramod$83bc75265b358b15e6cbe03cbfc629e968b46589\apb_spi_master'.
Computing hashes of 47 cells of `$paramod$83bc75265b358b15e6cbe03cbfc629e968b46589\apb_spi_master'.
Finding duplicate cells in `$paramod$83bc75265b358b15e6cbe03cbfc629e968b46589\apb_spi_master'.
Finding identical cells in module `\spi_master_controller'.
Computing hashes of 202 cells of `\spi_master_controller'.
Finding duplicate cells in `\spi_master_controller'.
Finding identical cells in module `\spi_master_clkgen'.
Computing hashes of 19 cells of `\spi_master_clkgen'.
Finding duplicate cells in `\spi_master_clkgen'.
Finding identical cells in module `$paramod$83bc75265b358b15e6cbe03cbfc629e968b46589\spi_master_apb_if'.
Computing hashes of 98 cells of `$paramod$83bc75265b358b15e6cbe03cbfc629e968b46589\spi_master_apb_if'.
Finding duplicate cells in `$paramod$83bc75265b358b15e6cbe03cbfc629e968b46589\spi_master_apb_if'.
Finding identical cells in module `$paramod$dec9424b776ed6cf19510f938baf4f9a5bd62edc\spi_master_fifo'.
Computing hashes of 73 cells of `$paramod$dec9424b776ed6cf19510f938baf4f9a5bd62edc\spi_master_fifo'.
Finding duplicate cells in `$paramod$dec9424b776ed6cf19510f938baf4f9a5bd62edc\spi_master_fifo'.
Finding identical cells in module `\axil_to_apb'.
Computing hashes of 56 cells of `\axil_to_apb'.
Finding duplicate cells in `\axil_to_apb'.
Removed a total of 0 cells.

11.6.20. Executing OPT_DFF pass (perform DFF optimizations).

11.6.21. Executing OPT_CLEAN pass (remove unused cells and wires).
Finding unused cells or wires in module \pulp_spi_wrap..
Finding unused cells or wires in module \spi_master_tx..
Finding unused cells or wires in module \spi_master_rx..
Finding unused cells or wires in module $paramod$83bc75265b358b15e6cbe03cbfc629e968b46589\apb_spi_master..
Finding unused cells or wires in module \spi_master_controller..
Finding unused cells or wires in module \spi_master_clkgen..
Finding unused cells or wires in module $paramod$83bc75265b358b15e6cbe03cbfc629e968b46589\spi_master_apb_if..
Finding unused cells or wires in module $paramod$dec9424b776ed6cf19510f938baf4f9a5bd62edc\spi_master_fifo..
Finding unused cells or wires in module \axil_to_apb..

11.6.22. Executing OPT_EXPR pass (perform const folding).
Optimizing module pulp_spi_wrap.
Optimizing module spi_master_tx.
Optimizing module spi_master_rx.
Optimizing module $paramod$83bc75265b358b15e6cbe03cbfc629e968b46589\apb_spi_master.
Optimizing module spi_master_controller.
Optimizing module spi_master_clkgen.
Optimizing module $paramod$83bc75265b358b15e6cbe03cbfc629e968b46589\spi_master_apb_if.
Optimizing module $paramod$dec9424b776ed6cf19510f938baf4f9a5bd62edc\spi_master_fifo.
Optimizing module axil_to_apb.

11.6.23. Finished fast OPT passes. (There is nothing left to do.)

11.7. Executing FSM pass (extract and optimize FSM).

11.7.1. Executing FSM_DETECT pass (finding FSMs in design).
Found FSM state register pulp_spi_wrap.lrd_state_r.
Found FSM state register pulp_spi_wrap.lwr_state_r.
Found FSM state register spi_master_rx.rx_CS.
Found FSM state register $paramod$83bc75265b358b15e6cbe03cbfc629e968b46589\apb_spi_master.r_state_tx.
Found FSM state register $paramod$83bc75265b358b15e6cbe03cbfc629e968b46589\apb_spi_master.r_state_rx.
Found FSM state register spi_master_controller.state.
Not marking spi_master_controller.spi_mode as FSM state register:
    Register is connected to module port.
    Users of register don't seem to benefit from recoding.
Found FSM state register axil_to_apb.state_r.

11.7.2. Executing FSM_EXTRACT pass (extracting FSM from design).
Extracting FSM `\lrd_state_r' from module `\pulp_spi_wrap'.
  found $adff cell for state register: $procdff$5222
  root of input selection tree: \lrd_state_next
  found reset state: 2'00 (from async reset)
  found ctrl input: $eq$../rtl/periph/pulp_spi_wrap.sv:195$280_Y
  found ctrl input: $eq$../rtl/periph/pulp_spi_wrap.sv:163$259_Y
  found ctrl input: \s_rready
  found ctrl input: $logic_and$../rtl/periph/pulp_spi_wrap.sv:151$256_Y
  found state code: 2'01
  found ctrl output: $eq$../rtl/periph/pulp_spi_wrap.sv:195$280_Y
  found ctrl output: $eq$../rtl/periph/pulp_spi_wrap.sv:163$259_Y
  ctrl inputs: { $logic_and$../rtl/periph/pulp_spi_wrap.sv:151$256_Y \s_rready }
  ctrl outputs: { $eq$../rtl/periph/pulp_spi_wrap.sv:195$280_Y $eq$../rtl/periph/pulp_spi_wrap.sv:163$259_Y \lrd_state_next }
  transition:       2'00 2'0- ->       2'00 4'0100
  transition:       2'00 2'1- ->       2'01 4'0101
  transition:       2'01 2'-0 ->       2'01 4'1001
  transition:       2'01 2'-1 ->       2'00 4'1000
Extracting FSM `\lwr_state_r' from module `\pulp_spi_wrap'.
  found $adff cell for state register: $procdff$5242
  root of input selection tree: \lwr_state_next
  found reset state: 2'00 (from async reset)
  found ctrl input: $eq$../rtl/periph/pulp_spi_wrap.sv:192$274_Y
  found ctrl input: $eq$../rtl/periph/pulp_spi_wrap.sv:127$250_Y
  found ctrl input: $eq$../rtl/periph/pulp_spi_wrap.sv:123$247_Y
  found ctrl input: \s_bready
  found ctrl input: \s_wvalid
  found state code: 2'10
  found ctrl input: $logic_and$../rtl/periph/pulp_spi_wrap.sv:106$244_Y
  found state code: 2'01
  found ctrl output: $eq$../rtl/periph/pulp_spi_wrap.sv:192$274_Y
  found ctrl output: $eq$../rtl/periph/pulp_spi_wrap.sv:127$250_Y
  found ctrl output: $eq$../rtl/periph/pulp_spi_wrap.sv:123$247_Y
  ctrl inputs: { $logic_and$../rtl/periph/pulp_spi_wrap.sv:106$244_Y \s_bready \s_wvalid }
  ctrl outputs: { $eq$../rtl/periph/pulp_spi_wrap.sv:192$274_Y $eq$../rtl/periph/pulp_spi_wrap.sv:127$250_Y $eq$../rtl/periph/pulp_spi_wrap.sv:123$247_Y \lwr_state_next }
  transition:       2'00 3'0-- ->       2'00 5'00100
  transition:       2'00 3'1-- ->       2'01 5'00101
  transition:       2'10 3'-0- ->       2'10 5'10010
  transition:       2'10 3'-1- ->       2'00 5'10000
  transition:       2'01 3'--0 ->       2'01 5'01001
  transition:       2'01 3'--1 ->       2'10 5'01010
Extracting FSM `\rx_CS' from module `\spi_master_rx'.
  found $adff cell for state register: $procdff$5287
  root of input selection tree: \rx_NS
  found reset state: 2'00 (from async reset)
  found ctrl input: $procmux$773_CMP
  found ctrl input: $procmux$779_CMP
  found ctrl input: $procmux$795_CMP
  found ctrl input: $procmux$956_CMP
  found ctrl input: \data_ready
  found state code: 2'01
  found ctrl input: \rx_edge
  found ctrl input: \rx_done
  found ctrl input: \reg_done
  found state code: 2'10
  found state code: 2'11
  found ctrl input: \en
  found ctrl output: $procmux$773_CMP
  found ctrl output: $procmux$779_CMP
  found ctrl output: $procmux$795_CMP
  found ctrl output: $procmux$956_CMP
  ctrl inputs: { \reg_done \rx_edge \data_ready \rx_done \en }
  ctrl outputs: { $procmux$956_CMP $procmux$795_CMP $procmux$779_CMP $procmux$773_CMP \rx_NS }
  transition:       2'00 5'----0 ->       2'00 6'100000
  transition:       2'00 5'----1 ->       2'01 6'100001
  transition:       2'10 5'--0-- ->       2'10 6'000110
  transition:       2'10 5'--1-- ->       2'01 6'000101
  transition:       2'01 5'-0--- ->       2'01 6'010001
  transition:       2'01 5'01-0- ->       2'01 6'010001
  transition:       2'01 5'1100- ->       2'10 6'010010
  transition:       2'01 5'1110- ->       2'01 6'010001
  transition:       2'01 5'-101- ->       2'11 6'010011
  transition:       2'01 5'-111- ->       2'00 6'010000
  transition:       2'11 5'--0-- ->       2'11 6'001011
  transition:       2'11 5'--1-- ->       2'00 6'001000
Extracting FSM `\r_state_tx' from module `$paramod$83bc75265b358b15e6cbe03cbfc629e968b46589\apb_spi_master'.
  found $adff cell for state register: $procdff$5307
  root of input selection tree: \s_state_tx_next
  found reset state: 2'00 (from async reset)
  found ctrl input: $procmux$1034_CMP
  found ctrl input: $procmux$1061_CMP
  found ctrl input: $procmux$1057_CMP
  found ctrl input: \s_int_cnt_en
  found ctrl input: \s_int_rd_intsta
  found ctrl input: $logic_and$../rtl/periph/pulp/spi/apb_spi_master.sv:189$374_Y
  found state code: 2'10
  found ctrl input: $logic_and$../rtl/periph/pulp/spi/apb_spi_master.sv:175$370_Y
  found state code: 2'01
  found ctrl output: $procmux$1034_CMP
  found ctrl output: $procmux$1057_CMP
  found ctrl output: $procmux$1061_CMP
  ctrl inputs: { $logic_and$../rtl/periph/pulp/spi/apb_spi_master.sv:189$374_Y $logic_and$../rtl/periph/pulp/spi/apb_spi_master.sv:175$370_Y \s_int_rd_intsta \s_int_cnt_en }
  ctrl outputs: { $procmux$1061_CMP $procmux$1057_CMP $procmux$1034_CMP \s_state_tx_next }
  transition:       2'00 4'-0-- ->       2'00 5'01000
  transition:       2'00 4'-1-- ->       2'01 5'01001
  transition:       2'10 4'--00 ->       2'10 5'00110
  transition:       2'10 4'--10 ->       2'00 5'00100
  transition:       2'10 4'0--1 ->       2'10 5'00110
  transition:       2'10 4'1--1 ->       2'00 5'00100
  transition:       2'01 4'---- ->       2'10 5'10010
Extracting FSM `\r_state_rx' from module `$paramod$83bc75265b358b15e6cbe03cbfc629e968b46589\apb_spi_master'.
  found $adff cell for state register: $procdff$5302
  root of input selection tree: \s_state_rx_next
  found reset state: 2'00 (from async reset)
  found ctrl input: $procmux$1002_CMP
  found ctrl input: $procmux$1020_CMP
  found ctrl input: $procmux$1016_CMP
  found ctrl input: \s_int_cnt_en
  found ctrl input: \s_int_rd_intsta
  found ctrl input: $logic_and$../rtl/periph/pulp/spi/apb_spi_master.sv:230$380_Y
  found state code: 2'10
  found ctrl input: $logic_and$../rtl/periph/pulp/spi/apb_spi_master.sv:216$376_Y
  found state code: 2'01
  found ctrl output: $procmux$1002_CMP
  found ctrl output: $procmux$1016_CMP
  found ctrl output: $procmux$1020_CMP
  ctrl inputs: { $logic_and$../rtl/periph/pulp/spi/apb_spi_master.sv:230$380_Y $logic_and$../rtl/periph/pulp/spi/apb_spi_master.sv:216$376_Y \s_int_rd_intsta \s_int_cnt_en }
  ctrl outputs: { $procmux$1020_CMP $procmux$1016_CMP $procmux$1002_CMP \s_state_rx_next }
  transition:       2'00 4'-0-- ->       2'00 5'01000
  transition:       2'00 4'-1-- ->       2'01 5'01001
  transition:       2'10 4'--00 ->       2'10 5'00110
  transition:       2'10 4'--10 ->       2'00 5'00100
  transition:       2'10 4'0--1 ->       2'10 5'00110
  transition:       2'10 4'1--1 ->       2'00 5'00100
  transition:       2'01 4'---- ->       2'10 5'10010
Extracting FSM `\state' from module `\spi_master_controller'.
  found $adff cell for state register: $procdff$5332
  root of input selection tree: \state_next
  found reset state: 5'00000 (from async reset)
  found ctrl input: $procmux$1106_CMP
  found ctrl input: $procmux$1107_CMP
  found ctrl input: $procmux$1141_CMP
  found ctrl input: $procmux$1119_CMP
  found ctrl input: $procmux$1162_CMP
  found ctrl input: $procmux$1509_CMP
  found ctrl input: $procmux$1519_CMP
  found ctrl input: \spi_fall
  found state code: 5'00111
  found ctrl input: \rx_done
  found state code: 5'00110
  found ctrl input: \tx_done
  found state code: 5'00101
  found state code: 5'00100
  found ctrl input: $ne$../rtl/periph/pulp/spi/spi_master_controller.sv:239$111_Y
  found ctrl input: \do_rx
  found ctrl input: $ne$../rtl/periph/pulp/spi/spi_master_controller.sv:263$117_Y
  found ctrl input: $ne$../rtl/periph/pulp/spi/spi_master_controller.sv:244$114_Y
  found state code: 5'00001
  found ctrl input: $ne$../rtl/periph/pulp/spi/spi_master_controller.sv:229$108_Y
  found state code: 5'00010
  found ctrl input: $logic_or$../rtl/periph/pulp/spi/spi_master_controller.sv:214$104_Y
  found ctrl input: $ne$../rtl/periph/pulp/spi/spi_master_controller.sv:219$105_Y
  found ctrl input: $logic_or$../rtl/periph/pulp/spi/spi_master_controller.sv:241$112_Y
  found ctrl output: $procmux$1133_CMP
  found ctrl output: $procmux$1107_CMP
  found ctrl output: $procmux$1162_CMP
  found ctrl output: $procmux$1519_CMP
  found ctrl output: $procmux$1106_CMP
  found ctrl output: $procmux$1141_CMP
  found ctrl output: $procmux$1119_CMP
  found ctrl output: $procmux$1509_CMP
  ctrl inputs: { $ne$../rtl/periph/pulp/spi/spi_master_controller.sv:263$117_Y $ne$../rtl/periph/pulp/spi/spi_master_controller.sv:244$114_Y $logic_or$../rtl/periph/pulp/spi/spi_master_controller.sv:241$112_Y $ne$../rtl/periph/pulp/spi/spi_master_controller.sv:239$111_Y $ne$../rtl/periph/pulp/spi/spi_master_controller.sv:229$108_Y $ne$../rtl/periph/pulp/spi/spi_master_controller.sv:219$105_Y $logic_or$../rtl/periph/pulp/spi/spi_master_controller.sv:214$104_Y \rx_done \tx_done \do_rx \spi_fall }
  ctrl outputs: { $procmux$1519_CMP $procmux$1509_CMP $procmux$1162_CMP $procmux$1141_CMP $procmux$1133_CMP $procmux$1119_CMP $procmux$1107_CMP $procmux$1106_CMP \state_next }
  transition:    5'00000 11'------0---- ->    5'00000 13'1000000000000
  transition:    5'00000 11'---0001---- ->    5'00000 13'1000000000000
  transition:    5'00000 11'0-01001---- ->    5'00101 13'1000000000101
  transition:    5'00000 11'1-01001---- ->    5'00100 13'1000000000100
  transition:    5'00000 11'-011001---- ->    5'00110 13'1000000000110
  transition:    5'00000 11'-111001---- ->    5'00100 13'1000000000100
  transition:    5'00000 11'----101---- ->    5'00010 13'1000000000010
  transition:    5'00000 11'-----11---- ->    5'00001 13'1000000000001
  transition:    5'00100 11'--------0-- ->    5'00100 13'0000010000100
  transition:    5'00100 11'---0----1-- ->    5'00000 13'0000010000000
  transition:    5'00100 11'---1----10- ->    5'00101 13'0000010000101
  transition:    5'00100 11'---1----11- ->    5'00110 13'0000010000110
  transition:    5'00010 11'--------0-- ->    5'00010 13'0010000000010
  transition:    5'00010 11'---0----1-- ->    5'00000 13'0010000000000
  transition:    5'00010 11'0--1----10- ->    5'00101 13'0010000000101
  transition:    5'00010 11'1--1----10- ->    5'00100 13'0010000000100
  transition:    5'00010 11'-0-1----11- ->    5'00110 13'0010000000110
  transition:    5'00010 11'-1-1----11- ->    5'00100 13'0010000000100
  transition:    5'00110 11'-------0--- ->    5'00110 13'0000001000110
  transition:    5'00110 11'-------1--- ->    5'00111 13'0000001000111
  transition:    5'00001 11'--------0-- ->    5'00001 13'0100000000001
  transition:    5'00001 11'---00---1-- ->    5'00000 13'0100000000000
  transition:    5'00001 11'0--10---10- ->    5'00101 13'0100000000101
  transition:    5'00001 11'1--10---10- ->    5'00100 13'0100000000100
  transition:    5'00001 11'-0-10---11- ->    5'00110 13'0100000000110
  transition:    5'00001 11'-1-10---11- ->    5'00100 13'0100000000100
  transition:    5'00001 11'----1---1-- ->    5'00010 13'0100000000010
  transition:    5'00101 11'--------0-- ->    5'00101 13'0001000000101
  transition:    5'00101 11'--------1-- ->    5'00000 13'0001000000000
  transition:    5'00111 11'----------0 ->    5'00111 13'0000000100111
  transition:    5'00111 11'----------1 ->    5'00000 13'0000000100000
Extracting FSM `\state_r' from module `\axil_to_apb'.
  found $adff cell for state register: $procdff$5532
  root of input selection tree: \state_next
  found reset state: 2'00 (from async reset)
  found ctrl input: $eq$../rtl/periph/axil_to_apb.sv:227$34_Y
  found ctrl input: $eq$../rtl/periph/axil_to_apb.sv:191$31_Y
  found ctrl input: $procmux$5147_CMP
  found ctrl input: $eq$../rtl/periph/axil_to_apb.sv:102$4_Y
  found ctrl input: \lat_write_r
  found ctrl input: $logic_and$../rtl/periph/axil_to_apb.sv:168$26_Y
  found ctrl input: $logic_and$../rtl/periph/axil_to_apb.sv:165$25_Y
  found ctrl input: \pready
  found state code: 2'11
  found state code: 2'10
  found ctrl input: $logic_or$../rtl/periph/axil_to_apb.sv:152$24_Y
  found state code: 2'01
  found ctrl output: $eq$../rtl/periph/axil_to_apb.sv:227$34_Y
  found ctrl output: $eq$../rtl/periph/axil_to_apb.sv:191$31_Y
  found ctrl output: $procmux$5147_CMP
  found ctrl output: $eq$../rtl/periph/axil_to_apb.sv:102$4_Y
  ctrl inputs: { $logic_and$../rtl/periph/axil_to_apb.sv:168$26_Y $logic_and$../rtl/periph/axil_to_apb.sv:165$25_Y $logic_or$../rtl/periph/axil_to_apb.sv:152$24_Y \lat_write_r \pready }
  ctrl outputs: { $procmux$5147_CMP $eq$../rtl/periph/axil_to_apb.sv:227$34_Y $eq$../rtl/periph/axil_to_apb.sv:191$31_Y $eq$../rtl/periph/axil_to_apb.sv:102$4_Y \state_next }
  transition:       2'00 5'--0-- ->       2'00 6'000100
  transition:       2'00 5'--1-- ->       2'01 6'000101
  transition:       2'10 5'----0 ->       2'10 6'001010
  transition:       2'10 5'----1 ->       2'11 6'001011
  transition:       2'01 5'----- ->       2'10 6'100010
  transition:       2'11 5'0--0- ->       2'11 6'010011
  transition:       2'11 5'1--0- ->       2'00 6'010000
  transition:       2'11 5'-0-1- ->       2'11 6'010011
  transition:       2'11 5'-1-1- ->       2'00 6'010000

11.7.3. Executing FSM_OPT pass (simple optimizations of FSMs).
Optimizing FSM `$fsm$\lwr_state_r$5593' from module `\pulp_spi_wrap'.
Optimizing FSM `$fsm$\lrd_state_r$5589' from module `\pulp_spi_wrap'.
Optimizing FSM `$fsm$\rx_CS$5598' from module `\spi_master_rx'.
Optimizing FSM `$fsm$\r_state_rx$5609' from module `$paramod$83bc75265b358b15e6cbe03cbfc629e968b46589\apb_spi_master'.
Optimizing FSM `$fsm$\r_state_tx$5604' from module `$paramod$83bc75265b358b15e6cbe03cbfc629e968b46589\apb_spi_master'.
Optimizing FSM `$fsm$\state$5614' from module `\spi_master_controller'.
Optimizing FSM `$fsm$\state_r$5624' from module `\axil_to_apb'.

11.7.4. Executing OPT_CLEAN pass (remove unused cells and wires).
Finding unused cells or wires in module \pulp_spi_wrap..
Finding unused cells or wires in module \spi_master_tx..
Finding unused cells or wires in module \spi_master_rx..
Finding unused cells or wires in module $paramod$83bc75265b358b15e6cbe03cbfc629e968b46589\apb_spi_master..
Finding unused cells or wires in module \spi_master_controller..
Finding unused cells or wires in module \spi_master_clkgen..
Finding unused cells or wires in module $paramod$83bc75265b358b15e6cbe03cbfc629e968b46589\spi_master_apb_if..
Finding unused cells or wires in module $paramod$dec9424b776ed6cf19510f938baf4f9a5bd62edc\spi_master_fifo..
Finding unused cells or wires in module \axil_to_apb..
Removed 85 unused cells and 85 unused wires.
<suppressed ~90 debug messages>

11.7.5. Executing FSM_OPT pass (simple optimizations of FSMs).
Optimizing FSM `$fsm$\lwr_state_r$5593' from module `\pulp_spi_wrap'.
  Removing unused output signal \lwr_state_next [0].
  Removing unused output signal \lwr_state_next [1].
Optimizing FSM `$fsm$\lrd_state_r$5589' from module `\pulp_spi_wrap'.
  Removing unused output signal \lrd_state_next [0].
  Removing unused output signal \lrd_state_next [1].
Optimizing FSM `$fsm$\rx_CS$5598' from module `\spi_master_rx'.
  Removing unused output signal \rx_NS [0].
  Removing unused output signal \rx_NS [1].
Optimizing FSM `$fsm$\r_state_rx$5609' from module `$paramod$83bc75265b358b15e6cbe03cbfc629e968b46589\apb_spi_master'.
  Removing unused output signal \s_state_rx_next [0].
  Removing unused output signal \s_state_rx_next [1].
  Removing unused output signal $procmux$1002_CMP.
  Removing unused output signal $procmux$1016_CMP.
Optimizing FSM `$fsm$\r_state_tx$5604' from module `$paramod$83bc75265b358b15e6cbe03cbfc629e968b46589\apb_spi_master'.
  Removing unused output signal \s_state_tx_next [0].
  Removing unused output signal \s_state_tx_next [1].
  Removing unused output signal $procmux$1034_CMP.
  Removing unused output signal $procmux$1057_CMP.
Optimizing FSM `$fsm$\state$5614' from module `\spi_master_controller'.
Optimizing FSM `$fsm$\state_r$5624' from module `\axil_to_apb'.

11.7.6. Executing FSM_RECODE pass (re-assigning FSM state encoding).
Recoding FSM `$fsm$\lwr_state_r$5593' from module `\pulp_spi_wrap' using `auto' encoding:
  mapping auto encoding to `one-hot` for this FSM.
  00 -> --1
  10 -> -1-
  01 -> 1--
Recoding FSM `$fsm$\lrd_state_r$5589' from module `\pulp_spi_wrap' using `auto' encoding:
  mapping auto encoding to `one-hot` for this FSM.
  00 -> -1
  01 -> 1-
Recoding FSM `$fsm$\rx_CS$5598' from module `\spi_master_rx' using `auto' encoding:
  mapping auto encoding to `one-hot` for this FSM.
  00 -> ---1
  10 -> --1-
  01 -> -1--
  11 -> 1---
Recoding FSM `$fsm$\r_state_rx$5609' from module `$paramod$83bc75265b358b15e6cbe03cbfc629e968b46589\apb_spi_master' using `auto' encoding:
  mapping auto encoding to `one-hot` for this FSM.
  00 -> --1
  10 -> -1-
  01 -> 1--
Recoding FSM `$fsm$\r_state_tx$5604' from module `$paramod$83bc75265b358b15e6cbe03cbfc629e968b46589\apb_spi_master' using `auto' encoding:
  mapping auto encoding to `one-hot` for this FSM.
  00 -> --1
  10 -> -1-
  01 -> 1--
Recoding FSM `$fsm$\state$5614' from module `\spi_master_controller' using `auto' encoding:
  mapping auto encoding to `one-hot` for this FSM.
  00000 -> ------1
  00100 -> -----1-
  00010 -> ----1--
  00110 -> ---1---
  00001 -> --1----
  00101 -> -1-----
  00111 -> 1------
Recoding FSM `$fsm$\state_r$5624' from module `\axil_to_apb' using `auto' encoding:
  mapping auto encoding to `one-hot` for this FSM.
  00 -> ---1
  10 -> --1-
  01 -> -1--
  11 -> 1---

11.7.7. Executing FSM_INFO pass (dumping all available information on FSM cells).

FSM `$fsm$\lwr_state_r$5593' from module `pulp_spi_wrap':
-------------------------------------

  Information on FSM $fsm$\lwr_state_r$5593 (\lwr_state_r):

  Number of input signals:    3
  Number of output signals:   3
  Number of state bits:       3

  Input signals:
    0: \s_wvalid
    1: \s_bready
    2: $logic_and$../rtl/periph/pulp_spi_wrap.sv:106$244_Y

  Output signals:
    0: $eq$../rtl/periph/pulp_spi_wrap.sv:123$247_Y
    1: $eq$../rtl/periph/pulp_spi_wrap.sv:127$250_Y
    2: $eq$../rtl/periph/pulp_spi_wrap.sv:192$274_Y

  State encoding:
    0:      3'--1  <RESET STATE>
    1:      3'-1-
    2:      3'1--

  Transition Table (state_in, ctrl_in, state_out, ctrl_out):
      0:     0 3'0--   ->     0 3'001
      1:     0 3'1--   ->     2 3'001
      2:     1 3'-1-   ->     0 3'100
      3:     1 3'-0-   ->     1 3'100
      4:     2 3'--1   ->     1 3'010
      5:     2 3'--0   ->     2 3'010

-------------------------------------

FSM `$fsm$\lrd_state_r$5589' from module `pulp_spi_wrap':
-------------------------------------

  Information on FSM $fsm$\lrd_state_r$5589 (\lrd_state_r):

  Number of input signals:    2
  Number of output signals:   2
  Number of state bits:       2

  Input signals:
    0: \s_rready
    1: $logic_and$../rtl/periph/pulp_spi_wrap.sv:151$256_Y

  Output signals:
    0: $eq$../rtl/periph/pulp_spi_wrap.sv:163$259_Y
    1: $eq$../rtl/periph/pulp_spi_wrap.sv:195$280_Y

  State encoding:
    0:       2'-1  <RESET STATE>
    1:       2'1-

  Transition Table (state_in, ctrl_in, state_out, ctrl_out):
      0:     0 2'0-   ->     0 2'01
      1:     0 2'1-   ->     1 2'01
      2:     1 2'-1   ->     0 2'10
      3:     1 2'-0   ->     1 2'10

-------------------------------------

FSM `$fsm$\rx_CS$5598' from module `spi_master_rx':
-------------------------------------

  Information on FSM $fsm$\rx_CS$5598 (\rx_CS):

  Number of input signals:    5
  Number of output signals:   4
  Number of state bits:       4

  Input signals:
    0: \en
    1: \rx_done
    2: \data_ready
    3: \rx_edge
    4: \reg_done

  Output signals:
    0: $procmux$773_CMP
    1: $procmux$779_CMP
    2: $procmux$795_CMP
    3: $procmux$956_CMP

  State encoding:
    0:     4'---1  <RESET STATE>
    1:     4'--1-
    2:     4'-1--
    3:     4'1---

  Transition Table (state_in, ctrl_in, state_out, ctrl_out):
      0:     0 5'----0   ->     0 4'1000
      1:     0 5'----1   ->     2 4'1000
      2:     1 5'--0--   ->     1 4'0001
      3:     1 5'--1--   ->     2 4'0001
      4:     2 5'-111-   ->     0 4'0100
      5:     2 5'1100-   ->     1 4'0100
      6:     2 5'1110-   ->     2 4'0100
      7:     2 5'01-0-   ->     2 4'0100
      8:     2 5'-0---   ->     2 4'0100
      9:     2 5'-101-   ->     3 4'0100
     10:     3 5'--1--   ->     0 4'0010
     11:     3 5'--0--   ->     3 4'0010

-------------------------------------

FSM `$fsm$\r_state_rx$5609' from module `$paramod$83bc75265b358b15e6cbe03cbfc629e968b46589\apb_spi_master':
-------------------------------------

  Information on FSM $fsm$\r_state_rx$5609 (\r_state_rx):

  Number of input signals:    4
  Number of output signals:   1
  Number of state bits:       3

  Input signals:
    0: \s_int_cnt_en
    1: \s_int_rd_intsta
    2: $logic_and$../rtl/periph/pulp/spi/apb_spi_master.sv:216$376_Y
    3: $logic_and$../rtl/periph/pulp/spi/apb_spi_master.sv:230$380_Y

  Output signals:
    0: $procmux$1020_CMP

  State encoding:
    0:      3'--1  <RESET STATE>
    1:      3'-1-
    2:      3'1--

  Transition Table (state_in, ctrl_in, state_out, ctrl_out):
      0:     0 4'-0--   ->     0 1'0
      1:     0 4'-1--   ->     2 1'0
      2:     1 4'--10   ->     0 1'0
      3:     1 4'1--1   ->     0 1'0
      4:     1 4'--00   ->     1 1'0
      5:     1 4'0--1   ->     1 1'0
      6:     2 4'----   ->     1 1'1

-------------------------------------

FSM `$fsm$\r_state_tx$5604' from module `$paramod$83bc75265b358b15e6cbe03cbfc629e968b46589\apb_spi_master':
-------------------------------------

  Information on FSM $fsm$\r_state_tx$5604 (\r_state_tx):

  Number of input signals:    4
  Number of output signals:   1
  Number of state bits:       3

  Input signals:
    0: \s_int_cnt_en
    1: \s_int_rd_intsta
    2: $logic_and$../rtl/periph/pulp/spi/apb_spi_master.sv:175$370_Y
    3: $logic_and$../rtl/periph/pulp/spi/apb_spi_master.sv:189$374_Y

  Output signals:
    0: $procmux$1061_CMP

  State encoding:
    0:      3'--1  <RESET STATE>
    1:      3'-1-
    2:      3'1--

  Transition Table (state_in, ctrl_in, state_out, ctrl_out):
      0:     0 4'-0--   ->     0 1'0
      1:     0 4'-1--   ->     2 1'0
      2:     1 4'--10   ->     0 1'0
      3:     1 4'1--1   ->     0 1'0
      4:     1 4'--00   ->     1 1'0
      5:     1 4'0--1   ->     1 1'0
      6:     2 4'----   ->     1 1'1

-------------------------------------

FSM `$fsm$\state$5614' from module `spi_master_controller':
-------------------------------------

  Information on FSM $fsm$\state$5614 (\state):

  Number of input signals:   11
  Number of output signals:  13
  Number of state bits:       7

  Input signals:
    0: \spi_fall
    1: \do_rx
    2: \tx_done
    3: \rx_done
    4: $logic_or$../rtl/periph/pulp/spi/spi_master_controller.sv:214$104_Y
    5: $ne$../rtl/periph/pulp/spi/spi_master_controller.sv:219$105_Y
    6: $ne$../rtl/periph/pulp/spi/spi_master_controller.sv:229$108_Y
    7: $ne$../rtl/periph/pulp/spi/spi_master_controller.sv:239$111_Y
    8: $logic_or$../rtl/periph/pulp/spi/spi_master_controller.sv:241$112_Y
    9: $ne$../rtl/periph/pulp/spi/spi_master_controller.sv:244$114_Y
   10: $ne$../rtl/periph/pulp/spi/spi_master_controller.sv:263$117_Y

  Output signals:
    0: \state_next [0]
    1: \state_next [1]
    2: \state_next [2]
    3: \state_next [3]
    4: \state_next [4]
    5: $procmux$1106_CMP
    6: $procmux$1107_CMP
    7: $procmux$1119_CMP
    8: $procmux$1133_CMP
    9: $procmux$1141_CMP
   10: $procmux$1162_CMP
   11: $procmux$1509_CMP
   12: $procmux$1519_CMP

  State encoding:
    0:  7'------1  <RESET STATE>
    1:  7'-----1-
    2:  7'----1--
    3:  7'---1---
    4:  7'--1----
    5:  7'-1-----
    6:  7'1------

  Transition Table (state_in, ctrl_in, state_out, ctrl_out):
      0:     0 11'------0----   ->     0 13'1000000000000
      1:     0 11'---0001----   ->     0 13'1000000000000
      2:     0 11'1-01001----   ->     1 13'1000000000100
      3:     0 11'-111001----   ->     1 13'1000000000100
      4:     0 11'----101----   ->     2 13'1000000000010
      5:     0 11'-011001----   ->     3 13'1000000000110
      6:     0 11'-----11----   ->     4 13'1000000000001
      7:     0 11'0-01001----   ->     5 13'1000000000101
      8:     1 11'---0----1--   ->     0 13'0000010000000
      9:     1 11'--------0--   ->     1 13'0000010000100
     10:     1 11'---1----11-   ->     3 13'0000010000110
     11:     1 11'---1----10-   ->     5 13'0000010000101
     12:     2 11'---0----1--   ->     0 13'0010000000000
     13:     2 11'1--1----10-   ->     1 13'0010000000100
     14:     2 11'-1-1----11-   ->     1 13'0010000000100
     15:     2 11'--------0--   ->     2 13'0010000000010
     16:     2 11'-0-1----11-   ->     3 13'0010000000110
     17:     2 11'0--1----10-   ->     5 13'0010000000101
     18:     3 11'-------0---   ->     3 13'0000001000110
     19:     3 11'-------1---   ->     6 13'0000001000111
     20:     4 11'---00---1--   ->     0 13'0100000000000
     21:     4 11'1--10---10-   ->     1 13'0100000000100
     22:     4 11'-1-10---11-   ->     1 13'0100000000100
     23:     4 11'----1---1--   ->     2 13'0100000000010
     24:     4 11'-0-10---11-   ->     3 13'0100000000110
     25:     4 11'--------0--   ->     4 13'0100000000001
     26:     4 11'0--10---10-   ->     5 13'0100000000101
     27:     5 11'--------1--   ->     0 13'0001000000000
     28:     5 11'--------0--   ->     5 13'0001000000101
     29:     6 11'----------1   ->     0 13'0000000100000
     30:     6 11'----------0   ->     6 13'0000000100111

-------------------------------------

FSM `$fsm$\state_r$5624' from module `axil_to_apb':
-------------------------------------

  Information on FSM $fsm$\state_r$5624 (\state_r):

  Number of input signals:    5
  Number of output signals:   6
  Number of state bits:       4

  Input signals:
    0: \pready
    1: \lat_write_r
    2: $logic_or$../rtl/periph/axil_to_apb.sv:152$24_Y
    3: $logic_and$../rtl/periph/axil_to_apb.sv:165$25_Y
    4: $logic_and$../rtl/periph/axil_to_apb.sv:168$26_Y

  Output signals:
    0: \state_next [0]
    1: \state_next [1]
    2: $eq$../rtl/periph/axil_to_apb.sv:102$4_Y
    3: $eq$../rtl/periph/axil_to_apb.sv:191$31_Y
    4: $eq$../rtl/periph/axil_to_apb.sv:227$34_Y
    5: $procmux$5147_CMP

  State encoding:
    0:     4'---1  <RESET STATE>
    1:     4'--1-
    2:     4'-1--
    3:     4'1---

  Transition Table (state_in, ctrl_in, state_out, ctrl_out):
      0:     0 5'--0--   ->     0 6'000100
      1:     0 5'--1--   ->     2 6'000101
      2:     1 5'----0   ->     1 6'001010
      3:     1 5'----1   ->     3 6'001011
      4:     2 5'-----   ->     1 6'100010
      5:     3 5'1--0-   ->     0 6'010000
      6:     3 5'-1-1-   ->     0 6'010000
      7:     3 5'0--0-   ->     3 6'010011
      8:     3 5'-0-1-   ->     3 6'010011

-------------------------------------

11.7.8. Executing FSM_MAP pass (mapping FSMs to basic logic).
Mapping FSM `$fsm$\lwr_state_r$5593' from module `\pulp_spi_wrap'.
Mapping FSM `$fsm$\lrd_state_r$5589' from module `\pulp_spi_wrap'.
Mapping FSM `$fsm$\rx_CS$5598' from module `\spi_master_rx'.
Mapping FSM `$fsm$\r_state_rx$5609' from module `$paramod$83bc75265b358b15e6cbe03cbfc629e968b46589\apb_spi_master'.
Mapping FSM `$fsm$\r_state_tx$5604' from module `$paramod$83bc75265b358b15e6cbe03cbfc629e968b46589\apb_spi_master'.
Mapping FSM `$fsm$\state$5614' from module `\spi_master_controller'.
Mapping FSM `$fsm$\state_r$5624' from module `\axil_to_apb'.

11.8. Executing OPT pass (performing simple optimizations).

11.8.1. Executing OPT_EXPR pass (perform const folding).
Optimizing module pulp_spi_wrap.
<suppressed ~10 debug messages>
Optimizing module spi_master_tx.
Optimizing module spi_master_rx.
<suppressed ~7 debug messages>
Optimizing module $paramod$83bc75265b358b15e6cbe03cbfc629e968b46589\apb_spi_master.
<suppressed ~6 debug messages>
Optimizing module spi_master_controller.
<suppressed ~18 debug messages>
Optimizing module spi_master_clkgen.
Optimizing module $paramod$83bc75265b358b15e6cbe03cbfc629e968b46589\spi_master_apb_if.
Optimizing module $paramod$dec9424b776ed6cf19510f938baf4f9a5bd62edc\spi_master_fifo.
Optimizing module axil_to_apb.
<suppressed ~9 debug messages>

11.8.2. Executing OPT_MERGE pass (detect identical cells).
Finding identical cells in module `\pulp_spi_wrap'.
Computing hashes of 79 cells of `\pulp_spi_wrap'.
Finding duplicate cells in `\pulp_spi_wrap'.
Finding identical cells in module `\spi_master_tx'.
Computing hashes of 41 cells of `\spi_master_tx'.
Finding duplicate cells in `\spi_master_tx'.
Finding identical cells in module `\spi_master_rx'.
Computing hashes of 58 cells of `\spi_master_rx'.
Finding duplicate cells in `\spi_master_rx'.
Computing hashes of 57 cells of `\spi_master_rx'.
Finding duplicate cells in `\spi_master_rx'.
<suppressed ~3 debug messages>
Finding identical cells in module `$paramod$83bc75265b358b15e6cbe03cbfc629e968b46589\apb_spi_master'.
Computing hashes of 57 cells of `$paramod$83bc75265b358b15e6cbe03cbfc629e968b46589\apb_spi_master'.
Finding duplicate cells in `$paramod$83bc75265b358b15e6cbe03cbfc629e968b46589\apb_spi_master'.
Computing hashes of 55 cells of `$paramod$83bc75265b358b15e6cbe03cbfc629e968b46589\apb_spi_master'.
Finding duplicate cells in `$paramod$83bc75265b358b15e6cbe03cbfc629e968b46589\apb_spi_master'.
<suppressed ~6 debug messages>
Finding identical cells in module `\spi_master_controller'.
Computing hashes of 307 cells of `\spi_master_controller'.
Finding duplicate cells in `\spi_master_controller'.
Computing hashes of 272 cells of `\spi_master_controller'.
Finding duplicate cells in `\spi_master_controller'.
Computing hashes of 243 cells of `\spi_master_controller'.
Finding duplicate cells in `\spi_master_controller'.
<suppressed ~192 debug messages>
Finding identical cells in module `\spi_master_clkgen'.
Computing hashes of 19 cells of `\spi_master_clkgen'.
Finding duplicate cells in `\spi_master_clkgen'.
Finding identical cells in module `$paramod$83bc75265b358b15e6cbe03cbfc629e968b46589\spi_master_apb_if'.
Computing hashes of 98 cells of `$paramod$83bc75265b358b15e6cbe03cbfc629e968b46589\spi_master_apb_if'.
Finding duplicate cells in `$paramod$83bc75265b358b15e6cbe03cbfc629e968b46589\spi_master_apb_if'.
Finding identical cells in module `$paramod$dec9424b776ed6cf19510f938baf4f9a5bd62edc\spi_master_fifo'.
Computing hashes of 73 cells of `$paramod$dec9424b776ed6cf19510f938baf4f9a5bd62edc\spi_master_fifo'.
Finding duplicate cells in `$paramod$dec9424b776ed6cf19510f938baf4f9a5bd62edc\spi_master_fifo'.
Finding identical cells in module `\axil_to_apb'.
Computing hashes of 75 cells of `\axil_to_apb'.
Finding duplicate cells in `\axil_to_apb'.
Computing hashes of 69 cells of `\axil_to_apb'.
Finding duplicate cells in `\axil_to_apb'.
Computing hashes of 65 cells of `\axil_to_apb'.
Finding duplicate cells in `\axil_to_apb'.
<suppressed ~30 debug messages>
Removed a total of 77 cells.

11.8.3. Executing OPT_MUXTREE pass (detect dead branches in mux trees).
Running muxtree optimizer on module \pulp_spi_wrap..
  Creating internal representation of mux trees.
  Evaluating internal representation of mux trees.
  Analyzing evaluation results.
Running muxtree optimizer on module \spi_master_tx..
  Creating internal representation of mux trees.
  Evaluating internal representation of mux trees.
  Analyzing evaluation results.
Running muxtree optimizer on module \spi_master_rx..
  Creating internal representation of mux trees.
  Evaluating internal representation of mux trees.
  Analyzing evaluation results.
Running muxtree optimizer on module $paramod$83bc75265b358b15e6cbe03cbfc629e968b46589\apb_spi_master..
  Creating internal representation of mux trees.
  Evaluating internal representation of mux trees.
  Analyzing evaluation results.
Running muxtree optimizer on module \spi_master_controller..
  Creating internal representation of mux trees.
  Evaluating internal representation of mux trees.
  Analyzing evaluation results.
Running muxtree optimizer on module \spi_master_clkgen..
  Creating internal representation of mux trees.
  Evaluating internal representation of mux trees.
  Analyzing evaluation results.
Running muxtree optimizer on module $paramod$83bc75265b358b15e6cbe03cbfc629e968b46589\spi_master_apb_if..
  Creating internal representation of mux trees.
  Evaluating internal representation of mux trees.
  Analyzing evaluation results.
Running muxtree optimizer on module $paramod$dec9424b776ed6cf19510f938baf4f9a5bd62edc\spi_master_fifo..
  Creating internal representation of mux trees.
  Evaluating internal representation of mux trees.
  Analyzing evaluation results.
Running muxtree optimizer on module \axil_to_apb..
  Creating internal representation of mux trees.
  Evaluating internal representation of mux trees.
  Analyzing evaluation results.
Removed 0 multiplexer ports.
<suppressed ~633 debug messages>

11.8.4. Executing OPT_REDUCE pass (consolidate $*mux and $reduce_* inputs).
  Optimizing cells in module \pulp_spi_wrap.
  Optimizing cells in module \spi_master_tx.
  Optimizing cells in module \spi_master_rx.
  Optimizing cells in module $paramod$83bc75265b358b15e6cbe03cbfc629e968b46589\apb_spi_master.
  Optimizing cells in module \spi_master_controller.
    New input vector for $reduce_or cell $auto$opt_reduce.cc:131:opt_pmux$5583: { \state [5] \state [2:1] }
    New input vector for $reduce_or cell $auto$opt_reduce.cc:131:opt_pmux$5573: \state [6:1]
    New input vector for $reduce_or cell $auto$opt_reduce.cc:131:opt_pmux$5575: { \state [4] \state [2] }
  Optimizing cells in module \spi_master_controller.
  Optimizing cells in module \spi_master_clkgen.
  Optimizing cells in module $paramod$83bc75265b358b15e6cbe03cbfc629e968b46589\spi_master_apb_if.
  Optimizing cells in module $paramod$dec9424b776ed6cf19510f938baf4f9a5bd62edc\spi_master_fifo.
  Optimizing cells in module \axil_to_apb.
Performed a total of 3 changes.

11.8.5. Executing OPT_MERGE pass (detect identical cells).
Finding identical cells in module `\pulp_spi_wrap'.
Computing hashes of 79 cells of `\pulp_spi_wrap'.
Finding duplicate cells in `\pulp_spi_wrap'.
Finding identical cells in module `\spi_master_tx'.
Computing hashes of 41 cells of `\spi_master_tx'.
Finding duplicate cells in `\spi_master_tx'.
Finding identical cells in module `\spi_master_rx'.
Computing hashes of 57 cells of `\spi_master_rx'.
Finding duplicate cells in `\spi_master_rx'.
Finding identical cells in module `$paramod$83bc75265b358b15e6cbe03cbfc629e968b46589\apb_spi_master'.
Computing hashes of 55 cells of `$paramod$83bc75265b358b15e6cbe03cbfc629e968b46589\apb_spi_master'.
Finding duplicate cells in `$paramod$83bc75265b358b15e6cbe03cbfc629e968b46589\apb_spi_master'.
Finding identical cells in module `\spi_master_controller'.
Computing hashes of 243 cells of `\spi_master_controller'.
Finding duplicate cells in `\spi_master_controller'.
Finding identical cells in module `\spi_master_clkgen'.
Computing hashes of 19 cells of `\spi_master_clkgen'.
Finding duplicate cells in `\spi_master_clkgen'.
Finding identical cells in module `$paramod$83bc75265b358b15e6cbe03cbfc629e968b46589\spi_master_apb_if'.
Computing hashes of 98 cells of `$paramod$83bc75265b358b15e6cbe03cbfc629e968b46589\spi_master_apb_if'.
Finding duplicate cells in `$paramod$83bc75265b358b15e6cbe03cbfc629e968b46589\spi_master_apb_if'.
Finding identical cells in module `$paramod$dec9424b776ed6cf19510f938baf4f9a5bd62edc\spi_master_fifo'.
Computing hashes of 73 cells of `$paramod$dec9424b776ed6cf19510f938baf4f9a5bd62edc\spi_master_fifo'.
Finding duplicate cells in `$paramod$dec9424b776ed6cf19510f938baf4f9a5bd62edc\spi_master_fifo'.
Finding identical cells in module `\axil_to_apb'.
Computing hashes of 65 cells of `\axil_to_apb'.
Finding duplicate cells in `\axil_to_apb'.
Removed a total of 0 cells.

11.8.6. Executing OPT_DFF pass (perform DFF optimizations).
Adding EN signal on $procdff$5227 ($adff) from module pulp_spi_wrap (D = $procmux$463_Y, Q = \lrd_rdata_r).
Adding EN signal on $procdff$5237 ($adff) from module pulp_spi_wrap (D = $or$../rtl/periph/pulp_spi_wrap.sv:132$254_Y, Q = \cs_lock_r).
Adding EN signal on $procdff$5247 ($adff) from module pulp_spi_wrap (D = \s_awaddr, Q = \lwr_addr_r).
Adding EN signal on $procdff$5232 ($adff) from module pulp_spi_wrap (D = \s_wdata [7:0], Q = \max_len_r).
Adding EN signal on $procdff$5257 ($adff) from module spi_master_tx (D = \counter_next, Q = \counter).
Adding EN signal on $procdff$5262 ($adff) from module spi_master_tx (D = \data_int_next, Q = \data_int).
Adding EN signal on $procdff$5252 ($adff) from module spi_master_tx (D = $ternary$../rtl/periph/pulp/spi/spi_master_tx.sv:54$224_Y, Q = \counter_trgt).
Adding EN signal on $procdff$5277 ($adff) from module spi_master_rx (D = \counter_next, Q = \counter).
Adding EN signal on $procdff$5272 ($adff) from module spi_master_rx (D = $ternary$../rtl/periph/pulp/spi/spi_master_rx.sv:50$207_Y, Q = \counter_trgt).
Adding EN signal on $procdff$5297 ($adff) from module $paramod$83bc75265b358b15e6cbe03cbfc629e968b46589\apb_spi_master (D = $0\r_counter_rx[4:0], Q = \r_counter_rx).
Adding EN signal on $procdff$5292 ($adff) from module $paramod$83bc75265b358b15e6cbe03cbfc629e968b46589\apb_spi_master (D = $0\r_counter_tx[4:0], Q = \r_counter_tx).
Adding EN signal on $procdff$5327 ($adff) from module spi_master_controller (D = $0\do_rx[0:0], Q = \do_rx).
Adding EN signal on $procdff$5317 ($adff) from module spi_master_controller (D = $0\en_quad_int[0:0], Q = \en_quad_int).
Adding EN signal on $procdff$5342 ($adff) from module spi_master_clkgen (D = \clk_div, Q = \counter_trgt).
Adding EN signal on $procdff$5337 ($adff) from module spi_master_clkgen (D = $eq$../rtl/periph/pulp/spi/spi_master_clkgen.sv:68$94_Y, Q = \spi_clk).
Adding EN signal on $procdff$5347 ($adff) from module spi_master_clkgen (D = \counter_next, Q = \counter).
Adding EN signal on $procdff$5447 ($adff) from module $paramod$83bc75265b358b15e6cbe03cbfc629e968b46589\spi_master_apb_if (D = \PWDATA [20:16], Q = \spi_int_cnt_tx).
Adding EN signal on $procdff$5387 ($adff) from module $paramod$83bc75265b358b15e6cbe03cbfc629e968b46589\spi_master_apb_if (D = \PWDATA [31:16], Q = \spi_data_len).
Adding EN signal on $procdff$5392 ($adff) from module $paramod$83bc75265b358b15e6cbe03cbfc629e968b46589\spi_master_apb_if (D = \PWDATA [15:0], Q = \spi_dummy_rd).
Adding EN signal on $procdff$5427 ($adff) from module $paramod$83bc75265b358b15e6cbe03cbfc629e968b46589\spi_master_apb_if (D = \PWDATA [11:8], Q = \spi_csreg).
Adding EN signal on $procdff$5367 ($adff) from module $paramod$83bc75265b358b15e6cbe03cbfc629e968b46589\spi_master_apb_if (D = \PWDATA, Q = \spi_addr).
Adding EN signal on $procdff$5372 ($adff) from module $paramod$83bc75265b358b15e6cbe03cbfc629e968b46589\spi_master_apb_if (D = \PWDATA [13:8], Q = \spi_addr_len).
Adding EN signal on $procdff$5437 ($adff) from module $paramod$83bc75265b358b15e6cbe03cbfc629e968b46589\spi_master_apb_if (D = \PWDATA [4:0], Q = \spi_int_th_tx).
Adding EN signal on $procdff$5377 ($adff) from module $paramod$83bc75265b358b15e6cbe03cbfc629e968b46589\spi_master_apb_if (D = \PWDATA, Q = \spi_cmd).
Adding EN signal on $procdff$5397 ($adff) from module $paramod$83bc75265b358b15e6cbe03cbfc629e968b46589\spi_master_apb_if (D = \PWDATA [31:16], Q = \spi_dummy_wr).
Adding EN signal on $procdff$5432 ($adff) from module $paramod$83bc75265b358b15e6cbe03cbfc629e968b46589\spi_master_apb_if (D = \PWDATA [12:8], Q = \spi_int_th_rx).
Adding EN signal on $procdff$5382 ($adff) from module $paramod$83bc75265b358b15e6cbe03cbfc629e968b46589\spi_master_apb_if (D = \PWDATA [5:0], Q = \spi_cmd_len).
Adding EN signal on $procdff$5452 ($adff) from module $paramod$83bc75265b358b15e6cbe03cbfc629e968b46589\spi_master_apb_if (D = \PWDATA [31], Q = \spi_int_en).
Adding EN signal on $procdff$5442 ($adff) from module $paramod$83bc75265b358b15e6cbe03cbfc629e968b46589\spi_master_apb_if (D = \PWDATA [28:24], Q = \spi_int_cnt_rx).
Adding EN signal on $procdff$5357 ($adff) from module $paramod$83bc75265b358b15e6cbe03cbfc629e968b46589\spi_master_apb_if (D = \PWDATA [7:0], Q = \spi_clk_div).
Adding EN signal on $procdff$5457 ($adff) from module $paramod$83bc75265b358b15e6cbe03cbfc629e968b46589\spi_master_apb_if (D = \PWDATA [30], Q = \spi_int_cnt_en).
Adding EN signal on $procdff$5477 ($adff) from module $paramod$dec9424b776ed6cf19510f938baf4f9a5bd62edc\spi_master_fifo (D = \data_i, Q = \buffer[0]).
Adding EN signal on $procdff$5497 ($adff) from module $paramod$dec9424b776ed6cf19510f938baf4f9a5bd62edc\spi_master_fifo (D = \data_i, Q = \buffer[4]).
Adding EN signal on $procdff$5512 ($adff) from module $paramod$dec9424b776ed6cf19510f938baf4f9a5bd62edc\spi_master_fifo (D = \data_i, Q = \buffer[7]).
Adding EN signal on $procdff$5517 ($adff) from module $paramod$dec9424b776ed6cf19510f938baf4f9a5bd62edc\spi_master_fifo (D = $0\elements[4:0], Q = \elements).
Adding EN signal on $procdff$5467 ($adff) from module $paramod$dec9424b776ed6cf19510f938baf4f9a5bd62edc\spi_master_fifo (D = $0\pointer_out[3:0], Q = \pointer_out).
Adding EN signal on $procdff$5462 ($adff) from module $paramod$dec9424b776ed6cf19510f938baf4f9a5bd62edc\spi_master_fifo (D = $0\pointer_in[3:0], Q = \pointer_in).
Adding EN signal on $procdff$5487 ($adff) from module $paramod$dec9424b776ed6cf19510f938baf4f9a5bd62edc\spi_master_fifo (D = \data_i, Q = \buffer[2]).
Adding EN signal on $procdff$5482 ($adff) from module $paramod$dec9424b776ed6cf19510f938baf4f9a5bd62edc\spi_master_fifo (D = \data_i, Q = \buffer[1]).
Adding EN signal on $procdff$5502 ($adff) from module $paramod$dec9424b776ed6cf19510f938baf4f9a5bd62edc\spi_master_fifo (D = \data_i, Q = \buffer[5]).
Adding EN signal on $procdff$5507 ($adff) from module $paramod$dec9424b776ed6cf19510f938baf4f9a5bd62edc\spi_master_fifo (D = \data_i, Q = \buffer[6]).
Adding EN signal on $procdff$5492 ($adff) from module $paramod$dec9424b776ed6cf19510f938baf4f9a5bd62edc\spi_master_fifo (D = \data_i, Q = \buffer[3]).
Adding EN signal on $procdff$5542 ($adff) from module axil_to_apb (D = \s_wdata, Q = \lat_wdata_r).
Adding EN signal on $procdff$5552 ($adff) from module axil_to_apb (D = $0\lat_write_r[0:0], Q = \lat_write_r).
Adding EN signal on $procdff$5537 ($adff) from module axil_to_apb (D = $0\lat_addr_r[11:0], Q = \lat_addr_r).
Adding EN signal on $procdff$5527 ($adff) from module axil_to_apb (D = \pslverr, Q = \slverr_r).
Adding EN signal on $procdff$5522 ($adff) from module axil_to_apb (D = \prdata, Q = \rdata_r).

11.8.7. Executing OPT_CLEAN pass (remove unused cells and wires).
Finding unused cells or wires in module \pulp_spi_wrap..
Finding unused cells or wires in module \spi_master_tx..
Finding unused cells or wires in module \spi_master_rx..
Finding unused cells or wires in module $paramod$83bc75265b358b15e6cbe03cbfc629e968b46589\apb_spi_master..
Finding unused cells or wires in module \spi_master_controller..
Finding unused cells or wires in module \spi_master_clkgen..
Finding unused cells or wires in module $paramod$83bc75265b358b15e6cbe03cbfc629e968b46589\spi_master_apb_if..
Finding unused cells or wires in module $paramod$dec9424b776ed6cf19510f938baf4f9a5bd62edc\spi_master_fifo..
Finding unused cells or wires in module \axil_to_apb..
Removed 68 unused cells and 206 unused wires.
<suppressed ~85 debug messages>

11.8.8. Executing OPT_EXPR pass (perform const folding).
Optimizing module pulp_spi_wrap.
Optimizing module spi_master_tx.
<suppressed ~2 debug messages>
Optimizing module spi_master_rx.
<suppressed ~1 debug messages>
Optimizing module $paramod$83bc75265b358b15e6cbe03cbfc629e968b46589\apb_spi_master.
Optimizing module spi_master_controller.
<suppressed ~2 debug messages>
Optimizing module spi_master_clkgen.
Optimizing module $paramod$83bc75265b358b15e6cbe03cbfc629e968b46589\spi_master_apb_if.
Optimizing module $paramod$dec9424b776ed6cf19510f938baf4f9a5bd62edc\spi_master_fifo.
<suppressed ~3 debug messages>
Optimizing module axil_to_apb.
<suppressed ~2 debug messages>

11.8.9. Rerunning OPT passes. (Maybe there is more to do..)

11.8.10. Executing OPT_MUXTREE pass (detect dead branches in mux trees).
Running muxtree optimizer on module \pulp_spi_wrap..
  Creating internal representation of mux trees.
  Evaluating internal representation of mux trees.
  Analyzing evaluation results.
Running muxtree optimizer on module \spi_master_tx..
  Creating internal representation of mux trees.
  Evaluating internal representation of mux trees.
  Analyzing evaluation results.
Running muxtree optimizer on module \spi_master_rx..
  Creating internal representation of mux trees.
  Evaluating internal representation of mux trees.
  Analyzing evaluation results.
Running muxtree optimizer on module $paramod$83bc75265b358b15e6cbe03cbfc629e968b46589\apb_spi_master..
  Creating internal representation of mux trees.
  Evaluating internal representation of mux trees.
  Analyzing evaluation results.
Running muxtree optimizer on module \spi_master_controller..
  Creating internal representation of mux trees.
  Evaluating internal representation of mux trees.
  Analyzing evaluation results.
Running muxtree optimizer on module \spi_master_clkgen..
  Creating internal representation of mux trees.
  Evaluating internal representation of mux trees.
  Analyzing evaluation results.
Running muxtree optimizer on module $paramod$83bc75265b358b15e6cbe03cbfc629e968b46589\spi_master_apb_if..
  Creating internal representation of mux trees.
  Evaluating internal representation of mux trees.
  Analyzing evaluation results.
Running muxtree optimizer on module $paramod$dec9424b776ed6cf19510f938baf4f9a5bd62edc\spi_master_fifo..
  Creating internal representation of mux trees.
  Evaluating internal representation of mux trees.
  Analyzing evaluation results.
Running muxtree optimizer on module \axil_to_apb..
  Creating internal representation of mux trees.
  Evaluating internal representation of mux trees.
  Analyzing evaluation results.
Removed 0 multiplexer ports.
<suppressed ~531 debug messages>

11.8.11. Executing OPT_REDUCE pass (consolidate $*mux and $reduce_* inputs).
  Optimizing cells in module \pulp_spi_wrap.
  Optimizing cells in module \spi_master_tx.
    New ctrl vector for $pmux cell $procmux$763: \tx_CS
  Optimizing cells in module \spi_master_tx.
  Optimizing cells in module \spi_master_rx.
    New ctrl vector for $pmux cell $procmux$977: \rx_CS [2]
  Optimizing cells in module \spi_master_rx.
  Optimizing cells in module $paramod$83bc75265b358b15e6cbe03cbfc629e968b46589\apb_spi_master.
  Optimizing cells in module \spi_master_controller.
  Optimizing cells in module \spi_master_clkgen.
  Optimizing cells in module $paramod$83bc75265b358b15e6cbe03cbfc629e968b46589\spi_master_apb_if.
  Optimizing cells in module $paramod$dec9424b776ed6cf19510f938baf4f9a5bd62edc\spi_master_fifo.
  Optimizing cells in module \axil_to_apb.
Performed a total of 2 changes.

11.8.12. Executing OPT_MERGE pass (detect identical cells).
Finding identical cells in module `\pulp_spi_wrap'.
Computing hashes of 75 cells of `\pulp_spi_wrap'.
Finding duplicate cells in `\pulp_spi_wrap'.
Finding identical cells in module `\spi_master_tx'.
Computing hashes of 45 cells of `\spi_master_tx'.
Finding duplicate cells in `\spi_master_tx'.
Computing hashes of 44 cells of `\spi_master_tx'.
Finding duplicate cells in `\spi_master_tx'.
<suppressed ~3 debug messages>
Finding identical cells in module `\spi_master_rx'.
Computing hashes of 59 cells of `\spi_master_rx'.
Finding duplicate cells in `\spi_master_rx'.
Finding identical cells in module `$paramod$83bc75265b358b15e6cbe03cbfc629e968b46589\apb_spi_master'.
Computing hashes of 57 cells of `$paramod$83bc75265b358b15e6cbe03cbfc629e968b46589\apb_spi_master'.
Finding duplicate cells in `$paramod$83bc75265b358b15e6cbe03cbfc629e968b46589\apb_spi_master'.
Finding identical cells in module `\spi_master_controller'.
Computing hashes of 245 cells of `\spi_master_controller'.
Finding duplicate cells in `\spi_master_controller'.
Computing hashes of 244 cells of `\spi_master_controller'.
Finding duplicate cells in `\spi_master_controller'.
<suppressed ~3 debug messages>
Finding identical cells in module `\spi_master_clkgen'.
Computing hashes of 17 cells of `\spi_master_clkgen'.
Finding duplicate cells in `\spi_master_clkgen'.
Finding identical cells in module `$paramod$83bc75265b358b15e6cbe03cbfc629e968b46589\spi_master_apb_if'.
Computing hashes of 77 cells of `$paramod$83bc75265b358b15e6cbe03cbfc629e968b46589\spi_master_apb_if'.
Finding duplicate cells in `$paramod$83bc75265b358b15e6cbe03cbfc629e968b46589\spi_master_apb_if'.
Computing hashes of 69 cells of `$paramod$83bc75265b358b15e6cbe03cbfc629e968b46589\spi_master_apb_if'.
Finding duplicate cells in `$paramod$83bc75265b358b15e6cbe03cbfc629e968b46589\spi_master_apb_if'.
<suppressed ~24 debug messages>
Finding identical cells in module `$paramod$dec9424b776ed6cf19510f938baf4f9a5bd62edc\spi_master_fifo'.
Computing hashes of 68 cells of `$paramod$dec9424b776ed6cf19510f938baf4f9a5bd62edc\spi_master_fifo'.
Finding duplicate cells in `$paramod$dec9424b776ed6cf19510f938baf4f9a5bd62edc\spi_master_fifo'.
Finding identical cells in module `\axil_to_apb'.
Computing hashes of 64 cells of `\axil_to_apb'.
Finding duplicate cells in `\axil_to_apb'.
Computing hashes of 63 cells of `\axil_to_apb'.
Finding duplicate cells in `\axil_to_apb'.
<suppressed ~3 debug messages>
Removed a total of 11 cells.

11.8.13. Executing OPT_DFF pass (perform DFF optimizations).

11.8.14. Executing OPT_CLEAN pass (remove unused cells and wires).
Finding unused cells or wires in module \pulp_spi_wrap..
Finding unused cells or wires in module \spi_master_tx..
Finding unused cells or wires in module \spi_master_rx..
Finding unused cells or wires in module $paramod$83bc75265b358b15e6cbe03cbfc629e968b46589\apb_spi_master..
Finding unused cells or wires in module \spi_master_controller..
Finding unused cells or wires in module \spi_master_clkgen..
Finding unused cells or wires in module $paramod$83bc75265b358b15e6cbe03cbfc629e968b46589\spi_master_apb_if..
Finding unused cells or wires in module $paramod$dec9424b776ed6cf19510f938baf4f9a5bd62edc\spi_master_fifo..
Finding unused cells or wires in module \axil_to_apb..
Removed 0 unused cells and 12 unused wires.
<suppressed ~4 debug messages>

11.8.15. Executing OPT_EXPR pass (perform const folding).
Optimizing module pulp_spi_wrap.
Optimizing module spi_master_tx.
Optimizing module spi_master_rx.
Optimizing module $paramod$83bc75265b358b15e6cbe03cbfc629e968b46589\apb_spi_master.
Optimizing module spi_master_controller.
Optimizing module spi_master_clkgen.
Optimizing module $paramod$83bc75265b358b15e6cbe03cbfc629e968b46589\spi_master_apb_if.
Optimizing module $paramod$dec9424b776ed6cf19510f938baf4f9a5bd62edc\spi_master_fifo.
Optimizing module axil_to_apb.

11.8.16. Rerunning OPT passes. (Maybe there is more to do..)

11.8.17. Executing OPT_MUXTREE pass (detect dead branches in mux trees).
Running muxtree optimizer on module \pulp_spi_wrap..
  Creating internal representation of mux trees.
  Evaluating internal representation of mux trees.
  Analyzing evaluation results.
Running muxtree optimizer on module \spi_master_tx..
  Creating internal representation of mux trees.
  Evaluating internal representation of mux trees.
  Analyzing evaluation results.
Running muxtree optimizer on module \spi_master_rx..
  Creating internal representation of mux trees.
  Evaluating internal representation of mux trees.
  Analyzing evaluation results.
Running muxtree optimizer on module $paramod$83bc75265b358b15e6cbe03cbfc629e968b46589\apb_spi_master..
  Creating internal representation of mux trees.
  Evaluating internal representation of mux trees.
  Analyzing evaluation results.
Running muxtree optimizer on module \spi_master_controller..
  Creating internal representation of mux trees.
  Evaluating internal representation of mux trees.
  Analyzing evaluation results.
Running muxtree optimizer on module \spi_master_clkgen..
  Creating internal representation of mux trees.
  Evaluating internal representation of mux trees.
  Analyzing evaluation results.
Running muxtree optimizer on module $paramod$83bc75265b358b15e6cbe03cbfc629e968b46589\spi_master_apb_if..
  Creating internal representation of mux trees.
  Evaluating internal representation of mux trees.
  Analyzing evaluation results.
Running muxtree optimizer on module $paramod$dec9424b776ed6cf19510f938baf4f9a5bd62edc\spi_master_fifo..
  Creating internal representation of mux trees.
  Evaluating internal representation of mux trees.
  Analyzing evaluation results.
Running muxtree optimizer on module \axil_to_apb..
  Creating internal representation of mux trees.
  Evaluating internal representation of mux trees.
  Analyzing evaluation results.
Removed 0 multiplexer ports.
<suppressed ~533 debug messages>

11.8.18. Executing OPT_REDUCE pass (consolidate $*mux and $reduce_* inputs).
  Optimizing cells in module \pulp_spi_wrap.
  Optimizing cells in module \spi_master_tx.
  Optimizing cells in module \spi_master_rx.
  Optimizing cells in module $paramod$83bc75265b358b15e6cbe03cbfc629e968b46589\apb_spi_master.
  Optimizing cells in module \spi_master_controller.
  Optimizing cells in module \spi_master_clkgen.
  Optimizing cells in module $paramod$83bc75265b358b15e6cbe03cbfc629e968b46589\spi_master_apb_if.
  Optimizing cells in module $paramod$dec9424b776ed6cf19510f938baf4f9a5bd62edc\spi_master_fifo.
  Optimizing cells in module \axil_to_apb.
Performed a total of 0 changes.

11.8.19. Executing OPT_MERGE pass (detect identical cells).
Finding identical cells in module `\pulp_spi_wrap'.
Computing hashes of 75 cells of `\pulp_spi_wrap'.
Finding duplicate cells in `\pulp_spi_wrap'.
Finding identical cells in module `\spi_master_tx'.
Computing hashes of 44 cells of `\spi_master_tx'.
Finding duplicate cells in `\spi_master_tx'.
Finding identical cells in module `\spi_master_rx'.
Computing hashes of 59 cells of `\spi_master_rx'.
Finding duplicate cells in `\spi_master_rx'.
Finding identical cells in module `$paramod$83bc75265b358b15e6cbe03cbfc629e968b46589\apb_spi_master'.
Computing hashes of 57 cells of `$paramod$83bc75265b358b15e6cbe03cbfc629e968b46589\apb_spi_master'.
Finding duplicate cells in `$paramod$83bc75265b358b15e6cbe03cbfc629e968b46589\apb_spi_master'.
Finding identical cells in module `\spi_master_controller'.
Computing hashes of 244 cells of `\spi_master_controller'.
Finding duplicate cells in `\spi_master_controller'.
Finding identical cells in module `\spi_master_clkgen'.
Computing hashes of 17 cells of `\spi_master_clkgen'.
Finding duplicate cells in `\spi_master_clkgen'.
Finding identical cells in module `$paramod$83bc75265b358b15e6cbe03cbfc629e968b46589\spi_master_apb_if'.
Computing hashes of 69 cells of `$paramod$83bc75265b358b15e6cbe03cbfc629e968b46589\spi_master_apb_if'.
Finding duplicate cells in `$paramod$83bc75265b358b15e6cbe03cbfc629e968b46589\spi_master_apb_if'.
Finding identical cells in module `$paramod$dec9424b776ed6cf19510f938baf4f9a5bd62edc\spi_master_fifo'.
Computing hashes of 68 cells of `$paramod$dec9424b776ed6cf19510f938baf4f9a5bd62edc\spi_master_fifo'.
Finding duplicate cells in `$paramod$dec9424b776ed6cf19510f938baf4f9a5bd62edc\spi_master_fifo'.
Finding identical cells in module `\axil_to_apb'.
Computing hashes of 63 cells of `\axil_to_apb'.
Finding duplicate cells in `\axil_to_apb'.
Removed a total of 0 cells.

11.8.20. Executing OPT_DFF pass (perform DFF optimizations).

11.8.21. Executing OPT_CLEAN pass (remove unused cells and wires).
Finding unused cells or wires in module \pulp_spi_wrap..
Finding unused cells or wires in module \spi_master_tx..
Finding unused cells or wires in module \spi_master_rx..
Finding unused cells or wires in module $paramod$83bc75265b358b15e6cbe03cbfc629e968b46589\apb_spi_master..
Finding unused cells or wires in module \spi_master_controller..
Finding unused cells or wires in module \spi_master_clkgen..
Finding unused cells or wires in module $paramod$83bc75265b358b15e6cbe03cbfc629e968b46589\spi_master_apb_if..
Finding unused cells or wires in module $paramod$dec9424b776ed6cf19510f938baf4f9a5bd62edc\spi_master_fifo..
Finding unused cells or wires in module \axil_to_apb..

11.8.22. Executing OPT_EXPR pass (perform const folding).
Optimizing module pulp_spi_wrap.
Optimizing module spi_master_tx.
Optimizing module spi_master_rx.
Optimizing module $paramod$83bc75265b358b15e6cbe03cbfc629e968b46589\apb_spi_master.
Optimizing module spi_master_controller.
Optimizing module spi_master_clkgen.
Optimizing module $paramod$83bc75265b358b15e6cbe03cbfc629e968b46589\spi_master_apb_if.
Optimizing module $paramod$dec9424b776ed6cf19510f938baf4f9a5bd62edc\spi_master_fifo.
Optimizing module axil_to_apb.

11.8.23. Finished fast OPT passes. (There is nothing left to do.)

11.9. Executing WREDUCE pass (reducing word size of cells).
Removed top 4 bits (of 12) from port B of cell pulp_spi_wrap.$eq$../rtl/periph/pulp_spi_wrap.sv:88$235 ($eq).
Removed top 4 bits (of 12) from port B of cell pulp_spi_wrap.$eq$../rtl/periph/pulp_spi_wrap.sv:88$236 ($eq).
Removed top 4 bits (of 12) from port B of cell pulp_spi_wrap.$eq$../rtl/periph/pulp_spi_wrap.sv:128$252 ($eq).
Removed top 4 bits (of 12) from port B of cell pulp_spi_wrap.$eq$../rtl/periph/pulp_spi_wrap.sv:130$253 ($eq).
Removed top 4 bits (of 12) from port B of cell pulp_spi_wrap.$eq$../rtl/periph/pulp_spi_wrap.sv:164$262 ($eq).
Removed top 4 bits (of 12) from port B of cell pulp_spi_wrap.$eq$../rtl/periph/pulp_spi_wrap.sv:166$263 ($eq).
Removed top 8 bits (of 12) from port B of cell pulp_spi_wrap.$eq$../rtl/periph/pulp_spi_wrap.sv:211$289 ($eq).
Removed top 31 bits (of 32) from mux cell pulp_spi_wrap.$procmux$460 ($mux).
Removed top 24 bits (of 32) from mux cell pulp_spi_wrap.$procmux$463 ($mux).
Removed top 31 bits (of 32) from wire pulp_spi_wrap.$procmux$460_Y.
Removed top 24 bits (of 32) from wire pulp_spi_wrap.$procmux$463_Y.
Removed top 31 bits (of 32) from port B of cell spi_master_tx.$sub$../rtl/periph/pulp/spi/spi_master_tx.sv:59$225 ($sub).
Removed top 15 bits (of 32) from port Y of cell spi_master_tx.$sub$../rtl/periph/pulp/spi/spi_master_tx.sv:59$225 ($sub).
Removed top 31 bits (of 32) from port B of cell spi_master_tx.$add$../rtl/periph/pulp/spi/spi_master_tx.sv:84$230 ($add).
Removed top 16 bits (of 32) from port Y of cell spi_master_tx.$add$../rtl/periph/pulp/spi/spi_master_tx.sv:84$230 ($add).
Removed top 16 bits (of 32) from wire spi_master_tx.$add$../rtl/periph/pulp/spi/spi_master_tx.sv:84$230_Y.
Removed top 1 bits (of 3) from port B of cell spi_master_rx.$auto$fsm_map.cc:77:implement_pattern_cache$5718 ($eq).
Removed top 31 bits (of 32) from port B of cell spi_master_rx.$sub$../rtl/periph/pulp/spi/spi_master_rx.sv:55$208 ($sub).
Removed top 15 bits (of 32) from port Y of cell spi_master_rx.$sub$../rtl/periph/pulp/spi/spi_master_rx.sv:55$208 ($sub).
Removed top 31 bits (of 32) from port B of cell spi_master_rx.$add$../rtl/periph/pulp/spi/spi_master_rx.sv:79$212 ($add).
Removed top 16 bits (of 32) from port Y of cell spi_master_rx.$add$../rtl/periph/pulp/spi/spi_master_rx.sv:79$212 ($add).
Removed top 16 bits (of 32) from wire spi_master_rx.$add$../rtl/periph/pulp/spi/spi_master_rx.sv:79$212_Y.
Removed top 1 bits (of 2) from port B of cell $paramod$83bc75265b358b15e6cbe03cbfc629e968b46589\apb_spi_master.$auto$opt_dff.cc:235:make_patterns_logic$6170 ($ne).
Removed top 1 bits (of 2) from port B of cell $paramod$83bc75265b358b15e6cbe03cbfc629e968b46589\apb_spi_master.$auto$opt_dff.cc:235:make_patterns_logic$6167 ($ne).
Removed top 1 bits (of 2) from port B of cell $paramod$83bc75265b358b15e6cbe03cbfc629e968b46589\apb_spi_master.$auto$fsm_map.cc:77:implement_pattern_cache$5791 ($eq).
Removed top 1 bits (of 2) from port B of cell $paramod$83bc75265b358b15e6cbe03cbfc629e968b46589\apb_spi_master.$auto$fsm_map.cc:77:implement_pattern_cache$5761 ($eq).
Removed top 31 bits (of 32) from port B of cell $paramod$83bc75265b358b15e6cbe03cbfc629e968b46589\apb_spi_master.$add$../rtl/periph/pulp/spi/apb_spi_master.sv:149$364 ($add).
Removed top 27 bits (of 32) from port Y of cell $paramod$83bc75265b358b15e6cbe03cbfc629e968b46589\apb_spi_master.$add$../rtl/periph/pulp/spi/apb_spi_master.sv:149$364 ($add).
Removed top 31 bits (of 32) from port B of cell $paramod$83bc75265b358b15e6cbe03cbfc629e968b46589\apb_spi_master.$add$../rtl/periph/pulp/spi/apb_spi_master.sv:156$368 ($add).
Removed top 27 bits (of 32) from port Y of cell $paramod$83bc75265b358b15e6cbe03cbfc629e968b46589\apb_spi_master.$add$../rtl/periph/pulp/spi/apb_spi_master.sv:156$368 ($add).
Removed top 31 bits (of 32) from port B of cell $paramod$83bc75265b358b15e6cbe03cbfc629e968b46589\apb_spi_master.$sub$../rtl/periph/pulp/spi/apb_spi_master.sv:189$372 ($sub).
Removed top 26 bits (of 32) from port Y of cell $paramod$83bc75265b358b15e6cbe03cbfc629e968b46589\apb_spi_master.$sub$../rtl/periph/pulp/spi/apb_spi_master.sv:189$372 ($sub).
Removed top 31 bits (of 32) from port B of cell $paramod$83bc75265b358b15e6cbe03cbfc629e968b46589\apb_spi_master.$sub$../rtl/periph/pulp/spi/apb_spi_master.sv:230$378 ($sub).
Removed top 26 bits (of 32) from port Y of cell $paramod$83bc75265b358b15e6cbe03cbfc629e968b46589\apb_spi_master.$sub$../rtl/periph/pulp/spi/apb_spi_master.sv:230$378 ($sub).
Removed top 27 bits (of 32) from wire $paramod$83bc75265b358b15e6cbe03cbfc629e968b46589\apb_spi_master.$add$../rtl/periph/pulp/spi/apb_spi_master.sv:156$368_Y.
Removed top 27 bits (of 32) from wire $paramod$83bc75265b358b15e6cbe03cbfc629e968b46589\apb_spi_master.$add$../rtl/periph/pulp/spi/apb_spi_master.sv:149$364_Y.
Removed top 3 bits (of 32) from wire $paramod$83bc75265b358b15e6cbe03cbfc629e968b46589\apb_spi_master.spi_status.
Removed top 2 bits (of 6) from port B of cell spi_master_controller.$auto$fsm_map.cc:77:implement_pattern_cache$6051 ($eq).
Removed top 1 bits (of 4) from port B of cell spi_master_controller.$auto$fsm_map.cc:77:implement_pattern_cache$6033 ($eq).
Removed top 1 bits (of 5) from port B of cell spi_master_controller.$auto$fsm_map.cc:77:implement_pattern_cache$6025 ($eq).
Removed top 1 bits (of 4) from port B of cell spi_master_controller.$auto$fsm_map.cc:77:implement_pattern_cache$6013 ($eq).
Removed top 1 bits (of 5) from port B of cell spi_master_controller.$auto$fsm_map.cc:77:implement_pattern_cache$6005 ($eq).
Removed top 1 bits (of 6) from port B of cell spi_master_controller.$auto$fsm_map.cc:77:implement_pattern_cache$5992 ($eq).
Removed top 3 bits (of 4) from port B of cell spi_master_controller.$auto$fsm_map.cc:77:implement_pattern_cache$5826 ($eq).
Removed top 1 bits (of 2) from port B of cell spi_master_controller.$auto$fsm_map.cc:77:implement_pattern_cache$5812 ($eq).
Removed top 2 bits (of 3) from port B of cell spi_master_controller.$auto$fsm_map.cc:77:implement_pattern_cache$5808 ($eq).
Removed top 1 bits (of 2) from mux cell spi_master_controller.$ternary$../rtl/periph/pulp/spi/spi_master_controller.sv:231$110 ($mux).
Removed top 1 bits (of 2) from mux cell spi_master_controller.$ternary$../rtl/periph/pulp/spi/spi_master_controller.sv:262$116 ($mux).
Removed top 1 bits (of 2) from mux cell spi_master_controller.$ternary$../rtl/periph/pulp/spi/spi_master_controller.sv:475$140 ($mux).
Removed top 2 bits (of 3) from mux cell spi_master_controller.$procmux$1497 ($mux).
Removed top 2 bits (of 3) from mux cell spi_master_controller.$procmux$3381 ($mux).
Removed top 2 bits (of 3) from port B of cell spi_master_controller.$procmux$4715_CMP0 ($eq).
Removed top 1 bits (of 3) from port B of cell spi_master_controller.$procmux$4719_CMP0 ($eq).
Removed top 1 bits (of 3) from port B of cell spi_master_controller.$procmux$4720_CMP0 ($eq).
Removed top 1 bits (of 2) from wire spi_master_controller.$ternary$../rtl/periph/pulp/spi/spi_master_controller.sv:295$119_Y.
Removed top 1 bits (of 2) from wire spi_master_controller.$ternary$../rtl/periph/pulp/spi/spi_master_controller.sv:262$116_Y.
Removed top 1 bits (of 2) from wire spi_master_controller.$ternary$../rtl/periph/pulp/spi/spi_master_controller.sv:221$107_Y.
Removed top 2 bits (of 3) from wire spi_master_controller.$20\ctrl_data_mux[2:0].
Removed top 2 bits (of 3) from wire spi_master_controller.$13\ctrl_data_mux[2:0].
Removed top 31 bits (of 32) from port B of cell spi_master_clkgen.$add$../rtl/periph/pulp/spi/spi_master_clkgen.sv:51$91 ($add).
Removed top 24 bits (of 32) from port Y of cell spi_master_clkgen.$add$../rtl/periph/pulp/spi/spi_master_clkgen.sv:51$91 ($add).
Removed top 24 bits (of 32) from wire spi_master_clkgen.$add$../rtl/periph/pulp/spi/spi_master_clkgen.sv:51$91_Y.
Removed top 1 bits (of 4) from port B of cell $paramod$83bc75265b358b15e6cbe03cbfc629e968b46589\spi_master_apb_if.$eq$../rtl/periph/pulp/spi/spi_master_apb_if.sv:216$434 ($eq).
Removed top 1 bits (of 4) from port B of cell $paramod$83bc75265b358b15e6cbe03cbfc629e968b46589\spi_master_apb_if.$procmux$4973_CMP0 ($eq).
Removed top 2 bits (of 4) from port B of cell $paramod$83bc75265b358b15e6cbe03cbfc629e968b46589\spi_master_apb_if.$procmux$5006_CMP0 ($eq).
Removed top 1 bits (of 4) from port B of cell $paramod$83bc75265b358b15e6cbe03cbfc629e968b46589\spi_master_apb_if.$procmux$5013_CMP0 ($eq).
Removed top 2 bits (of 4) from port B of cell $paramod$83bc75265b358b15e6cbe03cbfc629e968b46589\spi_master_apb_if.$procmux$5021_CMP0 ($eq).
Removed top 3 bits (of 4) from port B of cell $paramod$83bc75265b358b15e6cbe03cbfc629e968b46589\spi_master_apb_if.$procmux$5031_CMP0 ($eq).
Removed top 1 bits (of 5) from port B of cell $paramod$dec9424b776ed6cf19510f938baf4f9a5bd62edc\spi_master_fifo.$eq$../rtl/periph/pulp/spi/spi_master_fifo.sv:46$383 ($eq).
Removed top 31 bits (of 32) from port B of cell $paramod$dec9424b776ed6cf19510f938baf4f9a5bd62edc\spi_master_fifo.$sub$../rtl/periph/pulp/spi/spi_master_fifo.sv:64$390 ($sub).
Removed top 27 bits (of 32) from port Y of cell $paramod$dec9424b776ed6cf19510f938baf4f9a5bd62edc\spi_master_fifo.$sub$../rtl/periph/pulp/spi/spi_master_fifo.sv:64$390 ($sub).
Removed top 31 bits (of 32) from port B of cell $paramod$dec9424b776ed6cf19510f938baf4f9a5bd62edc\spi_master_fifo.$add$../rtl/periph/pulp/spi/spi_master_fifo.sv:67$397 ($add).
Removed top 27 bits (of 32) from port Y of cell $paramod$dec9424b776ed6cf19510f938baf4f9a5bd62edc\spi_master_fifo.$add$../rtl/periph/pulp/spi/spi_master_fifo.sv:67$397 ($add).
Removed top 1 bits (of 4) from port B of cell $paramod$dec9424b776ed6cf19510f938baf4f9a5bd62edc\spi_master_fifo.$eq$../rtl/periph/pulp/spi/spi_master_fifo.sv:110$412 ($eq).
Removed top 31 bits (of 32) from port B of cell $paramod$dec9424b776ed6cf19510f938baf4f9a5bd62edc\spi_master_fifo.$add$../rtl/periph/pulp/spi/spi_master_fifo.sv:113$413 ($add).
Removed top 28 bits (of 32) from port Y of cell $paramod$dec9424b776ed6cf19510f938baf4f9a5bd62edc\spi_master_fifo.$add$../rtl/periph/pulp/spi/spi_master_fifo.sv:113$413 ($add).
Removed top 1 bits (of 4) from port B of cell $paramod$dec9424b776ed6cf19510f938baf4f9a5bd62edc\spi_master_fifo.$eq$../rtl/periph/pulp/spi/spi_master_fifo.sv:123$415 ($eq).
Removed top 31 bits (of 32) from port B of cell $paramod$dec9424b776ed6cf19510f938baf4f9a5bd62edc\spi_master_fifo.$add$../rtl/periph/pulp/spi/spi_master_fifo.sv:126$416 ($add).
Removed top 28 bits (of 32) from port Y of cell $paramod$dec9424b776ed6cf19510f938baf4f9a5bd62edc\spi_master_fifo.$add$../rtl/periph/pulp/spi/spi_master_fifo.sv:126$416 ($add).
Removed top 1 bits (of 3) from port B of cell $paramod$dec9424b776ed6cf19510f938baf4f9a5bd62edc\spi_master_fifo.$procmux$5039_CMP0 ($eq).
Removed top 1 bits (of 3) from port B of cell $paramod$dec9424b776ed6cf19510f938baf4f9a5bd62edc\spi_master_fifo.$procmux$5040_CMP0 ($eq).
Removed top 2 bits (of 3) from port B of cell $paramod$dec9424b776ed6cf19510f938baf4f9a5bd62edc\spi_master_fifo.$procmux$5041_CMP0 ($eq).
Removed top 1 bits (of 3) from port B of cell $paramod$dec9424b776ed6cf19510f938baf4f9a5bd62edc\spi_master_fifo.$procmux$5097_CMP0 ($eq).
Removed top 1 bits (of 3) from port B of cell $paramod$dec9424b776ed6cf19510f938baf4f9a5bd62edc\spi_master_fifo.$procmux$5107_CMP0 ($eq).
Removed top 2 bits (of 3) from port B of cell $paramod$dec9424b776ed6cf19510f938baf4f9a5bd62edc\spi_master_fifo.$procmux$5118_CMP0 ($eq).
Removed top 28 bits (of 32) from wire $paramod$dec9424b776ed6cf19510f938baf4f9a5bd62edc\spi_master_fifo.$add$../rtl/periph/pulp/spi/spi_master_fifo.sv:126$416_Y.
Removed top 28 bits (of 32) from wire $paramod$dec9424b776ed6cf19510f938baf4f9a5bd62edc\spi_master_fifo.$add$../rtl/periph/pulp/spi/spi_master_fifo.sv:113$413_Y.
Removed top 27 bits (of 32) from wire $paramod$dec9424b776ed6cf19510f938baf4f9a5bd62edc\spi_master_fifo.$add$../rtl/periph/pulp/spi/spi_master_fifo.sv:67$397_Y.
Removed top 27 bits (of 32) from wire $paramod$dec9424b776ed6cf19510f938baf4f9a5bd62edc\spi_master_fifo.$sub$../rtl/periph/pulp/spi/spi_master_fifo.sv:64$390_Y.
Removed top 1 bits (of 2) from port B of cell axil_to_apb.$auto$fsm_map.cc:77:implement_pattern_cache$6115 ($eq).
Removed top 1 bits (of 2) from port B of cell axil_to_apb.$eq$../rtl/periph/axil_to_apb.sv:135$20 ($eq).

11.10. Executing PEEPOPT pass (run peephole optimizers).

11.11. Executing OPT_CLEAN pass (remove unused cells and wires).
Finding unused cells or wires in module \pulp_spi_wrap..
Finding unused cells or wires in module \spi_master_tx..
Finding unused cells or wires in module \spi_master_rx..
Finding unused cells or wires in module $paramod$83bc75265b358b15e6cbe03cbfc629e968b46589\apb_spi_master..
Finding unused cells or wires in module \spi_master_controller..
Finding unused cells or wires in module \spi_master_clkgen..
Finding unused cells or wires in module $paramod$83bc75265b358b15e6cbe03cbfc629e968b46589\spi_master_apb_if..
Finding unused cells or wires in module $paramod$dec9424b776ed6cf19510f938baf4f9a5bd62edc\spi_master_fifo..
Finding unused cells or wires in module \axil_to_apb..
Removed 0 unused cells and 17 unused wires.
<suppressed ~7 debug messages>

11.12. Executing ALUMACC pass (create $alu and $macc cells).
Extracting $alu and $macc cells in module pulp_spi_wrap:
  creating $alu model for $gt$../rtl/periph/pulp_spi_wrap.sv:212$291 ($gt): new $alu
  creating $alu cell for $gt$../rtl/periph/pulp_spi_wrap.sv:212$291: $auto$alumacc.cc:512:replace_alu$6289
  created 1 $alu and 0 $macc cells.
Extracting $alu and $macc cells in module spi_master_tx:
  creating $macc model for $add$../rtl/periph/pulp/spi/spi_master_tx.sv:84$230 ($add).
  creating $macc model for $sub$../rtl/periph/pulp/spi/spi_master_tx.sv:59$225 ($sub).
  creating $alu model for $macc $sub$../rtl/periph/pulp/spi/spi_master_tx.sv:59$225.
  creating $alu model for $macc $add$../rtl/periph/pulp/spi/spi_master_tx.sv:84$230.
  creating $alu cell for $add$../rtl/periph/pulp/spi/spi_master_tx.sv:84$230: $auto$alumacc.cc:512:replace_alu$6300
  creating $alu cell for $sub$../rtl/periph/pulp/spi/spi_master_tx.sv:59$225: $auto$alumacc.cc:512:replace_alu$6303
  created 2 $alu and 0 $macc cells.
Extracting $alu and $macc cells in module spi_master_rx:
  creating $macc model for $add$../rtl/periph/pulp/spi/spi_master_rx.sv:79$212 ($add).
  creating $macc model for $sub$../rtl/periph/pulp/spi/spi_master_rx.sv:55$208 ($sub).
  creating $alu model for $macc $sub$../rtl/periph/pulp/spi/spi_master_rx.sv:55$208.
  creating $alu model for $macc $add$../rtl/periph/pulp/spi/spi_master_rx.sv:79$212.
  creating $alu cell for $add$../rtl/periph/pulp/spi/spi_master_rx.sv:79$212: $auto$alumacc.cc:512:replace_alu$6306
  creating $alu cell for $sub$../rtl/periph/pulp/spi/spi_master_rx.sv:55$208: $auto$alumacc.cc:512:replace_alu$6309
  created 2 $alu and 0 $macc cells.
Extracting $alu and $macc cells in module $paramod$83bc75265b358b15e6cbe03cbfc629e968b46589\apb_spi_master:
  creating $macc model for $sub$../rtl/periph/pulp/spi/apb_spi_master.sv:230$378 ($sub).
  creating $macc model for $sub$../rtl/periph/pulp/spi/apb_spi_master.sv:189$372 ($sub).
  creating $macc model for $add$../rtl/periph/pulp/spi/apb_spi_master.sv:156$368 ($add).
  creating $macc model for $add$../rtl/periph/pulp/spi/apb_spi_master.sv:149$364 ($add).
  creating $alu model for $macc $add$../rtl/periph/pulp/spi/apb_spi_master.sv:149$364.
  creating $alu model for $macc $add$../rtl/periph/pulp/spi/apb_spi_master.sv:156$368.
  creating $alu model for $macc $sub$../rtl/periph/pulp/spi/apb_spi_master.sv:189$372.
  creating $alu model for $macc $sub$../rtl/periph/pulp/spi/apb_spi_master.sv:230$378.
  creating $alu model for $ge$../rtl/periph/pulp/spi/apb_spi_master.sv:112$355 ($ge): new $alu
  creating $alu model for $le$../rtl/periph/pulp/spi/apb_spi_master.sv:111$354 ($le): new $alu
  creating $alu cell for $le$../rtl/periph/pulp/spi/apb_spi_master.sv:111$354: $auto$alumacc.cc:512:replace_alu$6314
  creating $alu cell for $ge$../rtl/periph/pulp/spi/apb_spi_master.sv:112$355: $auto$alumacc.cc:512:replace_alu$6323
  creating $alu cell for $sub$../rtl/periph/pulp/spi/apb_spi_master.sv:230$378: $auto$alumacc.cc:512:replace_alu$6336
  creating $alu cell for $sub$../rtl/periph/pulp/spi/apb_spi_master.sv:189$372: $auto$alumacc.cc:512:replace_alu$6339
  creating $alu cell for $add$../rtl/periph/pulp/spi/apb_spi_master.sv:156$368: $auto$alumacc.cc:512:replace_alu$6342
  creating $alu cell for $add$../rtl/periph/pulp/spi/apb_spi_master.sv:149$364: $auto$alumacc.cc:512:replace_alu$6345
  created 6 $alu and 0 $macc cells.
Extracting $alu and $macc cells in module spi_master_controller:
  created 0 $alu and 0 $macc cells.
Extracting $alu and $macc cells in module spi_master_clkgen:
  creating $macc model for $add$../rtl/periph/pulp/spi/spi_master_clkgen.sv:51$91 ($add).
  creating $alu model for $macc $add$../rtl/periph/pulp/spi/spi_master_clkgen.sv:51$91.
  creating $alu cell for $add$../rtl/periph/pulp/spi/spi_master_clkgen.sv:51$91: $auto$alumacc.cc:512:replace_alu$6348
  created 1 $alu and 0 $macc cells.
Extracting $alu and $macc cells in module $paramod$83bc75265b358b15e6cbe03cbfc629e968b46589\spi_master_apb_if:
  created 0 $alu and 0 $macc cells.
Extracting $alu and $macc cells in module $paramod$dec9424b776ed6cf19510f938baf4f9a5bd62edc\spi_master_fifo:
  creating $macc model for $add$../rtl/periph/pulp/spi/spi_master_fifo.sv:126$416 ($add).
  creating $macc model for $add$../rtl/periph/pulp/spi/spi_master_fifo.sv:113$413 ($add).
  creating $macc model for $add$../rtl/periph/pulp/spi/spi_master_fifo.sv:67$397 ($add).
  creating $macc model for $sub$../rtl/periph/pulp/spi/spi_master_fifo.sv:64$390 ($sub).
  creating $alu model for $macc $sub$../rtl/periph/pulp/spi/spi_master_fifo.sv:64$390.
  creating $alu model for $macc $add$../rtl/periph/pulp/spi/spi_master_fifo.sv:67$397.
  creating $alu model for $macc $add$../rtl/periph/pulp/spi/spi_master_fifo.sv:113$413.
  creating $alu model for $macc $add$../rtl/periph/pulp/spi/spi_master_fifo.sv:126$416.
  creating $alu cell for $add$../rtl/periph/pulp/spi/spi_master_fifo.sv:126$416: $auto$alumacc.cc:512:replace_alu$6351
  creating $alu cell for $add$../rtl/periph/pulp/spi/spi_master_fifo.sv:113$413: $auto$alumacc.cc:512:replace_alu$6354
  creating $alu cell for $add$../rtl/periph/pulp/spi/spi_master_fifo.sv:67$397: $auto$alumacc.cc:512:replace_alu$6357
  creating $alu cell for $sub$../rtl/periph/pulp/spi/spi_master_fifo.sv:64$390: $auto$alumacc.cc:512:replace_alu$6360
  created 4 $alu and 0 $macc cells.
Extracting $alu and $macc cells in module axil_to_apb:
  created 0 $alu and 0 $macc cells.

11.13. Executing SHARE pass (SAT-based resource sharing).

11.14. Executing OPT pass (performing simple optimizations).

11.14.1. Executing OPT_EXPR pass (perform const folding).
Optimizing module pulp_spi_wrap.
<suppressed ~1 debug messages>
Optimizing module spi_master_tx.
Optimizing module spi_master_rx.
Optimizing module $paramod$83bc75265b358b15e6cbe03cbfc629e968b46589\apb_spi_master.
Optimizing module spi_master_controller.
Optimizing module spi_master_clkgen.
Optimizing module $paramod$83bc75265b358b15e6cbe03cbfc629e968b46589\spi_master_apb_if.
Optimizing module $paramod$dec9424b776ed6cf19510f938baf4f9a5bd62edc\spi_master_fifo.
Optimizing module axil_to_apb.

11.14.2. Executing OPT_MERGE pass (detect identical cells).
Finding identical cells in module `\pulp_spi_wrap'.
Computing hashes of 79 cells of `\pulp_spi_wrap'.
Finding duplicate cells in `\pulp_spi_wrap'.
Finding identical cells in module `\spi_master_tx'.
Computing hashes of 44 cells of `\spi_master_tx'.
Finding duplicate cells in `\spi_master_tx'.
Finding identical cells in module `\spi_master_rx'.
Computing hashes of 59 cells of `\spi_master_rx'.
Finding duplicate cells in `\spi_master_rx'.
Finding identical cells in module `$paramod$83bc75265b358b15e6cbe03cbfc629e968b46589\apb_spi_master'.
Computing hashes of 65 cells of `$paramod$83bc75265b358b15e6cbe03cbfc629e968b46589\apb_spi_master'.
Finding duplicate cells in `$paramod$83bc75265b358b15e6cbe03cbfc629e968b46589\apb_spi_master'.
Finding identical cells in module `\spi_master_controller'.
Computing hashes of 244 cells of `\spi_master_controller'.
Finding duplicate cells in `\spi_master_controller'.
Finding identical cells in module `\spi_master_clkgen'.
Computing hashes of 17 cells of `\spi_master_clkgen'.
Finding duplicate cells in `\spi_master_clkgen'.
Finding identical cells in module `$paramod$83bc75265b358b15e6cbe03cbfc629e968b46589\spi_master_apb_if'.
Computing hashes of 69 cells of `$paramod$83bc75265b358b15e6cbe03cbfc629e968b46589\spi_master_apb_if'.
Finding duplicate cells in `$paramod$83bc75265b358b15e6cbe03cbfc629e968b46589\spi_master_apb_if'.
Finding identical cells in module `$paramod$dec9424b776ed6cf19510f938baf4f9a5bd62edc\spi_master_fifo'.
Computing hashes of 68 cells of `$paramod$dec9424b776ed6cf19510f938baf4f9a5bd62edc\spi_master_fifo'.
Finding duplicate cells in `$paramod$dec9424b776ed6cf19510f938baf4f9a5bd62edc\spi_master_fifo'.
Finding identical cells in module `\axil_to_apb'.
Computing hashes of 63 cells of `\axil_to_apb'.
Finding duplicate cells in `\axil_to_apb'.
Removed a total of 0 cells.

11.14.3. Executing OPT_MUXTREE pass (detect dead branches in mux trees).
Running muxtree optimizer on module \pulp_spi_wrap..
  Creating internal representation of mux trees.
  Evaluating internal representation of mux trees.
  Analyzing evaluation results.
Running muxtree optimizer on module \spi_master_tx..
  Creating internal representation of mux trees.
  Evaluating internal representation of mux trees.
  Analyzing evaluation results.
Running muxtree optimizer on module \spi_master_rx..
  Creating internal representation of mux trees.
  Evaluating internal representation of mux trees.
  Analyzing evaluation results.
Running muxtree optimizer on module $paramod$83bc75265b358b15e6cbe03cbfc629e968b46589\apb_spi_master..
  Creating internal representation of mux trees.
  Evaluating internal representation of mux trees.
  Analyzing evaluation results.
Running muxtree optimizer on module \spi_master_controller..
  Creating internal representation of mux trees.
  Evaluating internal representation of mux trees.
  Analyzing evaluation results.
Running muxtree optimizer on module \spi_master_clkgen..
  Creating internal representation of mux trees.
  Evaluating internal representation of mux trees.
  Analyzing evaluation results.
Running muxtree optimizer on module $paramod$83bc75265b358b15e6cbe03cbfc629e968b46589\spi_master_apb_if..
  Creating internal representation of mux trees.
  Evaluating internal representation of mux trees.
  Analyzing evaluation results.
Running muxtree optimizer on module $paramod$dec9424b776ed6cf19510f938baf4f9a5bd62edc\spi_master_fifo..
  Creating internal representation of mux trees.
  Evaluating internal representation of mux trees.
  Analyzing evaluation results.
Running muxtree optimizer on module \axil_to_apb..
  Creating internal representation of mux trees.
  Evaluating internal representation of mux trees.
  Analyzing evaluation results.
Removed 0 multiplexer ports.
<suppressed ~533 debug messages>

11.14.4. Executing OPT_REDUCE pass (consolidate $*mux and $reduce_* inputs).
  Optimizing cells in module \pulp_spi_wrap.
  Optimizing cells in module \spi_master_tx.
  Optimizing cells in module \spi_master_rx.
  Optimizing cells in module $paramod$83bc75265b358b15e6cbe03cbfc629e968b46589\apb_spi_master.
  Optimizing cells in module \spi_master_controller.
  Optimizing cells in module \spi_master_clkgen.
  Optimizing cells in module $paramod$83bc75265b358b15e6cbe03cbfc629e968b46589\spi_master_apb_if.
  Optimizing cells in module $paramod$dec9424b776ed6cf19510f938baf4f9a5bd62edc\spi_master_fifo.
  Optimizing cells in module \axil_to_apb.
Performed a total of 0 changes.

11.14.5. Executing OPT_MERGE pass (detect identical cells).
Finding identical cells in module `\pulp_spi_wrap'.
Computing hashes of 79 cells of `\pulp_spi_wrap'.
Finding duplicate cells in `\pulp_spi_wrap'.
Finding identical cells in module `\spi_master_tx'.
Computing hashes of 44 cells of `\spi_master_tx'.
Finding duplicate cells in `\spi_master_tx'.
Finding identical cells in module `\spi_master_rx'.
Computing hashes of 59 cells of `\spi_master_rx'.
Finding duplicate cells in `\spi_master_rx'.
Finding identical cells in module `$paramod$83bc75265b358b15e6cbe03cbfc629e968b46589\apb_spi_master'.
Computing hashes of 65 cells of `$paramod$83bc75265b358b15e6cbe03cbfc629e968b46589\apb_spi_master'.
Finding duplicate cells in `$paramod$83bc75265b358b15e6cbe03cbfc629e968b46589\apb_spi_master'.
Finding identical cells in module `\spi_master_controller'.
Computing hashes of 244 cells of `\spi_master_controller'.
Finding duplicate cells in `\spi_master_controller'.
Computing hashes of 243 cells of `\spi_master_controller'.
Finding duplicate cells in `\spi_master_controller'.
<suppressed ~3 debug messages>
Finding identical cells in module `\spi_master_clkgen'.
Computing hashes of 17 cells of `\spi_master_clkgen'.
Finding duplicate cells in `\spi_master_clkgen'.
Finding identical cells in module `$paramod$83bc75265b358b15e6cbe03cbfc629e968b46589\spi_master_apb_if'.
Computing hashes of 69 cells of `$paramod$83bc75265b358b15e6cbe03cbfc629e968b46589\spi_master_apb_if'.
Finding duplicate cells in `$paramod$83bc75265b358b15e6cbe03cbfc629e968b46589\spi_master_apb_if'.
Finding identical cells in module `$paramod$dec9424b776ed6cf19510f938baf4f9a5bd62edc\spi_master_fifo'.
Computing hashes of 68 cells of `$paramod$dec9424b776ed6cf19510f938baf4f9a5bd62edc\spi_master_fifo'.
Finding duplicate cells in `$paramod$dec9424b776ed6cf19510f938baf4f9a5bd62edc\spi_master_fifo'.
Finding identical cells in module `\axil_to_apb'.
Computing hashes of 63 cells of `\axil_to_apb'.
Finding duplicate cells in `\axil_to_apb'.
Removed a total of 1 cells.

11.14.6. Executing OPT_DFF pass (perform DFF optimizations).
Setting constant 0-bit at position 8 on $auto$ff.cc:337:slice$6132 ($adffe) from module pulp_spi_wrap.
Setting constant 0-bit at position 9 on $auto$ff.cc:337:slice$6132 ($adffe) from module pulp_spi_wrap.
Setting constant 0-bit at position 10 on $auto$ff.cc:337:slice$6132 ($adffe) from module pulp_spi_wrap.
Setting constant 0-bit at position 11 on $auto$ff.cc:337:slice$6132 ($adffe) from module pulp_spi_wrap.
Setting constant 0-bit at position 12 on $auto$ff.cc:337:slice$6132 ($adffe) from module pulp_spi_wrap.
Setting constant 0-bit at position 13 on $auto$ff.cc:337:slice$6132 ($adffe) from module pulp_spi_wrap.
Setting constant 0-bit at position 14 on $auto$ff.cc:337:slice$6132 ($adffe) from module pulp_spi_wrap.
Setting constant 0-bit at position 15 on $auto$ff.cc:337:slice$6132 ($adffe) from module pulp_spi_wrap.
Setting constant 0-bit at position 16 on $auto$ff.cc:337:slice$6132 ($adffe) from module pulp_spi_wrap.
Setting constant 0-bit at position 17 on $auto$ff.cc:337:slice$6132 ($adffe) from module pulp_spi_wrap.
Setting constant 0-bit at position 18 on $auto$ff.cc:337:slice$6132 ($adffe) from module pulp_spi_wrap.
Setting constant 0-bit at position 19 on $auto$ff.cc:337:slice$6132 ($adffe) from module pulp_spi_wrap.
Setting constant 0-bit at position 20 on $auto$ff.cc:337:slice$6132 ($adffe) from module pulp_spi_wrap.
Setting constant 0-bit at position 21 on $auto$ff.cc:337:slice$6132 ($adffe) from module pulp_spi_wrap.
Setting constant 0-bit at position 22 on $auto$ff.cc:337:slice$6132 ($adffe) from module pulp_spi_wrap.
Setting constant 0-bit at position 23 on $auto$ff.cc:337:slice$6132 ($adffe) from module pulp_spi_wrap.
Setting constant 0-bit at position 24 on $auto$ff.cc:337:slice$6132 ($adffe) from module pulp_spi_wrap.
Setting constant 0-bit at position 25 on $auto$ff.cc:337:slice$6132 ($adffe) from module pulp_spi_wrap.
Setting constant 0-bit at position 26 on $auto$ff.cc:337:slice$6132 ($adffe) from module pulp_spi_wrap.
Setting constant 0-bit at position 27 on $auto$ff.cc:337:slice$6132 ($adffe) from module pulp_spi_wrap.
Setting constant 0-bit at position 28 on $auto$ff.cc:337:slice$6132 ($adffe) from module pulp_spi_wrap.
Setting constant 0-bit at position 29 on $auto$ff.cc:337:slice$6132 ($adffe) from module pulp_spi_wrap.
Setting constant 0-bit at position 30 on $auto$ff.cc:337:slice$6132 ($adffe) from module pulp_spi_wrap.
Setting constant 0-bit at position 31 on $auto$ff.cc:337:slice$6132 ($adffe) from module pulp_spi_wrap.

11.14.7. Executing OPT_CLEAN pass (remove unused cells and wires).
Finding unused cells or wires in module \pulp_spi_wrap..
Finding unused cells or wires in module \spi_master_tx..
Finding unused cells or wires in module \spi_master_rx..
Finding unused cells or wires in module $paramod$83bc75265b358b15e6cbe03cbfc629e968b46589\apb_spi_master..
Finding unused cells or wires in module \spi_master_controller..
Finding unused cells or wires in module \spi_master_clkgen..
Finding unused cells or wires in module $paramod$83bc75265b358b15e6cbe03cbfc629e968b46589\spi_master_apb_if..
Finding unused cells or wires in module $paramod$dec9424b776ed6cf19510f938baf4f9a5bd62edc\spi_master_fifo..
Finding unused cells or wires in module \axil_to_apb..
Removed 1 unused cells and 5 unused wires.
<suppressed ~4 debug messages>

11.14.8. Executing OPT_EXPR pass (perform const folding).
Optimizing module pulp_spi_wrap.
Optimizing module spi_master_tx.
Optimizing module spi_master_rx.
Optimizing module $paramod$83bc75265b358b15e6cbe03cbfc629e968b46589\apb_spi_master.
Optimizing module spi_master_controller.
Optimizing module spi_master_clkgen.
Optimizing module $paramod$83bc75265b358b15e6cbe03cbfc629e968b46589\spi_master_apb_if.
Optimizing module $paramod$dec9424b776ed6cf19510f938baf4f9a5bd62edc\spi_master_fifo.
Optimizing module axil_to_apb.

11.14.9. Rerunning OPT passes. (Maybe there is more to do..)

11.14.10. Executing OPT_MUXTREE pass (detect dead branches in mux trees).
Running muxtree optimizer on module \pulp_spi_wrap..
  Creating internal representation of mux trees.
  Evaluating internal representation of mux trees.
  Analyzing evaluation results.
Running muxtree optimizer on module \spi_master_tx..
  Creating internal representation of mux trees.
  Evaluating internal representation of mux trees.
  Analyzing evaluation results.
Running muxtree optimizer on module \spi_master_rx..
  Creating internal representation of mux trees.
  Evaluating internal representation of mux trees.
  Analyzing evaluation results.
Running muxtree optimizer on module $paramod$83bc75265b358b15e6cbe03cbfc629e968b46589\apb_spi_master..
  Creating internal representation of mux trees.
  Evaluating internal representation of mux trees.
  Analyzing evaluation results.
Running muxtree optimizer on module \spi_master_controller..
  Creating internal representation of mux trees.
  Evaluating internal representation of mux trees.
  Analyzing evaluation results.
Running muxtree optimizer on module \spi_master_clkgen..
  Creating internal representation of mux trees.
  Evaluating internal representation of mux trees.
  Analyzing evaluation results.
Running muxtree optimizer on module $paramod$83bc75265b358b15e6cbe03cbfc629e968b46589\spi_master_apb_if..
  Creating internal representation of mux trees.
  Evaluating internal representation of mux trees.
  Analyzing evaluation results.
Running muxtree optimizer on module $paramod$dec9424b776ed6cf19510f938baf4f9a5bd62edc\spi_master_fifo..
  Creating internal representation of mux trees.
  Evaluating internal representation of mux trees.
  Analyzing evaluation results.
Running muxtree optimizer on module \axil_to_apb..
  Creating internal representation of mux trees.
  Evaluating internal representation of mux trees.
  Analyzing evaluation results.
Removed 0 multiplexer ports.
<suppressed ~531 debug messages>

11.14.11. Executing OPT_REDUCE pass (consolidate $*mux and $reduce_* inputs).
  Optimizing cells in module \pulp_spi_wrap.
  Optimizing cells in module \spi_master_tx.
  Optimizing cells in module \spi_master_rx.
  Optimizing cells in module $paramod$83bc75265b358b15e6cbe03cbfc629e968b46589\apb_spi_master.
  Optimizing cells in module \spi_master_controller.
  Optimizing cells in module \spi_master_clkgen.
  Optimizing cells in module $paramod$83bc75265b358b15e6cbe03cbfc629e968b46589\spi_master_apb_if.
  Optimizing cells in module $paramod$dec9424b776ed6cf19510f938baf4f9a5bd62edc\spi_master_fifo.
  Optimizing cells in module \axil_to_apb.
Performed a total of 0 changes.

11.14.12. Executing OPT_MERGE pass (detect identical cells).
Finding identical cells in module `\pulp_spi_wrap'.
Computing hashes of 78 cells of `\pulp_spi_wrap'.
Finding duplicate cells in `\pulp_spi_wrap'.
Finding identical cells in module `\spi_master_tx'.
Computing hashes of 44 cells of `\spi_master_tx'.
Finding duplicate cells in `\spi_master_tx'.
Finding identical cells in module `\spi_master_rx'.
Computing hashes of 59 cells of `\spi_master_rx'.
Finding duplicate cells in `\spi_master_rx'.
Finding identical cells in module `$paramod$83bc75265b358b15e6cbe03cbfc629e968b46589\apb_spi_master'.
Computing hashes of 65 cells of `$paramod$83bc75265b358b15e6cbe03cbfc629e968b46589\apb_spi_master'.
Finding duplicate cells in `$paramod$83bc75265b358b15e6cbe03cbfc629e968b46589\apb_spi_master'.
Finding identical cells in module `\spi_master_controller'.
Computing hashes of 243 cells of `\spi_master_controller'.
Finding duplicate cells in `\spi_master_controller'.
Finding identical cells in module `\spi_master_clkgen'.
Computing hashes of 17 cells of `\spi_master_clkgen'.
Finding duplicate cells in `\spi_master_clkgen'.
Finding identical cells in module `$paramod$83bc75265b358b15e6cbe03cbfc629e968b46589\spi_master_apb_if'.
Computing hashes of 69 cells of `$paramod$83bc75265b358b15e6cbe03cbfc629e968b46589\spi_master_apb_if'.
Finding duplicate cells in `$paramod$83bc75265b358b15e6cbe03cbfc629e968b46589\spi_master_apb_if'.
Finding identical cells in module `$paramod$dec9424b776ed6cf19510f938baf4f9a5bd62edc\spi_master_fifo'.
Computing hashes of 68 cells of `$paramod$dec9424b776ed6cf19510f938baf4f9a5bd62edc\spi_master_fifo'.
Finding duplicate cells in `$paramod$dec9424b776ed6cf19510f938baf4f9a5bd62edc\spi_master_fifo'.
Finding identical cells in module `\axil_to_apb'.
Computing hashes of 63 cells of `\axil_to_apb'.
Finding duplicate cells in `\axil_to_apb'.
Removed a total of 0 cells.

11.14.13. Executing OPT_DFF pass (perform DFF optimizations).

11.14.14. Executing OPT_CLEAN pass (remove unused cells and wires).
Finding unused cells or wires in module \pulp_spi_wrap..
Finding unused cells or wires in module \spi_master_tx..
Finding unused cells or wires in module \spi_master_rx..
Finding unused cells or wires in module $paramod$83bc75265b358b15e6cbe03cbfc629e968b46589\apb_spi_master..
Finding unused cells or wires in module \spi_master_controller..
Finding unused cells or wires in module \spi_master_clkgen..
Finding unused cells or wires in module $paramod$83bc75265b358b15e6cbe03cbfc629e968b46589\spi_master_apb_if..
Finding unused cells or wires in module $paramod$dec9424b776ed6cf19510f938baf4f9a5bd62edc\spi_master_fifo..
Finding unused cells or wires in module \axil_to_apb..

11.14.15. Executing OPT_EXPR pass (perform const folding).
Optimizing module pulp_spi_wrap.
Optimizing module spi_master_tx.
Optimizing module spi_master_rx.
Optimizing module $paramod$83bc75265b358b15e6cbe03cbfc629e968b46589\apb_spi_master.
Optimizing module spi_master_controller.
Optimizing module spi_master_clkgen.
Optimizing module $paramod$83bc75265b358b15e6cbe03cbfc629e968b46589\spi_master_apb_if.
Optimizing module $paramod$dec9424b776ed6cf19510f938baf4f9a5bd62edc\spi_master_fifo.
Optimizing module axil_to_apb.

11.14.16. Finished fast OPT passes. (There is nothing left to do.)

11.15. Executing MEMORY pass.

11.15.1. Executing OPT_MEM pass (optimize memories).
Performed a total of 0 transformations.

11.15.2. Executing OPT_MEM_PRIORITY pass (removing unnecessary memory write priority relations).
Performed a total of 0 transformations.

11.15.3. Executing OPT_MEM_FEEDBACK pass (finding memory read-to-write feedback paths).

11.15.4. Executing MEMORY_BMUX2ROM pass (converting muxes to ROMs).

11.15.5. Executing MEMORY_DFF pass (merging $dff cells to $memrd).

11.15.6. Executing OPT_CLEAN pass (remove unused cells and wires).
Finding unused cells or wires in module \pulp_spi_wrap..
Finding unused cells or wires in module \spi_master_tx..
Finding unused cells or wires in module \spi_master_rx..
Finding unused cells or wires in module $paramod$83bc75265b358b15e6cbe03cbfc629e968b46589\apb_spi_master..
Finding unused cells or wires in module \spi_master_controller..
Finding unused cells or wires in module \spi_master_clkgen..
Finding unused cells or wires in module $paramod$83bc75265b358b15e6cbe03cbfc629e968b46589\spi_master_apb_if..
Finding unused cells or wires in module $paramod$dec9424b776ed6cf19510f938baf4f9a5bd62edc\spi_master_fifo..
Finding unused cells or wires in module \axil_to_apb..

11.15.7. Executing MEMORY_SHARE pass (consolidating $memrd/$memwr cells).

11.15.8. Executing OPT_MEM_WIDEN pass (optimize memories where all ports are wide).
Performed a total of 0 transformations.

11.15.9. Executing OPT_CLEAN pass (remove unused cells and wires).
Finding unused cells or wires in module \pulp_spi_wrap..
Finding unused cells or wires in module \spi_master_tx..
Finding unused cells or wires in module \spi_master_rx..
Finding unused cells or wires in module $paramod$83bc75265b358b15e6cbe03cbfc629e968b46589\apb_spi_master..
Finding unused cells or wires in module \spi_master_controller..
Finding unused cells or wires in module \spi_master_clkgen..
Finding unused cells or wires in module $paramod$83bc75265b358b15e6cbe03cbfc629e968b46589\spi_master_apb_if..
Finding unused cells or wires in module $paramod$dec9424b776ed6cf19510f938baf4f9a5bd62edc\spi_master_fifo..
Finding unused cells or wires in module \axil_to_apb..

11.15.10. Executing MEMORY_COLLECT pass (generating $mem cells).

11.16. Executing OPT_CLEAN pass (remove unused cells and wires).
Finding unused cells or wires in module \pulp_spi_wrap..
Finding unused cells or wires in module \spi_master_tx..
Finding unused cells or wires in module \spi_master_rx..
Finding unused cells or wires in module $paramod$83bc75265b358b15e6cbe03cbfc629e968b46589\apb_spi_master..
Finding unused cells or wires in module \spi_master_controller..
Finding unused cells or wires in module \spi_master_clkgen..
Finding unused cells or wires in module $paramod$83bc75265b358b15e6cbe03cbfc629e968b46589\spi_master_apb_if..
Finding unused cells or wires in module $paramod$dec9424b776ed6cf19510f938baf4f9a5bd62edc\spi_master_fifo..
Finding unused cells or wires in module \axil_to_apb..

11.17. Executing OPT pass (performing simple optimizations).

11.17.1. Executing OPT_EXPR pass (perform const folding).
Optimizing module pulp_spi_wrap.
<suppressed ~5 debug messages>
Optimizing module spi_master_tx.
<suppressed ~14 debug messages>
Optimizing module spi_master_rx.
<suppressed ~11 debug messages>
Optimizing module $paramod$83bc75265b358b15e6cbe03cbfc629e968b46589\apb_spi_master.
<suppressed ~6 debug messages>
Optimizing module spi_master_controller.
<suppressed ~57 debug messages>
Optimizing module spi_master_clkgen.
<suppressed ~4 debug messages>
Optimizing module $paramod$83bc75265b358b15e6cbe03cbfc629e968b46589\spi_master_apb_if.
<suppressed ~12 debug messages>
Optimizing module $paramod$dec9424b776ed6cf19510f938baf4f9a5bd62edc\spi_master_fifo.
<suppressed ~4 debug messages>
Optimizing module axil_to_apb.
<suppressed ~7 debug messages>

11.17.2. Executing OPT_MERGE pass (detect identical cells).
Finding identical cells in module `\pulp_spi_wrap'.
Computing hashes of 78 cells of `\pulp_spi_wrap'.
Finding duplicate cells in `\pulp_spi_wrap'.
Finding identical cells in module `\spi_master_tx'.
Computing hashes of 38 cells of `\spi_master_tx'.
Finding duplicate cells in `\spi_master_tx'.
Finding identical cells in module `\spi_master_rx'.
Computing hashes of 55 cells of `\spi_master_rx'.
Finding duplicate cells in `\spi_master_rx'.
Finding identical cells in module `$paramod$83bc75265b358b15e6cbe03cbfc629e968b46589\apb_spi_master'.
Computing hashes of 61 cells of `$paramod$83bc75265b358b15e6cbe03cbfc629e968b46589\apb_spi_master'.
Finding duplicate cells in `$paramod$83bc75265b358b15e6cbe03cbfc629e968b46589\apb_spi_master'.
Finding identical cells in module `\spi_master_controller'.
Computing hashes of 224 cells of `\spi_master_controller'.
Finding duplicate cells in `\spi_master_controller'.
Computing hashes of 221 cells of `\spi_master_controller'.
Finding duplicate cells in `\spi_master_controller'.
<suppressed ~9 debug messages>
Finding identical cells in module `\spi_master_clkgen'.
Computing hashes of 17 cells of `\spi_master_clkgen'.
Finding duplicate cells in `\spi_master_clkgen'.
Computing hashes of 16 cells of `\spi_master_clkgen'.
Finding duplicate cells in `\spi_master_clkgen'.
<suppressed ~3 debug messages>
Finding identical cells in module `$paramod$83bc75265b358b15e6cbe03cbfc629e968b46589\spi_master_apb_if'.
Computing hashes of 68 cells of `$paramod$83bc75265b358b15e6cbe03cbfc629e968b46589\spi_master_apb_if'.
Finding duplicate cells in `$paramod$83bc75265b358b15e6cbe03cbfc629e968b46589\spi_master_apb_if'.
Finding identical cells in module `$paramod$dec9424b776ed6cf19510f938baf4f9a5bd62edc\spi_master_fifo'.
Computing hashes of 65 cells of `$paramod$dec9424b776ed6cf19510f938baf4f9a5bd62edc\spi_master_fifo'.
Finding duplicate cells in `$paramod$dec9424b776ed6cf19510f938baf4f9a5bd62edc\spi_master_fifo'.
Finding identical cells in module `\axil_to_apb'.
Computing hashes of 59 cells of `\axil_to_apb'.
Finding duplicate cells in `\axil_to_apb'.
Removed a total of 4 cells.

11.17.3. Executing OPT_DFF pass (perform DFF optimizations).

11.17.4. Executing OPT_CLEAN pass (remove unused cells and wires).
Finding unused cells or wires in module \pulp_spi_wrap..
Finding unused cells or wires in module \spi_master_tx..
Finding unused cells or wires in module \spi_master_rx..
Finding unused cells or wires in module $paramod$83bc75265b358b15e6cbe03cbfc629e968b46589\apb_spi_master..
Finding unused cells or wires in module \spi_master_controller..
Finding unused cells or wires in module \spi_master_clkgen..
Finding unused cells or wires in module $paramod$83bc75265b358b15e6cbe03cbfc629e968b46589\spi_master_apb_if..
Finding unused cells or wires in module $paramod$dec9424b776ed6cf19510f938baf4f9a5bd62edc\spi_master_fifo..
Finding unused cells or wires in module \axil_to_apb..
Removed 1 unused cells and 38 unused wires.
<suppressed ~9 debug messages>

11.17.5. Finished fast OPT passes.

11.18. Executing MEMORY_MAP pass (converting memories to logic and flip-flops).

11.19. Executing OPT pass (performing simple optimizations).

11.19.1. Executing OPT_EXPR pass (perform const folding).
Optimizing module pulp_spi_wrap.
Optimizing module spi_master_tx.
Optimizing module spi_master_rx.
Optimizing module $paramod$83bc75265b358b15e6cbe03cbfc629e968b46589\apb_spi_master.
Optimizing module spi_master_controller.
Optimizing module spi_master_clkgen.
Optimizing module $paramod$83bc75265b358b15e6cbe03cbfc629e968b46589\spi_master_apb_if.
Optimizing module $paramod$dec9424b776ed6cf19510f938baf4f9a5bd62edc\spi_master_fifo.
Optimizing module axil_to_apb.
<suppressed ~1 debug messages>

11.19.2. Executing OPT_MERGE pass (detect identical cells).
Finding identical cells in module `\pulp_spi_wrap'.
Computing hashes of 78 cells of `\pulp_spi_wrap'.
Finding duplicate cells in `\pulp_spi_wrap'.
Finding identical cells in module `\spi_master_tx'.
Computing hashes of 38 cells of `\spi_master_tx'.
Finding duplicate cells in `\spi_master_tx'.
Finding identical cells in module `\spi_master_rx'.
Computing hashes of 55 cells of `\spi_master_rx'.
Finding duplicate cells in `\spi_master_rx'.
Finding identical cells in module `$paramod$83bc75265b358b15e6cbe03cbfc629e968b46589\apb_spi_master'.
Computing hashes of 61 cells of `$paramod$83bc75265b358b15e6cbe03cbfc629e968b46589\apb_spi_master'.
Finding duplicate cells in `$paramod$83bc75265b358b15e6cbe03cbfc629e968b46589\apb_spi_master'.
Finding identical cells in module `\spi_master_controller'.
Computing hashes of 221 cells of `\spi_master_controller'.
Finding duplicate cells in `\spi_master_controller'.
Finding identical cells in module `\spi_master_clkgen'.
Computing hashes of 16 cells of `\spi_master_clkgen'.
Finding duplicate cells in `\spi_master_clkgen'.
Finding identical cells in module `$paramod$83bc75265b358b15e6cbe03cbfc629e968b46589\spi_master_apb_if'.
Computing hashes of 68 cells of `$paramod$83bc75265b358b15e6cbe03cbfc629e968b46589\spi_master_apb_if'.
Finding duplicate cells in `$paramod$83bc75265b358b15e6cbe03cbfc629e968b46589\spi_master_apb_if'.
Finding identical cells in module `$paramod$dec9424b776ed6cf19510f938baf4f9a5bd62edc\spi_master_fifo'.
Computing hashes of 64 cells of `$paramod$dec9424b776ed6cf19510f938baf4f9a5bd62edc\spi_master_fifo'.
Finding duplicate cells in `$paramod$dec9424b776ed6cf19510f938baf4f9a5bd62edc\spi_master_fifo'.
Finding identical cells in module `\axil_to_apb'.
Computing hashes of 59 cells of `\axil_to_apb'.
Finding duplicate cells in `\axil_to_apb'.
Removed a total of 0 cells.

11.19.3. Executing OPT_MUXTREE pass (detect dead branches in mux trees).
Running muxtree optimizer on module \pulp_spi_wrap..
  Creating internal representation of mux trees.
  Evaluating internal representation of mux trees.
  Analyzing evaluation results.
Running muxtree optimizer on module \spi_master_tx..
  Creating internal representation of mux trees.
  Evaluating internal representation of mux trees.
  Analyzing evaluation results.
Running muxtree optimizer on module \spi_master_rx..
  Creating internal representation of mux trees.
  Evaluating internal representation of mux trees.
  Analyzing evaluation results.
Running muxtree optimizer on module $paramod$83bc75265b358b15e6cbe03cbfc629e968b46589\apb_spi_master..
  Creating internal representation of mux trees.
  Evaluating internal representation of mux trees.
  Analyzing evaluation results.
Running muxtree optimizer on module \spi_master_controller..
  Creating internal representation of mux trees.
  Evaluating internal representation of mux trees.
  Analyzing evaluation results.
Running muxtree optimizer on module \spi_master_clkgen..
  Creating internal representation of mux trees.
  Evaluating internal representation of mux trees.
  Analyzing evaluation results.
Running muxtree optimizer on module $paramod$83bc75265b358b15e6cbe03cbfc629e968b46589\spi_master_apb_if..
  Creating internal representation of mux trees.
  Evaluating internal representation of mux trees.
  Analyzing evaluation results.
Running muxtree optimizer on module $paramod$dec9424b776ed6cf19510f938baf4f9a5bd62edc\spi_master_fifo..
  Creating internal representation of mux trees.
  Evaluating internal representation of mux trees.
  Analyzing evaluation results.
Running muxtree optimizer on module \axil_to_apb..
  Creating internal representation of mux trees.
  Evaluating internal representation of mux trees.
  Analyzing evaluation results.
Removed 0 multiplexer ports.
<suppressed ~269 debug messages>

11.19.4. Executing OPT_REDUCE pass (consolidate $*mux and $reduce_* inputs).
  Optimizing cells in module \pulp_spi_wrap.
  Optimizing cells in module \spi_master_tx.
    Consolidated identical input bits for $mux cell $ternary$../rtl/periph/pulp/spi/spi_master_tx.sv:85$231:
      Old ports: A={ \data_int [30:0] 1'0 }, B={ \data_int [27:0] 4'0000 }, Y=$ternary$../rtl/periph/pulp/spi/spi_master_tx.sv:85$231_Y
      New ports: A=\data_int [30:0], B={ \data_int [27:0] 3'000 }, Y=$ternary$../rtl/periph/pulp/spi/spi_master_tx.sv:85$231_Y [31:1]
      New connections: $ternary$../rtl/periph/pulp/spi/spi_master_tx.sv:85$231_Y [0] = 1'0
  Optimizing cells in module \spi_master_tx.
  Optimizing cells in module \spi_master_rx.
  Optimizing cells in module $paramod$83bc75265b358b15e6cbe03cbfc629e968b46589\apb_spi_master.
  Optimizing cells in module \spi_master_controller.
    Consolidated identical input bits for $mux cell $procmux$3242:
      Old ports: A=3'100, B=3'001, Y=$14\ctrl_data_mux[2:0]
      New ports: A=2'10, B=2'01, Y={ $14\ctrl_data_mux[2:0] [2] $14\ctrl_data_mux[2:0] [0] }
      New connections: $14\ctrl_data_mux[2:0] [1] = 1'0
    Consolidated identical input bits for $mux cell $ternary$../rtl/periph/pulp/spi/spi_master_controller.sv:505$142:
      Old ports: A=2'00, B=2'10, Y=$ternary$../rtl/periph/pulp/spi/spi_master_controller.sv:312$123_Y
      New ports: A=1'0, B=1'1, Y=$ternary$../rtl/periph/pulp/spi/spi_master_controller.sv:312$123_Y [1]
      New connections: $ternary$../rtl/periph/pulp/spi/spi_master_controller.sv:312$123_Y [0] = 1'0
    Consolidated identical input bits for $mux cell $ternary$../rtl/periph/pulp/spi/spi_master_controller.sv:243$113:
      Old ports: A=2'00, B=2'10, Y=$ternary$../rtl/periph/pulp/spi/spi_master_controller.sv:243$113_Y
      New ports: A=1'0, B=1'1, Y=$ternary$../rtl/periph/pulp/spi/spi_master_controller.sv:243$113_Y [1]
      New connections: $ternary$../rtl/periph/pulp/spi/spi_master_controller.sv:243$113_Y [0] = 1'0
  Optimizing cells in module \spi_master_controller.
    Consolidated identical input bits for $mux cell $procmux$1774:
      Old ports: A=$14\ctrl_data_mux[2:0], B={ 2'00 $13\counter_tx_valid[0:0] }, Y=$12\ctrl_data_mux[2:0]
      New ports: A={ $14\ctrl_data_mux[2:0] [2] $14\ctrl_data_mux[2:0] [0] }, B={ 1'0 $13\counter_tx_valid[0:0] }, Y={ $12\ctrl_data_mux[2:0] [2] $12\ctrl_data_mux[2:0] [0] }
      New connections: $12\ctrl_data_mux[2:0] [1] = 1'0
    Consolidated identical input bits for $mux cell $procmux$3576:
      Old ports: A=$14\ctrl_data_mux[2:0], B={ 2'00 $13\counter_tx_valid[0:0] }, Y=$6\ctrl_data_mux[2:0]
      New ports: A={ $14\ctrl_data_mux[2:0] [2] $14\ctrl_data_mux[2:0] [0] }, B={ 1'0 $13\counter_tx_valid[0:0] }, Y={ $6\ctrl_data_mux[2:0] [2] $6\ctrl_data_mux[2:0] [0] }
      New connections: $6\ctrl_data_mux[2:0] [1] = 1'0
  Optimizing cells in module \spi_master_controller.
    Consolidated identical input bits for $mux cell $procmux$1943:
      Old ports: A=3'000, B=$12\ctrl_data_mux[2:0], Y=$11\ctrl_data_mux[2:0]
      New ports: A=2'00, B={ $12\ctrl_data_mux[2:0] [2] $12\ctrl_data_mux[2:0] [0] }, Y={ $11\ctrl_data_mux[2:0] [2] $11\ctrl_data_mux[2:0] [0] }
      New connections: $11\ctrl_data_mux[2:0] [1] = 1'0
    Consolidated identical input bits for $mux cell $procmux$3825:
      Old ports: A=3'000, B=$6\ctrl_data_mux[2:0], Y=$5\ctrl_data_mux[2:0]
      New ports: A=2'00, B={ $6\ctrl_data_mux[2:0] [2] $6\ctrl_data_mux[2:0] [0] }, Y={ $5\ctrl_data_mux[2:0] [2] $5\ctrl_data_mux[2:0] [0] }
      New connections: $5\ctrl_data_mux[2:0] [1] = 1'0
  Optimizing cells in module \spi_master_controller.
    Consolidated identical input bits for $mux cell $procmux$2082:
      Old ports: A=3'000, B=$11\ctrl_data_mux[2:0], Y=$15\ctrl_data_mux[2:0]
      New ports: A=2'00, B={ $11\ctrl_data_mux[2:0] [2] $11\ctrl_data_mux[2:0] [0] }, Y={ $15\ctrl_data_mux[2:0] [2] $15\ctrl_data_mux[2:0] [0] }
      New connections: $15\ctrl_data_mux[2:0] [1] = 1'0
  Optimizing cells in module \spi_master_controller.
  Optimizing cells in module \spi_master_clkgen.
  Optimizing cells in module $paramod$83bc75265b358b15e6cbe03cbfc629e968b46589\spi_master_apb_if.
  Optimizing cells in module $paramod$dec9424b776ed6cf19510f938baf4f9a5bd62edc\spi_master_fifo.
  Optimizing cells in module \axil_to_apb.
    Consolidated identical input bits for $mux cell $ternary$../rtl/periph/axil_to_apb.sv:233$40:
      Old ports: A=2'00, B=2'10, Y=\s_rresp
      New ports: A=1'0, B=1'1, Y=\s_rresp [1]
      New connections: \s_rresp [0] = 1'0
  Optimizing cells in module \axil_to_apb.
Performed a total of 10 changes.

11.19.5. Executing OPT_MERGE pass (detect identical cells).
Finding identical cells in module `\pulp_spi_wrap'.
Computing hashes of 78 cells of `\pulp_spi_wrap'.
Finding duplicate cells in `\pulp_spi_wrap'.
Finding identical cells in module `\spi_master_tx'.
Computing hashes of 38 cells of `\spi_master_tx'.
Finding duplicate cells in `\spi_master_tx'.
Finding identical cells in module `\spi_master_rx'.
Computing hashes of 55 cells of `\spi_master_rx'.
Finding duplicate cells in `\spi_master_rx'.
Finding identical cells in module `$paramod$83bc75265b358b15e6cbe03cbfc629e968b46589\apb_spi_master'.
Computing hashes of 61 cells of `$paramod$83bc75265b358b15e6cbe03cbfc629e968b46589\apb_spi_master'.
Finding duplicate cells in `$paramod$83bc75265b358b15e6cbe03cbfc629e968b46589\apb_spi_master'.
Finding identical cells in module `\spi_master_controller'.
Computing hashes of 221 cells of `\spi_master_controller'.
Finding duplicate cells in `\spi_master_controller'.
Finding identical cells in module `\spi_master_clkgen'.
Computing hashes of 16 cells of `\spi_master_clkgen'.
Finding duplicate cells in `\spi_master_clkgen'.
Finding identical cells in module `$paramod$83bc75265b358b15e6cbe03cbfc629e968b46589\spi_master_apb_if'.
Computing hashes of 68 cells of `$paramod$83bc75265b358b15e6cbe03cbfc629e968b46589\spi_master_apb_if'.
Finding duplicate cells in `$paramod$83bc75265b358b15e6cbe03cbfc629e968b46589\spi_master_apb_if'.
Finding identical cells in module `$paramod$dec9424b776ed6cf19510f938baf4f9a5bd62edc\spi_master_fifo'.
Computing hashes of 64 cells of `$paramod$dec9424b776ed6cf19510f938baf4f9a5bd62edc\spi_master_fifo'.
Finding duplicate cells in `$paramod$dec9424b776ed6cf19510f938baf4f9a5bd62edc\spi_master_fifo'.
Finding identical cells in module `\axil_to_apb'.
Computing hashes of 59 cells of `\axil_to_apb'.
Finding duplicate cells in `\axil_to_apb'.
Removed a total of 0 cells.

11.19.6. Executing OPT_SHARE pass.
    Found cells that share an operand and can be merged by moving the $pmux $procmux$4563 in front of them:
        $procmux$2093
        $procmux$3078

    Found cells that share an operand and can be merged by moving the $pmux $procmux$4599 in front of them:
        $procmux$1434
        $procmux$2137
        $procmux$3126

    Found cells that share an operand and can be merged by moving the $mux $procmux$5136 in front of them:
        $auto$alumacc.cc:512:replace_alu$6360
        $auto$alumacc.cc:512:replace_alu$6357

11.19.7. Executing OPT_DFF pass (perform DFF optimizations).

11.19.8. Executing OPT_CLEAN pass (remove unused cells and wires).
Finding unused cells or wires in module \pulp_spi_wrap..
Finding unused cells or wires in module \spi_master_tx..
Finding unused cells or wires in module \spi_master_rx..
Finding unused cells or wires in module $paramod$83bc75265b358b15e6cbe03cbfc629e968b46589\apb_spi_master..
Finding unused cells or wires in module \spi_master_controller..
Finding unused cells or wires in module \spi_master_clkgen..
Finding unused cells or wires in module $paramod$83bc75265b358b15e6cbe03cbfc629e968b46589\spi_master_apb_if..
Finding unused cells or wires in module $paramod$dec9424b776ed6cf19510f938baf4f9a5bd62edc\spi_master_fifo..
Finding unused cells or wires in module \axil_to_apb..
Removed 0 unused cells and 11 unused wires.
<suppressed ~2 debug messages>

11.19.9. Executing OPT_EXPR pass (perform const folding).
Optimizing module pulp_spi_wrap.
Optimizing module spi_master_tx.
Optimizing module spi_master_rx.
Optimizing module $paramod$83bc75265b358b15e6cbe03cbfc629e968b46589\apb_spi_master.
Optimizing module spi_master_controller.
<suppressed ~4 debug messages>
Optimizing module spi_master_clkgen.
Optimizing module $paramod$83bc75265b358b15e6cbe03cbfc629e968b46589\spi_master_apb_if.
Optimizing module $paramod$dec9424b776ed6cf19510f938baf4f9a5bd62edc\spi_master_fifo.
<suppressed ~2 debug messages>
Optimizing module axil_to_apb.
<suppressed ~1 debug messages>

11.19.10. Rerunning OPT passes. (Maybe there is more to do..)

11.19.11. Executing OPT_MUXTREE pass (detect dead branches in mux trees).
Running muxtree optimizer on module \pulp_spi_wrap..
  Creating internal representation of mux trees.
  Evaluating internal representation of mux trees.
  Analyzing evaluation results.
Running muxtree optimizer on module \spi_master_tx..
  Creating internal representation of mux trees.
  Evaluating internal representation of mux trees.
  Analyzing evaluation results.
Running muxtree optimizer on module \spi_master_rx..
  Creating internal representation of mux trees.
  Evaluating internal representation of mux trees.
  Analyzing evaluation results.
Running muxtree optimizer on module $paramod$83bc75265b358b15e6cbe03cbfc629e968b46589\apb_spi_master..
  Creating internal representation of mux trees.
  Evaluating internal representation of mux trees.
  Analyzing evaluation results.
Running muxtree optimizer on module \spi_master_controller..
  Creating internal representation of mux trees.
  Evaluating internal representation of mux trees.
  Analyzing evaluation results.
Running muxtree optimizer on module \spi_master_clkgen..
  Creating internal representation of mux trees.
  Evaluating internal representation of mux trees.
  Analyzing evaluation results.
Running muxtree optimizer on module $paramod$83bc75265b358b15e6cbe03cbfc629e968b46589\spi_master_apb_if..
  Creating internal representation of mux trees.
  Evaluating internal representation of mux trees.
  Analyzing evaluation results.
Running muxtree optimizer on module $paramod$dec9424b776ed6cf19510f938baf4f9a5bd62edc\spi_master_fifo..
  Creating internal representation of mux trees.
  Evaluating internal representation of mux trees.
  Analyzing evaluation results.
Running muxtree optimizer on module \axil_to_apb..
  Creating internal representation of mux trees.
  Evaluating internal representation of mux trees.
  Analyzing evaluation results.
Removed 0 multiplexer ports.
<suppressed ~261 debug messages>

11.19.12. Executing OPT_REDUCE pass (consolidate $*mux and $reduce_* inputs).
  Optimizing cells in module \pulp_spi_wrap.
  Optimizing cells in module \spi_master_tx.
  Optimizing cells in module \spi_master_rx.
  Optimizing cells in module $paramod$83bc75265b358b15e6cbe03cbfc629e968b46589\apb_spi_master.
  Optimizing cells in module \spi_master_controller.
    New ctrl vector for $pmux cell $procmux$4563: { \state [0] $auto$opt_reduce.cc:137:opt_pmux$6378 \state [5] }
    New ctrl vector for $pmux cell $procmux$4599: { \state [0] $auto$opt_reduce.cc:137:opt_pmux$6380 }
  Optimizing cells in module \spi_master_controller.
  Optimizing cells in module \spi_master_clkgen.
  Optimizing cells in module $paramod$83bc75265b358b15e6cbe03cbfc629e968b46589\spi_master_apb_if.
  Optimizing cells in module $paramod$dec9424b776ed6cf19510f938baf4f9a5bd62edc\spi_master_fifo.
    Consolidated identical input bits for $mux cell $auto$opt_share.cc:244:merge_operators$6373:
      Old ports: A=5'11111, B=5'00001, Y=$auto$rtlil.cc:3390:Mux$6374
      New ports: A=1'1, B=1'0, Y=$auto$rtlil.cc:3390:Mux$6374 [1]
      New connections: { $auto$rtlil.cc:3390:Mux$6374 [4:2] $auto$rtlil.cc:3390:Mux$6374 [0] } = { $auto$rtlil.cc:3390:Mux$6374 [1] $auto$rtlil.cc:3390:Mux$6374 [1] $auto$rtlil.cc:3390:Mux$6374 [1] 1'1 }
  Optimizing cells in module $paramod$dec9424b776ed6cf19510f938baf4f9a5bd62edc\spi_master_fifo.
  Optimizing cells in module \axil_to_apb.
Performed a total of 3 changes.

11.19.13. Executing OPT_MERGE pass (detect identical cells).
Finding identical cells in module `\pulp_spi_wrap'.
Computing hashes of 78 cells of `\pulp_spi_wrap'.
Finding duplicate cells in `\pulp_spi_wrap'.
Finding identical cells in module `\spi_master_tx'.
Computing hashes of 38 cells of `\spi_master_tx'.
Finding duplicate cells in `\spi_master_tx'.
Finding identical cells in module `\spi_master_rx'.
Computing hashes of 55 cells of `\spi_master_rx'.
Finding duplicate cells in `\spi_master_rx'.
Finding identical cells in module `$paramod$83bc75265b358b15e6cbe03cbfc629e968b46589\apb_spi_master'.
Computing hashes of 61 cells of `$paramod$83bc75265b358b15e6cbe03cbfc629e968b46589\apb_spi_master'.
Finding duplicate cells in `$paramod$83bc75265b358b15e6cbe03cbfc629e968b46589\apb_spi_master'.
Finding identical cells in module `\spi_master_controller'.
Computing hashes of 220 cells of `\spi_master_controller'.
Finding duplicate cells in `\spi_master_controller'.
Computing hashes of 219 cells of `\spi_master_controller'.
Finding duplicate cells in `\spi_master_controller'.
<suppressed ~3 debug messages>
Finding identical cells in module `\spi_master_clkgen'.
Computing hashes of 16 cells of `\spi_master_clkgen'.
Finding duplicate cells in `\spi_master_clkgen'.
Finding identical cells in module `$paramod$83bc75265b358b15e6cbe03cbfc629e968b46589\spi_master_apb_if'.
Computing hashes of 68 cells of `$paramod$83bc75265b358b15e6cbe03cbfc629e968b46589\spi_master_apb_if'.
Finding duplicate cells in `$paramod$83bc75265b358b15e6cbe03cbfc629e968b46589\spi_master_apb_if'.
Finding identical cells in module `$paramod$dec9424b776ed6cf19510f938baf4f9a5bd62edc\spi_master_fifo'.
Computing hashes of 63 cells of `$paramod$dec9424b776ed6cf19510f938baf4f9a5bd62edc\spi_master_fifo'.
Finding duplicate cells in `$paramod$dec9424b776ed6cf19510f938baf4f9a5bd62edc\spi_master_fifo'.
Finding identical cells in module `\axil_to_apb'.
Computing hashes of 58 cells of `\axil_to_apb'.
Finding duplicate cells in `\axil_to_apb'.
Removed a total of 1 cells.

11.19.14. Executing OPT_SHARE pass.

11.19.15. Executing OPT_DFF pass (perform DFF optimizations).

11.19.16. Executing OPT_CLEAN pass (remove unused cells and wires).
Finding unused cells or wires in module \pulp_spi_wrap..
Finding unused cells or wires in module \spi_master_tx..
Finding unused cells or wires in module \spi_master_rx..
Finding unused cells or wires in module $paramod$83bc75265b358b15e6cbe03cbfc629e968b46589\apb_spi_master..
Finding unused cells or wires in module \spi_master_controller..
Finding unused cells or wires in module \spi_master_clkgen..
Finding unused cells or wires in module $paramod$83bc75265b358b15e6cbe03cbfc629e968b46589\spi_master_apb_if..
Finding unused cells or wires in module $paramod$dec9424b776ed6cf19510f938baf4f9a5bd62edc\spi_master_fifo..
Finding unused cells or wires in module \axil_to_apb..
Removed 0 unused cells and 5 unused wires.
<suppressed ~2 debug messages>

11.19.17. Executing OPT_EXPR pass (perform const folding).
Optimizing module pulp_spi_wrap.
Optimizing module spi_master_tx.
Optimizing module spi_master_rx.
Optimizing module $paramod$83bc75265b358b15e6cbe03cbfc629e968b46589\apb_spi_master.
Optimizing module spi_master_controller.
Optimizing module spi_master_clkgen.
Optimizing module $paramod$83bc75265b358b15e6cbe03cbfc629e968b46589\spi_master_apb_if.
Optimizing module $paramod$dec9424b776ed6cf19510f938baf4f9a5bd62edc\spi_master_fifo.
<suppressed ~1 debug messages>
Optimizing module axil_to_apb.

11.19.18. Rerunning OPT passes. (Maybe there is more to do..)

11.19.19. Executing OPT_MUXTREE pass (detect dead branches in mux trees).
Running muxtree optimizer on module \pulp_spi_wrap..
  Creating internal representation of mux trees.
  Evaluating internal representation of mux trees.
  Analyzing evaluation results.
Running muxtree optimizer on module \spi_master_tx..
  Creating internal representation of mux trees.
  Evaluating internal representation of mux trees.
  Analyzing evaluation results.
Running muxtree optimizer on module \spi_master_rx..
  Creating internal representation of mux trees.
  Evaluating internal representation of mux trees.
  Analyzing evaluation results.
Running muxtree optimizer on module $paramod$83bc75265b358b15e6cbe03cbfc629e968b46589\apb_spi_master..
  Creating internal representation of mux trees.
  Evaluating internal representation of mux trees.
  Analyzing evaluation results.
Running muxtree optimizer on module \spi_master_controller..
  Creating internal representation of mux trees.
  Evaluating internal representation of mux trees.
  Analyzing evaluation results.
Running muxtree optimizer on module \spi_master_clkgen..
  Creating internal representation of mux trees.
  Evaluating internal representation of mux trees.
  Analyzing evaluation results.
Running muxtree optimizer on module $paramod$83bc75265b358b15e6cbe03cbfc629e968b46589\spi_master_apb_if..
  Creating internal representation of mux trees.
  Evaluating internal representation of mux trees.
  Analyzing evaluation results.
Running muxtree optimizer on module $paramod$dec9424b776ed6cf19510f938baf4f9a5bd62edc\spi_master_fifo..
  Creating internal representation of mux trees.
  Evaluating internal representation of mux trees.
  Analyzing evaluation results.
Running muxtree optimizer on module \axil_to_apb..
  Creating internal representation of mux trees.
  Evaluating internal representation of mux trees.
  Analyzing evaluation results.
Removed 0 multiplexer ports.
<suppressed ~259 debug messages>

11.19.20. Executing OPT_REDUCE pass (consolidate $*mux and $reduce_* inputs).
  Optimizing cells in module \pulp_spi_wrap.
  Optimizing cells in module \spi_master_tx.
  Optimizing cells in module \spi_master_rx.
  Optimizing cells in module $paramod$83bc75265b358b15e6cbe03cbfc629e968b46589\apb_spi_master.
  Optimizing cells in module \spi_master_controller.
  Optimizing cells in module \spi_master_clkgen.
  Optimizing cells in module $paramod$83bc75265b358b15e6cbe03cbfc629e968b46589\spi_master_apb_if.
  Optimizing cells in module $paramod$dec9424b776ed6cf19510f938baf4f9a5bd62edc\spi_master_fifo.
  Optimizing cells in module \axil_to_apb.
Performed a total of 0 changes.

11.19.21. Executing OPT_MERGE pass (detect identical cells).
Finding identical cells in module `\pulp_spi_wrap'.
Computing hashes of 78 cells of `\pulp_spi_wrap'.
Finding duplicate cells in `\pulp_spi_wrap'.
Finding identical cells in module `\spi_master_tx'.
Computing hashes of 38 cells of `\spi_master_tx'.
Finding duplicate cells in `\spi_master_tx'.
Finding identical cells in module `\spi_master_rx'.
Computing hashes of 55 cells of `\spi_master_rx'.
Finding duplicate cells in `\spi_master_rx'.
Finding identical cells in module `$paramod$83bc75265b358b15e6cbe03cbfc629e968b46589\apb_spi_master'.
Computing hashes of 61 cells of `$paramod$83bc75265b358b15e6cbe03cbfc629e968b46589\apb_spi_master'.
Finding duplicate cells in `$paramod$83bc75265b358b15e6cbe03cbfc629e968b46589\apb_spi_master'.
Finding identical cells in module `\spi_master_controller'.
Computing hashes of 219 cells of `\spi_master_controller'.
Finding duplicate cells in `\spi_master_controller'.
Finding identical cells in module `\spi_master_clkgen'.
Computing hashes of 16 cells of `\spi_master_clkgen'.
Finding duplicate cells in `\spi_master_clkgen'.
Finding identical cells in module `$paramod$83bc75265b358b15e6cbe03cbfc629e968b46589\spi_master_apb_if'.
Computing hashes of 68 cells of `$paramod$83bc75265b358b15e6cbe03cbfc629e968b46589\spi_master_apb_if'.
Finding duplicate cells in `$paramod$83bc75265b358b15e6cbe03cbfc629e968b46589\spi_master_apb_if'.
Finding identical cells in module `$paramod$dec9424b776ed6cf19510f938baf4f9a5bd62edc\spi_master_fifo'.
Computing hashes of 63 cells of `$paramod$dec9424b776ed6cf19510f938baf4f9a5bd62edc\spi_master_fifo'.
Finding duplicate cells in `$paramod$dec9424b776ed6cf19510f938baf4f9a5bd62edc\spi_master_fifo'.
Finding identical cells in module `\axil_to_apb'.
Computing hashes of 58 cells of `\axil_to_apb'.
Finding duplicate cells in `\axil_to_apb'.
Removed a total of 0 cells.

11.19.22. Executing OPT_SHARE pass.

11.19.23. Executing OPT_DFF pass (perform DFF optimizations).

11.19.24. Executing OPT_CLEAN pass (remove unused cells and wires).
Finding unused cells or wires in module \pulp_spi_wrap..
Finding unused cells or wires in module \spi_master_tx..
Finding unused cells or wires in module \spi_master_rx..
Finding unused cells or wires in module $paramod$83bc75265b358b15e6cbe03cbfc629e968b46589\apb_spi_master..
Finding unused cells or wires in module \spi_master_controller..
Finding unused cells or wires in module \spi_master_clkgen..
Finding unused cells or wires in module $paramod$83bc75265b358b15e6cbe03cbfc629e968b46589\spi_master_apb_if..
Finding unused cells or wires in module $paramod$dec9424b776ed6cf19510f938baf4f9a5bd62edc\spi_master_fifo..
Finding unused cells or wires in module \axil_to_apb..

11.19.25. Executing OPT_EXPR pass (perform const folding).
Optimizing module pulp_spi_wrap.
Optimizing module spi_master_tx.
Optimizing module spi_master_rx.
Optimizing module $paramod$83bc75265b358b15e6cbe03cbfc629e968b46589\apb_spi_master.
Optimizing module spi_master_controller.
Optimizing module spi_master_clkgen.
Optimizing module $paramod$83bc75265b358b15e6cbe03cbfc629e968b46589\spi_master_apb_if.
Optimizing module $paramod$dec9424b776ed6cf19510f938baf4f9a5bd62edc\spi_master_fifo.
Optimizing module axil_to_apb.

11.19.26. Finished fast OPT passes. (There is nothing left to do.)

11.20. Executing TECHMAP pass (map to technology primitives).

11.20.1. Executing Verilog-2005 frontend: /opt/homebrew/bin/../share/yosys/techmap.v
Parsing Verilog input from `/opt/homebrew/bin/../share/yosys/techmap.v' to AST representation.
Generating RTLIL representation for module `\_90_simplemap_bool_ops'.
Generating RTLIL representation for module `\_90_simplemap_reduce_ops'.
Generating RTLIL representation for module `\_90_simplemap_logic_ops'.
Generating RTLIL representation for module `\_90_simplemap_compare_ops'.
Generating RTLIL representation for module `\_90_simplemap_various'.
Generating RTLIL representation for module `\_90_simplemap_registers'.
Generating RTLIL representation for module `\_90_shift_ops_shr_shl_sshl_sshr'.
Generating RTLIL representation for module `\_90_shift_shiftx'.
Generating RTLIL representation for module `\_90_fa'.
Generating RTLIL representation for module `\_90_lcu_brent_kung'.
Generating RTLIL representation for module `\_90_alu'.
Generating RTLIL representation for module `\_90_macc'.
Generating RTLIL representation for module `\_90_alumacc'.
Generating RTLIL representation for module `$__div_mod_u'.
Generating RTLIL representation for module `$__div_mod_trunc'.
Generating RTLIL representation for module `\_90_div'.
Generating RTLIL representation for module `\_90_mod'.
Generating RTLIL representation for module `$__div_mod_floor'.
Generating RTLIL representation for module `\_90_divfloor'.
Generating RTLIL representation for module `\_90_modfloor'.
Generating RTLIL representation for module `\_90_pow'.
Generating RTLIL representation for module `\_90_pmux'.
Generating RTLIL representation for module `\_90_demux'.
Generating RTLIL representation for module `\_90_lut'.
Generating RTLIL representation for module `$connect'.
Generating RTLIL representation for module `$input_port'.
Successfully finished Verilog frontend.

11.20.2. Continuing TECHMAP pass.
Using extmapper simplemap for cells of type $adffe.
Using extmapper simplemap for cells of type $reduce_bool.
Using extmapper simplemap for cells of type $reduce_or.
Using extmapper simplemap for cells of type $and.
Using extmapper simplemap for cells of type $eq.
Using extmapper simplemap for cells of type $logic_not.
Using extmapper simplemap for cells of type $not.
Using extmapper simplemap for cells of type $adff.
Using extmapper simplemap for cells of type $logic_and.
Using extmapper simplemap for cells of type $logic_or.
Using extmapper simplemap for cells of type $or.
Using extmapper simplemap for cells of type $mux.
Using template $paramod$b18e16801adf491a64caa0542270798e5d4ac6b6\_90_alu for cells of type $alu.
Using template $paramod$32a7b7b86c07519b7537abc18e96f0331f97914d\_90_alu for cells of type $alu.
Using extmapper simplemap for cells of type $reduce_and.
Using template $paramod$49f1dc3dcd6d2c748486fe94c6744a34a19bbafe\_90_pmux for cells of type $pmux.
Using extmapper simplemap for cells of type $pos.
Using template $paramod\_90_fa\WIDTH=32'00000000000000000000000000000100 for cells of type $fa.
Using template $paramod\_90_lcu_brent_kung\WIDTH=32'00000000000000000000000000000100 for cells of type $lcu.
Using extmapper simplemap for cells of type $xor.
Using template $paramod\_90_fa\WIDTH=32'00000000000000000000000000000101 for cells of type $fa.
Using template $paramod\_90_lcu_brent_kung\WIDTH=32'00000000000000000000000000000101 for cells of type $lcu.
Using template $paramod$bf541dd3c0ba8228982b61e7bfbc350a2c253f4c\_90_pmux for cells of type $pmux.
Using template $paramod$eaeb96106163dbf82031649d189817109fe07c69\_90_pmux for cells of type $pmux.
Using template $paramod$ae63dc3b50d8e8327f3f28c91126b1f0b8c3a12c\_90_pmux for cells of type $pmux.
Using template $paramod$57f63e8a3282e053be0430389b09fa050ac7dca0\_90_pmux for cells of type $pmux.
Using template $paramod$a285b5a57fe61eabc57c91b8c412748ee1151a85\_90_pmux for cells of type $pmux.
Using template $paramod$f587f97d3019cb6509bb9d96ec321cde2ec5fd64\_90_pmux for cells of type $pmux.
Using template $paramod$c3cd1564c35d873179656addd6052d7ea8b6d991\_90_alu for cells of type $alu.
Using template $paramod\_90_fa\WIDTH=32'00000000000000000000000000001000 for cells of type $fa.
Using template $paramod\_90_lcu_brent_kung\WIDTH=32'00000000000000000000000000001000 for cells of type $lcu.
Using template $paramod$c5c783b17ab1d780abfad8cfe6563a0a7b47a3b0\_90_pmux for cells of type $pmux.
Using template $paramod$56f7ce6d87f8add68ca646dc02d7695a3189f8e5\_90_pmux for cells of type $pmux.
Using template $paramod$d629d85c8826a74239b9178d1930215a43b0ceb0\_90_pmux for cells of type $pmux.
Using template $paramod$1d8ecc2a40cb528050a53f4a2654bf991b4b9b37\_90_pmux for cells of type $pmux.
Using template $paramod$b3b6ac92d800c6f07aa48f510f923d86a674e5a7\_90_pmux for cells of type $pmux.
Using template $paramod$d6eefa73b09c260984bb3ab238c3c05801fa9e82\_90_pmux for cells of type $pmux.
Using template $paramod$2407ada40cc3dda6c6015be2b49b748cddb5a800\_90_pmux for cells of type $pmux.
Using template $paramod$54d740639e1393b22262823179ff783ea9f17a35\_90_pmux for cells of type $pmux.
Using template $paramod$672a140277c71df8314410f22acc08d55222c3c7\_90_alu for cells of type $alu.
Using template $paramod$332fab4e157f868977379756d21fa99887c3c6c4\_90_alu for cells of type $alu.
Using extmapper simplemap for cells of type $ne.
Using template $paramod\_90_fa\WIDTH=32'00000000000000000000000000000110 for cells of type $fa.
Using template $paramod\_90_lcu_brent_kung\WIDTH=32'00000000000000000000000000000110 for cells of type $lcu.
Using template $paramod$d588c4475f18bc347201f0f2671d73b8c1e7b7ea\_90_alu for cells of type $alu.
Using template $paramod$2af30114e9bd4ccb04dad757b3f0a8f6bf0615b0\_90_alu for cells of type $alu.
Using template $paramod\_90_fa\WIDTH=32'00000000000000000000000000010000 for cells of type $fa.
Using template $paramod\_90_lcu_brent_kung\WIDTH=32'00000000000000000000000000010000 for cells of type $lcu.
Using template $paramod\_90_fa\WIDTH=32'00000000000000000000000000010001 for cells of type $fa.
Using template $paramod\_90_lcu_brent_kung\WIDTH=32'00000000000000000000000000010001 for cells of type $lcu.
Using template $paramod$a1bc51c02ce12ac21eb18988e83292af48ed7d72\_90_alu for cells of type $alu.
No more expansions possible.
<suppressed ~2787 debug messages>

11.21. Executing OPT pass (performing simple optimizations).

11.21.1. Executing OPT_EXPR pass (perform const folding).
Optimizing module pulp_spi_wrap.
<suppressed ~128 debug messages>
Optimizing module spi_master_tx.
<suppressed ~278 debug messages>
Optimizing module spi_master_rx.
<suppressed ~293 debug messages>
Optimizing module $paramod$83bc75265b358b15e6cbe03cbfc629e968b46589\apb_spi_master.
<suppressed ~254 debug messages>
Optimizing module spi_master_controller.
<suppressed ~118 debug messages>
Optimizing module spi_master_clkgen.
<suppressed ~75 debug messages>
Optimizing module $paramod$83bc75265b358b15e6cbe03cbfc629e968b46589\spi_master_apb_if.
<suppressed ~44 debug messages>
Optimizing module $paramod$dec9424b776ed6cf19510f938baf4f9a5bd62edc\spi_master_fifo.
<suppressed ~162 debug messages>
Optimizing module axil_to_apb.
<suppressed ~8 debug messages>

11.21.2. Executing OPT_MERGE pass (detect identical cells).
Finding identical cells in module `\pulp_spi_wrap'.
Computing hashes of 335 cells of `\pulp_spi_wrap'.
Finding duplicate cells in `\pulp_spi_wrap'.
Computing hashes of 307 cells of `\pulp_spi_wrap'.
Finding duplicate cells in `\pulp_spi_wrap'.
Computing hashes of 297 cells of `\pulp_spi_wrap'.
Finding duplicate cells in `\pulp_spi_wrap'.
Computing hashes of 294 cells of `\pulp_spi_wrap'.
Finding duplicate cells in `\pulp_spi_wrap'.
<suppressed ~123 debug messages>
Finding identical cells in module `\spi_master_tx'.
Computing hashes of 512 cells of `\spi_master_tx'.
Finding duplicate cells in `\spi_master_tx'.
Computing hashes of 502 cells of `\spi_master_tx'.
Finding duplicate cells in `\spi_master_tx'.
Computing hashes of 501 cells of `\spi_master_tx'.
Finding duplicate cells in `\spi_master_tx'.
<suppressed ~33 debug messages>
Finding identical cells in module `\spi_master_rx'.
Computing hashes of 471 cells of `\spi_master_rx'.
Finding duplicate cells in `\spi_master_rx'.
Computing hashes of 453 cells of `\spi_master_rx'.
Finding duplicate cells in `\spi_master_rx'.
Computing hashes of 451 cells of `\spi_master_rx'.
Finding duplicate cells in `\spi_master_rx'.
<suppressed ~60 debug messages>
Finding identical cells in module `$paramod$83bc75265b358b15e6cbe03cbfc629e968b46589\apb_spi_master'.
Computing hashes of 268 cells of `$paramod$83bc75265b358b15e6cbe03cbfc629e968b46589\apb_spi_master'.
Finding duplicate cells in `$paramod$83bc75265b358b15e6cbe03cbfc629e968b46589\apb_spi_master'.
Computing hashes of 257 cells of `$paramod$83bc75265b358b15e6cbe03cbfc629e968b46589\apb_spi_master'.
Finding duplicate cells in `$paramod$83bc75265b358b15e6cbe03cbfc629e968b46589\apb_spi_master'.
Computing hashes of 255 cells of `$paramod$83bc75265b358b15e6cbe03cbfc629e968b46589\apb_spi_master'.
Finding duplicate cells in `$paramod$83bc75265b358b15e6cbe03cbfc629e968b46589\apb_spi_master'.
<suppressed ~39 debug messages>
Finding identical cells in module `\spi_master_controller'.
Computing hashes of 1513 cells of `\spi_master_controller'.
Finding duplicate cells in `\spi_master_controller'.
Computing hashes of 1434 cells of `\spi_master_controller'.
Finding duplicate cells in `\spi_master_controller'.
Computing hashes of 1411 cells of `\spi_master_controller'.
Finding duplicate cells in `\spi_master_controller'.
Computing hashes of 1406 cells of `\spi_master_controller'.
Finding duplicate cells in `\spi_master_controller'.
<suppressed ~321 debug messages>
Finding identical cells in module `\spi_master_clkgen'.
Computing hashes of 78 cells of `\spi_master_clkgen'.
Finding duplicate cells in `\spi_master_clkgen'.
Computing hashes of 77 cells of `\spi_master_clkgen'.
Finding duplicate cells in `\spi_master_clkgen'.
<suppressed ~3 debug messages>
Finding identical cells in module `$paramod$83bc75265b358b15e6cbe03cbfc629e968b46589\spi_master_apb_if'.
Computing hashes of 739 cells of `$paramod$83bc75265b358b15e6cbe03cbfc629e968b46589\spi_master_apb_if'.
Finding duplicate cells in `$paramod$83bc75265b358b15e6cbe03cbfc629e968b46589\spi_master_apb_if'.
Computing hashes of 699 cells of `$paramod$83bc75265b358b15e6cbe03cbfc629e968b46589\spi_master_apb_if'.
Finding duplicate cells in `$paramod$83bc75265b358b15e6cbe03cbfc629e968b46589\spi_master_apb_if'.
Computing hashes of 678 cells of `$paramod$83bc75265b358b15e6cbe03cbfc629e968b46589\spi_master_apb_if'.
Finding duplicate cells in `$paramod$83bc75265b358b15e6cbe03cbfc629e968b46589\spi_master_apb_if'.
Computing hashes of 672 cells of `$paramod$83bc75265b358b15e6cbe03cbfc629e968b46589\spi_master_apb_if'.
Finding duplicate cells in `$paramod$83bc75265b358b15e6cbe03cbfc629e968b46589\spi_master_apb_if'.
<suppressed ~201 debug messages>
Finding identical cells in module `$paramod$dec9424b776ed6cf19510f938baf4f9a5bd62edc\spi_master_fifo'.
Computing hashes of 908 cells of `$paramod$dec9424b776ed6cf19510f938baf4f9a5bd62edc\spi_master_fifo'.
Finding duplicate cells in `$paramod$dec9424b776ed6cf19510f938baf4f9a5bd62edc\spi_master_fifo'.
Computing hashes of 874 cells of `$paramod$dec9424b776ed6cf19510f938baf4f9a5bd62edc\spi_master_fifo'.
Finding duplicate cells in `$paramod$dec9424b776ed6cf19510f938baf4f9a5bd62edc\spi_master_fifo'.
Computing hashes of 866 cells of `$paramod$dec9424b776ed6cf19510f938baf4f9a5bd62edc\spi_master_fifo'.
Finding duplicate cells in `$paramod$dec9424b776ed6cf19510f938baf4f9a5bd62edc\spi_master_fifo'.
<suppressed ~126 debug messages>
Finding identical cells in module `\axil_to_apb'.
Computing hashes of 161 cells of `\axil_to_apb'.
Finding duplicate cells in `\axil_to_apb'.
Computing hashes of 155 cells of `\axil_to_apb'.
Finding duplicate cells in `\axil_to_apb'.
<suppressed ~18 debug messages>
Removed a total of 308 cells.

11.21.3. Executing OPT_DFF pass (perform DFF optimizations).

11.21.4. Executing OPT_CLEAN pass (remove unused cells and wires).
Finding unused cells or wires in module \pulp_spi_wrap..
Finding unused cells or wires in module \spi_master_tx..
Finding unused cells or wires in module \spi_master_rx..
Finding unused cells or wires in module $paramod$83bc75265b358b15e6cbe03cbfc629e968b46589\apb_spi_master..
Finding unused cells or wires in module \spi_master_controller..
Finding unused cells or wires in module \spi_master_clkgen..
Finding unused cells or wires in module $paramod$83bc75265b358b15e6cbe03cbfc629e968b46589\spi_master_apb_if..
Finding unused cells or wires in module $paramod$dec9424b776ed6cf19510f938baf4f9a5bd62edc\spi_master_fifo..
Finding unused cells or wires in module \axil_to_apb..
Removed 92 unused cells and 2007 unused wires.
<suppressed ~101 debug messages>

11.21.5. Finished fast OPT passes.

11.22. Executing ABC pass (technology mapping using ABC).

11.22.1. Extracting gate netlist of module `\pulp_spi_wrap' to `<abc-temp-dir>/input.blif'..

11.22.1.1. Executed ABC.
Extracted 242 gates and 375 wires to a netlist network with 132 inputs and 73 outputs.
Running ABC script: <abc-temp-dir>/abc.script
ABC: ======== ABC command line "source <abc-temp-dir>/abc.script"
ABC: + read_blif <abc-temp-dir>/input.blif 
ABC: + read_library <abc-temp-dir>/stdcells.genlib 
ABC: + strash 
ABC: + &get -n 
ABC: + &fraig -x 
ABC: + &put 
ABC: + scorr 
ABC: Warning: The network is combinational (run "fraig" or "fraig_sweep").
ABC: + dc2 
ABC: + dretime 
ABC: + strash 
ABC: + &get -n 
ABC: + &dch -f 
ABC: + &nf 
ABC: + &put 
ABC: + write_blif <abc-temp-dir>/output.blif 

11.22.1.2. Re-integrating ABC results.
ABC RESULTS:               AND cells:       54
ABC RESULTS:            ANDNOT cells:       42
ABC RESULTS:               MUX cells:       17
ABC RESULTS:              NAND cells:       27
ABC RESULTS:               NOR cells:       18
ABC RESULTS:                OR cells:        8
ABC RESULTS:             ORNOT cells:       20
ABC RESULTS:        internal signals:      170
ABC RESULTS:           input signals:      132
ABC RESULTS:          output signals:       73
Removing temp directory.

11.22.2. Extracting gate netlist of module `\spi_master_tx' to `<abc-temp-dir>/input.blif'..

11.22.2.1. Executed ABC.
Extracted 421 gates and 540 wires to a netlist network with 117 inputs and 71 outputs.
Running ABC script: <abc-temp-dir>/abc.script
ABC: ======== ABC command line "source <abc-temp-dir>/abc.script"
ABC: + read_blif <abc-temp-dir>/input.blif 
ABC: + read_library <abc-temp-dir>/stdcells.genlib 
ABC: + strash 
ABC: + &get -n 
ABC: + &fraig -x 
ABC: + &put 
ABC: + scorr 
ABC: Warning: The network is combinational (run "fraig" or "fraig_sweep").
ABC: + dc2 
ABC: + dretime 
ABC: + strash 
ABC: + &get -n 
ABC: + &dch -f 
ABC: + &nf 
ABC: + &put 
ABC: + write_blif <abc-temp-dir>/output.blif 

11.22.2.2. Re-integrating ABC results.
ABC RESULTS:               AND cells:       51
ABC RESULTS:            ANDNOT cells:       73
ABC RESULTS:               MUX cells:      109
ABC RESULTS:              NAND cells:       73
ABC RESULTS:               NOR cells:        2
ABC RESULTS:               NOT cells:        1
ABC RESULTS:                OR cells:       35
ABC RESULTS:             ORNOT cells:       38
ABC RESULTS:              XNOR cells:       17
ABC RESULTS:               XOR cells:       26
ABC RESULTS:        internal signals:      352
ABC RESULTS:           input signals:      117
ABC RESULTS:          output signals:       71
Removing temp directory.

11.22.3. Extracting gate netlist of module `\spi_master_rx' to `<abc-temp-dir>/input.blif'..

11.22.3.1. Executed ABC.
Extracted 368 gates and 462 wires to a netlist network with 92 inputs and 72 outputs.
Running ABC script: <abc-temp-dir>/abc.script
ABC: ======== ABC command line "source <abc-temp-dir>/abc.script"
ABC: + read_blif <abc-temp-dir>/input.blif 
ABC: + read_library <abc-temp-dir>/stdcells.genlib 
ABC: + strash 
ABC: + &get -n 
ABC: + &fraig -x 
ABC: + &put 
ABC: + scorr 
ABC: Warning: The network is combinational (run "fraig" or "fraig_sweep").
ABC: + dc2 
ABC: + dretime 
ABC: + strash 
ABC: + &get -n 
ABC: + &dch -f 
ABC: + &nf 
ABC: + &put 
ABC: + write_blif <abc-temp-dir>/output.blif 

11.22.3.2. Re-integrating ABC results.
ABC RESULTS:               AND cells:       54
ABC RESULTS:            ANDNOT cells:       18
ABC RESULTS:               MUX cells:       78
ABC RESULTS:              NAND cells:       20
ABC RESULTS:               NOR cells:        3
ABC RESULTS:               NOT cells:        2
ABC RESULTS:                OR cells:        7
ABC RESULTS:             ORNOT cells:        5
ABC RESULTS:              XNOR cells:       14
ABC RESULTS:               XOR cells:       27
ABC RESULTS:        internal signals:      298
ABC RESULTS:           input signals:       92
ABC RESULTS:          output signals:       72
Removing temp directory.

11.22.4. Extracting gate netlist of module `$paramod$83bc75265b358b15e6cbe03cbfc629e968b46589\apb_spi_master' to `<abc-temp-dir>/input.blif'..

11.22.4.1. Executed ABC.
Extracted 211 gates and 265 wires to a netlist network with 53 inputs and 19 outputs.
Running ABC script: <abc-temp-dir>/abc.script
ABC: ======== ABC command line "source <abc-temp-dir>/abc.script"
ABC: + read_blif <abc-temp-dir>/input.blif 
ABC: + read_library <abc-temp-dir>/stdcells.genlib 
ABC: + strash 
ABC: + &get -n 
ABC: + &fraig -x 
ABC: + &put 
ABC: + scorr 
ABC: Warning: The network is combinational (run "fraig" or "fraig_sweep").
ABC: + dc2 
ABC: + dretime 
ABC: + strash 
ABC: + &get -n 
ABC: + &dch -f 
ABC: + &nf 
ABC: + &put 
ABC: + write_blif <abc-temp-dir>/output.blif 

11.22.4.2. Re-integrating ABC results.
ABC RESULTS:               AND cells:       32
ABC RESULTS:            ANDNOT cells:       13
ABC RESULTS:               MUX cells:        2
ABC RESULTS:              NAND cells:       26
ABC RESULTS:               NOR cells:        2
ABC RESULTS:               NOT cells:        1
ABC RESULTS:                OR cells:       11
ABC RESULTS:             ORNOT cells:       22
ABC RESULTS:              XNOR cells:       10
ABC RESULTS:               XOR cells:        8
ABC RESULTS:        internal signals:      193
ABC RESULTS:           input signals:       53
ABC RESULTS:          output signals:       19
Removing temp directory.

11.22.5. Extracting gate netlist of module `\spi_master_controller' to `<abc-temp-dir>/input.blif'..

11.22.5.1. Executed ABC.
Extracted 1392 gates and 1574 wires to a netlist network with 180 inputs and 91 outputs.
Running ABC script: <abc-temp-dir>/abc.script
ABC: ======== ABC command line "source <abc-temp-dir>/abc.script"
ABC: + read_blif <abc-temp-dir>/input.blif 
ABC: + read_library <abc-temp-dir>/stdcells.genlib 
ABC: + strash 
ABC: + &get -n 
ABC: + &fraig -x 
ABC: + &put 
ABC: + scorr 
ABC: Warning: The network is combinational (run "fraig" or "fraig_sweep").
ABC: + dc2 
ABC: + dretime 
ABC: + strash 
ABC: + &get -n 
ABC: + &dch -f 
ABC: + &nf 
ABC: + &put 
ABC: + write_blif <abc-temp-dir>/output.blif 

11.22.5.2. Re-integrating ABC results.
ABC RESULTS:               AND cells:      172
ABC RESULTS:            ANDNOT cells:       20
ABC RESULTS:               MUX cells:       29
ABC RESULTS:              NAND cells:      285
ABC RESULTS:               NOR cells:       40
ABC RESULTS:               NOT cells:        7
ABC RESULTS:                OR cells:       29
ABC RESULTS:             ORNOT cells:       23
ABC RESULTS:        internal signals:     1303
ABC RESULTS:           input signals:      180
ABC RESULTS:          output signals:       91
Removing temp directory.

11.22.6. Extracting gate netlist of module `\spi_master_clkgen' to `<abc-temp-dir>/input.blif'..

11.22.6.1. Executed ABC.
Extracted 49 gates and 69 wires to a netlist network with 19 inputs and 14 outputs.
Running ABC script: <abc-temp-dir>/abc.script
ABC: ======== ABC command line "source <abc-temp-dir>/abc.script"
ABC: + read_blif <abc-temp-dir>/input.blif 
ABC: + read_library <abc-temp-dir>/stdcells.genlib 
ABC: + strash 
ABC: + &get -n 
ABC: + &fraig -x 
ABC: + &put 
ABC: + scorr 
ABC: Warning: The network is combinational (run "fraig" or "fraig_sweep").
ABC: + dc2 
ABC: + dretime 
ABC: + strash 
ABC: + &get -n 
ABC: + &dch -f 
ABC: + &nf 
ABC: + &put 
ABC: + write_blif <abc-temp-dir>/output.blif 

11.22.6.2. Re-integrating ABC results.
ABC RESULTS:               AND cells:       21
ABC RESULTS:            ANDNOT cells:        2
ABC RESULTS:              NAND cells:        2
ABC RESULTS:               NOT cells:        3
ABC RESULTS:                OR cells:        1
ABC RESULTS:              XNOR cells:        9
ABC RESULTS:               XOR cells:        6
ABC RESULTS:        internal signals:       36
ABC RESULTS:           input signals:       19
ABC RESULTS:          output signals:       14
Removing temp directory.

11.22.7. Extracting gate netlist of module `$paramod$83bc75265b358b15e6cbe03cbfc629e968b46589\spi_master_apb_if' to `<abc-temp-dir>/input.blif'..

11.22.7.1. Executed ABC.
Extracted 508 gates and 739 wires to a netlist network with 230 inputs and 47 outputs.
Running ABC script: <abc-temp-dir>/abc.script
ABC: ======== ABC command line "source <abc-temp-dir>/abc.script"
ABC: + read_blif <abc-temp-dir>/input.blif 
ABC: + read_library <abc-temp-dir>/stdcells.genlib 
ABC: + strash 
ABC: + &get -n 
ABC: + &fraig -x 
ABC: + &put 
ABC: + scorr 
ABC: Warning: The network is combinational (run "fraig" or "fraig_sweep").
ABC: + dc2 
ABC: + dretime 
ABC: + strash 
ABC: + &get -n 
ABC: + &dch -f 
ABC: + &nf 
ABC: + &put 
ABC: + write_blif <abc-temp-dir>/output.blif 

11.22.7.2. Re-integrating ABC results.
ABC RESULTS:               AND cells:      182
ABC RESULTS:            ANDNOT cells:        5
ABC RESULTS:              NAND cells:      250
ABC RESULTS:               NOR cells:        2
ABC RESULTS:        internal signals:      462
ABC RESULTS:           input signals:      230
ABC RESULTS:          output signals:       47
Removing temp directory.

11.22.8. Extracting gate netlist of module `$paramod$dec9424b776ed6cf19510f938baf4f9a5bd62edc\spi_master_fifo' to `<abc-temp-dir>/input.blif'..

11.22.8.1. Executed ABC.
Extracted 585 gates and 858 wires to a netlist network with 272 inputs and 58 outputs.
Running ABC script: <abc-temp-dir>/abc.script
ABC: ======== ABC command line "source <abc-temp-dir>/abc.script"
ABC: + read_blif <abc-temp-dir>/input.blif 
ABC: + read_library <abc-temp-dir>/stdcells.genlib 
ABC: + strash 
ABC: + &get -n 
ABC: + &fraig -x 
ABC: + &put 
ABC: + scorr 
ABC: Warning: The network is combinational (run "fraig" or "fraig_sweep").
ABC: + dc2 
ABC: + dretime 
ABC: + strash 
ABC: + &get -n 
ABC: + &dch -f 
ABC: + &nf 
ABC: + &put 
ABC: + write_blif <abc-temp-dir>/output.blif 

11.22.8.2. Re-integrating ABC results.
ABC RESULTS:               AND cells:      220
ABC RESULTS:            ANDNOT cells:       18
ABC RESULTS:               MUX cells:        1
ABC RESULTS:              NAND cells:      294
ABC RESULTS:               NOR cells:       18
ABC RESULTS:               NOT cells:        1
ABC RESULTS:                OR cells:        9
ABC RESULTS:              XNOR cells:        2
ABC RESULTS:               XOR cells:        1
ABC RESULTS:        internal signals:      528
ABC RESULTS:           input signals:      272
ABC RESULTS:          output signals:       58
Removing temp directory.

11.22.9. Extracting gate netlist of module `\axil_to_apb' to `<abc-temp-dir>/input.blif'..

11.22.9.1. Executed ABC.
Extracted 71 gates and 109 wires to a netlist network with 37 inputs and 27 outputs.
Running ABC script: <abc-temp-dir>/abc.script
ABC: ======== ABC command line "source <abc-temp-dir>/abc.script"
ABC: + read_blif <abc-temp-dir>/input.blif 
ABC: + read_library <abc-temp-dir>/stdcells.genlib 
ABC: + strash 
ABC: + &get -n 
ABC: + &fraig -x 
ABC: + &put 
ABC: + scorr 
ABC: Warning: The network is combinational (run "fraig" or "fraig_sweep").
ABC: + dc2 
ABC: + dretime 
ABC: + strash 
ABC: + &get -n 
ABC: + &dch -f 
ABC: + &nf 
ABC: + &put 
ABC: + write_blif <abc-temp-dir>/output.blif 

11.22.9.2. Re-integrating ABC results.
ABC RESULTS:               AND cells:       12
ABC RESULTS:            ANDNOT cells:        5
ABC RESULTS:               MUX cells:       12
ABC RESULTS:              NAND cells:        4
ABC RESULTS:               NOR cells:        2
ABC RESULTS:               NOT cells:        2
ABC RESULTS:                OR cells:        6
ABC RESULTS:             ORNOT cells:        5
ABC RESULTS:        internal signals:       45
ABC RESULTS:           input signals:       37
ABC RESULTS:          output signals:       27
Removing temp directory.
Removing global temp directory.

11.23. Executing OPT pass (performing simple optimizations).

11.23.1. Executing OPT_EXPR pass (perform const folding).
Optimizing module pulp_spi_wrap.
Optimizing module spi_master_tx.
Optimizing module spi_master_rx.
Optimizing module $paramod$83bc75265b358b15e6cbe03cbfc629e968b46589\apb_spi_master.
Optimizing module spi_master_controller.
<suppressed ~27 debug messages>
Optimizing module spi_master_clkgen.
Optimizing module $paramod$83bc75265b358b15e6cbe03cbfc629e968b46589\spi_master_apb_if.
Optimizing module $paramod$dec9424b776ed6cf19510f938baf4f9a5bd62edc\spi_master_fifo.
Optimizing module axil_to_apb.

11.23.2. Executing OPT_MERGE pass (detect identical cells).
Finding identical cells in module `\pulp_spi_wrap'.
Computing hashes of 222 cells of `\pulp_spi_wrap'.
Finding duplicate cells in `\pulp_spi_wrap'.
Finding identical cells in module `\spi_master_tx'.
Computing hashes of 490 cells of `\spi_master_tx'.
Finding duplicate cells in `\spi_master_tx'.
Finding identical cells in module `\spi_master_rx'.
Computing hashes of 296 cells of `\spi_master_rx'.
Finding duplicate cells in `\spi_master_rx'.
Finding identical cells in module `$paramod$83bc75265b358b15e6cbe03cbfc629e968b46589\apb_spi_master'.
Computing hashes of 147 cells of `$paramod$83bc75265b358b15e6cbe03cbfc629e968b46589\apb_spi_master'.
Finding duplicate cells in `$paramod$83bc75265b358b15e6cbe03cbfc629e968b46589\apb_spi_master'.
Finding identical cells in module `\spi_master_controller'.
Computing hashes of 619 cells of `\spi_master_controller'.
Finding duplicate cells in `\spi_master_controller'.
Computing hashes of 618 cells of `\spi_master_controller'.
Finding duplicate cells in `\spi_master_controller'.
<suppressed ~3 debug messages>
Finding identical cells in module `\spi_master_clkgen'.
Computing hashes of 62 cells of `\spi_master_clkgen'.
Finding duplicate cells in `\spi_master_clkgen'.
Finding identical cells in module `$paramod$83bc75265b358b15e6cbe03cbfc629e968b46589\spi_master_apb_if'.
Computing hashes of 603 cells of `$paramod$83bc75265b358b15e6cbe03cbfc629e968b46589\spi_master_apb_if'.
Finding duplicate cells in `$paramod$83bc75265b358b15e6cbe03cbfc629e968b46589\spi_master_apb_if'.
Finding identical cells in module `$paramod$dec9424b776ed6cf19510f938baf4f9a5bd62edc\spi_master_fifo'.
Computing hashes of 833 cells of `$paramod$dec9424b776ed6cf19510f938baf4f9a5bd62edc\spi_master_fifo'.
Finding duplicate cells in `$paramod$dec9424b776ed6cf19510f938baf4f9a5bd62edc\spi_master_fifo'.
Finding identical cells in module `\axil_to_apb'.
Computing hashes of 132 cells of `\axil_to_apb'.
Finding duplicate cells in `\axil_to_apb'.
Removed a total of 1 cells.

11.23.3. Executing OPT_DFF pass (perform DFF optimizations).

11.23.4. Executing OPT_CLEAN pass (remove unused cells and wires).
Finding unused cells or wires in module \pulp_spi_wrap..
Finding unused cells or wires in module \spi_master_tx..
Finding unused cells or wires in module \spi_master_rx..
Finding unused cells or wires in module $paramod$83bc75265b358b15e6cbe03cbfc629e968b46589\apb_spi_master..
Finding unused cells or wires in module \spi_master_controller..
Finding unused cells or wires in module \spi_master_clkgen..
Finding unused cells or wires in module $paramod$83bc75265b358b15e6cbe03cbfc629e968b46589\spi_master_apb_if..
Finding unused cells or wires in module $paramod$dec9424b776ed6cf19510f938baf4f9a5bd62edc\spi_master_fifo..
Finding unused cells or wires in module \axil_to_apb..
Removed 6 unused cells and 2693 unused wires.
<suppressed ~29 debug messages>

11.23.5. Finished fast OPT passes.

11.24. Executing HIERARCHY pass (managing design hierarchy).
Attribute `top' found on module `pulp_spi_wrap'. Setting top module to pulp_spi_wrap.

11.24.1. Analyzing design hierarchy..
Top module:  \pulp_spi_wrap
Used module:     $paramod$83bc75265b358b15e6cbe03cbfc629e968b46589\apb_spi_master
Used module:         \spi_master_controller
Used module:             \spi_master_rx
Used module:             \spi_master_tx
Used module:             \spi_master_clkgen
Used module:         $paramod$dec9424b776ed6cf19510f938baf4f9a5bd62edc\spi_master_fifo
Used module:         $paramod$83bc75265b358b15e6cbe03cbfc629e968b46589\spi_master_apb_if
Used module:     \axil_to_apb

11.24.2. Analyzing design hierarchy..
Top module:  \pulp_spi_wrap
Used module:     $paramod$83bc75265b358b15e6cbe03cbfc629e968b46589\apb_spi_master
Used module:         \spi_master_controller
Used module:             \spi_master_rx
Used module:             \spi_master_tx
Used module:             \spi_master_clkgen
Used module:         $paramod$dec9424b776ed6cf19510f938baf4f9a5bd62edc\spi_master_fifo
Used module:         $paramod$83bc75265b358b15e6cbe03cbfc629e968b46589\spi_master_apb_if
Used module:     \axil_to_apb
Removed 0 unused modules.

11.25. Printing statistics.

=== pulp_spi_wrap ===

        +----------Local Count, excluding submodules.
        | 
      187 wires
      470 wire bits
       56 public wires
      339 public wire bits
       25 ports
      114 port bits
      220 cells
       42   $_ANDNOT_
       54   $_AND_
       21   $_DFFE_PN0P_
        8   $_DFFE_PN1P_
        3   $_DFF_PN0_
        2   $_DFF_PN1_
       17   $_MUX_
       27   $_NAND_
       18   $_NOR_
       20   $_ORNOT_
        8   $_OR_
        2 submodules
        1   $paramod$83bc75265b358b15e6cbe03cbfc629e968b46589\apb_spi_master
        1   axil_to_apb

=== spi_master_tx ===

        +----------Local Count, excluding submodules.
        | 
      396 wires
      549 wire bits
       24 public wires
      177 public wire bits
       16 ports
       62 port bits
      490 cells
       73   $_ANDNOT_
       51   $_AND_
       63   $_DFFE_PN0P_
        1   $_DFFE_PN1P_
        1   $_DFF_PN0_
      109   $_MUX_
       73   $_NAND_
        2   $_NOR_
        1   $_NOT_
       38   $_ORNOT_
       35   $_OR_
       17   $_XNOR_
       26   $_XOR_

=== spi_master_rx ===

        +----------Local Count, excluding submodules.
        | 
      200 wires
      356 wire bits
       23 public wires
      179 public wire bits
       16 ports
       62 port bits
      296 cells
       18   $_ANDNOT_
       54   $_AND_
       31   $_DFFE_PN0P_
        1   $_DFFE_PN1P_
       35   $_DFF_PN0_
        1   $_DFF_PN1_
       78   $_MUX_
       20   $_NAND_
        3   $_NOR_
        2   $_NOT_
        5   $_ORNOT_
        7   $_OR_
       14   $_XNOR_
       27   $_XOR_

=== $paramod$83bc75265b358b15e6cbe03cbfc629e968b46589\apb_spi_master ===

        +----------Local Count, excluding submodules.
        | 
      188 wires
      592 wire bits
       70 public wires
      466 public wire bits
       25 ports
      100 port bits
      143 cells
       13   $_ANDNOT_
       32   $_AND_
       10   $_DFFE_PN0P_
        4   $_DFF_PN0_
        2   $_DFF_PN1_
        2   $_MUX_
       26   $_NAND_
        2   $_NOR_
        1   $_NOT_
       22   $_ORNOT_
       11   $_OR_
       10   $_XNOR_
        8   $_XOR_
        4 submodules
        1   $paramod$83bc75265b358b15e6cbe03cbfc629e968b46589\spi_master_apb_if
        2   $paramod$dec9424b776ed6cf19510f938baf4f9a5bd62edc\spi_master_fifo
        1   spi_master_controller

=== spi_master_controller ===

        +----------Local Count, excluding submodules.
        | 
      585 wires
      853 wire bits
       61 public wires
      329 public wire bits
       39 ports
      235 port bits
      615 cells
       20   $_ANDNOT_
      172   $_AND_
        2   $_DFFE_PN0P_
        7   $_DFF_PN0_
        2   $_DFF_PN1_
       29   $_MUX_
      284   $_NAND_
       40   $_NOR_
        7   $_NOT_
       23   $_ORNOT_
       29   $_OR_
        3 submodules
        1   spi_master_clkgen
        1   spi_master_rx
        1   spi_master_tx

=== spi_master_clkgen ===

        +----------Local Count, excluding submodules.
        | 
       46 wires
       74 wire bits
       12 public wires
       40 public wire bits
        8 ports
       15 port bits
       62 cells
        2   $_ANDNOT_
       21   $_AND_
        8   $_DFFE_PN0N_
        9   $_DFFE_PN0P_
        1   $_DFF_PN0_
        2   $_NAND_
        3   $_NOT_
        1   $_OR_
        9   $_XNOR_
        6   $_XOR_

=== $paramod$83bc75265b358b15e6cbe03cbfc629e968b46589\spi_master_apb_if ===

        +----------Local Count, excluding submodules.
        | 
      445 wires
      760 wire bits
       41 public wires
      356 public wire bits
       39 ports
      348 port bits
      603 cells
        5   $_ANDNOT_
      182   $_AND_
      158   $_DFFE_PN0P_
        6   $_DFF_PN0_
      250   $_NAND_
        2   $_NOR_

=== $paramod$dec9424b776ed6cf19510f938baf4f9a5bd62edc\spi_master_fifo ===

        +----------Local Count, excluding submodules.
        | 
      539 wires
      873 wire bits
       21 public wires
      345 public wire bits
       10 ports
       76 port bits
      827 cells
       15   $_ANDNOT_
      219   $_AND_
      267   $_DFFE_PN0P_
        1   $_MUX_
      294   $_NAND_
       18   $_NOR_
        1   $_NOT_
        9   $_OR_
        2   $_XNOR_
        1   $_XOR_

=== axil_to_apb ===

        +----------Local Count, excluding submodules.
        | 
       67 wires
      316 wire bits
       35 public wires
      273 public wire bits
       27 ports
      189 port bits
      132 cells
        5   $_ANDNOT_
       12   $_AND_
       78   $_DFFE_PN0P_
        5   $_DFF_PN0_
        1   $_DFF_PN1_
       12   $_MUX_
        4   $_NAND_
        2   $_NOR_
        2   $_NOT_
        5   $_ORNOT_
        6   $_OR_

=== design hierarchy ===

        +----------Count including submodules.
        | 
     4215 pulp_spi_wrap
      143 $paramod$83bc75265b358b15e6cbe03cbfc629e968b46589\apb_spi_master
      603   $paramod$83bc75265b358b15e6cbe03cbfc629e968b46589\spi_master_apb_if
      827   $paramod$dec9424b776ed6cf19510f938baf4f9a5bd62edc\spi_master_fifo
      615   spi_master_controller
       62     spi_master_clkgen
      296     spi_master_rx
      490     spi_master_tx
      132 axil_to_apb

        +----------Count including submodules.
        | 
     3192 wires
     5716 wire bits
      364 public wires
     2849 public wire bits
      215 ports
     1277 port bits
        - memories
        - memory bits
        - processes
     4215 cells
      208   $_ANDNOT_
     1016   $_AND_
        8   $_DFFE_PN0N_
      906   $_DFFE_PN0P_
       10   $_DFFE_PN1P_
       62   $_DFF_PN0_
        8   $_DFF_PN1_
      249   $_MUX_
     1274   $_NAND_
      105   $_NOR_
       18   $_NOT_
      113   $_ORNOT_
      115   $_OR_
       54   $_XNOR_
       69   $_XOR_
        2 submodules
        1   $paramod$83bc75265b358b15e6cbe03cbfc629e968b46589\apb_spi_master
        1   axil_to_apb

11.26. Executing CHECK pass (checking for obvious problems).
Checking module pulp_spi_wrap...
Checking module spi_master_tx...
Checking module spi_master_rx...
Checking module $paramod$83bc75265b358b15e6cbe03cbfc629e968b46589\apb_spi_master...
Checking module spi_master_controller...
Checking module spi_master_clkgen...
Checking module $paramod$83bc75265b358b15e6cbe03cbfc629e968b46589\spi_master_apb_if...
Checking module $paramod$dec9424b776ed6cf19510f938baf4f9a5bd62edc\spi_master_fifo...
Checking module axil_to_apb...
Found and reported 0 problems.

12. Executing DFFLIBMAP pass (mapping DFF cells to sequential cells from liberty file).
  cell DFF_X1 (noninv, pins=4, area=4.52) is a direct match for cell type $_DFF_P_.
  cell DFFR_X1 (noninv, pins=5, area=5.32) is a direct match for cell type $_DFF_PN0_.
  cell DFFS_X1 (noninv, pins=5, area=5.32) is a direct match for cell type $_DFF_PN1_.
  cell DFFRS_X1 (noninv, pins=6, area=6.38) is a direct match for cell type $_DFFSR_PNN_.
  final dff cell mappings:
    unmapped dff cell: $_DFF_N_
    \DFF_X1 _DFF_P_ (.CK( C), .D( D), .Q( Q), .QN(~Q));
    unmapped dff cell: $_DFF_NN0_
    unmapped dff cell: $_DFF_NN1_
    unmapped dff cell: $_DFF_NP0_
    unmapped dff cell: $_DFF_NP1_
    \DFFR_X1 _DFF_PN0_ (.CK( C), .D( D), .Q( Q), .QN(~Q), .RN( R));
    \DFFS_X1 _DFF_PN1_ (.CK( C), .D( D), .Q( Q), .QN(~Q), .SN( R));
    unmapped dff cell: $_DFF_PP0_
    unmapped dff cell: $_DFF_PP1_
    unmapped dff cell: $_DFFE_NN_
    unmapped dff cell: $_DFFE_NP_
    unmapped dff cell: $_DFFE_PN_
    unmapped dff cell: $_DFFE_PP_
    unmapped dff cell: $_DFFSR_NNN_
    unmapped dff cell: $_DFFSR_NNP_
    unmapped dff cell: $_DFFSR_NPN_
    unmapped dff cell: $_DFFSR_NPP_
    \DFFRS_X1 _DFFSR_PNN_ (.CK( C), .D( D), .Q( Q), .QN(~Q), .RN( R), .SN( S));
    unmapped dff cell: $_DFFSR_PNP_
    unmapped dff cell: $_DFFSR_PPN_
    unmapped dff cell: $_DFFSR_PPP_

12.1. Executing DFFLEGALIZE pass (convert FFs to types supported by the target).
<suppressed ~8 debug messages>
Mapping DFF cells in module `\pulp_spi_wrap':
  mapped 24 $_DFF_PN0_ cells to \DFFR_X1 cells.
  mapped 10 $_DFF_PN1_ cells to \DFFS_X1 cells.
Mapping DFF cells in module `\spi_master_tx':
  mapped 64 $_DFF_PN0_ cells to \DFFR_X1 cells.
  mapped 1 $_DFF_PN1_ cells to \DFFS_X1 cells.
Mapping DFF cells in module `\spi_master_rx':
  mapped 66 $_DFF_PN0_ cells to \DFFR_X1 cells.
  mapped 2 $_DFF_PN1_ cells to \DFFS_X1 cells.
Mapping DFF cells in module `$paramod$83bc75265b358b15e6cbe03cbfc629e968b46589\apb_spi_master':
  mapped 14 $_DFF_PN0_ cells to \DFFR_X1 cells.
  mapped 2 $_DFF_PN1_ cells to \DFFS_X1 cells.
Mapping DFF cells in module `\spi_master_controller':
  mapped 9 $_DFF_PN0_ cells to \DFFR_X1 cells.
  mapped 2 $_DFF_PN1_ cells to \DFFS_X1 cells.
Mapping DFF cells in module `\spi_master_clkgen':
  mapped 18 $_DFF_PN0_ cells to \DFFR_X1 cells.
Mapping DFF cells in module `$paramod$83bc75265b358b15e6cbe03cbfc629e968b46589\spi_master_apb_if':
  mapped 164 $_DFF_PN0_ cells to \DFFR_X1 cells.
Mapping DFF cells in module `$paramod$dec9424b776ed6cf19510f938baf4f9a5bd62edc\spi_master_fifo':
  mapped 267 $_DFF_PN0_ cells to \DFFR_X1 cells.
Mapping DFF cells in module `\axil_to_apb':
  mapped 83 $_DFF_PN0_ cells to \DFFR_X1 cells.
  mapped 1 $_DFF_PN1_ cells to \DFFS_X1 cells.

13. Executing ABC pass (technology mapping using ABC).

13.1. Extracting gate netlist of module `\pulp_spi_wrap' to `<abc-temp-dir>/input.blif'..

13.1.1. Executed ABC.
Extracted 215 gates and 354 wires to a netlist network with 139 inputs and 89 outputs.
Running ABC script: <abc-temp-dir>/abc.script
ABC: ======== ABC command line "source <abc-temp-dir>/abc.script"
ABC: + read_blif <abc-temp-dir>/input.blif 
ABC: + read_lib -w /Users/aasheiksaran/Desktop/Productivity/INDIA_CRYPTO_SOC/synth/../pdk/nangate45/NangateOpenCellLibrary_typical.lib 
ABC: Parsing finished successfully.  Parsing time =     0.02 sec
ABC: Scl_LibertyReadGenlib() skipped cell "ANTENNA_X1" due to dont_use attribute.
ABC: Scl_LibertyReadGenlib() skipped cell "CLKGATETST_X1" without logic function.
ABC: Scl_LibertyReadGenlib() skipped cell "CLKGATETST_X2" without logic function.
ABC: Scl_LibertyReadGenlib() skipped cell "CLKGATETST_X4" without logic function.
ABC: Scl_LibertyReadGenlib() skipped cell "CLKGATETST_X8" without logic function.
ABC: Scl_LibertyReadGenlib() skipped cell "CLKGATE_X1" without logic function.
ABC: Scl_LibertyReadGenlib() skipped cell "CLKGATE_X2" without logic function.
ABC: Scl_LibertyReadGenlib() skipped cell "CLKGATE_X4" without logic function.
ABC: Scl_LibertyReadGenlib() skipped cell "CLKGATE_X8" without logic function.
ABC: Scl_LibertyReadGenlib() skipped sequential cell "DFFRS_X1".
ABC: Scl_LibertyReadGenlib() skipped sequential cell "DFFRS_X2".
ABC: Scl_LibertyReadGenlib() skipped sequential cell "DFFR_X1".
ABC: Scl_LibertyReadGenlib() skipped sequential cell "DFFR_X2".
ABC: Scl_LibertyReadGenlib() skipped sequential cell "DFFS_X1".
ABC: Scl_LibertyReadGenlib() skipped sequential cell "DFFS_X2".
ABC: Scl_LibertyReadGenlib() skipped sequential cell "DFF_X1".
ABC: Scl_LibertyReadGenlib() skipped sequential cell "DFF_X2".
ABC: Scl_LibertyReadGenlib() skipped sequential cell "DLH_X1".
ABC: Scl_LibertyReadGenlib() skipped sequential cell "DLH_X2".
ABC: Scl_LibertyReadGenlib() skipped sequential cell "DLL_X1".
ABC: Scl_LibertyReadGenlib() skipped sequential cell "DLL_X2".
ABC: Scl_LibertyReadGenlib() skipped cell "FILLCELL_X1" due to dont_use attribute.
ABC: Scl_LibertyReadGenlib() skipped cell "TAPCELL_X1" due to dont_use attribute.
ABC: Scl_LibertyReadGenlib() skipped cell "FILLCELL_X2" due to dont_use attribute.
ABC: Scl_LibertyReadGenlib() skipped cell "FILLCELL_X4" due to dont_use attribute.
ABC: Scl_LibertyReadGenlib() skipped cell "FILLCELL_X8" due to dont_use attribute.
ABC: Scl_LibertyReadGenlib() skipped cell "FILLCELL_X16" due to dont_use attribute.
ABC: Scl_LibertyReadGenlib() skipped cell "FILLCELL_X32" due to dont_use attribute.
ABC: Scl_LibertyReadGenlib() skipped cell "LOGIC0_X1" due to dont_use attribute.
ABC: Scl_LibertyReadGenlib() skipped cell "LOGIC1_X1" due to dont_use attribute.
ABC: Scl_LibertyReadGenlib() skipped sequential cell "SDFFRS_X1".
ABC: Scl_LibertyReadGenlib() skipped sequential cell "SDFFRS_X2".
ABC: Scl_LibertyReadGenlib() skipped sequential cell "SDFFR_X1".
ABC: Scl_LibertyReadGenlib() skipped sequential cell "SDFFR_X2".
ABC: Scl_LibertyReadGenlib() skipped sequential cell "SDFFS_X1".
ABC: Scl_LibertyReadGenlib() skipped sequential cell "SDFFS_X2".
ABC: Scl_LibertyReadGenlib() skipped sequential cell "SDFF_X1".
ABC: Scl_LibertyReadGenlib() skipped sequential cell "SDFF_X2".
ABC: Scl_LibertyReadGenlib() skipped three-state cell "TBUF_X1".
ABC: Scl_LibertyReadGenlib() skipped three-state cell "TBUF_X2".
ABC: Scl_LibertyReadGenlib() skipped three-state cell "TBUF_X4".
ABC: Scl_LibertyReadGenlib() skipped three-state cell "TBUF_X8".
ABC: Scl_LibertyReadGenlib() skipped three-state cell "TBUF_X16".
ABC: Scl_LibertyReadGenlib() skipped three-state cell "TINV_X1".
ABC: Scl_LibertyReadGenlib() skipped sequential cell "TLAT_X1".
ABC: Library "NangateOpenCellLibrary" from "/Users/aasheiksaran/Desktop/Productivity/INDIA_CRYPTO_SOC/synth/../pdk/nangate45/NangateOpenCellLibrary_typical.lib" has 90 cells (45 skipped: 21 seq; 6 tri-state; 8 no func; 10 dont_use; 0 with 2 outputs; 0 with 3+ outputs).  Time =     0.03 sec
ABC: Memory =   11.38 MB. Time =     0.03 sec
ABC: Warning: Detected 2 multi-output cells (for example, "FA_X1").
ABC: + strash 
ABC: + &get -n 
ABC: + &fraig -x 
ABC: + &put 
ABC: + scorr 
ABC: Warning: The network is combinational (run "fraig" or "fraig_sweep").
ABC: + dc2 
ABC: + dretime 
ABC: + strash 
ABC: + &get -n 
ABC: + &dch -f 
ABC: + &nf 
ABC: + &put 
ABC: + write_blif <abc-temp-dir>/output.blif 

13.1.2. Re-integrating ABC results.
ABC RESULTS:           AND2_X1 cells:       36
ABC RESULTS:         AOI211_X1 cells:        1
ABC RESULTS:          AOI21_X1 cells:        1
ABC RESULTS:         AOI221_X1 cells:        1
ABC RESULTS:          AOI22_X1 cells:        4
ABC RESULTS:            INV_X1 cells:       30
ABC RESULTS:           MUX2_X1 cells:       26
ABC RESULTS:          NAND2_X1 cells:       27
ABC RESULTS:          NAND3_X1 cells:        3
ABC RESULTS:          NAND4_X1 cells:        8
ABC RESULTS:           NOR2_X1 cells:        7
ABC RESULTS:           NOR3_X1 cells:        6
ABC RESULTS:           NOR4_X1 cells:        4
ABC RESULTS:          OAI21_X1 cells:       13
ABC RESULTS:         OAI221_X1 cells:        1
ABC RESULTS:          OAI22_X1 cells:        3
ABC RESULTS:            OR2_X1 cells:        4
ABC RESULTS:            OR3_X1 cells:        3
ABC RESULTS:            OR4_X1 cells:        1
ABC RESULTS:        internal signals:      126
ABC RESULTS:           input signals:      139
ABC RESULTS:          output signals:       89
Removing temp directory.

13.2. Extracting gate netlist of module `\spi_master_tx' to `<abc-temp-dir>/input.blif'..

13.2.1. Executed ABC.
Extracted 489 gates and 607 wires to a netlist network with 118 inputs and 69 outputs.
Running ABC script: <abc-temp-dir>/abc.script
ABC: ======== ABC command line "source <abc-temp-dir>/abc.script"
ABC: + read_blif <abc-temp-dir>/input.blif 
ABC: + read_lib -w /Users/aasheiksaran/Desktop/Productivity/INDIA_CRYPTO_SOC/synth/../pdk/nangate45/NangateOpenCellLibrary_typical.lib 
ABC: Parsing finished successfully.  Parsing time =     0.02 sec
ABC: Scl_LibertyReadGenlib() skipped cell "ANTENNA_X1" due to dont_use attribute.
ABC: Scl_LibertyReadGenlib() skipped cell "CLKGATETST_X1" without logic function.
ABC: Scl_LibertyReadGenlib() skipped cell "CLKGATETST_X2" without logic function.
ABC: Scl_LibertyReadGenlib() skipped cell "CLKGATETST_X4" without logic function.
ABC: Scl_LibertyReadGenlib() skipped cell "CLKGATETST_X8" without logic function.
ABC: Scl_LibertyReadGenlib() skipped cell "CLKGATE_X1" without logic function.
ABC: Scl_LibertyReadGenlib() skipped cell "CLKGATE_X2" without logic function.
ABC: Scl_LibertyReadGenlib() skipped cell "CLKGATE_X4" without logic function.
ABC: Scl_LibertyReadGenlib() skipped cell "CLKGATE_X8" without logic function.
ABC: Scl_LibertyReadGenlib() skipped sequential cell "DFFRS_X1".
ABC: Scl_LibertyReadGenlib() skipped sequential cell "DFFRS_X2".
ABC: Scl_LibertyReadGenlib() skipped sequential cell "DFFR_X1".
ABC: Scl_LibertyReadGenlib() skipped sequential cell "DFFR_X2".
ABC: Scl_LibertyReadGenlib() skipped sequential cell "DFFS_X1".
ABC: Scl_LibertyReadGenlib() skipped sequential cell "DFFS_X2".
ABC: Scl_LibertyReadGenlib() skipped sequential cell "DFF_X1".
ABC: Scl_LibertyReadGenlib() skipped sequential cell "DFF_X2".
ABC: Scl_LibertyReadGenlib() skipped sequential cell "DLH_X1".
ABC: Scl_LibertyReadGenlib() skipped sequential cell "DLH_X2".
ABC: Scl_LibertyReadGenlib() skipped sequential cell "DLL_X1".
ABC: Scl_LibertyReadGenlib() skipped sequential cell "DLL_X2".
ABC: Scl_LibertyReadGenlib() skipped cell "FILLCELL_X1" due to dont_use attribute.
ABC: Scl_LibertyReadGenlib() skipped cell "TAPCELL_X1" due to dont_use attribute.
ABC: Scl_LibertyReadGenlib() skipped cell "FILLCELL_X2" due to dont_use attribute.
ABC: Scl_LibertyReadGenlib() skipped cell "FILLCELL_X4" due to dont_use attribute.
ABC: Scl_LibertyReadGenlib() skipped cell "FILLCELL_X8" due to dont_use attribute.
ABC: Scl_LibertyReadGenlib() skipped cell "FILLCELL_X16" due to dont_use attribute.
ABC: Scl_LibertyReadGenlib() skipped cell "FILLCELL_X32" due to dont_use attribute.
ABC: Scl_LibertyReadGenlib() skipped cell "LOGIC0_X1" due to dont_use attribute.
ABC: Scl_LibertyReadGenlib() skipped cell "LOGIC1_X1" due to dont_use attribute.
ABC: Scl_LibertyReadGenlib() skipped sequential cell "SDFFRS_X1".
ABC: Scl_LibertyReadGenlib() skipped sequential cell "SDFFRS_X2".
ABC: Scl_LibertyReadGenlib() skipped sequential cell "SDFFR_X1".
ABC: Scl_LibertyReadGenlib() skipped sequential cell "SDFFR_X2".
ABC: Scl_LibertyReadGenlib() skipped sequential cell "SDFFS_X1".
ABC: Scl_LibertyReadGenlib() skipped sequential cell "SDFFS_X2".
ABC: Scl_LibertyReadGenlib() skipped sequential cell "SDFF_X1".
ABC: Scl_LibertyReadGenlib() skipped sequential cell "SDFF_X2".
ABC: Scl_LibertyReadGenlib() skipped three-state cell "TBUF_X1".
ABC: Scl_LibertyReadGenlib() skipped three-state cell "TBUF_X2".
ABC: Scl_LibertyReadGenlib() skipped three-state cell "TBUF_X4".
ABC: Scl_LibertyReadGenlib() skipped three-state cell "TBUF_X8".
ABC: Scl_LibertyReadGenlib() skipped three-state cell "TBUF_X16".
ABC: Scl_LibertyReadGenlib() skipped three-state cell "TINV_X1".
ABC: Scl_LibertyReadGenlib() skipped sequential cell "TLAT_X1".
ABC: Library "NangateOpenCellLibrary" from "/Users/aasheiksaran/Desktop/Productivity/INDIA_CRYPTO_SOC/synth/../pdk/nangate45/NangateOpenCellLibrary_typical.lib" has 90 cells (45 skipped: 21 seq; 6 tri-state; 8 no func; 10 dont_use; 0 with 2 outputs; 0 with 3+ outputs).  Time =     0.03 sec
ABC: Memory =   11.38 MB. Time =     0.03 sec
ABC: Warning: Detected 2 multi-output cells (for example, "FA_X1").
ABC: + strash 
ABC: + &get -n 
ABC: + &fraig -x 
ABC: + &put 
ABC: + scorr 
ABC: Warning: The network is combinational (run "fraig" or "fraig_sweep").
ABC: + dc2 
ABC: + dretime 
ABC: + strash 
ABC: + &get -n 
ABC: + &dch -f 
ABC: + &nf 
ABC: + &put 
ABC: + write_blif <abc-temp-dir>/output.blif 

13.2.2. Re-integrating ABC results.
ABC RESULTS:           AND2_X1 cells:       10
ABC RESULTS:           AND3_X1 cells:        3
ABC RESULTS:           AND4_X1 cells:        3
ABC RESULTS:         AOI211_X1 cells:        1
ABC RESULTS:          AOI21_X1 cells:       49
ABC RESULTS:          AOI22_X1 cells:        2
ABC RESULTS:            INV_X1 cells:       20
ABC RESULTS:           MUX2_X1 cells:       85
ABC RESULTS:          NAND2_X1 cells:       12
ABC RESULTS:          NAND3_X1 cells:        6
ABC RESULTS:          NAND4_X1 cells:       35
ABC RESULTS:           NOR2_X1 cells:       52
ABC RESULTS:           NOR3_X1 cells:        9
ABC RESULTS:           NOR4_X1 cells:        3
ABC RESULTS:         OAI211_X1 cells:       32
ABC RESULTS:          OAI21_X1 cells:       60
ABC RESULTS:          OAI22_X1 cells:        3
ABC RESULTS:          OAI33_X1 cells:        1
ABC RESULTS:            OR2_X1 cells:       22
ABC RESULTS:            OR3_X1 cells:        2
ABC RESULTS:            OR4_X1 cells:        3
ABC RESULTS:          XNOR2_X1 cells:       29
ABC RESULTS:           XOR2_X1 cells:       11
ABC RESULTS:        internal signals:      420
ABC RESULTS:           input signals:      118
ABC RESULTS:          output signals:       69
Removing temp directory.

13.3. Extracting gate netlist of module `\spi_master_rx' to `<abc-temp-dir>/input.blif'..

13.3.1. Executed ABC.
Extracted 260 gates and 353 wires to a netlist network with 93 inputs and 71 outputs.
Running ABC script: <abc-temp-dir>/abc.script
ABC: ======== ABC command line "source <abc-temp-dir>/abc.script"
ABC: + read_blif <abc-temp-dir>/input.blif 
ABC: + read_lib -w /Users/aasheiksaran/Desktop/Productivity/INDIA_CRYPTO_SOC/synth/../pdk/nangate45/NangateOpenCellLibrary_typical.lib 
ABC: Parsing finished successfully.  Parsing time =     0.02 sec
ABC: Scl_LibertyReadGenlib() skipped cell "ANTENNA_X1" due to dont_use attribute.
ABC: Scl_LibertyReadGenlib() skipped cell "CLKGATETST_X1" without logic function.
ABC: Scl_LibertyReadGenlib() skipped cell "CLKGATETST_X2" without logic function.
ABC: Scl_LibertyReadGenlib() skipped cell "CLKGATETST_X4" without logic function.
ABC: Scl_LibertyReadGenlib() skipped cell "CLKGATETST_X8" without logic function.
ABC: Scl_LibertyReadGenlib() skipped cell "CLKGATE_X1" without logic function.
ABC: Scl_LibertyReadGenlib() skipped cell "CLKGATE_X2" without logic function.
ABC: Scl_LibertyReadGenlib() skipped cell "CLKGATE_X4" without logic function.
ABC: Scl_LibertyReadGenlib() skipped cell "CLKGATE_X8" without logic function.
ABC: Scl_LibertyReadGenlib() skipped sequential cell "DFFRS_X1".
ABC: Scl_LibertyReadGenlib() skipped sequential cell "DFFRS_X2".
ABC: Scl_LibertyReadGenlib() skipped sequential cell "DFFR_X1".
ABC: Scl_LibertyReadGenlib() skipped sequential cell "DFFR_X2".
ABC: Scl_LibertyReadGenlib() skipped sequential cell "DFFS_X1".
ABC: Scl_LibertyReadGenlib() skipped sequential cell "DFFS_X2".
ABC: Scl_LibertyReadGenlib() skipped sequential cell "DFF_X1".
ABC: Scl_LibertyReadGenlib() skipped sequential cell "DFF_X2".
ABC: Scl_LibertyReadGenlib() skipped sequential cell "DLH_X1".
ABC: Scl_LibertyReadGenlib() skipped sequential cell "DLH_X2".
ABC: Scl_LibertyReadGenlib() skipped sequential cell "DLL_X1".
ABC: Scl_LibertyReadGenlib() skipped sequential cell "DLL_X2".
ABC: Scl_LibertyReadGenlib() skipped cell "FILLCELL_X1" due to dont_use attribute.
ABC: Scl_LibertyReadGenlib() skipped cell "TAPCELL_X1" due to dont_use attribute.
ABC: Scl_LibertyReadGenlib() skipped cell "FILLCELL_X2" due to dont_use attribute.
ABC: Scl_LibertyReadGenlib() skipped cell "FILLCELL_X4" due to dont_use attribute.
ABC: Scl_LibertyReadGenlib() skipped cell "FILLCELL_X8" due to dont_use attribute.
ABC: Scl_LibertyReadGenlib() skipped cell "FILLCELL_X16" due to dont_use attribute.
ABC: Scl_LibertyReadGenlib() skipped cell "FILLCELL_X32" due to dont_use attribute.
ABC: Scl_LibertyReadGenlib() skipped cell "LOGIC0_X1" due to dont_use attribute.
ABC: Scl_LibertyReadGenlib() skipped cell "LOGIC1_X1" due to dont_use attribute.
ABC: Scl_LibertyReadGenlib() skipped sequential cell "SDFFRS_X1".
ABC: Scl_LibertyReadGenlib() skipped sequential cell "SDFFRS_X2".
ABC: Scl_LibertyReadGenlib() skipped sequential cell "SDFFR_X1".
ABC: Scl_LibertyReadGenlib() skipped sequential cell "SDFFR_X2".
ABC: Scl_LibertyReadGenlib() skipped sequential cell "SDFFS_X1".
ABC: Scl_LibertyReadGenlib() skipped sequential cell "SDFFS_X2".
ABC: Scl_LibertyReadGenlib() skipped sequential cell "SDFF_X1".
ABC: Scl_LibertyReadGenlib() skipped sequential cell "SDFF_X2".
ABC: Scl_LibertyReadGenlib() skipped three-state cell "TBUF_X1".
ABC: Scl_LibertyReadGenlib() skipped three-state cell "TBUF_X2".
ABC: Scl_LibertyReadGenlib() skipped three-state cell "TBUF_X4".
ABC: Scl_LibertyReadGenlib() skipped three-state cell "TBUF_X8".
ABC: Scl_LibertyReadGenlib() skipped three-state cell "TBUF_X16".
ABC: Scl_LibertyReadGenlib() skipped three-state cell "TINV_X1".
ABC: Scl_LibertyReadGenlib() skipped sequential cell "TLAT_X1".
ABC: Library "NangateOpenCellLibrary" from "/Users/aasheiksaran/Desktop/Productivity/INDIA_CRYPTO_SOC/synth/../pdk/nangate45/NangateOpenCellLibrary_typical.lib" has 90 cells (45 skipped: 21 seq; 6 tri-state; 8 no func; 10 dont_use; 0 with 2 outputs; 0 with 3+ outputs).  Time =     0.03 sec
ABC: Memory =   11.38 MB. Time =     0.03 sec
ABC: Warning: Detected 2 multi-output cells (for example, "FA_X1").
ABC: + strash 
ABC: + &get -n 
ABC: + &fraig -x 
ABC: + &put 
ABC: + scorr 
ABC: Warning: The network is combinational (run "fraig" or "fraig_sweep").
ABC: + dc2 
ABC: + dretime 
ABC: + strash 
ABC: + &get -n 
ABC: + &dch -f 
ABC: + &nf 
ABC: + &put 
ABC: + write_blif <abc-temp-dir>/output.blif 

13.3.2. Re-integrating ABC results.
ABC RESULTS:           AND2_X1 cells:        8
ABC RESULTS:           AND4_X1 cells:        1
ABC RESULTS:         AOI211_X1 cells:        1
ABC RESULTS:          AOI21_X1 cells:        7
ABC RESULTS:         AOI222_X1 cells:        1
ABC RESULTS:            INV_X1 cells:       14
ABC RESULTS:           MUX2_X1 cells:       92
ABC RESULTS:          NAND2_X1 cells:        9
ABC RESULTS:          NAND3_X1 cells:        6
ABC RESULTS:          NAND4_X1 cells:        4
ABC RESULTS:           NOR2_X1 cells:       21
ABC RESULTS:           NOR3_X1 cells:       13
ABC RESULTS:           NOR4_X1 cells:        5
ABC RESULTS:         OAI211_X1 cells:        1
ABC RESULTS:          OAI21_X1 cells:        3
ABC RESULTS:          OAI22_X1 cells:        3
ABC RESULTS:            OR2_X1 cells:        2
ABC RESULTS:            OR3_X1 cells:        1
ABC RESULTS:            OR4_X1 cells:        3
ABC RESULTS:          XNOR2_X1 cells:       27
ABC RESULTS:           XOR2_X1 cells:        9
ABC RESULTS:        internal signals:      189
ABC RESULTS:           input signals:       93
ABC RESULTS:          output signals:       71
Removing temp directory.

13.4. Extracting gate netlist of module `$paramod$83bc75265b358b15e6cbe03cbfc629e968b46589\apb_spi_master' to `<abc-temp-dir>/input.blif'..

13.4.1. Executed ABC.
Extracted 137 gates and 190 wires to a netlist network with 53 inputs and 17 outputs.
Running ABC script: <abc-temp-dir>/abc.script
ABC: ======== ABC command line "source <abc-temp-dir>/abc.script"
ABC: + read_blif <abc-temp-dir>/input.blif 
ABC: + read_lib -w /Users/aasheiksaran/Desktop/Productivity/INDIA_CRYPTO_SOC/synth/../pdk/nangate45/NangateOpenCellLibrary_typical.lib 
ABC: Parsing finished successfully.  Parsing time =     0.02 sec
ABC: Scl_LibertyReadGenlib() skipped cell "ANTENNA_X1" due to dont_use attribute.
ABC: Scl_LibertyReadGenlib() skipped cell "CLKGATETST_X1" without logic function.
ABC: Scl_LibertyReadGenlib() skipped cell "CLKGATETST_X2" without logic function.
ABC: Scl_LibertyReadGenlib() skipped cell "CLKGATETST_X4" without logic function.
ABC: Scl_LibertyReadGenlib() skipped cell "CLKGATETST_X8" without logic function.
ABC: Scl_LibertyReadGenlib() skipped cell "CLKGATE_X1" without logic function.
ABC: Scl_LibertyReadGenlib() skipped cell "CLKGATE_X2" without logic function.
ABC: Scl_LibertyReadGenlib() skipped cell "CLKGATE_X4" without logic function.
ABC: Scl_LibertyReadGenlib() skipped cell "CLKGATE_X8" without logic function.
ABC: Scl_LibertyReadGenlib() skipped sequential cell "DFFRS_X1".
ABC: Scl_LibertyReadGenlib() skipped sequential cell "DFFRS_X2".
ABC: Scl_LibertyReadGenlib() skipped sequential cell "DFFR_X1".
ABC: Scl_LibertyReadGenlib() skipped sequential cell "DFFR_X2".
ABC: Scl_LibertyReadGenlib() skipped sequential cell "DFFS_X1".
ABC: Scl_LibertyReadGenlib() skipped sequential cell "DFFS_X2".
ABC: Scl_LibertyReadGenlib() skipped sequential cell "DFF_X1".
ABC: Scl_LibertyReadGenlib() skipped sequential cell "DFF_X2".
ABC: Scl_LibertyReadGenlib() skipped sequential cell "DLH_X1".
ABC: Scl_LibertyReadGenlib() skipped sequential cell "DLH_X2".
ABC: Scl_LibertyReadGenlib() skipped sequential cell "DLL_X1".
ABC: Scl_LibertyReadGenlib() skipped sequential cell "DLL_X2".
ABC: Scl_LibertyReadGenlib() skipped cell "FILLCELL_X1" due to dont_use attribute.
ABC: Scl_LibertyReadGenlib() skipped cell "TAPCELL_X1" due to dont_use attribute.
ABC: Scl_LibertyReadGenlib() skipped cell "FILLCELL_X2" due to dont_use attribute.
ABC: Scl_LibertyReadGenlib() skipped cell "FILLCELL_X4" due to dont_use attribute.
ABC: Scl_LibertyReadGenlib() skipped cell "FILLCELL_X8" due to dont_use attribute.
ABC: Scl_LibertyReadGenlib() skipped cell "FILLCELL_X16" due to dont_use attribute.
ABC: Scl_LibertyReadGenlib() skipped cell "FILLCELL_X32" due to dont_use attribute.
ABC: Scl_LibertyReadGenlib() skipped cell "LOGIC0_X1" due to dont_use attribute.
ABC: Scl_LibertyReadGenlib() skipped cell "LOGIC1_X1" due to dont_use attribute.
ABC: Scl_LibertyReadGenlib() skipped sequential cell "SDFFRS_X1".
ABC: Scl_LibertyReadGenlib() skipped sequential cell "SDFFRS_X2".
ABC: Scl_LibertyReadGenlib() skipped sequential cell "SDFFR_X1".
ABC: Scl_LibertyReadGenlib() skipped sequential cell "SDFFR_X2".
ABC: Scl_LibertyReadGenlib() skipped sequential cell "SDFFS_X1".
ABC: Scl_LibertyReadGenlib() skipped sequential cell "SDFFS_X2".
ABC: Scl_LibertyReadGenlib() skipped sequential cell "SDFF_X1".
ABC: Scl_LibertyReadGenlib() skipped sequential cell "SDFF_X2".
ABC: Scl_LibertyReadGenlib() skipped three-state cell "TBUF_X1".
ABC: Scl_LibertyReadGenlib() skipped three-state cell "TBUF_X2".
ABC: Scl_LibertyReadGenlib() skipped three-state cell "TBUF_X4".
ABC: Scl_LibertyReadGenlib() skipped three-state cell "TBUF_X8".
ABC: Scl_LibertyReadGenlib() skipped three-state cell "TBUF_X16".
ABC: Scl_LibertyReadGenlib() skipped three-state cell "TINV_X1".
ABC: Scl_LibertyReadGenlib() skipped sequential cell "TLAT_X1".
ABC: Library "NangateOpenCellLibrary" from "/Users/aasheiksaran/Desktop/Productivity/INDIA_CRYPTO_SOC/synth/../pdk/nangate45/NangateOpenCellLibrary_typical.lib" has 90 cells (45 skipped: 21 seq; 6 tri-state; 8 no func; 10 dont_use; 0 with 2 outputs; 0 with 3+ outputs).  Time =     0.03 sec
ABC: Memory =   11.38 MB. Time =     0.03 sec
ABC: Warning: Detected 2 multi-output cells (for example, "FA_X1").
ABC: + strash 
ABC: + &get -n 
ABC: + &fraig -x 
ABC: + &put 
ABC: + scorr 
ABC: Warning: The network is combinational (run "fraig" or "fraig_sweep").
ABC: + dc2 
ABC: + dretime 
ABC: + strash 
ABC: + &get -n 
ABC: + &dch -f 
ABC: + &nf 
ABC: + &put 
ABC: + write_blif <abc-temp-dir>/output.blif 

13.4.2. Re-integrating ABC results.
ABC RESULTS:           AND2_X1 cells:        6
ABC RESULTS:           AND3_X1 cells:        3
ABC RESULTS:         AOI211_X1 cells:        2
ABC RESULTS:          AOI21_X1 cells:       11
ABC RESULTS:          AOI22_X1 cells:        7
ABC RESULTS:            INV_X1 cells:       24
ABC RESULTS:          NAND2_X1 cells:       11
ABC RESULTS:          NAND3_X1 cells:        2
ABC RESULTS:           NOR2_X1 cells:       11
ABC RESULTS:           NOR3_X1 cells:        6
ABC RESULTS:           NOR4_X1 cells:        2
ABC RESULTS:         OAI211_X1 cells:        2
ABC RESULTS:          OAI21_X1 cells:        8
ABC RESULTS:         OAI221_X1 cells:        3
ABC RESULTS:          OAI22_X1 cells:        6
ABC RESULTS:            OR2_X1 cells:        3
ABC RESULTS:            OR4_X1 cells:        2
ABC RESULTS:          XNOR2_X1 cells:        9
ABC RESULTS:        internal signals:      120
ABC RESULTS:           input signals:       53
ABC RESULTS:          output signals:       17
Removing temp directory.

13.5. Extracting gate netlist of module `\spi_master_controller' to `<abc-temp-dir>/input.blif'..

13.5.1. Executed ABC.
Extracted 606 gates and 787 wires to a netlist network with 181 inputs and 88 outputs.
Running ABC script: <abc-temp-dir>/abc.script
ABC: ======== ABC command line "source <abc-temp-dir>/abc.script"
ABC: + read_blif <abc-temp-dir>/input.blif 
ABC: + read_lib -w /Users/aasheiksaran/Desktop/Productivity/INDIA_CRYPTO_SOC/synth/../pdk/nangate45/NangateOpenCellLibrary_typical.lib 
ABC: Parsing finished successfully.  Parsing time =     0.02 sec
ABC: Scl_LibertyReadGenlib() skipped cell "ANTENNA_X1" due to dont_use attribute.
ABC: Scl_LibertyReadGenlib() skipped cell "CLKGATETST_X1" without logic function.
ABC: Scl_LibertyReadGenlib() skipped cell "CLKGATETST_X2" without logic function.
ABC: Scl_LibertyReadGenlib() skipped cell "CLKGATETST_X4" without logic function.
ABC: Scl_LibertyReadGenlib() skipped cell "CLKGATETST_X8" without logic function.
ABC: Scl_LibertyReadGenlib() skipped cell "CLKGATE_X1" without logic function.
ABC: Scl_LibertyReadGenlib() skipped cell "CLKGATE_X2" without logic function.
ABC: Scl_LibertyReadGenlib() skipped cell "CLKGATE_X4" without logic function.
ABC: Scl_LibertyReadGenlib() skipped cell "CLKGATE_X8" without logic function.
ABC: Scl_LibertyReadGenlib() skipped sequential cell "DFFRS_X1".
ABC: Scl_LibertyReadGenlib() skipped sequential cell "DFFRS_X2".
ABC: Scl_LibertyReadGenlib() skipped sequential cell "DFFR_X1".
ABC: Scl_LibertyReadGenlib() skipped sequential cell "DFFR_X2".
ABC: Scl_LibertyReadGenlib() skipped sequential cell "DFFS_X1".
ABC: Scl_LibertyReadGenlib() skipped sequential cell "DFFS_X2".
ABC: Scl_LibertyReadGenlib() skipped sequential cell "DFF_X1".
ABC: Scl_LibertyReadGenlib() skipped sequential cell "DFF_X2".
ABC: Scl_LibertyReadGenlib() skipped sequential cell "DLH_X1".
ABC: Scl_LibertyReadGenlib() skipped sequential cell "DLH_X2".
ABC: Scl_LibertyReadGenlib() skipped sequential cell "DLL_X1".
ABC: Scl_LibertyReadGenlib() skipped sequential cell "DLL_X2".
ABC: Scl_LibertyReadGenlib() skipped cell "FILLCELL_X1" due to dont_use attribute.
ABC: Scl_LibertyReadGenlib() skipped cell "TAPCELL_X1" due to dont_use attribute.
ABC: Scl_LibertyReadGenlib() skipped cell "FILLCELL_X2" due to dont_use attribute.
ABC: Scl_LibertyReadGenlib() skipped cell "FILLCELL_X4" due to dont_use attribute.
ABC: Scl_LibertyReadGenlib() skipped cell "FILLCELL_X8" due to dont_use attribute.
ABC: Scl_LibertyReadGenlib() skipped cell "FILLCELL_X16" due to dont_use attribute.
ABC: Scl_LibertyReadGenlib() skipped cell "FILLCELL_X32" due to dont_use attribute.
ABC: Scl_LibertyReadGenlib() skipped cell "LOGIC0_X1" due to dont_use attribute.
ABC: Scl_LibertyReadGenlib() skipped cell "LOGIC1_X1" due to dont_use attribute.
ABC: Scl_LibertyReadGenlib() skipped sequential cell "SDFFRS_X1".
ABC: Scl_LibertyReadGenlib() skipped sequential cell "SDFFRS_X2".
ABC: Scl_LibertyReadGenlib() skipped sequential cell "SDFFR_X1".
ABC: Scl_LibertyReadGenlib() skipped sequential cell "SDFFR_X2".
ABC: Scl_LibertyReadGenlib() skipped sequential cell "SDFFS_X1".
ABC: Scl_LibertyReadGenlib() skipped sequential cell "SDFFS_X2".
ABC: Scl_LibertyReadGenlib() skipped sequential cell "SDFF_X1".
ABC: Scl_LibertyReadGenlib() skipped sequential cell "SDFF_X2".
ABC: Scl_LibertyReadGenlib() skipped three-state cell "TBUF_X1".
ABC: Scl_LibertyReadGenlib() skipped three-state cell "TBUF_X2".
ABC: Scl_LibertyReadGenlib() skipped three-state cell "TBUF_X4".
ABC: Scl_LibertyReadGenlib() skipped three-state cell "TBUF_X8".
ABC: Scl_LibertyReadGenlib() skipped three-state cell "TBUF_X16".
ABC: Scl_LibertyReadGenlib() skipped three-state cell "TINV_X1".
ABC: Scl_LibertyReadGenlib() skipped sequential cell "TLAT_X1".
ABC: Library "NangateOpenCellLibrary" from "/Users/aasheiksaran/Desktop/Productivity/INDIA_CRYPTO_SOC/synth/../pdk/nangate45/NangateOpenCellLibrary_typical.lib" has 90 cells (45 skipped: 21 seq; 6 tri-state; 8 no func; 10 dont_use; 0 with 2 outputs; 0 with 3+ outputs).  Time =     0.03 sec
ABC: Memory =   11.38 MB. Time =     0.03 sec
ABC: Warning: Detected 2 multi-output cells (for example, "FA_X1").
ABC: + strash 
ABC: + &get -n 
ABC: + &fraig -x 
ABC: + &put 
ABC: + scorr 
ABC: Warning: The network is combinational (run "fraig" or "fraig_sweep").
ABC: + dc2 
ABC: + dretime 
ABC: + strash 
ABC: + &get -n 
ABC: + &dch -f 
ABC: + &nf 
ABC: + &put 
ABC: + write_blif <abc-temp-dir>/output.blif 

13.5.2. Re-integrating ABC results.
ABC RESULTS:           AND2_X1 cells:       27
ABC RESULTS:           AND4_X1 cells:        3
ABC RESULTS:         AOI211_X1 cells:        9
ABC RESULTS:          AOI21_X1 cells:       13
ABC RESULTS:         AOI221_X1 cells:        7
ABC RESULTS:         AOI222_X1 cells:        3
ABC RESULTS:          AOI22_X1 cells:       16
ABC RESULTS:            INV_X1 cells:      112
ABC RESULTS:           MUX2_X1 cells:       15
ABC RESULTS:          NAND2_X1 cells:       35
ABC RESULTS:          NAND3_X1 cells:       11
ABC RESULTS:          NAND4_X1 cells:        4
ABC RESULTS:           NOR2_X1 cells:       30
ABC RESULTS:           NOR3_X1 cells:        6
ABC RESULTS:           NOR4_X1 cells:       17
ABC RESULTS:         OAI211_X1 cells:        7
ABC RESULTS:          OAI21_X1 cells:       38
ABC RESULTS:         OAI221_X1 cells:        1
ABC RESULTS:         OAI222_X1 cells:       33
ABC RESULTS:          OAI22_X1 cells:        4
ABC RESULTS:          OAI33_X1 cells:        1
ABC RESULTS:            OR2_X1 cells:        7
ABC RESULTS:            OR4_X1 cells:        2
ABC RESULTS:        internal signals:      518
ABC RESULTS:           input signals:      181
ABC RESULTS:          output signals:       88
Removing temp directory.

13.6. Extracting gate netlist of module `\spi_master_clkgen' to `<abc-temp-dir>/input.blif'..

13.6.1. Executed ABC.
Extracted 61 gates and 91 wires to a netlist network with 30 inputs and 20 outputs.
Running ABC script: <abc-temp-dir>/abc.script
ABC: ======== ABC command line "source <abc-temp-dir>/abc.script"
ABC: + read_blif <abc-temp-dir>/input.blif 
ABC: + read_lib -w /Users/aasheiksaran/Desktop/Productivity/INDIA_CRYPTO_SOC/synth/../pdk/nangate45/NangateOpenCellLibrary_typical.lib 
ABC: Parsing finished successfully.  Parsing time =     0.02 sec
ABC: Scl_LibertyReadGenlib() skipped cell "ANTENNA_X1" due to dont_use attribute.
ABC: Scl_LibertyReadGenlib() skipped cell "CLKGATETST_X1" without logic function.
ABC: Scl_LibertyReadGenlib() skipped cell "CLKGATETST_X2" without logic function.
ABC: Scl_LibertyReadGenlib() skipped cell "CLKGATETST_X4" without logic function.
ABC: Scl_LibertyReadGenlib() skipped cell "CLKGATETST_X8" without logic function.
ABC: Scl_LibertyReadGenlib() skipped cell "CLKGATE_X1" without logic function.
ABC: Scl_LibertyReadGenlib() skipped cell "CLKGATE_X2" without logic function.
ABC: Scl_LibertyReadGenlib() skipped cell "CLKGATE_X4" without logic function.
ABC: Scl_LibertyReadGenlib() skipped cell "CLKGATE_X8" without logic function.
ABC: Scl_LibertyReadGenlib() skipped sequential cell "DFFRS_X1".
ABC: Scl_LibertyReadGenlib() skipped sequential cell "DFFRS_X2".
ABC: Scl_LibertyReadGenlib() skipped sequential cell "DFFR_X1".
ABC: Scl_LibertyReadGenlib() skipped sequential cell "DFFR_X2".
ABC: Scl_LibertyReadGenlib() skipped sequential cell "DFFS_X1".
ABC: Scl_LibertyReadGenlib() skipped sequential cell "DFFS_X2".
ABC: Scl_LibertyReadGenlib() skipped sequential cell "DFF_X1".
ABC: Scl_LibertyReadGenlib() skipped sequential cell "DFF_X2".
ABC: Scl_LibertyReadGenlib() skipped sequential cell "DLH_X1".
ABC: Scl_LibertyReadGenlib() skipped sequential cell "DLH_X2".
ABC: Scl_LibertyReadGenlib() skipped sequential cell "DLL_X1".
ABC: Scl_LibertyReadGenlib() skipped sequential cell "DLL_X2".
ABC: Scl_LibertyReadGenlib() skipped cell "FILLCELL_X1" due to dont_use attribute.
ABC: Scl_LibertyReadGenlib() skipped cell "TAPCELL_X1" due to dont_use attribute.
ABC: Scl_LibertyReadGenlib() skipped cell "FILLCELL_X2" due to dont_use attribute.
ABC: Scl_LibertyReadGenlib() skipped cell "FILLCELL_X4" due to dont_use attribute.
ABC: Scl_LibertyReadGenlib() skipped cell "FILLCELL_X8" due to dont_use attribute.
ABC: Scl_LibertyReadGenlib() skipped cell "FILLCELL_X16" due to dont_use attribute.
ABC: Scl_LibertyReadGenlib() skipped cell "FILLCELL_X32" due to dont_use attribute.
ABC: Scl_LibertyReadGenlib() skipped cell "LOGIC0_X1" due to dont_use attribute.
ABC: Scl_LibertyReadGenlib() skipped cell "LOGIC1_X1" due to dont_use attribute.
ABC: Scl_LibertyReadGenlib() skipped sequential cell "SDFFRS_X1".
ABC: Scl_LibertyReadGenlib() skipped sequential cell "SDFFRS_X2".
ABC: Scl_LibertyReadGenlib() skipped sequential cell "SDFFR_X1".
ABC: Scl_LibertyReadGenlib() skipped sequential cell "SDFFR_X2".
ABC: Scl_LibertyReadGenlib() skipped sequential cell "SDFFS_X1".
ABC: Scl_LibertyReadGenlib() skipped sequential cell "SDFFS_X2".
ABC: Scl_LibertyReadGenlib() skipped sequential cell "SDFF_X1".
ABC: Scl_LibertyReadGenlib() skipped sequential cell "SDFF_X2".
ABC: Scl_LibertyReadGenlib() skipped three-state cell "TBUF_X1".
ABC: Scl_LibertyReadGenlib() skipped three-state cell "TBUF_X2".
ABC: Scl_LibertyReadGenlib() skipped three-state cell "TBUF_X4".
ABC: Scl_LibertyReadGenlib() skipped three-state cell "TBUF_X8".
ABC: Scl_LibertyReadGenlib() skipped three-state cell "TBUF_X16".
ABC: Scl_LibertyReadGenlib() skipped three-state cell "TINV_X1".
ABC: Scl_LibertyReadGenlib() skipped sequential cell "TLAT_X1".
ABC: Library "NangateOpenCellLibrary" from "/Users/aasheiksaran/Desktop/Productivity/INDIA_CRYPTO_SOC/synth/../pdk/nangate45/NangateOpenCellLibrary_typical.lib" has 90 cells (45 skipped: 21 seq; 6 tri-state; 8 no func; 10 dont_use; 0 with 2 outputs; 0 with 3+ outputs).  Time =     0.03 sec
ABC: Memory =   11.38 MB. Time =     0.03 sec
ABC: Warning: Detected 2 multi-output cells (for example, "FA_X1").
ABC: + strash 
ABC: + &get -n 
ABC: + &fraig -x 
ABC: + &put 
ABC: + scorr 
ABC: Warning: The network is combinational (run "fraig" or "fraig_sweep").
ABC: + dc2 
ABC: + dretime 
ABC: + strash 
ABC: + &get -n 
ABC: + &dch -f 
ABC: + &nf 
ABC: + &put 
ABC: + write_blif <abc-temp-dir>/output.blif 

13.6.2. Re-integrating ABC results.
ABC RESULTS:           AND2_X1 cells:        3
ABC RESULTS:           AND3_X1 cells:        2
ABC RESULTS:          AOI21_X1 cells:        2
ABC RESULTS:            INV_X1 cells:        8
ABC RESULTS:           MUX2_X1 cells:        9
ABC RESULTS:          NAND2_X1 cells:        2
ABC RESULTS:          NAND3_X1 cells:        1
ABC RESULTS:          NAND4_X1 cells:        1
ABC RESULTS:           NOR2_X1 cells:        6
ABC RESULTS:           NOR3_X1 cells:        6
ABC RESULTS:           NOR4_X1 cells:        1
ABC RESULTS:         OAI211_X1 cells:        1
ABC RESULTS:         OAI221_X1 cells:        2
ABC RESULTS:          OAI22_X1 cells:        1
ABC RESULTS:            OR2_X1 cells:        2
ABC RESULTS:          XNOR2_X1 cells:        7
ABC RESULTS:           XOR2_X1 cells:        1
ABC RESULTS:        internal signals:       41
ABC RESULTS:           input signals:       30
ABC RESULTS:          output signals:       20
Removing temp directory.

13.7. Extracting gate netlist of module `$paramod$83bc75265b358b15e6cbe03cbfc629e968b46589\spi_master_apb_if' to `<abc-temp-dir>/input.blif'..

13.7.1. Executed ABC.
Extracted 597 gates and 858 wires to a netlist network with 261 inputs and 199 outputs.
Running ABC script: <abc-temp-dir>/abc.script
ABC: ======== ABC command line "source <abc-temp-dir>/abc.script"
ABC: + read_blif <abc-temp-dir>/input.blif 
ABC: + read_lib -w /Users/aasheiksaran/Desktop/Productivity/INDIA_CRYPTO_SOC/synth/../pdk/nangate45/NangateOpenCellLibrary_typical.lib 
ABC: Parsing finished successfully.  Parsing time =     0.02 sec
ABC: Scl_LibertyReadGenlib() skipped cell "ANTENNA_X1" due to dont_use attribute.
ABC: Scl_LibertyReadGenlib() skipped cell "CLKGATETST_X1" without logic function.
ABC: Scl_LibertyReadGenlib() skipped cell "CLKGATETST_X2" without logic function.
ABC: Scl_LibertyReadGenlib() skipped cell "CLKGATETST_X4" without logic function.
ABC: Scl_LibertyReadGenlib() skipped cell "CLKGATETST_X8" without logic function.
ABC: Scl_LibertyReadGenlib() skipped cell "CLKGATE_X1" without logic function.
ABC: Scl_LibertyReadGenlib() skipped cell "CLKGATE_X2" without logic function.
ABC: Scl_LibertyReadGenlib() skipped cell "CLKGATE_X4" without logic function.
ABC: Scl_LibertyReadGenlib() skipped cell "CLKGATE_X8" without logic function.
ABC: Scl_LibertyReadGenlib() skipped sequential cell "DFFRS_X1".
ABC: Scl_LibertyReadGenlib() skipped sequential cell "DFFRS_X2".
ABC: Scl_LibertyReadGenlib() skipped sequential cell "DFFR_X1".
ABC: Scl_LibertyReadGenlib() skipped sequential cell "DFFR_X2".
ABC: Scl_LibertyReadGenlib() skipped sequential cell "DFFS_X1".
ABC: Scl_LibertyReadGenlib() skipped sequential cell "DFFS_X2".
ABC: Scl_LibertyReadGenlib() skipped sequential cell "DFF_X1".
ABC: Scl_LibertyReadGenlib() skipped sequential cell "DFF_X2".
ABC: Scl_LibertyReadGenlib() skipped sequential cell "DLH_X1".
ABC: Scl_LibertyReadGenlib() skipped sequential cell "DLH_X2".
ABC: Scl_LibertyReadGenlib() skipped sequential cell "DLL_X1".
ABC: Scl_LibertyReadGenlib() skipped sequential cell "DLL_X2".
ABC: Scl_LibertyReadGenlib() skipped cell "FILLCELL_X1" due to dont_use attribute.
ABC: Scl_LibertyReadGenlib() skipped cell "TAPCELL_X1" due to dont_use attribute.
ABC: Scl_LibertyReadGenlib() skipped cell "FILLCELL_X2" due to dont_use attribute.
ABC: Scl_LibertyReadGenlib() skipped cell "FILLCELL_X4" due to dont_use attribute.
ABC: Scl_LibertyReadGenlib() skipped cell "FILLCELL_X8" due to dont_use attribute.
ABC: Scl_LibertyReadGenlib() skipped cell "FILLCELL_X16" due to dont_use attribute.
ABC: Scl_LibertyReadGenlib() skipped cell "FILLCELL_X32" due to dont_use attribute.
ABC: Scl_LibertyReadGenlib() skipped cell "LOGIC0_X1" due to dont_use attribute.
ABC: Scl_LibertyReadGenlib() skipped cell "LOGIC1_X1" due to dont_use attribute.
ABC: Scl_LibertyReadGenlib() skipped sequential cell "SDFFRS_X1".
ABC: Scl_LibertyReadGenlib() skipped sequential cell "SDFFRS_X2".
ABC: Scl_LibertyReadGenlib() skipped sequential cell "SDFFR_X1".
ABC: Scl_LibertyReadGenlib() skipped sequential cell "SDFFR_X2".
ABC: Scl_LibertyReadGenlib() skipped sequential cell "SDFFS_X1".
ABC: Scl_LibertyReadGenlib() skipped sequential cell "SDFFS_X2".
ABC: Scl_LibertyReadGenlib() skipped sequential cell "SDFF_X1".
ABC: Scl_LibertyReadGenlib() skipped sequential cell "SDFF_X2".
ABC: Scl_LibertyReadGenlib() skipped three-state cell "TBUF_X1".
ABC: Scl_LibertyReadGenlib() skipped three-state cell "TBUF_X2".
ABC: Scl_LibertyReadGenlib() skipped three-state cell "TBUF_X4".
ABC: Scl_LibertyReadGenlib() skipped three-state cell "TBUF_X8".
ABC: Scl_LibertyReadGenlib() skipped three-state cell "TBUF_X16".
ABC: Scl_LibertyReadGenlib() skipped three-state cell "TINV_X1".
ABC: Scl_LibertyReadGenlib() skipped sequential cell "TLAT_X1".
ABC: Library "NangateOpenCellLibrary" from "/Users/aasheiksaran/Desktop/Productivity/INDIA_CRYPTO_SOC/synth/../pdk/nangate45/NangateOpenCellLibrary_typical.lib" has 90 cells (45 skipped: 21 seq; 6 tri-state; 8 no func; 10 dont_use; 0 with 2 outputs; 0 with 3+ outputs).  Time =     0.03 sec
ABC: Memory =   11.38 MB. Time =     0.03 sec
ABC: Warning: Detected 2 multi-output cells (for example, "FA_X1").
ABC: + strash 
ABC: + &get -n 
ABC: + &fraig -x 
ABC: + &put 
ABC: + scorr 
ABC: Warning: The network is combinational (run "fraig" or "fraig_sweep").
ABC: + dc2 
ABC: + dretime 
ABC: + strash 
ABC: + &get -n 
ABC: + &dch -f 
ABC: + &nf 
ABC: + &put 
ABC: + write_blif <abc-temp-dir>/output.blif 

13.7.2. Re-integrating ABC results.
ABC RESULTS:           AND2_X1 cells:        5
ABC RESULTS:           AND3_X1 cells:        2
ABC RESULTS:           AND4_X1 cells:        5
ABC RESULTS:         AOI222_X1 cells:       20
ABC RESULTS:          AOI22_X1 cells:       79
ABC RESULTS:            INV_X1 cells:        5
ABC RESULTS:           MUX2_X1 cells:      158
ABC RESULTS:          NAND2_X1 cells:        3
ABC RESULTS:          NAND3_X1 cells:       27
ABC RESULTS:          NAND4_X1 cells:        6
ABC RESULTS:           NOR2_X1 cells:        2
ABC RESULTS:           NOR4_X1 cells:        9
ABC RESULTS:        internal signals:      398
ABC RESULTS:           input signals:      261
ABC RESULTS:          output signals:      199
Removing temp directory.

13.8. Extracting gate netlist of module `$paramod$dec9424b776ed6cf19510f938baf4f9a5bd62edc\spi_master_fifo' to `<abc-temp-dir>/input.blif'..

13.8.1. Executed ABC.
Extracted 827 gates and 1130 wires to a netlist network with 303 inputs and 301 outputs.
Running ABC script: <abc-temp-dir>/abc.script
ABC: ======== ABC command line "source <abc-temp-dir>/abc.script"
ABC: + read_blif <abc-temp-dir>/input.blif 
ABC: + read_lib -w /Users/aasheiksaran/Desktop/Productivity/INDIA_CRYPTO_SOC/synth/../pdk/nangate45/NangateOpenCellLibrary_typical.lib 
ABC: Parsing finished successfully.  Parsing time =     0.02 sec
ABC: Scl_LibertyReadGenlib() skipped cell "ANTENNA_X1" due to dont_use attribute.
ABC: Scl_LibertyReadGenlib() skipped cell "CLKGATETST_X1" without logic function.
ABC: Scl_LibertyReadGenlib() skipped cell "CLKGATETST_X2" without logic function.
ABC: Scl_LibertyReadGenlib() skipped cell "CLKGATETST_X4" without logic function.
ABC: Scl_LibertyReadGenlib() skipped cell "CLKGATETST_X8" without logic function.
ABC: Scl_LibertyReadGenlib() skipped cell "CLKGATE_X1" without logic function.
ABC: Scl_LibertyReadGenlib() skipped cell "CLKGATE_X2" without logic function.
ABC: Scl_LibertyReadGenlib() skipped cell "CLKGATE_X4" without logic function.
ABC: Scl_LibertyReadGenlib() skipped cell "CLKGATE_X8" without logic function.
ABC: Scl_LibertyReadGenlib() skipped sequential cell "DFFRS_X1".
ABC: Scl_LibertyReadGenlib() skipped sequential cell "DFFRS_X2".
ABC: Scl_LibertyReadGenlib() skipped sequential cell "DFFR_X1".
ABC: Scl_LibertyReadGenlib() skipped sequential cell "DFFR_X2".
ABC: Scl_LibertyReadGenlib() skipped sequential cell "DFFS_X1".
ABC: Scl_LibertyReadGenlib() skipped sequential cell "DFFS_X2".
ABC: Scl_LibertyReadGenlib() skipped sequential cell "DFF_X1".
ABC: Scl_LibertyReadGenlib() skipped sequential cell "DFF_X2".
ABC: Scl_LibertyReadGenlib() skipped sequential cell "DLH_X1".
ABC: Scl_LibertyReadGenlib() skipped sequential cell "DLH_X2".
ABC: Scl_LibertyReadGenlib() skipped sequential cell "DLL_X1".
ABC: Scl_LibertyReadGenlib() skipped sequential cell "DLL_X2".
ABC: Scl_LibertyReadGenlib() skipped cell "FILLCELL_X1" due to dont_use attribute.
ABC: Scl_LibertyReadGenlib() skipped cell "TAPCELL_X1" due to dont_use attribute.
ABC: Scl_LibertyReadGenlib() skipped cell "FILLCELL_X2" due to dont_use attribute.
ABC: Scl_LibertyReadGenlib() skipped cell "FILLCELL_X4" due to dont_use attribute.
ABC: Scl_LibertyReadGenlib() skipped cell "FILLCELL_X8" due to dont_use attribute.
ABC: Scl_LibertyReadGenlib() skipped cell "FILLCELL_X16" due to dont_use attribute.
ABC: Scl_LibertyReadGenlib() skipped cell "FILLCELL_X32" due to dont_use attribute.
ABC: Scl_LibertyReadGenlib() skipped cell "LOGIC0_X1" due to dont_use attribute.
ABC: Scl_LibertyReadGenlib() skipped cell "LOGIC1_X1" due to dont_use attribute.
ABC: Scl_LibertyReadGenlib() skipped sequential cell "SDFFRS_X1".
ABC: Scl_LibertyReadGenlib() skipped sequential cell "SDFFRS_X2".
ABC: Scl_LibertyReadGenlib() skipped sequential cell "SDFFR_X1".
ABC: Scl_LibertyReadGenlib() skipped sequential cell "SDFFR_X2".
ABC: Scl_LibertyReadGenlib() skipped sequential cell "SDFFS_X1".
ABC: Scl_LibertyReadGenlib() skipped sequential cell "SDFFS_X2".
ABC: Scl_LibertyReadGenlib() skipped sequential cell "SDFF_X1".
ABC: Scl_LibertyReadGenlib() skipped sequential cell "SDFF_X2".
ABC: Scl_LibertyReadGenlib() skipped three-state cell "TBUF_X1".
ABC: Scl_LibertyReadGenlib() skipped three-state cell "TBUF_X2".
ABC: Scl_LibertyReadGenlib() skipped three-state cell "TBUF_X4".
ABC: Scl_LibertyReadGenlib() skipped three-state cell "TBUF_X8".
ABC: Scl_LibertyReadGenlib() skipped three-state cell "TBUF_X16".
ABC: Scl_LibertyReadGenlib() skipped three-state cell "TINV_X1".
ABC: Scl_LibertyReadGenlib() skipped sequential cell "TLAT_X1".
ABC: Library "NangateOpenCellLibrary" from "/Users/aasheiksaran/Desktop/Productivity/INDIA_CRYPTO_SOC/synth/../pdk/nangate45/NangateOpenCellLibrary_typical.lib" has 90 cells (45 skipped: 21 seq; 6 tri-state; 8 no func; 10 dont_use; 0 with 2 outputs; 0 with 3+ outputs).  Time =     0.03 sec
ABC: Memory =   11.38 MB. Time =     0.03 sec
ABC: Warning: Detected 2 multi-output cells (for example, "FA_X1").
ABC: + strash 
ABC: + &get -n 
ABC: + &fraig -x 
ABC: + &put 
ABC: + scorr 
ABC: Warning: The network is combinational (run "fraig" or "fraig_sweep").
ABC: + dc2 
ABC: + dretime 
ABC: + strash 
ABC: + &get -n 
ABC: + &dch -f 
ABC: + &nf 
ABC: + &put 
ABC: + write_blif <abc-temp-dir>/output.blif 

13.8.2. Re-integrating ABC results.
ABC RESULTS:           AND2_X1 cells:        1
ABC RESULTS:          AOI21_X1 cells:       12
ABC RESULTS:         AOI221_X1 cells:        7
ABC RESULTS:         AOI222_X1 cells:       41
ABC RESULTS:          AOI22_X1 cells:       59
ABC RESULTS:            INV_X1 cells:       20
ABC RESULTS:           MUX2_X1 cells:      257
ABC RESULTS:          NAND2_X1 cells:       18
ABC RESULTS:          NAND3_X1 cells:       25
ABC RESULTS:          NAND4_X1 cells:        8
ABC RESULTS:           NOR2_X1 cells:       10
ABC RESULTS:           NOR3_X1 cells:       13
ABC RESULTS:           NOR4_X1 cells:        3
ABC RESULTS:          OAI21_X1 cells:       12
ABC RESULTS:          OAI22_X1 cells:        1
ABC RESULTS:            OR4_X1 cells:        1
ABC RESULTS:          XNOR2_X1 cells:        4
ABC RESULTS:        internal signals:      526
ABC RESULTS:           input signals:      303
ABC RESULTS:          output signals:      301
Removing temp directory.

13.9. Extracting gate netlist of module `\axil_to_apb' to `<abc-temp-dir>/input.blif'..

13.9.1. Executed ABC.
Extracted 126 gates and 305 wires to a netlist network with 179 inputs and 89 outputs.
Running ABC script: <abc-temp-dir>/abc.script
ABC: ======== ABC command line "source <abc-temp-dir>/abc.script"
ABC: + read_blif <abc-temp-dir>/input.blif 
ABC: + read_lib -w /Users/aasheiksaran/Desktop/Productivity/INDIA_CRYPTO_SOC/synth/../pdk/nangate45/NangateOpenCellLibrary_typical.lib 
ABC: Parsing finished successfully.  Parsing time =     0.02 sec
ABC: Scl_LibertyReadGenlib() skipped cell "ANTENNA_X1" due to dont_use attribute.
ABC: Scl_LibertyReadGenlib() skipped cell "CLKGATETST_X1" without logic function.
ABC: Scl_LibertyReadGenlib() skipped cell "CLKGATETST_X2" without logic function.
ABC: Scl_LibertyReadGenlib() skipped cell "CLKGATETST_X4" without logic function.
ABC: Scl_LibertyReadGenlib() skipped cell "CLKGATETST_X8" without logic function.
ABC: Scl_LibertyReadGenlib() skipped cell "CLKGATE_X1" without logic function.
ABC: Scl_LibertyReadGenlib() skipped cell "CLKGATE_X2" without logic function.
ABC: Scl_LibertyReadGenlib() skipped cell "CLKGATE_X4" without logic function.
ABC: Scl_LibertyReadGenlib() skipped cell "CLKGATE_X8" without logic function.
ABC: Scl_LibertyReadGenlib() skipped sequential cell "DFFRS_X1".
ABC: Scl_LibertyReadGenlib() skipped sequential cell "DFFRS_X2".
ABC: Scl_LibertyReadGenlib() skipped sequential cell "DFFR_X1".
ABC: Scl_LibertyReadGenlib() skipped sequential cell "DFFR_X2".
ABC: Scl_LibertyReadGenlib() skipped sequential cell "DFFS_X1".
ABC: Scl_LibertyReadGenlib() skipped sequential cell "DFFS_X2".
ABC: Scl_LibertyReadGenlib() skipped sequential cell "DFF_X1".
ABC: Scl_LibertyReadGenlib() skipped sequential cell "DFF_X2".
ABC: Scl_LibertyReadGenlib() skipped sequential cell "DLH_X1".
ABC: Scl_LibertyReadGenlib() skipped sequential cell "DLH_X2".
ABC: Scl_LibertyReadGenlib() skipped sequential cell "DLL_X1".
ABC: Scl_LibertyReadGenlib() skipped sequential cell "DLL_X2".
ABC: Scl_LibertyReadGenlib() skipped cell "FILLCELL_X1" due to dont_use attribute.
ABC: Scl_LibertyReadGenlib() skipped cell "TAPCELL_X1" due to dont_use attribute.
ABC: Scl_LibertyReadGenlib() skipped cell "FILLCELL_X2" due to dont_use attribute.
ABC: Scl_LibertyReadGenlib() skipped cell "FILLCELL_X4" due to dont_use attribute.
ABC: Scl_LibertyReadGenlib() skipped cell "FILLCELL_X8" due to dont_use attribute.
ABC: Scl_LibertyReadGenlib() skipped cell "FILLCELL_X16" due to dont_use attribute.
ABC: Scl_LibertyReadGenlib() skipped cell "FILLCELL_X32" due to dont_use attribute.
ABC: Scl_LibertyReadGenlib() skipped cell "LOGIC0_X1" due to dont_use attribute.
ABC: Scl_LibertyReadGenlib() skipped cell "LOGIC1_X1" due to dont_use attribute.
ABC: Scl_LibertyReadGenlib() skipped sequential cell "SDFFRS_X1".
ABC: Scl_LibertyReadGenlib() skipped sequential cell "SDFFRS_X2".
ABC: Scl_LibertyReadGenlib() skipped sequential cell "SDFFR_X1".
ABC: Scl_LibertyReadGenlib() skipped sequential cell "SDFFR_X2".
ABC: Scl_LibertyReadGenlib() skipped sequential cell "SDFFS_X1".
ABC: Scl_LibertyReadGenlib() skipped sequential cell "SDFFS_X2".
ABC: Scl_LibertyReadGenlib() skipped sequential cell "SDFF_X1".
ABC: Scl_LibertyReadGenlib() skipped sequential cell "SDFF_X2".
ABC: Scl_LibertyReadGenlib() skipped three-state cell "TBUF_X1".
ABC: Scl_LibertyReadGenlib() skipped three-state cell "TBUF_X2".
ABC: Scl_LibertyReadGenlib() skipped three-state cell "TBUF_X4".
ABC: Scl_LibertyReadGenlib() skipped three-state cell "TBUF_X8".
ABC: Scl_LibertyReadGenlib() skipped three-state cell "TBUF_X16".
ABC: Scl_LibertyReadGenlib() skipped three-state cell "TINV_X1".
ABC: Scl_LibertyReadGenlib() skipped sequential cell "TLAT_X1".
ABC: Library "NangateOpenCellLibrary" from "/Users/aasheiksaran/Desktop/Productivity/INDIA_CRYPTO_SOC/synth/../pdk/nangate45/NangateOpenCellLibrary_typical.lib" has 90 cells (45 skipped: 21 seq; 6 tri-state; 8 no func; 10 dont_use; 0 with 2 outputs; 0 with 3+ outputs).  Time =     0.03 sec
ABC: Memory =   11.38 MB. Time =     0.03 sec
ABC: Warning: Detected 2 multi-output cells (for example, "FA_X1").
ABC: + strash 
ABC: + &get -n 
ABC: + &fraig -x 
ABC: + &put 
ABC: + scorr 
ABC: Warning: The network is combinational (run "fraig" or "fraig_sweep").
ABC: + dc2 
ABC: + dretime 
ABC: + strash 
ABC: + &get -n 
ABC: + &dch -f 
ABC: + &nf 
ABC: + &put 
ABC: + write_blif <abc-temp-dir>/output.blif 

13.9.2. Re-integrating ABC results.
ABC RESULTS:           AND3_X1 cells:        1
ABC RESULTS:          AOI21_X1 cells:        3
ABC RESULTS:          AOI22_X1 cells:        2
ABC RESULTS:            INV_X1 cells:        9
ABC RESULTS:           MUX2_X1 cells:       89
ABC RESULTS:          NAND2_X1 cells:        4
ABC RESULTS:          NAND4_X1 cells:        1
ABC RESULTS:           NOR2_X1 cells:        7
ABC RESULTS:           NOR3_X1 cells:        2
ABC RESULTS:           NOR4_X1 cells:        1
ABC RESULTS:          OAI21_X1 cells:        2
ABC RESULTS:            OR2_X1 cells:        1
ABC RESULTS:        internal signals:       37
ABC RESULTS:           input signals:      179
ABC RESULTS:          output signals:       89
Removing temp directory.
Removing global temp directory.
Removed 0 unused cells and 4584 unused wires.

14. Printing statistics.

=== pulp_spi_wrap ===

        +----------Local Count, excluding submodules.
        |        +-Local Area, excluding submodules.
        |        | 
      214        - wires
      497        - wire bits
       56        - public wires
      339        - public wire bits
       25        - ports
      114        - port bits
      213  374.794 cells
       36   38.304   AND2_X1
        1     1.33   AOI211_X1
        1    1.064   AOI21_X1
        1    1.596   AOI221_X1
        4     5.32   AOI22_X1
       24   127.68   DFFR_X1
       10     53.2   DFFS_X1
       30    15.96   INV_X1
       26   48.412   MUX2_X1
       27   21.546   NAND2_X1
        3    3.192   NAND3_X1
        8    10.64   NAND4_X1
        7    5.586   NOR2_X1
        6    6.384   NOR3_X1
        4     5.32   NOR4_X1
       13   13.832   OAI21_X1
        1    1.596   OAI221_X1
        3     3.99   OAI22_X1
        4    4.256   OR2_X1
        3     3.99   OR3_X1
        1    1.596   OR4_X1
        2        - submodules
        1        -   $paramod$83bc75265b358b15e6cbe03cbfc629e968b46589\apb_spi_master
        1        -   axil_to_apb

   Chip area for module '\pulp_spi_wrap': 374.794000
     of which used for sequential elements: 180.880000 (48.26%)

=== spi_master_tx ===

        +----------Local Count, excluding submodules.
        |        +-Local Area, excluding submodules.
        |        | 
      535        - wires
      642        - wire bits
       22        - public wires
      129        - public wire bits
       16        - ports
       62        - port bits
      518  914.774 cells
       10    10.64   AND2_X1
        3     3.99   AND3_X1
        3    4.788   AND4_X1
        1     1.33   AOI211_X1
       49   52.136   AOI21_X1
        2     2.66   AOI22_X1
       64   340.48   DFFR_X1
        1     5.32   DFFS_X1
       20    10.64   INV_X1
       85   158.27   MUX2_X1
       12    9.576   NAND2_X1
        6    6.384   NAND3_X1
       35    46.55   NAND4_X1
       52   41.496   NOR2_X1
        9    9.576   NOR3_X1
        3     3.99   NOR4_X1
       32    42.56   OAI211_X1
       60    63.84   OAI21_X1
        3     3.99   OAI22_X1
        1    1.862   OAI33_X1
       22   23.408   OR2_X1
        2     2.66   OR3_X1
        3    4.788   OR4_X1
       29   46.284   XNOR2_X1
       11   17.556   XOR2_X1

   Chip area for module '\spi_master_tx': 914.774000
     of which used for sequential elements: 345.800000 (37.80%)

=== spi_master_rx ===

        +----------Local Count, excluding submodules.
        |        +-Local Area, excluding submodules.
        |        | 
      286        - wires
      427        - wire bits
       22        - public wires
      163        - public wire bits
       16        - ports
       62        - port bits
      299  691.866 cells
        8    8.512   AND2_X1
        1    1.596   AND4_X1
        1     1.33   AOI211_X1
        7    7.448   AOI21_X1
        1    2.128   AOI222_X1
       66   351.12   DFFR_X1
        2    10.64   DFFS_X1
       14    7.448   INV_X1
       92  171.304   MUX2_X1
        9    7.182   NAND2_X1
        6    6.384   NAND3_X1
        4     5.32   NAND4_X1
       21   16.758   NOR2_X1
       13   13.832   NOR3_X1
        5     6.65   NOR4_X1
        1     1.33   OAI211_X1
        3    3.192   OAI21_X1
        3     3.99   OAI22_X1
        2    2.128   OR2_X1
        1     1.33   OR3_X1
        3    4.788   OR4_X1
       27   43.092   XNOR2_X1
        9   14.364   XOR2_X1

   Chip area for module '\spi_master_rx': 691.866000
     of which used for sequential elements: 361.760000 (52.29%)

=== $paramod$83bc75265b358b15e6cbe03cbfc629e968b46589\apb_spi_master ===

        +----------Local Count, excluding submodules.
        |        +-Local Area, excluding submodules.
        |        | 
      203        - wires
      599        - wire bits
       70        - public wires
      466        - public wire bits
       25        - ports
      100        - port bits
      134  205.352 cells
        6    6.384   AND2_X1
        3     3.99   AND3_X1
        2     2.66   AOI211_X1
       11   11.704   AOI21_X1
        7     9.31   AOI22_X1
       14    74.48   DFFR_X1
        2    10.64   DFFS_X1
       24   12.768   INV_X1
       11    8.778   NAND2_X1
        2    2.128   NAND3_X1
       11    8.778   NOR2_X1
        6    6.384   NOR3_X1
        2     2.66   NOR4_X1
        2     2.66   OAI211_X1
        8    8.512   OAI21_X1
        3    4.788   OAI221_X1
        6     7.98   OAI22_X1
        3    3.192   OR2_X1
        2    3.192   OR4_X1
        9   14.364   XNOR2_X1
        4        - submodules
        1        -   $paramod$83bc75265b358b15e6cbe03cbfc629e968b46589\spi_master_apb_if
        2        -   $paramod$dec9424b776ed6cf19510f938baf4f9a5bd62edc\spi_master_fifo
        1        -   spi_master_controller

   Chip area for module '$paramod$83bc75265b358b15e6cbe03cbfc629e968b46589\apb_spi_master': 205.352000
     of which used for sequential elements: 85.120000 (41.45%)

=== spi_master_controller ===

        +----------Local Count, excluding submodules.
        |        +-Local Area, excluding submodules.
        |        | 
      393        - wires
      661        - wire bits
       61        - public wires
      329        - public wire bits
       39        - ports
      235        - port bits
      412   481.46 cells
       27   28.728   AND2_X1
        3    4.788   AND4_X1
        9    11.97   AOI211_X1
       13   13.832   AOI21_X1
        7   11.172   AOI221_X1
        3    6.384   AOI222_X1
       16    21.28   AOI22_X1
        9    47.88   DFFR_X1
        2    10.64   DFFS_X1
      112   59.584   INV_X1
       15    27.93   MUX2_X1
       35    27.93   NAND2_X1
       11   11.704   NAND3_X1
        4     5.32   NAND4_X1
       30    23.94   NOR2_X1
        6    6.384   NOR3_X1
       17    22.61   NOR4_X1
        7     9.31   OAI211_X1
       38   40.432   OAI21_X1
        1    1.596   OAI221_X1
       33   70.224   OAI222_X1
        4     5.32   OAI22_X1
        1    1.862   OAI33_X1
        7    7.448   OR2_X1
        2    3.192   OR4_X1
        3        - submodules
        1        -   spi_master_clkgen
        1        -   spi_master_rx
        1        -   spi_master_tx

   Chip area for module '\spi_master_controller': 481.460000
     of which used for sequential elements: 58.520000 (12.15%)

=== spi_master_clkgen ===

        +----------Local Count, excluding submodules.
        |        +-Local Area, excluding submodules.
        |        | 
       82        - wires
      103        - wire bits
       11        - public wires
       32        - public wire bits
        8        - ports
       15        - port bits
       73  161.994 cells
        3    3.192   AND2_X1
        2     2.66   AND3_X1
        2    2.128   AOI21_X1
       18    95.76   DFFR_X1
        8    4.256   INV_X1
        9   16.758   MUX2_X1
        2    1.596   NAND2_X1
        1    1.064   NAND3_X1
        1     1.33   NAND4_X1
        6    4.788   NOR2_X1
        6    6.384   NOR3_X1
        1     1.33   NOR4_X1
        1     1.33   OAI211_X1
        2    3.192   OAI221_X1
        1     1.33   OAI22_X1
        2    2.128   OR2_X1
        7   11.172   XNOR2_X1
        1    1.596   XOR2_X1

   Chip area for module '\spi_master_clkgen': 161.994000
     of which used for sequential elements: 95.760000 (59.11%)

=== $paramod$83bc75265b358b15e6cbe03cbfc629e968b46589\spi_master_apb_if ===

        +----------Local Count, excluding submodules.
        |        +-Local Area, excluding submodules.
        |        | 
      491        - wires
      806        - wire bits
       41        - public wires
      356        - public wire bits
       39        - ports
      348        - port bits
      485 1.39E+03 cells
        5     5.32   AND2_X1
        2     2.66   AND3_X1
        5     7.98   AND4_X1
       20    42.56   AOI222_X1
       79   105.07   AOI22_X1
      164   872.48   DFFR_X1
        5     2.66   INV_X1
      158  294.196   MUX2_X1
        3    2.394   NAND2_X1
       27   28.728   NAND3_X1
        6     7.98   NAND4_X1
        2    1.596   NOR2_X1
        9    11.97   NOR4_X1

   Chip area for module '$paramod$83bc75265b358b15e6cbe03cbfc629e968b46589\spi_master_apb_if': 1385.594000
     of which used for sequential elements: 872.480000 (62.97%)

=== $paramod$dec9424b776ed6cf19510f938baf4f9a5bd62edc\spi_master_fifo ===

        +----------Local Count, excluding submodules.
        |        +-Local Area, excluding submodules.
        |        | 
      746        - wires
     1070        - wire bits
       21        - public wires
      345        - public wire bits
       10        - ports
       76        - port bits
      759  2199.82 cells
        1    1.064   AND2_X1
       12   12.768   AOI21_X1
        7   11.172   AOI221_X1
       41   87.248   AOI222_X1
       59    78.47   AOI22_X1
      267  1420.44   DFFR_X1
       20    10.64   INV_X1
      257  478.534   MUX2_X1
       18   14.364   NAND2_X1
       25     26.6   NAND3_X1
        8    10.64   NAND4_X1
       10     7.98   NOR2_X1
       13   13.832   NOR3_X1
        3     3.99   NOR4_X1
       12   12.768   OAI21_X1
        1     1.33   OAI22_X1
        1    1.596   OR4_X1
        4    6.384   XNOR2_X1

   Chip area for module '$paramod$dec9424b776ed6cf19510f938baf4f9a5bd62edc\spi_master_fifo': 2199.820000
     of which used for sequential elements: 1420.440000 (64.57%)

=== axil_to_apb ===

        +----------Local Count, excluding submodules.
        |        +-Local Area, excluding submodules.
        |        | 
      236        - wires
      474        - wire bits
       35        - public wires
      273        - public wire bits
       27        - ports
      189        - port bits
      206  641.326 cells
        1     1.33   AND3_X1
        3    3.192   AOI21_X1
        2     2.66   AOI22_X1
       83   441.56   DFFR_X1
        1     5.32   DFFS_X1
        9    4.788   INV_X1
       89  165.718   MUX2_X1
        4    3.192   NAND2_X1
        1     1.33   NAND4_X1
        7    5.586   NOR2_X1
        2    2.128   NOR3_X1
        1     1.33   NOR4_X1
        2    2.128   OAI21_X1
        1    1.064   OR2_X1

   Chip area for module '\axil_to_apb': 641.326000
     of which used for sequential elements: 446.880000 (69.68%)

=== design hierarchy ===

        +----------Count including submodules.
        |        +-Area including submodules.
        |        | 
     3858   9256.8 pulp_spi_wrap
      134  205.352 $paramod$83bc75265b358b15e6cbe03cbfc629e968b46589\apb_spi_master
      485 1.39E+03   $paramod$83bc75265b358b15e6cbe03cbfc629e968b46589\spi_master_apb_if
      759  2199.82   $paramod$dec9424b776ed6cf19510f938baf4f9a5bd62edc\spi_master_fifo
      412   481.46   spi_master_controller
       73  161.994     spi_master_clkgen
      299  691.866     spi_master_rx
      518  914.774     spi_master_tx
      206  641.326 axil_to_apb

        +----------Count including submodules.
        |        +-Area including submodules.
        |        | 
     3932        - wires
     6349        - wire bits
      360        - public wires
     2777        - public wire bits
      215        - ports
     1277        - port bits
        -        - memories
        -        - memory bits
        -        - processes
     3858   9256.8 cells
       97  103.208   AND2_X1
       11    14.63   AND3_X1
       12   19.152   AND4_X1
       14    18.62   AOI211_X1
      110   117.04   AOI21_X1
       22   35.112   AOI221_X1
      106  225.568   AOI222_X1
      228   303.24   AOI22_X1
      976  5192.32   DFFR_X1
       18    95.76   DFFS_X1
      262  139.384   INV_X1
      988 1.84E+03   MUX2_X1
      139  110.922   NAND2_X1
      106  112.784   NAND3_X1
       75    99.75   NAND4_X1
      156  124.488   NOR2_X1
       74   78.736   NOR3_X1
       48    63.84   NOR4_X1
       43    57.19   OAI211_X1
      148  157.472   OAI21_X1
        7   11.172   OAI221_X1
       33   70.224   OAI222_X1
       22    29.26   OAI22_X1
        2    3.724   OAI33_X1
       41   43.624   OR2_X1
        6     7.98   OR3_X1
       13   20.748   OR4_X1
       80   127.68   XNOR2_X1
       21   33.516   XOR2_X1
        2 8.88E+03 submodules
        1  8240.68   $paramod$83bc75265b358b15e6cbe03cbfc629e968b46589\apb_spi_master
        1  641.326   axil_to_apb

   Chip area for top module '\pulp_spi_wrap': 9256.800000
     of which used for sequential elements: 5288.080000 (57.13%)

15. Executing Verilog backend.
Dumping module `$paramod$83bc75265b358b15e6cbe03cbfc629e968b46589\apb_spi_master'.
Dumping module `$paramod$83bc75265b358b15e6cbe03cbfc629e968b46589\spi_master_apb_if'.
Dumping module `$paramod$dec9424b776ed6cf19510f938baf4f9a5bd62edc\spi_master_fifo'.
Dumping module `\axil_to_apb'.
Dumping module `\pulp_spi_wrap'.
Dumping module `\spi_master_clkgen'.
Dumping module `\spi_master_controller'.
Dumping module `\spi_master_rx'.
Dumping module `\spi_master_tx'.

Warnings: 1 unique messages, 3 total
End of script. Logfile hash: 96b3337391, time: 13.05s, user: 0.61s, system: 0.04s, MEM: 51.48 MB peak
Yosys 0.64 (git sha1 d8dab5b32666564eca8e18f412973853ce006e61, clang++ 21.0.0 -fPIC -O3)
Time spent: 71% 2x abc (1 sec), 3% 26x opt_clean (0 sec), ...
