
 /----------------------------------------------------------------------------\
 |  yosys -- Yosys Open SYnthesis Suite                                       |
 |  Copyright (C) 2012 - 2026  Claire Xenia Wolf <claire@yosyshq.com>         |
 |  Distributed under an ISC-like license, type "license" to see terms        |
 \----------------------------------------------------------------------------/
 Yosys 0.64 (git sha1 d8dab5b32666564eca8e18f412973853ce006e61, clang++ 21.0.0 -fPIC -O3)

-- Executing script file `/tmp/yosys_XXXXXX.ys' --

1. Executing Verilog-2005 frontend: ../rtl/core/aes_isa_ext.v
Parsing SystemVerilog input from `../rtl/core/aes_isa_ext.v' to AST representation.
Generating RTLIL representation for module `\aes_isa_ext'.
Successfully finished Verilog frontend.

2. Executing HIERARCHY pass (managing design hierarchy).

2.1. Analyzing design hierarchy..
Top module:  \aes_isa_ext

2.2. Analyzing design hierarchy..
Top module:  \aes_isa_ext
Removed 0 unused modules.

3. Executing SYNTH pass.

3.1. Executing HIERARCHY pass (managing design hierarchy).

3.1.1. Analyzing design hierarchy..
Top module:  \aes_isa_ext

3.1.2. Analyzing design hierarchy..
Top module:  \aes_isa_ext
Removed 0 unused modules.

3.2. Executing PROC pass (convert processes to netlists).

3.2.1. Executing PROC_CLEAN pass (remove empty switches from decision trees).
Cleaned up 0 empty switches.

3.2.2. Executing PROC_RMDEAD pass (remove dead branches from decision trees).
Removed 9 dead cases from process $proc$../rtl/core/aes_isa_ext.v:383$175 in module aes_isa_ext.
Marked 11 switch rules as full_case in process $proc$../rtl/core/aes_isa_ext.v:383$175 in module aes_isa_ext.
Removed a total of 9 dead cases.

3.2.3. Executing PROC_PRUNE pass (remove redundant assignments in processes).
Removed 0 redundant assignments.
Promoted 487 assignments to connections.

3.2.4. Executing PROC_INIT pass (extract init attributes).

3.2.5. Executing PROC_ARST pass (detect async resets in processes).

3.2.6. Executing PROC_ROM pass (convert switches to ROMs).
Converted 5 switches.
<suppressed ~6 debug messages>

3.2.7. Executing PROC_MUX pass (convert decision trees to multiplexers).
Creating decoders for process `\aes_isa_ext.$proc$../rtl/core/aes_isa_ext.v:383$175'.
     1/518: $3\rcon_byte$func$../rtl/core/aes_isa_ext.v:440$174.$result[7:0]$1725
     2/518: $3\set_byte$func$../rtl/core/aes_isa_ext.v:419$108.$result[31:0]$1491 [23:16]
     3/518: $3\set_byte$func$../rtl/core/aes_isa_ext.v:419$108.$result[31:0]$1491 [15:8]
     4/518: $3\set_byte$func$../rtl/core/aes_isa_ext.v:419$108.$result[31:0]$1491 [31:24]
     5/518: $3\set_byte$func$../rtl/core/aes_isa_ext.v:419$108.$result[31:0]$1491 [7:0]
     6/518: $3\sbox_inv$func$../rtl/core/aes_isa_ext.v:419$107.$result[7:0]$1490
     7/518: $3\set_byte$func$../rtl/core/aes_isa_ext.v:407$89.$result[31:0]$1441 [23:16]
     8/518: $3\set_byte$func$../rtl/core/aes_isa_ext.v:407$89.$result[31:0]$1441 [15:8]
     9/518: $3\set_byte$func$../rtl/core/aes_isa_ext.v:407$89.$result[31:0]$1441 [31:24]
    10/518: $3\set_byte$func$../rtl/core/aes_isa_ext.v:407$89.$result[31:0]$1441 [7:0]
    11/518: $3\sbox_fwd$func$../rtl/core/aes_isa_ext.v:407$88.$result[7:0]$1440
    12/518: $3\set_byte$func$../rtl/core/aes_isa_ext.v:398$87.$result[31:0]$1439 [23:16]
    13/518: $3\set_byte$func$../rtl/core/aes_isa_ext.v:398$87.$result[31:0]$1439 [15:8]
    14/518: $3\set_byte$func$../rtl/core/aes_isa_ext.v:398$87.$result[31:0]$1439 [31:24]
    15/518: $3\set_byte$func$../rtl/core/aes_isa_ext.v:398$87.$result[31:0]$1439 [7:0]
    16/518: $3\sbox_fwd$func$../rtl/core/aes_isa_ext.v:398$86.$result[7:0]$1438
    17/518: $2\custom_rd[31:0]
    18/518: $2\set_byte$func$../rtl/core/aes_isa_ext.v:398$87.$result[31:0]$1191
    19/518: $2\set_byte$func$../rtl/core/aes_isa_ext.v:398$87.sel[1:0]$1194
    20/518: $2\set_byte$func$../rtl/core/aes_isa_ext.v:398$87.bval[7:0]$1193
    21/518: $2\set_byte$func$../rtl/core/aes_isa_ext.v:398$87.base[31:0]$1192
    22/518: $2\sbox_fwd$func$../rtl/core/aes_isa_ext.v:398$86.$result[7:0]$1189
    23/518: $2\sbox_fwd$func$../rtl/core/aes_isa_ext.v:398$86.x[7:0]$1190
    24/518: $2\rcon_byte$func$../rtl/core/aes_isa_ext.v:440$174.rnd[3:0]$1437
    25/518: $2\rcon_byte$func$../rtl/core/aes_isa_ext.v:440$174.$result[7:0]$1436
    26/518: $2\xtime$func$../rtl/core/aes_isa_ext.v:117$173.b[7:0]$1435
    27/518: $2\xtime$func$../rtl/core/aes_isa_ext.v:117$173.$result[7:0]$1434
    28/518: $2\xtime$func$../rtl/core/aes_isa_ext.v:116$172.b[7:0]$1433
    29/518: $2\xtime$func$../rtl/core/aes_isa_ext.v:116$172.$result[7:0]$1432
    30/518: $2\xtime$func$../rtl/core/aes_isa_ext.v:115$171.b[7:0]$1431
    31/518: $2\xtime$func$../rtl/core/aes_isa_ext.v:115$171.$result[7:0]$1430
    32/518: $2\xtime$func$../rtl/core/aes_isa_ext.v:81$170.b[7:0]$1429
    33/518: $2\xtime$func$../rtl/core/aes_isa_ext.v:81$170.$result[7:0]$1428
    34/518: $2\xtime$func$../rtl/core/aes_isa_ext.v:80$169.b[7:0]$1427
    35/518: $2\xtime$func$../rtl/core/aes_isa_ext.v:80$169.$result[7:0]$1426
    36/518: $2\xtime$func$../rtl/core/aes_isa_ext.v:79$168.b[7:0]$1425
    37/518: $2\xtime$func$../rtl/core/aes_isa_ext.v:79$168.$result[7:0]$1424
    38/518: $2\xtime$func$../rtl/core/aes_isa_ext.v:105$167.b[7:0]$1423
    39/518: $2\xtime$func$../rtl/core/aes_isa_ext.v:105$167.$result[7:0]$1422
    40/518: $2\xtime$func$../rtl/core/aes_isa_ext.v:104$166.b[7:0]$1421
    41/518: $2\xtime$func$../rtl/core/aes_isa_ext.v:104$166.$result[7:0]$1420
    42/518: $2\xtime$func$../rtl/core/aes_isa_ext.v:103$165.b[7:0]$1419
    43/518: $2\xtime$func$../rtl/core/aes_isa_ext.v:103$165.$result[7:0]$1418
    44/518: $2\xtime$func$../rtl/core/aes_isa_ext.v:93$164.b[7:0]$1417
    45/518: $2\xtime$func$../rtl/core/aes_isa_ext.v:93$164.$result[7:0]$1416
    46/518: $2\xtime$func$../rtl/core/aes_isa_ext.v:92$163.b[7:0]$1415
    47/518: $2\xtime$func$../rtl/core/aes_isa_ext.v:92$163.$result[7:0]$1414
    48/518: $2\xtime$func$../rtl/core/aes_isa_ext.v:91$162.b[7:0]$1413
    49/518: $2\xtime$func$../rtl/core/aes_isa_ext.v:91$162.$result[7:0]$1412
    50/518: $2\gf_mul14$func$../rtl/core/aes_isa_ext.v:338$161.t8[7:0]$1411
    51/518: $2\gf_mul14$func$../rtl/core/aes_isa_ext.v:338$161.t4[7:0]$1410
    52/518: $2\gf_mul14$func$../rtl/core/aes_isa_ext.v:338$161.t2[7:0]$1409
    53/518: $2\gf_mul14$func$../rtl/core/aes_isa_ext.v:338$161.b[7:0]$1408
    54/518: $2\gf_mul14$func$../rtl/core/aes_isa_ext.v:338$161.$result[7:0]$1407
    55/518: $2\gf_mul9$func$../rtl/core/aes_isa_ext.v:338$160.t8[7:0]$1406
    56/518: $2\gf_mul9$func$../rtl/core/aes_isa_ext.v:338$160.t4[7:0]$1405
    57/518: $2\gf_mul9$func$../rtl/core/aes_isa_ext.v:338$160.t2[7:0]$1404
    58/518: $2\gf_mul9$func$../rtl/core/aes_isa_ext.v:338$160.b[7:0]$1403
    59/518: $2\gf_mul9$func$../rtl/core/aes_isa_ext.v:338$160.$result[7:0]$1402
    60/518: $2\gf_mul13$func$../rtl/core/aes_isa_ext.v:338$159.t8[7:0]$1401
    61/518: $2\gf_mul13$func$../rtl/core/aes_isa_ext.v:338$159.t4[7:0]$1400
    62/518: $2\gf_mul13$func$../rtl/core/aes_isa_ext.v:338$159.t2[7:0]$1399
    63/518: $2\gf_mul13$func$../rtl/core/aes_isa_ext.v:338$159.b[7:0]$1398
    64/518: $2\gf_mul13$func$../rtl/core/aes_isa_ext.v:338$159.$result[7:0]$1397
    65/518: $2\gf_mul11$func$../rtl/core/aes_isa_ext.v:338$158.t8[7:0]$1396
    66/518: $2\gf_mul11$func$../rtl/core/aes_isa_ext.v:338$158.t4[7:0]$1395
    67/518: $2\gf_mul11$func$../rtl/core/aes_isa_ext.v:338$158.t2[7:0]$1394
    68/518: $2\gf_mul11$func$../rtl/core/aes_isa_ext.v:338$158.b[7:0]$1393
    69/518: $2\gf_mul11$func$../rtl/core/aes_isa_ext.v:338$158.$result[7:0]$1392
    70/518: $2\xtime$func$../rtl/core/aes_isa_ext.v:93$157.b[7:0]$1391
    71/518: $2\xtime$func$../rtl/core/aes_isa_ext.v:93$157.$result[7:0]$1390
    72/518: $2\xtime$func$../rtl/core/aes_isa_ext.v:92$156.b[7:0]$1389
    73/518: $2\xtime$func$../rtl/core/aes_isa_ext.v:92$156.$result[7:0]$1388
    74/518: $2\xtime$func$../rtl/core/aes_isa_ext.v:91$155.b[7:0]$1387
    75/518: $2\xtime$func$../rtl/core/aes_isa_ext.v:91$155.$result[7:0]$1386
    76/518: $2\xtime$func$../rtl/core/aes_isa_ext.v:117$154.b[7:0]$1385
    77/518: $2\xtime$func$../rtl/core/aes_isa_ext.v:117$154.$result[7:0]$1384
    78/518: $2\xtime$func$../rtl/core/aes_isa_ext.v:116$153.b[7:0]$1383
    79/518: $2\xtime$func$../rtl/core/aes_isa_ext.v:116$153.$result[7:0]$1382
    80/518: $2\xtime$func$../rtl/core/aes_isa_ext.v:115$152.b[7:0]$1381
    81/518: $2\xtime$func$../rtl/core/aes_isa_ext.v:115$152.$result[7:0]$1380
    82/518: $2\xtime$func$../rtl/core/aes_isa_ext.v:81$151.b[7:0]$1379
    83/518: $2\xtime$func$../rtl/core/aes_isa_ext.v:81$151.$result[7:0]$1378
    84/518: $2\xtime$func$../rtl/core/aes_isa_ext.v:80$150.b[7:0]$1377
    85/518: $2\xtime$func$../rtl/core/aes_isa_ext.v:80$150.$result[7:0]$1376
    86/518: $2\xtime$func$../rtl/core/aes_isa_ext.v:79$149.b[7:0]$1375
    87/518: $2\xtime$func$../rtl/core/aes_isa_ext.v:79$149.$result[7:0]$1374
    88/518: $2\xtime$func$../rtl/core/aes_isa_ext.v:105$148.b[7:0]$1373
    89/518: $2\xtime$func$../rtl/core/aes_isa_ext.v:105$148.$result[7:0]$1372
    90/518: $2\xtime$func$../rtl/core/aes_isa_ext.v:104$147.b[7:0]$1371
    91/518: $2\xtime$func$../rtl/core/aes_isa_ext.v:104$147.$result[7:0]$1370
    92/518: $2\xtime$func$../rtl/core/aes_isa_ext.v:103$146.b[7:0]$1369
    93/518: $2\xtime$func$../rtl/core/aes_isa_ext.v:103$146.$result[7:0]$1368
    94/518: $2\gf_mul11$func$../rtl/core/aes_isa_ext.v:337$145.t8[7:0]$1367
    95/518: $2\gf_mul11$func$../rtl/core/aes_isa_ext.v:337$145.t4[7:0]$1366
    96/518: $2\gf_mul11$func$../rtl/core/aes_isa_ext.v:337$145.t2[7:0]$1365
    97/518: $2\gf_mul11$func$../rtl/core/aes_isa_ext.v:337$145.b[7:0]$1364
    98/518: $2\gf_mul11$func$../rtl/core/aes_isa_ext.v:337$145.$result[7:0]$1363
    99/518: $2\gf_mul14$func$../rtl/core/aes_isa_ext.v:337$144.t8[7:0]$1362
   100/518: $2\gf_mul14$func$../rtl/core/aes_isa_ext.v:337$144.t4[7:0]$1361
   101/518: $2\gf_mul14$func$../rtl/core/aes_isa_ext.v:337$144.t2[7:0]$1360
   102/518: $2\gf_mul14$func$../rtl/core/aes_isa_ext.v:337$144.b[7:0]$1359
   103/518: $2\gf_mul14$func$../rtl/core/aes_isa_ext.v:337$144.$result[7:0]$1358
   104/518: $2\gf_mul9$func$../rtl/core/aes_isa_ext.v:337$143.t8[7:0]$1357
   105/518: $2\gf_mul9$func$../rtl/core/aes_isa_ext.v:337$143.t4[7:0]$1356
   106/518: $2\gf_mul9$func$../rtl/core/aes_isa_ext.v:337$143.t2[7:0]$1355
   107/518: $2\gf_mul9$func$../rtl/core/aes_isa_ext.v:337$143.b[7:0]$1354
   108/518: $2\gf_mul9$func$../rtl/core/aes_isa_ext.v:337$143.$result[7:0]$1353
   109/518: $2\gf_mul13$func$../rtl/core/aes_isa_ext.v:337$142.t8[7:0]$1352
   110/518: $2\gf_mul13$func$../rtl/core/aes_isa_ext.v:337$142.t4[7:0]$1351
   111/518: $2\gf_mul13$func$../rtl/core/aes_isa_ext.v:337$142.t2[7:0]$1350
   112/518: $2\gf_mul13$func$../rtl/core/aes_isa_ext.v:337$142.b[7:0]$1349
   113/518: $2\gf_mul13$func$../rtl/core/aes_isa_ext.v:337$142.$result[7:0]$1348
   114/518: $2\xtime$func$../rtl/core/aes_isa_ext.v:105$141.b[7:0]$1347
   115/518: $2\xtime$func$../rtl/core/aes_isa_ext.v:105$141.$result[7:0]$1346
   116/518: $2\xtime$func$../rtl/core/aes_isa_ext.v:104$140.b[7:0]$1345
   117/518: $2\xtime$func$../rtl/core/aes_isa_ext.v:104$140.$result[7:0]$1344
   118/518: $2\xtime$func$../rtl/core/aes_isa_ext.v:103$139.b[7:0]$1343
   119/518: $2\xtime$func$../rtl/core/aes_isa_ext.v:103$139.$result[7:0]$1342
   120/518: $2\xtime$func$../rtl/core/aes_isa_ext.v:93$138.b[7:0]$1341
   121/518: $2\xtime$func$../rtl/core/aes_isa_ext.v:93$138.$result[7:0]$1340
   122/518: $2\xtime$func$../rtl/core/aes_isa_ext.v:92$137.b[7:0]$1339
   123/518: $2\xtime$func$../rtl/core/aes_isa_ext.v:92$137.$result[7:0]$1338
   124/518: $2\xtime$func$../rtl/core/aes_isa_ext.v:91$136.b[7:0]$1337
   125/518: $2\xtime$func$../rtl/core/aes_isa_ext.v:91$136.$result[7:0]$1336
   126/518: $2\xtime$func$../rtl/core/aes_isa_ext.v:117$135.b[7:0]$1335
   127/518: $2\xtime$func$../rtl/core/aes_isa_ext.v:117$135.$result[7:0]$1334
   128/518: $2\xtime$func$../rtl/core/aes_isa_ext.v:116$134.b[7:0]$1333
   129/518: $2\xtime$func$../rtl/core/aes_isa_ext.v:116$134.$result[7:0]$1332
   130/518: $2\xtime$func$../rtl/core/aes_isa_ext.v:115$133.b[7:0]$1331
   131/518: $2\xtime$func$../rtl/core/aes_isa_ext.v:115$133.$result[7:0]$1330
   132/518: $2\xtime$func$../rtl/core/aes_isa_ext.v:81$132.b[7:0]$1329
   133/518: $2\xtime$func$../rtl/core/aes_isa_ext.v:81$132.$result[7:0]$1328
   134/518: $2\xtime$func$../rtl/core/aes_isa_ext.v:80$131.b[7:0]$1327
   135/518: $2\xtime$func$../rtl/core/aes_isa_ext.v:80$131.$result[7:0]$1326
   136/518: $2\xtime$func$../rtl/core/aes_isa_ext.v:79$130.b[7:0]$1325
   137/518: $2\xtime$func$../rtl/core/aes_isa_ext.v:79$130.$result[7:0]$1324
   138/518: $2\gf_mul13$func$../rtl/core/aes_isa_ext.v:336$129.t8[7:0]$1323
   139/518: $2\gf_mul13$func$../rtl/core/aes_isa_ext.v:336$129.t4[7:0]$1322
   140/518: $2\gf_mul13$func$../rtl/core/aes_isa_ext.v:336$129.t2[7:0]$1321
   141/518: $2\gf_mul13$func$../rtl/core/aes_isa_ext.v:336$129.b[7:0]$1320
   142/518: $2\gf_mul13$func$../rtl/core/aes_isa_ext.v:336$129.$result[7:0]$1319
   143/518: $2\gf_mul11$func$../rtl/core/aes_isa_ext.v:336$128.t8[7:0]$1318
   144/518: $2\gf_mul11$func$../rtl/core/aes_isa_ext.v:336$128.t4[7:0]$1317
   145/518: $2\gf_mul11$func$../rtl/core/aes_isa_ext.v:336$128.t2[7:0]$1316
   146/518: $2\gf_mul11$func$../rtl/core/aes_isa_ext.v:336$128.b[7:0]$1315
   147/518: $2\gf_mul11$func$../rtl/core/aes_isa_ext.v:336$128.$result[7:0]$1314
   148/518: $2\gf_mul14$func$../rtl/core/aes_isa_ext.v:336$127.t8[7:0]$1313
   149/518: $2\gf_mul14$func$../rtl/core/aes_isa_ext.v:336$127.t4[7:0]$1312
   150/518: $2\gf_mul14$func$../rtl/core/aes_isa_ext.v:336$127.t2[7:0]$1311
   151/518: $2\gf_mul14$func$../rtl/core/aes_isa_ext.v:336$127.b[7:0]$1310
   152/518: $2\gf_mul14$func$../rtl/core/aes_isa_ext.v:336$127.$result[7:0]$1309
   153/518: $2\gf_mul9$func$../rtl/core/aes_isa_ext.v:336$126.t8[7:0]$1308
   154/518: $2\gf_mul9$func$../rtl/core/aes_isa_ext.v:336$126.t4[7:0]$1307
   155/518: $2\gf_mul9$func$../rtl/core/aes_isa_ext.v:336$126.t2[7:0]$1306
   156/518: $2\gf_mul9$func$../rtl/core/aes_isa_ext.v:336$126.b[7:0]$1305
   157/518: $2\gf_mul9$func$../rtl/core/aes_isa_ext.v:336$126.$result[7:0]$1304
   158/518: $2\xtime$func$../rtl/core/aes_isa_ext.v:81$125.b[7:0]$1303
   159/518: $2\xtime$func$../rtl/core/aes_isa_ext.v:81$125.$result[7:0]$1302
   160/518: $2\xtime$func$../rtl/core/aes_isa_ext.v:80$124.b[7:0]$1301
   161/518: $2\xtime$func$../rtl/core/aes_isa_ext.v:80$124.$result[7:0]$1300
   162/518: $2\xtime$func$../rtl/core/aes_isa_ext.v:79$123.b[7:0]$1299
   163/518: $2\xtime$func$../rtl/core/aes_isa_ext.v:79$123.$result[7:0]$1298
   164/518: $2\xtime$func$../rtl/core/aes_isa_ext.v:105$122.b[7:0]$1297
   165/518: $2\xtime$func$../rtl/core/aes_isa_ext.v:105$122.$result[7:0]$1296
   166/518: $2\xtime$func$../rtl/core/aes_isa_ext.v:104$121.b[7:0]$1295
   167/518: $2\xtime$func$../rtl/core/aes_isa_ext.v:104$121.$result[7:0]$1294
   168/518: $2\xtime$func$../rtl/core/aes_isa_ext.v:103$120.b[7:0]$1293
   169/518: $2\xtime$func$../rtl/core/aes_isa_ext.v:103$120.$result[7:0]$1292
   170/518: $2\xtime$func$../rtl/core/aes_isa_ext.v:93$119.b[7:0]$1291
   171/518: $2\xtime$func$../rtl/core/aes_isa_ext.v:93$119.$result[7:0]$1290
   172/518: $2\xtime$func$../rtl/core/aes_isa_ext.v:92$118.b[7:0]$1289
   173/518: $2\xtime$func$../rtl/core/aes_isa_ext.v:92$118.$result[7:0]$1288
   174/518: $2\xtime$func$../rtl/core/aes_isa_ext.v:91$117.b[7:0]$1287
   175/518: $2\xtime$func$../rtl/core/aes_isa_ext.v:91$117.$result[7:0]$1286
   176/518: $2\xtime$func$../rtl/core/aes_isa_ext.v:117$116.b[7:0]$1285
   177/518: $2\xtime$func$../rtl/core/aes_isa_ext.v:117$116.$result[7:0]$1284
   178/518: $2\xtime$func$../rtl/core/aes_isa_ext.v:116$115.b[7:0]$1283
   179/518: $2\xtime$func$../rtl/core/aes_isa_ext.v:116$115.$result[7:0]$1282
   180/518: $2\xtime$func$../rtl/core/aes_isa_ext.v:115$114.b[7:0]$1281
   181/518: $2\xtime$func$../rtl/core/aes_isa_ext.v:115$114.$result[7:0]$1280
   182/518: $2\gf_mul9$func$../rtl/core/aes_isa_ext.v:335$113.t8[7:0]$1279
   183/518: $2\gf_mul9$func$../rtl/core/aes_isa_ext.v:335$113.t4[7:0]$1278
   184/518: $2\gf_mul9$func$../rtl/core/aes_isa_ext.v:335$113.t2[7:0]$1277
   185/518: $2\gf_mul9$func$../rtl/core/aes_isa_ext.v:335$113.b[7:0]$1276
   186/518: $2\gf_mul9$func$../rtl/core/aes_isa_ext.v:335$113.$result[7:0]$1275
   187/518: $2\gf_mul13$func$../rtl/core/aes_isa_ext.v:335$112.t8[7:0]$1274
   188/518: $2\gf_mul13$func$../rtl/core/aes_isa_ext.v:335$112.t4[7:0]$1273
   189/518: $2\gf_mul13$func$../rtl/core/aes_isa_ext.v:335$112.t2[7:0]$1272
   190/518: $2\gf_mul13$func$../rtl/core/aes_isa_ext.v:335$112.b[7:0]$1271
   191/518: $2\gf_mul13$func$../rtl/core/aes_isa_ext.v:335$112.$result[7:0]$1270
   192/518: $2\gf_mul11$func$../rtl/core/aes_isa_ext.v:335$111.t8[7:0]$1269
   193/518: $2\gf_mul11$func$../rtl/core/aes_isa_ext.v:335$111.t4[7:0]$1268
   194/518: $2\gf_mul11$func$../rtl/core/aes_isa_ext.v:335$111.t2[7:0]$1267
   195/518: $2\gf_mul11$func$../rtl/core/aes_isa_ext.v:335$111.b[7:0]$1266
   196/518: $2\gf_mul11$func$../rtl/core/aes_isa_ext.v:335$111.$result[7:0]$1265
   197/518: $2\gf_mul14$func$../rtl/core/aes_isa_ext.v:335$110.t8[7:0]$1264
   198/518: $2\gf_mul14$func$../rtl/core/aes_isa_ext.v:335$110.t4[7:0]$1263
   199/518: $2\gf_mul14$func$../rtl/core/aes_isa_ext.v:335$110.t2[7:0]$1262
   200/518: $2\gf_mul14$func$../rtl/core/aes_isa_ext.v:335$110.b[7:0]$1261
   201/518: $2\gf_mul14$func$../rtl/core/aes_isa_ext.v:335$110.$result[7:0]$1260
   202/518: $2\mix_col_inv$func$../rtl/core/aes_isa_ext.v:424$109.r3[7:0]$1259
   203/518: $2\mix_col_inv$func$../rtl/core/aes_isa_ext.v:424$109.r2[7:0]$1258
   204/518: $2\mix_col_inv$func$../rtl/core/aes_isa_ext.v:424$109.r1[7:0]$1257
   205/518: $2\mix_col_inv$func$../rtl/core/aes_isa_ext.v:424$109.r0[7:0]$1256
   206/518: $2\mix_col_inv$func$../rtl/core/aes_isa_ext.v:424$109.b3[7:0]$1255
   207/518: $2\mix_col_inv$func$../rtl/core/aes_isa_ext.v:424$109.b2[7:0]$1254
   208/518: $2\mix_col_inv$func$../rtl/core/aes_isa_ext.v:424$109.b1[7:0]$1253
   209/518: $2\mix_col_inv$func$../rtl/core/aes_isa_ext.v:424$109.b0[7:0]$1252
   210/518: $2\mix_col_inv$func$../rtl/core/aes_isa_ext.v:424$109.col[31:0]$1251
   211/518: $2\mix_col_inv$func$../rtl/core/aes_isa_ext.v:424$109.$result[31:0]$1250
   212/518: $2\set_byte$func$../rtl/core/aes_isa_ext.v:419$108.sel[1:0]$1249
   213/518: $2\set_byte$func$../rtl/core/aes_isa_ext.v:419$108.bval[7:0]$1248
   214/518: $2\set_byte$func$../rtl/core/aes_isa_ext.v:419$108.base[31:0]$1247
   215/518: $2\set_byte$func$../rtl/core/aes_isa_ext.v:419$108.$result[31:0]$1246
   216/518: $2\sbox_inv$func$../rtl/core/aes_isa_ext.v:419$107.x[7:0]$1245
   217/518: $2\sbox_inv$func$../rtl/core/aes_isa_ext.v:419$107.$result[7:0]$1244
   218/518: $2\xtime$func$../rtl/core/aes_isa_ext.v:62$106.b[7:0]$1243
   219/518: $2\xtime$func$../rtl/core/aes_isa_ext.v:62$106.$result[7:0]$1242
   220/518: $2\xtime$func$../rtl/core/aes_isa_ext.v:70$105.b[7:0]$1241
   221/518: $2\xtime$func$../rtl/core/aes_isa_ext.v:70$105.$result[7:0]$1240
   222/518: $2\gf_mul2$func$../rtl/core/aes_isa_ext.v:316$104.b[7:0]$1239
   223/518: $2\gf_mul2$func$../rtl/core/aes_isa_ext.v:316$104.$result[7:0]$1238
   224/518: $2\gf_mul3$func$../rtl/core/aes_isa_ext.v:316$103.b[7:0]$1237
   225/518: $2\gf_mul3$func$../rtl/core/aes_isa_ext.v:316$103.$result[7:0]$1236
   226/518: $2\xtime$func$../rtl/core/aes_isa_ext.v:70$102.b[7:0]$1235
   227/518: $2\xtime$func$../rtl/core/aes_isa_ext.v:70$102.$result[7:0]$1234
   228/518: $2\xtime$func$../rtl/core/aes_isa_ext.v:62$101.b[7:0]$1233
   229/518: $2\xtime$func$../rtl/core/aes_isa_ext.v:62$101.$result[7:0]$1232
   230/518: $2\gf_mul3$func$../rtl/core/aes_isa_ext.v:315$100.b[7:0]$1231
   231/518: $2\gf_mul3$func$../rtl/core/aes_isa_ext.v:315$100.$result[7:0]$1230
   232/518: $2\gf_mul2$func$../rtl/core/aes_isa_ext.v:315$99.b[7:0]$1229
   233/518: $2\gf_mul2$func$../rtl/core/aes_isa_ext.v:315$99.$result[7:0]$1228
   234/518: $2\xtime$func$../rtl/core/aes_isa_ext.v:70$98.b[7:0]$1227
   235/518: $2\xtime$func$../rtl/core/aes_isa_ext.v:70$98.$result[7:0]$1226
   236/518: $2\xtime$func$../rtl/core/aes_isa_ext.v:62$97.b[7:0]$1225
   237/518: $2\xtime$func$../rtl/core/aes_isa_ext.v:62$97.$result[7:0]$1224
   238/518: $2\gf_mul3$func$../rtl/core/aes_isa_ext.v:314$96.b[7:0]$1223
   239/518: $2\gf_mul3$func$../rtl/core/aes_isa_ext.v:314$96.$result[7:0]$1222
   240/518: $2\gf_mul2$func$../rtl/core/aes_isa_ext.v:314$95.b[7:0]$1221
   241/518: $2\gf_mul2$func$../rtl/core/aes_isa_ext.v:314$95.$result[7:0]$1220
   242/518: $2\xtime$func$../rtl/core/aes_isa_ext.v:70$94.b[7:0]$1219
   243/518: $2\xtime$func$../rtl/core/aes_isa_ext.v:70$94.$result[7:0]$1218
   244/518: $2\xtime$func$../rtl/core/aes_isa_ext.v:62$93.b[7:0]$1217
   245/518: $2\xtime$func$../rtl/core/aes_isa_ext.v:62$93.$result[7:0]$1216
   246/518: $2\gf_mul3$func$../rtl/core/aes_isa_ext.v:313$92.b[7:0]$1215
   247/518: $2\gf_mul3$func$../rtl/core/aes_isa_ext.v:313$92.$result[7:0]$1214
   248/518: $2\gf_mul2$func$../rtl/core/aes_isa_ext.v:313$91.b[7:0]$1213
   249/518: $2\gf_mul2$func$../rtl/core/aes_isa_ext.v:313$91.$result[7:0]$1212
   250/518: $2\mix_col_fwd$func$../rtl/core/aes_isa_ext.v:408$90.r3[7:0]$1211
   251/518: $2\mix_col_fwd$func$../rtl/core/aes_isa_ext.v:408$90.r2[7:0]$1210
   252/518: $2\mix_col_fwd$func$../rtl/core/aes_isa_ext.v:408$90.r1[7:0]$1209
   253/518: $2\mix_col_fwd$func$../rtl/core/aes_isa_ext.v:408$90.r0[7:0]$1208
   254/518: $2\mix_col_fwd$func$../rtl/core/aes_isa_ext.v:408$90.b3[7:0]$1207
   255/518: $2\mix_col_fwd$func$../rtl/core/aes_isa_ext.v:408$90.b2[7:0]$1206
   256/518: $2\mix_col_fwd$func$../rtl/core/aes_isa_ext.v:408$90.b1[7:0]$1205
   257/518: $2\mix_col_fwd$func$../rtl/core/aes_isa_ext.v:408$90.b0[7:0]$1204
   258/518: $2\mix_col_fwd$func$../rtl/core/aes_isa_ext.v:408$90.col[31:0]$1203
   259/518: $2\mix_col_fwd$func$../rtl/core/aes_isa_ext.v:408$90.$result[31:0]$1202
   260/518: $2\set_byte$func$../rtl/core/aes_isa_ext.v:407$89.sel[1:0]$1201
   261/518: $2\set_byte$func$../rtl/core/aes_isa_ext.v:407$89.bval[7:0]$1200
   262/518: $2\set_byte$func$../rtl/core/aes_isa_ext.v:407$89.base[31:0]$1199
   263/518: $2\set_byte$func$../rtl/core/aes_isa_ext.v:407$89.$result[31:0]$1198
   264/518: $2\sbox_fwd$func$../rtl/core/aes_isa_ext.v:407$88.x[7:0]$1197
   265/518: $2\sbox_fwd$func$../rtl/core/aes_isa_ext.v:407$88.$result[7:0]$1196
   266/518: $2$unnamed_block$1.tmp[31:0]$1195
   267/518: $1\rcon_byte$func$../rtl/core/aes_isa_ext.v:440$174.rnd[3:0]$1188
   268/518: $1\rcon_byte$func$../rtl/core/aes_isa_ext.v:440$174.$result[7:0]$1187
   269/518: $1\xtime$func$../rtl/core/aes_isa_ext.v:117$173.b[7:0]$1186
   270/518: $1\xtime$func$../rtl/core/aes_isa_ext.v:117$173.$result[7:0]$1185
   271/518: $1\xtime$func$../rtl/core/aes_isa_ext.v:116$172.b[7:0]$1184
   272/518: $1\xtime$func$../rtl/core/aes_isa_ext.v:116$172.$result[7:0]$1183
   273/518: $1\xtime$func$../rtl/core/aes_isa_ext.v:115$171.b[7:0]$1182
   274/518: $1\xtime$func$../rtl/core/aes_isa_ext.v:115$171.$result[7:0]$1181
   275/518: $1\xtime$func$../rtl/core/aes_isa_ext.v:81$170.b[7:0]$1180
   276/518: $1\xtime$func$../rtl/core/aes_isa_ext.v:81$170.$result[7:0]$1179
   277/518: $1\xtime$func$../rtl/core/aes_isa_ext.v:80$169.b[7:0]$1178
   278/518: $1\xtime$func$../rtl/core/aes_isa_ext.v:80$169.$result[7:0]$1177
   279/518: $1\xtime$func$../rtl/core/aes_isa_ext.v:79$168.b[7:0]$1176
   280/518: $1\xtime$func$../rtl/core/aes_isa_ext.v:79$168.$result[7:0]$1175
   281/518: $1\xtime$func$../rtl/core/aes_isa_ext.v:105$167.b[7:0]$1174
   282/518: $1\xtime$func$../rtl/core/aes_isa_ext.v:105$167.$result[7:0]$1173
   283/518: $1\xtime$func$../rtl/core/aes_isa_ext.v:104$166.b[7:0]$1172
   284/518: $1\xtime$func$../rtl/core/aes_isa_ext.v:104$166.$result[7:0]$1171
   285/518: $1\xtime$func$../rtl/core/aes_isa_ext.v:103$165.b[7:0]$1170
   286/518: $1\xtime$func$../rtl/core/aes_isa_ext.v:103$165.$result[7:0]$1169
   287/518: $1\xtime$func$../rtl/core/aes_isa_ext.v:93$164.b[7:0]$1168
   288/518: $1\xtime$func$../rtl/core/aes_isa_ext.v:93$164.$result[7:0]$1167
   289/518: $1\xtime$func$../rtl/core/aes_isa_ext.v:92$163.b[7:0]$1166
   290/518: $1\xtime$func$../rtl/core/aes_isa_ext.v:92$163.$result[7:0]$1165
   291/518: $1\xtime$func$../rtl/core/aes_isa_ext.v:91$162.b[7:0]$1164
   292/518: $1\xtime$func$../rtl/core/aes_isa_ext.v:91$162.$result[7:0]$1163
   293/518: $1\gf_mul14$func$../rtl/core/aes_isa_ext.v:338$161.t8[7:0]$1162
   294/518: $1\gf_mul14$func$../rtl/core/aes_isa_ext.v:338$161.t4[7:0]$1161
   295/518: $1\gf_mul14$func$../rtl/core/aes_isa_ext.v:338$161.t2[7:0]$1160
   296/518: $1\gf_mul14$func$../rtl/core/aes_isa_ext.v:338$161.b[7:0]$1159
   297/518: $1\gf_mul14$func$../rtl/core/aes_isa_ext.v:338$161.$result[7:0]$1158
   298/518: $1\gf_mul9$func$../rtl/core/aes_isa_ext.v:338$160.t8[7:0]$1157
   299/518: $1\gf_mul9$func$../rtl/core/aes_isa_ext.v:338$160.t4[7:0]$1156
   300/518: $1\gf_mul9$func$../rtl/core/aes_isa_ext.v:338$160.t2[7:0]$1155
   301/518: $1\gf_mul9$func$../rtl/core/aes_isa_ext.v:338$160.b[7:0]$1154
   302/518: $1\gf_mul9$func$../rtl/core/aes_isa_ext.v:338$160.$result[7:0]$1153
   303/518: $1\gf_mul13$func$../rtl/core/aes_isa_ext.v:338$159.t8[7:0]$1152
   304/518: $1\gf_mul13$func$../rtl/core/aes_isa_ext.v:338$159.t4[7:0]$1151
   305/518: $1\gf_mul13$func$../rtl/core/aes_isa_ext.v:338$159.t2[7:0]$1150
   306/518: $1\gf_mul13$func$../rtl/core/aes_isa_ext.v:338$159.b[7:0]$1149
   307/518: $1\gf_mul13$func$../rtl/core/aes_isa_ext.v:338$159.$result[7:0]$1148
   308/518: $1\gf_mul11$func$../rtl/core/aes_isa_ext.v:338$158.t8[7:0]$1147
   309/518: $1\gf_mul11$func$../rtl/core/aes_isa_ext.v:338$158.t4[7:0]$1146
   310/518: $1\gf_mul11$func$../rtl/core/aes_isa_ext.v:338$158.t2[7:0]$1145
   311/518: $1\gf_mul11$func$../rtl/core/aes_isa_ext.v:338$158.b[7:0]$1144
   312/518: $1\gf_mul11$func$../rtl/core/aes_isa_ext.v:338$158.$result[7:0]$1143
   313/518: $1\xtime$func$../rtl/core/aes_isa_ext.v:93$157.b[7:0]$1142
   314/518: $1\xtime$func$../rtl/core/aes_isa_ext.v:93$157.$result[7:0]$1141
   315/518: $1\xtime$func$../rtl/core/aes_isa_ext.v:92$156.b[7:0]$1140
   316/518: $1\xtime$func$../rtl/core/aes_isa_ext.v:92$156.$result[7:0]$1139
   317/518: $1\xtime$func$../rtl/core/aes_isa_ext.v:91$155.b[7:0]$1138
   318/518: $1\xtime$func$../rtl/core/aes_isa_ext.v:91$155.$result[7:0]$1137
   319/518: $1\xtime$func$../rtl/core/aes_isa_ext.v:117$154.b[7:0]$1136
   320/518: $1\xtime$func$../rtl/core/aes_isa_ext.v:117$154.$result[7:0]$1135
   321/518: $1\xtime$func$../rtl/core/aes_isa_ext.v:116$153.b[7:0]$1134
   322/518: $1\xtime$func$../rtl/core/aes_isa_ext.v:116$153.$result[7:0]$1133
   323/518: $1\xtime$func$../rtl/core/aes_isa_ext.v:115$152.b[7:0]$1132
   324/518: $1\xtime$func$../rtl/core/aes_isa_ext.v:115$152.$result[7:0]$1131
   325/518: $1\xtime$func$../rtl/core/aes_isa_ext.v:81$151.b[7:0]$1130
   326/518: $1\xtime$func$../rtl/core/aes_isa_ext.v:81$151.$result[7:0]$1129
   327/518: $1\xtime$func$../rtl/core/aes_isa_ext.v:80$150.b[7:0]$1128
   328/518: $1\xtime$func$../rtl/core/aes_isa_ext.v:80$150.$result[7:0]$1127
   329/518: $1\xtime$func$../rtl/core/aes_isa_ext.v:79$149.b[7:0]$1126
   330/518: $1\xtime$func$../rtl/core/aes_isa_ext.v:79$149.$result[7:0]$1125
   331/518: $1\xtime$func$../rtl/core/aes_isa_ext.v:105$148.b[7:0]$1124
   332/518: $1\xtime$func$../rtl/core/aes_isa_ext.v:105$148.$result[7:0]$1123
   333/518: $1\xtime$func$../rtl/core/aes_isa_ext.v:104$147.b[7:0]$1122
   334/518: $1\xtime$func$../rtl/core/aes_isa_ext.v:104$147.$result[7:0]$1121
   335/518: $1\xtime$func$../rtl/core/aes_isa_ext.v:103$146.b[7:0]$1120
   336/518: $1\xtime$func$../rtl/core/aes_isa_ext.v:103$146.$result[7:0]$1119
   337/518: $1\gf_mul11$func$../rtl/core/aes_isa_ext.v:337$145.t8[7:0]$1118
   338/518: $1\gf_mul11$func$../rtl/core/aes_isa_ext.v:337$145.t4[7:0]$1117
   339/518: $1\gf_mul11$func$../rtl/core/aes_isa_ext.v:337$145.t2[7:0]$1116
   340/518: $1\gf_mul11$func$../rtl/core/aes_isa_ext.v:337$145.b[7:0]$1115
   341/518: $1\gf_mul11$func$../rtl/core/aes_isa_ext.v:337$145.$result[7:0]$1114
   342/518: $1\gf_mul14$func$../rtl/core/aes_isa_ext.v:337$144.t8[7:0]$1113
   343/518: $1\gf_mul14$func$../rtl/core/aes_isa_ext.v:337$144.t4[7:0]$1112
   344/518: $1\gf_mul14$func$../rtl/core/aes_isa_ext.v:337$144.t2[7:0]$1111
   345/518: $1\gf_mul14$func$../rtl/core/aes_isa_ext.v:337$144.b[7:0]$1110
   346/518: $1\gf_mul14$func$../rtl/core/aes_isa_ext.v:337$144.$result[7:0]$1109
   347/518: $1\gf_mul9$func$../rtl/core/aes_isa_ext.v:337$143.t8[7:0]$1108
   348/518: $1\gf_mul9$func$../rtl/core/aes_isa_ext.v:337$143.t4[7:0]$1107
   349/518: $1\gf_mul9$func$../rtl/core/aes_isa_ext.v:337$143.t2[7:0]$1106
   350/518: $1\gf_mul9$func$../rtl/core/aes_isa_ext.v:337$143.b[7:0]$1105
   351/518: $1\gf_mul9$func$../rtl/core/aes_isa_ext.v:337$143.$result[7:0]$1104
   352/518: $1\gf_mul13$func$../rtl/core/aes_isa_ext.v:337$142.t8[7:0]$1103
   353/518: $1\gf_mul13$func$../rtl/core/aes_isa_ext.v:337$142.t4[7:0]$1102
   354/518: $1\gf_mul13$func$../rtl/core/aes_isa_ext.v:337$142.t2[7:0]$1101
   355/518: $1\gf_mul13$func$../rtl/core/aes_isa_ext.v:337$142.b[7:0]$1100
   356/518: $1\gf_mul13$func$../rtl/core/aes_isa_ext.v:337$142.$result[7:0]$1099
   357/518: $1\xtime$func$../rtl/core/aes_isa_ext.v:105$141.b[7:0]$1098
   358/518: $1\xtime$func$../rtl/core/aes_isa_ext.v:105$141.$result[7:0]$1097
   359/518: $1\xtime$func$../rtl/core/aes_isa_ext.v:104$140.b[7:0]$1096
   360/518: $1\xtime$func$../rtl/core/aes_isa_ext.v:104$140.$result[7:0]$1095
   361/518: $1\xtime$func$../rtl/core/aes_isa_ext.v:103$139.b[7:0]$1094
   362/518: $1\xtime$func$../rtl/core/aes_isa_ext.v:103$139.$result[7:0]$1093
   363/518: $1\xtime$func$../rtl/core/aes_isa_ext.v:93$138.b[7:0]$1092
   364/518: $1\xtime$func$../rtl/core/aes_isa_ext.v:93$138.$result[7:0]$1091
   365/518: $1\xtime$func$../rtl/core/aes_isa_ext.v:92$137.b[7:0]$1090
   366/518: $1\xtime$func$../rtl/core/aes_isa_ext.v:92$137.$result[7:0]$1089
   367/518: $1\xtime$func$../rtl/core/aes_isa_ext.v:91$136.b[7:0]$1088
   368/518: $1\xtime$func$../rtl/core/aes_isa_ext.v:91$136.$result[7:0]$1087
   369/518: $1\xtime$func$../rtl/core/aes_isa_ext.v:117$135.b[7:0]$1086
   370/518: $1\xtime$func$../rtl/core/aes_isa_ext.v:117$135.$result[7:0]$1085
   371/518: $1\xtime$func$../rtl/core/aes_isa_ext.v:116$134.b[7:0]$1084
   372/518: $1\xtime$func$../rtl/core/aes_isa_ext.v:116$134.$result[7:0]$1083
   373/518: $1\xtime$func$../rtl/core/aes_isa_ext.v:115$133.b[7:0]$1082
   374/518: $1\xtime$func$../rtl/core/aes_isa_ext.v:115$133.$result[7:0]$1081
   375/518: $1\xtime$func$../rtl/core/aes_isa_ext.v:81$132.b[7:0]$1080
   376/518: $1\xtime$func$../rtl/core/aes_isa_ext.v:81$132.$result[7:0]$1079
   377/518: $1\xtime$func$../rtl/core/aes_isa_ext.v:80$131.b[7:0]$1078
   378/518: $1\xtime$func$../rtl/core/aes_isa_ext.v:80$131.$result[7:0]$1077
   379/518: $1\xtime$func$../rtl/core/aes_isa_ext.v:79$130.b[7:0]$1076
   380/518: $1\xtime$func$../rtl/core/aes_isa_ext.v:79$130.$result[7:0]$1075
   381/518: $1\gf_mul13$func$../rtl/core/aes_isa_ext.v:336$129.t8[7:0]$1074
   382/518: $1\gf_mul13$func$../rtl/core/aes_isa_ext.v:336$129.t4[7:0]$1073
   383/518: $1\gf_mul13$func$../rtl/core/aes_isa_ext.v:336$129.t2[7:0]$1072
   384/518: $1\gf_mul13$func$../rtl/core/aes_isa_ext.v:336$129.b[7:0]$1071
   385/518: $1\gf_mul13$func$../rtl/core/aes_isa_ext.v:336$129.$result[7:0]$1070
   386/518: $1\gf_mul11$func$../rtl/core/aes_isa_ext.v:336$128.t8[7:0]$1069
   387/518: $1\gf_mul11$func$../rtl/core/aes_isa_ext.v:336$128.t4[7:0]$1068
   388/518: $1\gf_mul11$func$../rtl/core/aes_isa_ext.v:336$128.t2[7:0]$1067
   389/518: $1\gf_mul11$func$../rtl/core/aes_isa_ext.v:336$128.b[7:0]$1066
   390/518: $1\gf_mul11$func$../rtl/core/aes_isa_ext.v:336$128.$result[7:0]$1065
   391/518: $1\gf_mul14$func$../rtl/core/aes_isa_ext.v:336$127.t8[7:0]$1064
   392/518: $1\gf_mul14$func$../rtl/core/aes_isa_ext.v:336$127.t4[7:0]$1063
   393/518: $1\gf_mul14$func$../rtl/core/aes_isa_ext.v:336$127.t2[7:0]$1062
   394/518: $1\gf_mul14$func$../rtl/core/aes_isa_ext.v:336$127.b[7:0]$1061
   395/518: $1\gf_mul14$func$../rtl/core/aes_isa_ext.v:336$127.$result[7:0]$1060
   396/518: $1\gf_mul9$func$../rtl/core/aes_isa_ext.v:336$126.t8[7:0]$1059
   397/518: $1\gf_mul9$func$../rtl/core/aes_isa_ext.v:336$126.t4[7:0]$1058
   398/518: $1\gf_mul9$func$../rtl/core/aes_isa_ext.v:336$126.t2[7:0]$1057
   399/518: $1\gf_mul9$func$../rtl/core/aes_isa_ext.v:336$126.b[7:0]$1056
   400/518: $1\gf_mul9$func$../rtl/core/aes_isa_ext.v:336$126.$result[7:0]$1055
   401/518: $1\xtime$func$../rtl/core/aes_isa_ext.v:81$125.b[7:0]$1054
   402/518: $1\xtime$func$../rtl/core/aes_isa_ext.v:81$125.$result[7:0]$1053
   403/518: $1\xtime$func$../rtl/core/aes_isa_ext.v:80$124.b[7:0]$1052
   404/518: $1\xtime$func$../rtl/core/aes_isa_ext.v:80$124.$result[7:0]$1051
   405/518: $1\xtime$func$../rtl/core/aes_isa_ext.v:79$123.b[7:0]$1050
   406/518: $1\xtime$func$../rtl/core/aes_isa_ext.v:79$123.$result[7:0]$1049
   407/518: $1\xtime$func$../rtl/core/aes_isa_ext.v:105$122.b[7:0]$1048
   408/518: $1\xtime$func$../rtl/core/aes_isa_ext.v:105$122.$result[7:0]$1047
   409/518: $1\xtime$func$../rtl/core/aes_isa_ext.v:104$121.b[7:0]$1046
   410/518: $1\xtime$func$../rtl/core/aes_isa_ext.v:104$121.$result[7:0]$1045
   411/518: $1\xtime$func$../rtl/core/aes_isa_ext.v:103$120.b[7:0]$1044
   412/518: $1\xtime$func$../rtl/core/aes_isa_ext.v:103$120.$result[7:0]$1043
   413/518: $1\xtime$func$../rtl/core/aes_isa_ext.v:93$119.b[7:0]$1042
   414/518: $1\xtime$func$../rtl/core/aes_isa_ext.v:93$119.$result[7:0]$1041
   415/518: $1\xtime$func$../rtl/core/aes_isa_ext.v:92$118.b[7:0]$1040
   416/518: $1\xtime$func$../rtl/core/aes_isa_ext.v:92$118.$result[7:0]$1039
   417/518: $1\xtime$func$../rtl/core/aes_isa_ext.v:91$117.b[7:0]$1038
   418/518: $1\xtime$func$../rtl/core/aes_isa_ext.v:91$117.$result[7:0]$1037
   419/518: $1\xtime$func$../rtl/core/aes_isa_ext.v:117$116.b[7:0]$1036
   420/518: $1\xtime$func$../rtl/core/aes_isa_ext.v:117$116.$result[7:0]$1035
   421/518: $1\xtime$func$../rtl/core/aes_isa_ext.v:116$115.b[7:0]$1034
   422/518: $1\xtime$func$../rtl/core/aes_isa_ext.v:116$115.$result[7:0]$1033
   423/518: $1\xtime$func$../rtl/core/aes_isa_ext.v:115$114.b[7:0]$1032
   424/518: $1\xtime$func$../rtl/core/aes_isa_ext.v:115$114.$result[7:0]$1031
   425/518: $1\gf_mul9$func$../rtl/core/aes_isa_ext.v:335$113.t8[7:0]$1030
   426/518: $1\gf_mul9$func$../rtl/core/aes_isa_ext.v:335$113.t4[7:0]$1029
   427/518: $1\gf_mul9$func$../rtl/core/aes_isa_ext.v:335$113.t2[7:0]$1028
   428/518: $1\gf_mul9$func$../rtl/core/aes_isa_ext.v:335$113.b[7:0]$1027
   429/518: $1\gf_mul9$func$../rtl/core/aes_isa_ext.v:335$113.$result[7:0]$1026
   430/518: $1\gf_mul13$func$../rtl/core/aes_isa_ext.v:335$112.t8[7:0]$1025
   431/518: $1\gf_mul13$func$../rtl/core/aes_isa_ext.v:335$112.t4[7:0]$1024
   432/518: $1\gf_mul13$func$../rtl/core/aes_isa_ext.v:335$112.t2[7:0]$1023
   433/518: $1\gf_mul13$func$../rtl/core/aes_isa_ext.v:335$112.b[7:0]$1022
   434/518: $1\gf_mul13$func$../rtl/core/aes_isa_ext.v:335$112.$result[7:0]$1021
   435/518: $1\gf_mul11$func$../rtl/core/aes_isa_ext.v:335$111.t8[7:0]$1020
   436/518: $1\gf_mul11$func$../rtl/core/aes_isa_ext.v:335$111.t4[7:0]$1019
   437/518: $1\gf_mul11$func$../rtl/core/aes_isa_ext.v:335$111.t2[7:0]$1018
   438/518: $1\gf_mul11$func$../rtl/core/aes_isa_ext.v:335$111.b[7:0]$1017
   439/518: $1\gf_mul11$func$../rtl/core/aes_isa_ext.v:335$111.$result[7:0]$1016
   440/518: $1\gf_mul14$func$../rtl/core/aes_isa_ext.v:335$110.t8[7:0]$1015
   441/518: $1\gf_mul14$func$../rtl/core/aes_isa_ext.v:335$110.t4[7:0]$1014
   442/518: $1\gf_mul14$func$../rtl/core/aes_isa_ext.v:335$110.t2[7:0]$1013
   443/518: $1\gf_mul14$func$../rtl/core/aes_isa_ext.v:335$110.b[7:0]$1012
   444/518: $1\gf_mul14$func$../rtl/core/aes_isa_ext.v:335$110.$result[7:0]$1011
   445/518: $1\mix_col_inv$func$../rtl/core/aes_isa_ext.v:424$109.r3[7:0]$1010
   446/518: $1\mix_col_inv$func$../rtl/core/aes_isa_ext.v:424$109.r2[7:0]$1009
   447/518: $1\mix_col_inv$func$../rtl/core/aes_isa_ext.v:424$109.r1[7:0]$1008
   448/518: $1\mix_col_inv$func$../rtl/core/aes_isa_ext.v:424$109.r0[7:0]$1007
   449/518: $1\mix_col_inv$func$../rtl/core/aes_isa_ext.v:424$109.b3[7:0]$1006
   450/518: $1\mix_col_inv$func$../rtl/core/aes_isa_ext.v:424$109.b2[7:0]$1005
   451/518: $1\mix_col_inv$func$../rtl/core/aes_isa_ext.v:424$109.b1[7:0]$1004
   452/518: $1\mix_col_inv$func$../rtl/core/aes_isa_ext.v:424$109.b0[7:0]$1003
   453/518: $1\mix_col_inv$func$../rtl/core/aes_isa_ext.v:424$109.col[31:0]$1002
   454/518: $1\mix_col_inv$func$../rtl/core/aes_isa_ext.v:424$109.$result[31:0]$1001
   455/518: $1\set_byte$func$../rtl/core/aes_isa_ext.v:419$108.sel[1:0]$1000
   456/518: $1\set_byte$func$../rtl/core/aes_isa_ext.v:419$108.bval[7:0]$999
   457/518: $1\set_byte$func$../rtl/core/aes_isa_ext.v:419$108.base[31:0]$998
   458/518: $1\set_byte$func$../rtl/core/aes_isa_ext.v:419$108.$result[31:0]$997
   459/518: $1\sbox_inv$func$../rtl/core/aes_isa_ext.v:419$107.x[7:0]$996
   460/518: $1\sbox_inv$func$../rtl/core/aes_isa_ext.v:419$107.$result[7:0]$995
   461/518: $1\xtime$func$../rtl/core/aes_isa_ext.v:62$106.b[7:0]$994
   462/518: $1\xtime$func$../rtl/core/aes_isa_ext.v:62$106.$result[7:0]$993
   463/518: $1\xtime$func$../rtl/core/aes_isa_ext.v:70$105.b[7:0]$992
   464/518: $1\xtime$func$../rtl/core/aes_isa_ext.v:70$105.$result[7:0]$991
   465/518: $1\gf_mul2$func$../rtl/core/aes_isa_ext.v:316$104.b[7:0]$990
   466/518: $1\gf_mul2$func$../rtl/core/aes_isa_ext.v:316$104.$result[7:0]$989
   467/518: $1\gf_mul3$func$../rtl/core/aes_isa_ext.v:316$103.b[7:0]$988
   468/518: $1\gf_mul3$func$../rtl/core/aes_isa_ext.v:316$103.$result[7:0]$987
   469/518: $1\xtime$func$../rtl/core/aes_isa_ext.v:70$102.b[7:0]$986
   470/518: $1\xtime$func$../rtl/core/aes_isa_ext.v:70$102.$result[7:0]$985
   471/518: $1\xtime$func$../rtl/core/aes_isa_ext.v:62$101.b[7:0]$984
   472/518: $1\xtime$func$../rtl/core/aes_isa_ext.v:62$101.$result[7:0]$983
   473/518: $1\gf_mul3$func$../rtl/core/aes_isa_ext.v:315$100.b[7:0]$982
   474/518: $1\gf_mul3$func$../rtl/core/aes_isa_ext.v:315$100.$result[7:0]$981
   475/518: $1\gf_mul2$func$../rtl/core/aes_isa_ext.v:315$99.b[7:0]$980
   476/518: $1\gf_mul2$func$../rtl/core/aes_isa_ext.v:315$99.$result[7:0]$979
   477/518: $1\xtime$func$../rtl/core/aes_isa_ext.v:70$98.b[7:0]$978
   478/518: $1\xtime$func$../rtl/core/aes_isa_ext.v:70$98.$result[7:0]$977
   479/518: $1\xtime$func$../rtl/core/aes_isa_ext.v:62$97.b[7:0]$976
   480/518: $1\xtime$func$../rtl/core/aes_isa_ext.v:62$97.$result[7:0]$975
   481/518: $1\gf_mul3$func$../rtl/core/aes_isa_ext.v:314$96.b[7:0]$974
   482/518: $1\gf_mul3$func$../rtl/core/aes_isa_ext.v:314$96.$result[7:0]$973
   483/518: $1\gf_mul2$func$../rtl/core/aes_isa_ext.v:314$95.b[7:0]$972
   484/518: $1\gf_mul2$func$../rtl/core/aes_isa_ext.v:314$95.$result[7:0]$971
   485/518: $1\xtime$func$../rtl/core/aes_isa_ext.v:70$94.b[7:0]$970
   486/518: $1\xtime$func$../rtl/core/aes_isa_ext.v:70$94.$result[7:0]$969
   487/518: $1\xtime$func$../rtl/core/aes_isa_ext.v:62$93.b[7:0]$968
   488/518: $1\xtime$func$../rtl/core/aes_isa_ext.v:62$93.$result[7:0]$967
   489/518: $1\gf_mul3$func$../rtl/core/aes_isa_ext.v:313$92.b[7:0]$966
   490/518: $1\gf_mul3$func$../rtl/core/aes_isa_ext.v:313$92.$result[7:0]$965
   491/518: $1\gf_mul2$func$../rtl/core/aes_isa_ext.v:313$91.b[7:0]$964
   492/518: $1\gf_mul2$func$../rtl/core/aes_isa_ext.v:313$91.$result[7:0]$963
   493/518: $1\mix_col_fwd$func$../rtl/core/aes_isa_ext.v:408$90.r3[7:0]$962
   494/518: $1\mix_col_fwd$func$../rtl/core/aes_isa_ext.v:408$90.r2[7:0]$961
   495/518: $1\mix_col_fwd$func$../rtl/core/aes_isa_ext.v:408$90.r1[7:0]$960
   496/518: $1\mix_col_fwd$func$../rtl/core/aes_isa_ext.v:408$90.r0[7:0]$959
   497/518: $1\mix_col_fwd$func$../rtl/core/aes_isa_ext.v:408$90.b3[7:0]$958
   498/518: $1\mix_col_fwd$func$../rtl/core/aes_isa_ext.v:408$90.b2[7:0]$957
   499/518: $1\mix_col_fwd$func$../rtl/core/aes_isa_ext.v:408$90.b1[7:0]$956
   500/518: $1\mix_col_fwd$func$../rtl/core/aes_isa_ext.v:408$90.b0[7:0]$955
   501/518: $1\mix_col_fwd$func$../rtl/core/aes_isa_ext.v:408$90.col[31:0]$954
   502/518: $1\mix_col_fwd$func$../rtl/core/aes_isa_ext.v:408$90.$result[31:0]$953
   503/518: $1\set_byte$func$../rtl/core/aes_isa_ext.v:407$89.sel[1:0]$952
   504/518: $1\set_byte$func$../rtl/core/aes_isa_ext.v:407$89.bval[7:0]$951
   505/518: $1\set_byte$func$../rtl/core/aes_isa_ext.v:407$89.base[31:0]$950
   506/518: $1\set_byte$func$../rtl/core/aes_isa_ext.v:407$89.$result[31:0]$949
   507/518: $1\sbox_fwd$func$../rtl/core/aes_isa_ext.v:407$88.x[7:0]$948
   508/518: $1\sbox_fwd$func$../rtl/core/aes_isa_ext.v:407$88.$result[7:0]$947
   509/518: $1$unnamed_block$1.tmp[31:0]$946
   510/518: $1\set_byte$func$../rtl/core/aes_isa_ext.v:398$87.sel[1:0]$945
   511/518: $1\set_byte$func$../rtl/core/aes_isa_ext.v:398$87.bval[7:0]$944
   512/518: $1\set_byte$func$../rtl/core/aes_isa_ext.v:398$87.base[31:0]$943
   513/518: $1\set_byte$func$../rtl/core/aes_isa_ext.v:398$87.$result[31:0]$942
   514/518: $1\sbox_fwd$func$../rtl/core/aes_isa_ext.v:398$86.x[7:0]$941
   515/518: $1\sbox_fwd$func$../rtl/core/aes_isa_ext.v:398$86.$result[7:0]$940
   516/518: $1\custom_rd[31:0]
   517/518: $1\sbox_fwd$func$../rtl/core/aes_isa_ext.v:388$3.$result[7:0]$659
   518/518: $1\get_byte$func$../rtl/core/aes_isa_ext.v:387$2.$result[7:0]$658

3.2.8. Executing PROC_DLATCH pass (convert process syncs to latches).
No latch inferred for signal `\aes_isa_ext.\custom_rd' from process `\aes_isa_ext.$proc$../rtl/core/aes_isa_ext.v:383$175'.
No latch inferred for signal `\aes_isa_ext.\src_byte' from process `\aes_isa_ext.$proc$../rtl/core/aes_isa_ext.v:383$175'.
No latch inferred for signal `\aes_isa_ext.\sub_byte' from process `\aes_isa_ext.$proc$../rtl/core/aes_isa_ext.v:383$175'.
No latch inferred for signal `\aes_isa_ext.\mix_word' from process `\aes_isa_ext.$proc$../rtl/core/aes_isa_ext.v:383$175'.
No latch inferred for signal `\aes_isa_ext.\mix_inv_word' from process `\aes_isa_ext.$proc$../rtl/core/aes_isa_ext.v:383$175'.
No latch inferred for signal `\aes_isa_ext.\get_byte$func$../rtl/core/aes_isa_ext.v:387$2.$result' from process `\aes_isa_ext.$proc$../rtl/core/aes_isa_ext.v:383$175'.
No latch inferred for signal `\aes_isa_ext.\get_byte$func$../rtl/core/aes_isa_ext.v:387$2.word' from process `\aes_isa_ext.$proc$../rtl/core/aes_isa_ext.v:383$175'.
No latch inferred for signal `\aes_isa_ext.\get_byte$func$../rtl/core/aes_isa_ext.v:387$2.sel' from process `\aes_isa_ext.$proc$../rtl/core/aes_isa_ext.v:383$175'.
No latch inferred for signal `\aes_isa_ext.\sbox_fwd$func$../rtl/core/aes_isa_ext.v:388$3.$result' from process `\aes_isa_ext.$proc$../rtl/core/aes_isa_ext.v:383$175'.
No latch inferred for signal `\aes_isa_ext.\sbox_fwd$func$../rtl/core/aes_isa_ext.v:388$3.x' from process `\aes_isa_ext.$proc$../rtl/core/aes_isa_ext.v:383$175'.
No latch inferred for signal `\aes_isa_ext.\mix_col_fwd$func$../rtl/core/aes_isa_ext.v:391$4.$result' from process `\aes_isa_ext.$proc$../rtl/core/aes_isa_ext.v:383$175'.
No latch inferred for signal `\aes_isa_ext.\mix_col_fwd$func$../rtl/core/aes_isa_ext.v:391$4.col' from process `\aes_isa_ext.$proc$../rtl/core/aes_isa_ext.v:383$175'.
No latch inferred for signal `\aes_isa_ext.\mix_col_fwd$func$../rtl/core/aes_isa_ext.v:391$4.b0' from process `\aes_isa_ext.$proc$../rtl/core/aes_isa_ext.v:383$175'.
No latch inferred for signal `\aes_isa_ext.\mix_col_fwd$func$../rtl/core/aes_isa_ext.v:391$4.b1' from process `\aes_isa_ext.$proc$../rtl/core/aes_isa_ext.v:383$175'.
No latch inferred for signal `\aes_isa_ext.\mix_col_fwd$func$../rtl/core/aes_isa_ext.v:391$4.b2' from process `\aes_isa_ext.$proc$../rtl/core/aes_isa_ext.v:383$175'.
No latch inferred for signal `\aes_isa_ext.\mix_col_fwd$func$../rtl/core/aes_isa_ext.v:391$4.b3' from process `\aes_isa_ext.$proc$../rtl/core/aes_isa_ext.v:383$175'.
No latch inferred for signal `\aes_isa_ext.\mix_col_fwd$func$../rtl/core/aes_isa_ext.v:391$4.r0' from process `\aes_isa_ext.$proc$../rtl/core/aes_isa_ext.v:383$175'.
No latch inferred for signal `\aes_isa_ext.\mix_col_fwd$func$../rtl/core/aes_isa_ext.v:391$4.r1' from process `\aes_isa_ext.$proc$../rtl/core/aes_isa_ext.v:383$175'.
No latch inferred for signal `\aes_isa_ext.\mix_col_fwd$func$../rtl/core/aes_isa_ext.v:391$4.r2' from process `\aes_isa_ext.$proc$../rtl/core/aes_isa_ext.v:383$175'.
No latch inferred for signal `\aes_isa_ext.\mix_col_fwd$func$../rtl/core/aes_isa_ext.v:391$4.r3' from process `\aes_isa_ext.$proc$../rtl/core/aes_isa_ext.v:383$175'.
No latch inferred for signal `\aes_isa_ext.\gf_mul2$func$../rtl/core/aes_isa_ext.v:313$5.$result' from process `\aes_isa_ext.$proc$../rtl/core/aes_isa_ext.v:383$175'.
No latch inferred for signal `\aes_isa_ext.\gf_mul2$func$../rtl/core/aes_isa_ext.v:313$5.b' from process `\aes_isa_ext.$proc$../rtl/core/aes_isa_ext.v:383$175'.
No latch inferred for signal `\aes_isa_ext.\gf_mul3$func$../rtl/core/aes_isa_ext.v:313$6.$result' from process `\aes_isa_ext.$proc$../rtl/core/aes_isa_ext.v:383$175'.
No latch inferred for signal `\aes_isa_ext.\gf_mul3$func$../rtl/core/aes_isa_ext.v:313$6.b' from process `\aes_isa_ext.$proc$../rtl/core/aes_isa_ext.v:383$175'.
No latch inferred for signal `\aes_isa_ext.\xtime$func$../rtl/core/aes_isa_ext.v:62$7.$result' from process `\aes_isa_ext.$proc$../rtl/core/aes_isa_ext.v:383$175'.
No latch inferred for signal `\aes_isa_ext.\xtime$func$../rtl/core/aes_isa_ext.v:62$7.b' from process `\aes_isa_ext.$proc$../rtl/core/aes_isa_ext.v:383$175'.
No latch inferred for signal `\aes_isa_ext.\xtime$func$../rtl/core/aes_isa_ext.v:70$8.$result' from process `\aes_isa_ext.$proc$../rtl/core/aes_isa_ext.v:383$175'.
No latch inferred for signal `\aes_isa_ext.\xtime$func$../rtl/core/aes_isa_ext.v:70$8.b' from process `\aes_isa_ext.$proc$../rtl/core/aes_isa_ext.v:383$175'.
No latch inferred for signal `\aes_isa_ext.\gf_mul2$func$../rtl/core/aes_isa_ext.v:314$9.$result' from process `\aes_isa_ext.$proc$../rtl/core/aes_isa_ext.v:383$175'.
No latch inferred for signal `\aes_isa_ext.\gf_mul2$func$../rtl/core/aes_isa_ext.v:314$9.b' from process `\aes_isa_ext.$proc$../rtl/core/aes_isa_ext.v:383$175'.
No latch inferred for signal `\aes_isa_ext.\gf_mul3$func$../rtl/core/aes_isa_ext.v:314$10.$result' from process `\aes_isa_ext.$proc$../rtl/core/aes_isa_ext.v:383$175'.
No latch inferred for signal `\aes_isa_ext.\gf_mul3$func$../rtl/core/aes_isa_ext.v:314$10.b' from process `\aes_isa_ext.$proc$../rtl/core/aes_isa_ext.v:383$175'.
No latch inferred for signal `\aes_isa_ext.\xtime$func$../rtl/core/aes_isa_ext.v:62$11.$result' from process `\aes_isa_ext.$proc$../rtl/core/aes_isa_ext.v:383$175'.
No latch inferred for signal `\aes_isa_ext.\xtime$func$../rtl/core/aes_isa_ext.v:62$11.b' from process `\aes_isa_ext.$proc$../rtl/core/aes_isa_ext.v:383$175'.
No latch inferred for signal `\aes_isa_ext.\xtime$func$../rtl/core/aes_isa_ext.v:70$12.$result' from process `\aes_isa_ext.$proc$../rtl/core/aes_isa_ext.v:383$175'.
No latch inferred for signal `\aes_isa_ext.\xtime$func$../rtl/core/aes_isa_ext.v:70$12.b' from process `\aes_isa_ext.$proc$../rtl/core/aes_isa_ext.v:383$175'.
No latch inferred for signal `\aes_isa_ext.\gf_mul2$func$../rtl/core/aes_isa_ext.v:315$13.$result' from process `\aes_isa_ext.$proc$../rtl/core/aes_isa_ext.v:383$175'.
No latch inferred for signal `\aes_isa_ext.\gf_mul2$func$../rtl/core/aes_isa_ext.v:315$13.b' from process `\aes_isa_ext.$proc$../rtl/core/aes_isa_ext.v:383$175'.
No latch inferred for signal `\aes_isa_ext.\gf_mul3$func$../rtl/core/aes_isa_ext.v:315$14.$result' from process `\aes_isa_ext.$proc$../rtl/core/aes_isa_ext.v:383$175'.
No latch inferred for signal `\aes_isa_ext.\gf_mul3$func$../rtl/core/aes_isa_ext.v:315$14.b' from process `\aes_isa_ext.$proc$../rtl/core/aes_isa_ext.v:383$175'.
No latch inferred for signal `\aes_isa_ext.\xtime$func$../rtl/core/aes_isa_ext.v:62$15.$result' from process `\aes_isa_ext.$proc$../rtl/core/aes_isa_ext.v:383$175'.
No latch inferred for signal `\aes_isa_ext.\xtime$func$../rtl/core/aes_isa_ext.v:62$15.b' from process `\aes_isa_ext.$proc$../rtl/core/aes_isa_ext.v:383$175'.
No latch inferred for signal `\aes_isa_ext.\xtime$func$../rtl/core/aes_isa_ext.v:70$16.$result' from process `\aes_isa_ext.$proc$../rtl/core/aes_isa_ext.v:383$175'.
No latch inferred for signal `\aes_isa_ext.\xtime$func$../rtl/core/aes_isa_ext.v:70$16.b' from process `\aes_isa_ext.$proc$../rtl/core/aes_isa_ext.v:383$175'.
No latch inferred for signal `\aes_isa_ext.\gf_mul3$func$../rtl/core/aes_isa_ext.v:316$17.$result' from process `\aes_isa_ext.$proc$../rtl/core/aes_isa_ext.v:383$175'.
No latch inferred for signal `\aes_isa_ext.\gf_mul3$func$../rtl/core/aes_isa_ext.v:316$17.b' from process `\aes_isa_ext.$proc$../rtl/core/aes_isa_ext.v:383$175'.
No latch inferred for signal `\aes_isa_ext.\gf_mul2$func$../rtl/core/aes_isa_ext.v:316$18.$result' from process `\aes_isa_ext.$proc$../rtl/core/aes_isa_ext.v:383$175'.
No latch inferred for signal `\aes_isa_ext.\gf_mul2$func$../rtl/core/aes_isa_ext.v:316$18.b' from process `\aes_isa_ext.$proc$../rtl/core/aes_isa_ext.v:383$175'.
No latch inferred for signal `\aes_isa_ext.\xtime$func$../rtl/core/aes_isa_ext.v:70$19.$result' from process `\aes_isa_ext.$proc$../rtl/core/aes_isa_ext.v:383$175'.
No latch inferred for signal `\aes_isa_ext.\xtime$func$../rtl/core/aes_isa_ext.v:70$19.b' from process `\aes_isa_ext.$proc$../rtl/core/aes_isa_ext.v:383$175'.
No latch inferred for signal `\aes_isa_ext.\xtime$func$../rtl/core/aes_isa_ext.v:62$20.$result' from process `\aes_isa_ext.$proc$../rtl/core/aes_isa_ext.v:383$175'.
No latch inferred for signal `\aes_isa_ext.\xtime$func$../rtl/core/aes_isa_ext.v:62$20.b' from process `\aes_isa_ext.$proc$../rtl/core/aes_isa_ext.v:383$175'.
No latch inferred for signal `\aes_isa_ext.\mix_col_inv$func$../rtl/core/aes_isa_ext.v:392$21.$result' from process `\aes_isa_ext.$proc$../rtl/core/aes_isa_ext.v:383$175'.
No latch inferred for signal `\aes_isa_ext.\mix_col_inv$func$../rtl/core/aes_isa_ext.v:392$21.col' from process `\aes_isa_ext.$proc$../rtl/core/aes_isa_ext.v:383$175'.
No latch inferred for signal `\aes_isa_ext.\mix_col_inv$func$../rtl/core/aes_isa_ext.v:392$21.b0' from process `\aes_isa_ext.$proc$../rtl/core/aes_isa_ext.v:383$175'.
No latch inferred for signal `\aes_isa_ext.\mix_col_inv$func$../rtl/core/aes_isa_ext.v:392$21.b1' from process `\aes_isa_ext.$proc$../rtl/core/aes_isa_ext.v:383$175'.
No latch inferred for signal `\aes_isa_ext.\mix_col_inv$func$../rtl/core/aes_isa_ext.v:392$21.b2' from process `\aes_isa_ext.$proc$../rtl/core/aes_isa_ext.v:383$175'.
No latch inferred for signal `\aes_isa_ext.\mix_col_inv$func$../rtl/core/aes_isa_ext.v:392$21.b3' from process `\aes_isa_ext.$proc$../rtl/core/aes_isa_ext.v:383$175'.
No latch inferred for signal `\aes_isa_ext.\mix_col_inv$func$../rtl/core/aes_isa_ext.v:392$21.r0' from process `\aes_isa_ext.$proc$../rtl/core/aes_isa_ext.v:383$175'.
No latch inferred for signal `\aes_isa_ext.\mix_col_inv$func$../rtl/core/aes_isa_ext.v:392$21.r1' from process `\aes_isa_ext.$proc$../rtl/core/aes_isa_ext.v:383$175'.
No latch inferred for signal `\aes_isa_ext.\mix_col_inv$func$../rtl/core/aes_isa_ext.v:392$21.r2' from process `\aes_isa_ext.$proc$../rtl/core/aes_isa_ext.v:383$175'.
No latch inferred for signal `\aes_isa_ext.\mix_col_inv$func$../rtl/core/aes_isa_ext.v:392$21.r3' from process `\aes_isa_ext.$proc$../rtl/core/aes_isa_ext.v:383$175'.
No latch inferred for signal `\aes_isa_ext.\gf_mul14$func$../rtl/core/aes_isa_ext.v:335$22.$result' from process `\aes_isa_ext.$proc$../rtl/core/aes_isa_ext.v:383$175'.
No latch inferred for signal `\aes_isa_ext.\gf_mul14$func$../rtl/core/aes_isa_ext.v:335$22.b' from process `\aes_isa_ext.$proc$../rtl/core/aes_isa_ext.v:383$175'.
No latch inferred for signal `\aes_isa_ext.\gf_mul14$func$../rtl/core/aes_isa_ext.v:335$22.t2' from process `\aes_isa_ext.$proc$../rtl/core/aes_isa_ext.v:383$175'.
No latch inferred for signal `\aes_isa_ext.\gf_mul14$func$../rtl/core/aes_isa_ext.v:335$22.t4' from process `\aes_isa_ext.$proc$../rtl/core/aes_isa_ext.v:383$175'.
No latch inferred for signal `\aes_isa_ext.\gf_mul14$func$../rtl/core/aes_isa_ext.v:335$22.t8' from process `\aes_isa_ext.$proc$../rtl/core/aes_isa_ext.v:383$175'.
No latch inferred for signal `\aes_isa_ext.\gf_mul11$func$../rtl/core/aes_isa_ext.v:335$23.$result' from process `\aes_isa_ext.$proc$../rtl/core/aes_isa_ext.v:383$175'.
No latch inferred for signal `\aes_isa_ext.\gf_mul11$func$../rtl/core/aes_isa_ext.v:335$23.b' from process `\aes_isa_ext.$proc$../rtl/core/aes_isa_ext.v:383$175'.
No latch inferred for signal `\aes_isa_ext.\gf_mul11$func$../rtl/core/aes_isa_ext.v:335$23.t2' from process `\aes_isa_ext.$proc$../rtl/core/aes_isa_ext.v:383$175'.
No latch inferred for signal `\aes_isa_ext.\gf_mul11$func$../rtl/core/aes_isa_ext.v:335$23.t4' from process `\aes_isa_ext.$proc$../rtl/core/aes_isa_ext.v:383$175'.
No latch inferred for signal `\aes_isa_ext.\gf_mul11$func$../rtl/core/aes_isa_ext.v:335$23.t8' from process `\aes_isa_ext.$proc$../rtl/core/aes_isa_ext.v:383$175'.
No latch inferred for signal `\aes_isa_ext.\gf_mul13$func$../rtl/core/aes_isa_ext.v:335$24.$result' from process `\aes_isa_ext.$proc$../rtl/core/aes_isa_ext.v:383$175'.
No latch inferred for signal `\aes_isa_ext.\gf_mul13$func$../rtl/core/aes_isa_ext.v:335$24.b' from process `\aes_isa_ext.$proc$../rtl/core/aes_isa_ext.v:383$175'.
No latch inferred for signal `\aes_isa_ext.\gf_mul13$func$../rtl/core/aes_isa_ext.v:335$24.t2' from process `\aes_isa_ext.$proc$../rtl/core/aes_isa_ext.v:383$175'.
No latch inferred for signal `\aes_isa_ext.\gf_mul13$func$../rtl/core/aes_isa_ext.v:335$24.t4' from process `\aes_isa_ext.$proc$../rtl/core/aes_isa_ext.v:383$175'.
No latch inferred for signal `\aes_isa_ext.\gf_mul13$func$../rtl/core/aes_isa_ext.v:335$24.t8' from process `\aes_isa_ext.$proc$../rtl/core/aes_isa_ext.v:383$175'.
No latch inferred for signal `\aes_isa_ext.\gf_mul9$func$../rtl/core/aes_isa_ext.v:335$25.$result' from process `\aes_isa_ext.$proc$../rtl/core/aes_isa_ext.v:383$175'.
No latch inferred for signal `\aes_isa_ext.\gf_mul9$func$../rtl/core/aes_isa_ext.v:335$25.b' from process `\aes_isa_ext.$proc$../rtl/core/aes_isa_ext.v:383$175'.
No latch inferred for signal `\aes_isa_ext.\gf_mul9$func$../rtl/core/aes_isa_ext.v:335$25.t2' from process `\aes_isa_ext.$proc$../rtl/core/aes_isa_ext.v:383$175'.
No latch inferred for signal `\aes_isa_ext.\gf_mul9$func$../rtl/core/aes_isa_ext.v:335$25.t4' from process `\aes_isa_ext.$proc$../rtl/core/aes_isa_ext.v:383$175'.
No latch inferred for signal `\aes_isa_ext.\gf_mul9$func$../rtl/core/aes_isa_ext.v:335$25.t8' from process `\aes_isa_ext.$proc$../rtl/core/aes_isa_ext.v:383$175'.
No latch inferred for signal `\aes_isa_ext.\xtime$func$../rtl/core/aes_isa_ext.v:115$26.$result' from process `\aes_isa_ext.$proc$../rtl/core/aes_isa_ext.v:383$175'.
No latch inferred for signal `\aes_isa_ext.\xtime$func$../rtl/core/aes_isa_ext.v:115$26.b' from process `\aes_isa_ext.$proc$../rtl/core/aes_isa_ext.v:383$175'.
No latch inferred for signal `\aes_isa_ext.\xtime$func$../rtl/core/aes_isa_ext.v:116$27.$result' from process `\aes_isa_ext.$proc$../rtl/core/aes_isa_ext.v:383$175'.
No latch inferred for signal `\aes_isa_ext.\xtime$func$../rtl/core/aes_isa_ext.v:116$27.b' from process `\aes_isa_ext.$proc$../rtl/core/aes_isa_ext.v:383$175'.
No latch inferred for signal `\aes_isa_ext.\xtime$func$../rtl/core/aes_isa_ext.v:117$28.$result' from process `\aes_isa_ext.$proc$../rtl/core/aes_isa_ext.v:383$175'.
No latch inferred for signal `\aes_isa_ext.\xtime$func$../rtl/core/aes_isa_ext.v:117$28.b' from process `\aes_isa_ext.$proc$../rtl/core/aes_isa_ext.v:383$175'.
No latch inferred for signal `\aes_isa_ext.\xtime$func$../rtl/core/aes_isa_ext.v:91$29.$result' from process `\aes_isa_ext.$proc$../rtl/core/aes_isa_ext.v:383$175'.
No latch inferred for signal `\aes_isa_ext.\xtime$func$../rtl/core/aes_isa_ext.v:91$29.b' from process `\aes_isa_ext.$proc$../rtl/core/aes_isa_ext.v:383$175'.
No latch inferred for signal `\aes_isa_ext.\xtime$func$../rtl/core/aes_isa_ext.v:92$30.$result' from process `\aes_isa_ext.$proc$../rtl/core/aes_isa_ext.v:383$175'.
No latch inferred for signal `\aes_isa_ext.\xtime$func$../rtl/core/aes_isa_ext.v:92$30.b' from process `\aes_isa_ext.$proc$../rtl/core/aes_isa_ext.v:383$175'.
No latch inferred for signal `\aes_isa_ext.\xtime$func$../rtl/core/aes_isa_ext.v:93$31.$result' from process `\aes_isa_ext.$proc$../rtl/core/aes_isa_ext.v:383$175'.
No latch inferred for signal `\aes_isa_ext.\xtime$func$../rtl/core/aes_isa_ext.v:93$31.b' from process `\aes_isa_ext.$proc$../rtl/core/aes_isa_ext.v:383$175'.
No latch inferred for signal `\aes_isa_ext.\xtime$func$../rtl/core/aes_isa_ext.v:103$32.$result' from process `\aes_isa_ext.$proc$../rtl/core/aes_isa_ext.v:383$175'.
No latch inferred for signal `\aes_isa_ext.\xtime$func$../rtl/core/aes_isa_ext.v:103$32.b' from process `\aes_isa_ext.$proc$../rtl/core/aes_isa_ext.v:383$175'.
No latch inferred for signal `\aes_isa_ext.\xtime$func$../rtl/core/aes_isa_ext.v:104$33.$result' from process `\aes_isa_ext.$proc$../rtl/core/aes_isa_ext.v:383$175'.
No latch inferred for signal `\aes_isa_ext.\xtime$func$../rtl/core/aes_isa_ext.v:104$33.b' from process `\aes_isa_ext.$proc$../rtl/core/aes_isa_ext.v:383$175'.
No latch inferred for signal `\aes_isa_ext.\xtime$func$../rtl/core/aes_isa_ext.v:105$34.$result' from process `\aes_isa_ext.$proc$../rtl/core/aes_isa_ext.v:383$175'.
No latch inferred for signal `\aes_isa_ext.\xtime$func$../rtl/core/aes_isa_ext.v:105$34.b' from process `\aes_isa_ext.$proc$../rtl/core/aes_isa_ext.v:383$175'.
No latch inferred for signal `\aes_isa_ext.\xtime$func$../rtl/core/aes_isa_ext.v:79$35.$result' from process `\aes_isa_ext.$proc$../rtl/core/aes_isa_ext.v:383$175'.
No latch inferred for signal `\aes_isa_ext.\xtime$func$../rtl/core/aes_isa_ext.v:79$35.b' from process `\aes_isa_ext.$proc$../rtl/core/aes_isa_ext.v:383$175'.
No latch inferred for signal `\aes_isa_ext.\xtime$func$../rtl/core/aes_isa_ext.v:80$36.$result' from process `\aes_isa_ext.$proc$../rtl/core/aes_isa_ext.v:383$175'.
No latch inferred for signal `\aes_isa_ext.\xtime$func$../rtl/core/aes_isa_ext.v:80$36.b' from process `\aes_isa_ext.$proc$../rtl/core/aes_isa_ext.v:383$175'.
No latch inferred for signal `\aes_isa_ext.\xtime$func$../rtl/core/aes_isa_ext.v:81$37.$result' from process `\aes_isa_ext.$proc$../rtl/core/aes_isa_ext.v:383$175'.
No latch inferred for signal `\aes_isa_ext.\xtime$func$../rtl/core/aes_isa_ext.v:81$37.b' from process `\aes_isa_ext.$proc$../rtl/core/aes_isa_ext.v:383$175'.
No latch inferred for signal `\aes_isa_ext.\gf_mul9$func$../rtl/core/aes_isa_ext.v:336$38.$result' from process `\aes_isa_ext.$proc$../rtl/core/aes_isa_ext.v:383$175'.
No latch inferred for signal `\aes_isa_ext.\gf_mul9$func$../rtl/core/aes_isa_ext.v:336$38.b' from process `\aes_isa_ext.$proc$../rtl/core/aes_isa_ext.v:383$175'.
No latch inferred for signal `\aes_isa_ext.\gf_mul9$func$../rtl/core/aes_isa_ext.v:336$38.t2' from process `\aes_isa_ext.$proc$../rtl/core/aes_isa_ext.v:383$175'.
No latch inferred for signal `\aes_isa_ext.\gf_mul9$func$../rtl/core/aes_isa_ext.v:336$38.t4' from process `\aes_isa_ext.$proc$../rtl/core/aes_isa_ext.v:383$175'.
No latch inferred for signal `\aes_isa_ext.\gf_mul9$func$../rtl/core/aes_isa_ext.v:336$38.t8' from process `\aes_isa_ext.$proc$../rtl/core/aes_isa_ext.v:383$175'.
No latch inferred for signal `\aes_isa_ext.\gf_mul14$func$../rtl/core/aes_isa_ext.v:336$39.$result' from process `\aes_isa_ext.$proc$../rtl/core/aes_isa_ext.v:383$175'.
No latch inferred for signal `\aes_isa_ext.\gf_mul14$func$../rtl/core/aes_isa_ext.v:336$39.b' from process `\aes_isa_ext.$proc$../rtl/core/aes_isa_ext.v:383$175'.
No latch inferred for signal `\aes_isa_ext.\gf_mul14$func$../rtl/core/aes_isa_ext.v:336$39.t2' from process `\aes_isa_ext.$proc$../rtl/core/aes_isa_ext.v:383$175'.
No latch inferred for signal `\aes_isa_ext.\gf_mul14$func$../rtl/core/aes_isa_ext.v:336$39.t4' from process `\aes_isa_ext.$proc$../rtl/core/aes_isa_ext.v:383$175'.
No latch inferred for signal `\aes_isa_ext.\gf_mul14$func$../rtl/core/aes_isa_ext.v:336$39.t8' from process `\aes_isa_ext.$proc$../rtl/core/aes_isa_ext.v:383$175'.
No latch inferred for signal `\aes_isa_ext.\gf_mul11$func$../rtl/core/aes_isa_ext.v:336$40.$result' from process `\aes_isa_ext.$proc$../rtl/core/aes_isa_ext.v:383$175'.
No latch inferred for signal `\aes_isa_ext.\gf_mul11$func$../rtl/core/aes_isa_ext.v:336$40.b' from process `\aes_isa_ext.$proc$../rtl/core/aes_isa_ext.v:383$175'.
No latch inferred for signal `\aes_isa_ext.\gf_mul11$func$../rtl/core/aes_isa_ext.v:336$40.t2' from process `\aes_isa_ext.$proc$../rtl/core/aes_isa_ext.v:383$175'.
No latch inferred for signal `\aes_isa_ext.\gf_mul11$func$../rtl/core/aes_isa_ext.v:336$40.t4' from process `\aes_isa_ext.$proc$../rtl/core/aes_isa_ext.v:383$175'.
No latch inferred for signal `\aes_isa_ext.\gf_mul11$func$../rtl/core/aes_isa_ext.v:336$40.t8' from process `\aes_isa_ext.$proc$../rtl/core/aes_isa_ext.v:383$175'.
No latch inferred for signal `\aes_isa_ext.\gf_mul13$func$../rtl/core/aes_isa_ext.v:336$41.$result' from process `\aes_isa_ext.$proc$../rtl/core/aes_isa_ext.v:383$175'.
No latch inferred for signal `\aes_isa_ext.\gf_mul13$func$../rtl/core/aes_isa_ext.v:336$41.b' from process `\aes_isa_ext.$proc$../rtl/core/aes_isa_ext.v:383$175'.
No latch inferred for signal `\aes_isa_ext.\gf_mul13$func$../rtl/core/aes_isa_ext.v:336$41.t2' from process `\aes_isa_ext.$proc$../rtl/core/aes_isa_ext.v:383$175'.
No latch inferred for signal `\aes_isa_ext.\gf_mul13$func$../rtl/core/aes_isa_ext.v:336$41.t4' from process `\aes_isa_ext.$proc$../rtl/core/aes_isa_ext.v:383$175'.
No latch inferred for signal `\aes_isa_ext.\gf_mul13$func$../rtl/core/aes_isa_ext.v:336$41.t8' from process `\aes_isa_ext.$proc$../rtl/core/aes_isa_ext.v:383$175'.
No latch inferred for signal `\aes_isa_ext.\xtime$func$../rtl/core/aes_isa_ext.v:79$42.$result' from process `\aes_isa_ext.$proc$../rtl/core/aes_isa_ext.v:383$175'.
No latch inferred for signal `\aes_isa_ext.\xtime$func$../rtl/core/aes_isa_ext.v:79$42.b' from process `\aes_isa_ext.$proc$../rtl/core/aes_isa_ext.v:383$175'.
No latch inferred for signal `\aes_isa_ext.\xtime$func$../rtl/core/aes_isa_ext.v:80$43.$result' from process `\aes_isa_ext.$proc$../rtl/core/aes_isa_ext.v:383$175'.
No latch inferred for signal `\aes_isa_ext.\xtime$func$../rtl/core/aes_isa_ext.v:80$43.b' from process `\aes_isa_ext.$proc$../rtl/core/aes_isa_ext.v:383$175'.
No latch inferred for signal `\aes_isa_ext.\xtime$func$../rtl/core/aes_isa_ext.v:81$44.$result' from process `\aes_isa_ext.$proc$../rtl/core/aes_isa_ext.v:383$175'.
No latch inferred for signal `\aes_isa_ext.\xtime$func$../rtl/core/aes_isa_ext.v:81$44.b' from process `\aes_isa_ext.$proc$../rtl/core/aes_isa_ext.v:383$175'.
No latch inferred for signal `\aes_isa_ext.\xtime$func$../rtl/core/aes_isa_ext.v:115$45.$result' from process `\aes_isa_ext.$proc$../rtl/core/aes_isa_ext.v:383$175'.
No latch inferred for signal `\aes_isa_ext.\xtime$func$../rtl/core/aes_isa_ext.v:115$45.b' from process `\aes_isa_ext.$proc$../rtl/core/aes_isa_ext.v:383$175'.
No latch inferred for signal `\aes_isa_ext.\xtime$func$../rtl/core/aes_isa_ext.v:116$46.$result' from process `\aes_isa_ext.$proc$../rtl/core/aes_isa_ext.v:383$175'.
No latch inferred for signal `\aes_isa_ext.\xtime$func$../rtl/core/aes_isa_ext.v:116$46.b' from process `\aes_isa_ext.$proc$../rtl/core/aes_isa_ext.v:383$175'.
No latch inferred for signal `\aes_isa_ext.\xtime$func$../rtl/core/aes_isa_ext.v:117$47.$result' from process `\aes_isa_ext.$proc$../rtl/core/aes_isa_ext.v:383$175'.
No latch inferred for signal `\aes_isa_ext.\xtime$func$../rtl/core/aes_isa_ext.v:117$47.b' from process `\aes_isa_ext.$proc$../rtl/core/aes_isa_ext.v:383$175'.
No latch inferred for signal `\aes_isa_ext.\xtime$func$../rtl/core/aes_isa_ext.v:91$48.$result' from process `\aes_isa_ext.$proc$../rtl/core/aes_isa_ext.v:383$175'.
No latch inferred for signal `\aes_isa_ext.\xtime$func$../rtl/core/aes_isa_ext.v:91$48.b' from process `\aes_isa_ext.$proc$../rtl/core/aes_isa_ext.v:383$175'.
No latch inferred for signal `\aes_isa_ext.\xtime$func$../rtl/core/aes_isa_ext.v:92$49.$result' from process `\aes_isa_ext.$proc$../rtl/core/aes_isa_ext.v:383$175'.
No latch inferred for signal `\aes_isa_ext.\xtime$func$../rtl/core/aes_isa_ext.v:92$49.b' from process `\aes_isa_ext.$proc$../rtl/core/aes_isa_ext.v:383$175'.
No latch inferred for signal `\aes_isa_ext.\xtime$func$../rtl/core/aes_isa_ext.v:93$50.$result' from process `\aes_isa_ext.$proc$../rtl/core/aes_isa_ext.v:383$175'.
No latch inferred for signal `\aes_isa_ext.\xtime$func$../rtl/core/aes_isa_ext.v:93$50.b' from process `\aes_isa_ext.$proc$../rtl/core/aes_isa_ext.v:383$175'.
No latch inferred for signal `\aes_isa_ext.\xtime$func$../rtl/core/aes_isa_ext.v:103$51.$result' from process `\aes_isa_ext.$proc$../rtl/core/aes_isa_ext.v:383$175'.
No latch inferred for signal `\aes_isa_ext.\xtime$func$../rtl/core/aes_isa_ext.v:103$51.b' from process `\aes_isa_ext.$proc$../rtl/core/aes_isa_ext.v:383$175'.
No latch inferred for signal `\aes_isa_ext.\xtime$func$../rtl/core/aes_isa_ext.v:104$52.$result' from process `\aes_isa_ext.$proc$../rtl/core/aes_isa_ext.v:383$175'.
No latch inferred for signal `\aes_isa_ext.\xtime$func$../rtl/core/aes_isa_ext.v:104$52.b' from process `\aes_isa_ext.$proc$../rtl/core/aes_isa_ext.v:383$175'.
No latch inferred for signal `\aes_isa_ext.\xtime$func$../rtl/core/aes_isa_ext.v:105$53.$result' from process `\aes_isa_ext.$proc$../rtl/core/aes_isa_ext.v:383$175'.
No latch inferred for signal `\aes_isa_ext.\xtime$func$../rtl/core/aes_isa_ext.v:105$53.b' from process `\aes_isa_ext.$proc$../rtl/core/aes_isa_ext.v:383$175'.
No latch inferred for signal `\aes_isa_ext.\gf_mul13$func$../rtl/core/aes_isa_ext.v:337$54.$result' from process `\aes_isa_ext.$proc$../rtl/core/aes_isa_ext.v:383$175'.
No latch inferred for signal `\aes_isa_ext.\gf_mul13$func$../rtl/core/aes_isa_ext.v:337$54.b' from process `\aes_isa_ext.$proc$../rtl/core/aes_isa_ext.v:383$175'.
No latch inferred for signal `\aes_isa_ext.\gf_mul13$func$../rtl/core/aes_isa_ext.v:337$54.t2' from process `\aes_isa_ext.$proc$../rtl/core/aes_isa_ext.v:383$175'.
No latch inferred for signal `\aes_isa_ext.\gf_mul13$func$../rtl/core/aes_isa_ext.v:337$54.t4' from process `\aes_isa_ext.$proc$../rtl/core/aes_isa_ext.v:383$175'.
No latch inferred for signal `\aes_isa_ext.\gf_mul13$func$../rtl/core/aes_isa_ext.v:337$54.t8' from process `\aes_isa_ext.$proc$../rtl/core/aes_isa_ext.v:383$175'.
No latch inferred for signal `\aes_isa_ext.\gf_mul9$func$../rtl/core/aes_isa_ext.v:337$55.$result' from process `\aes_isa_ext.$proc$../rtl/core/aes_isa_ext.v:383$175'.
No latch inferred for signal `\aes_isa_ext.\gf_mul9$func$../rtl/core/aes_isa_ext.v:337$55.b' from process `\aes_isa_ext.$proc$../rtl/core/aes_isa_ext.v:383$175'.
No latch inferred for signal `\aes_isa_ext.\gf_mul9$func$../rtl/core/aes_isa_ext.v:337$55.t2' from process `\aes_isa_ext.$proc$../rtl/core/aes_isa_ext.v:383$175'.
No latch inferred for signal `\aes_isa_ext.\gf_mul9$func$../rtl/core/aes_isa_ext.v:337$55.t4' from process `\aes_isa_ext.$proc$../rtl/core/aes_isa_ext.v:383$175'.
No latch inferred for signal `\aes_isa_ext.\gf_mul9$func$../rtl/core/aes_isa_ext.v:337$55.t8' from process `\aes_isa_ext.$proc$../rtl/core/aes_isa_ext.v:383$175'.
No latch inferred for signal `\aes_isa_ext.\gf_mul14$func$../rtl/core/aes_isa_ext.v:337$56.$result' from process `\aes_isa_ext.$proc$../rtl/core/aes_isa_ext.v:383$175'.
No latch inferred for signal `\aes_isa_ext.\gf_mul14$func$../rtl/core/aes_isa_ext.v:337$56.b' from process `\aes_isa_ext.$proc$../rtl/core/aes_isa_ext.v:383$175'.
No latch inferred for signal `\aes_isa_ext.\gf_mul14$func$../rtl/core/aes_isa_ext.v:337$56.t2' from process `\aes_isa_ext.$proc$../rtl/core/aes_isa_ext.v:383$175'.
No latch inferred for signal `\aes_isa_ext.\gf_mul14$func$../rtl/core/aes_isa_ext.v:337$56.t4' from process `\aes_isa_ext.$proc$../rtl/core/aes_isa_ext.v:383$175'.
No latch inferred for signal `\aes_isa_ext.\gf_mul14$func$../rtl/core/aes_isa_ext.v:337$56.t8' from process `\aes_isa_ext.$proc$../rtl/core/aes_isa_ext.v:383$175'.
No latch inferred for signal `\aes_isa_ext.\gf_mul11$func$../rtl/core/aes_isa_ext.v:337$57.$result' from process `\aes_isa_ext.$proc$../rtl/core/aes_isa_ext.v:383$175'.
No latch inferred for signal `\aes_isa_ext.\gf_mul11$func$../rtl/core/aes_isa_ext.v:337$57.b' from process `\aes_isa_ext.$proc$../rtl/core/aes_isa_ext.v:383$175'.
No latch inferred for signal `\aes_isa_ext.\gf_mul11$func$../rtl/core/aes_isa_ext.v:337$57.t2' from process `\aes_isa_ext.$proc$../rtl/core/aes_isa_ext.v:383$175'.
No latch inferred for signal `\aes_isa_ext.\gf_mul11$func$../rtl/core/aes_isa_ext.v:337$57.t4' from process `\aes_isa_ext.$proc$../rtl/core/aes_isa_ext.v:383$175'.
No latch inferred for signal `\aes_isa_ext.\gf_mul11$func$../rtl/core/aes_isa_ext.v:337$57.t8' from process `\aes_isa_ext.$proc$../rtl/core/aes_isa_ext.v:383$175'.
No latch inferred for signal `\aes_isa_ext.\xtime$func$../rtl/core/aes_isa_ext.v:103$58.$result' from process `\aes_isa_ext.$proc$../rtl/core/aes_isa_ext.v:383$175'.
No latch inferred for signal `\aes_isa_ext.\xtime$func$../rtl/core/aes_isa_ext.v:103$58.b' from process `\aes_isa_ext.$proc$../rtl/core/aes_isa_ext.v:383$175'.
No latch inferred for signal `\aes_isa_ext.\xtime$func$../rtl/core/aes_isa_ext.v:104$59.$result' from process `\aes_isa_ext.$proc$../rtl/core/aes_isa_ext.v:383$175'.
No latch inferred for signal `\aes_isa_ext.\xtime$func$../rtl/core/aes_isa_ext.v:104$59.b' from process `\aes_isa_ext.$proc$../rtl/core/aes_isa_ext.v:383$175'.
No latch inferred for signal `\aes_isa_ext.\xtime$func$../rtl/core/aes_isa_ext.v:105$60.$result' from process `\aes_isa_ext.$proc$../rtl/core/aes_isa_ext.v:383$175'.
No latch inferred for signal `\aes_isa_ext.\xtime$func$../rtl/core/aes_isa_ext.v:105$60.b' from process `\aes_isa_ext.$proc$../rtl/core/aes_isa_ext.v:383$175'.
No latch inferred for signal `\aes_isa_ext.\xtime$func$../rtl/core/aes_isa_ext.v:79$61.$result' from process `\aes_isa_ext.$proc$../rtl/core/aes_isa_ext.v:383$175'.
No latch inferred for signal `\aes_isa_ext.\xtime$func$../rtl/core/aes_isa_ext.v:79$61.b' from process `\aes_isa_ext.$proc$../rtl/core/aes_isa_ext.v:383$175'.
No latch inferred for signal `\aes_isa_ext.\xtime$func$../rtl/core/aes_isa_ext.v:80$62.$result' from process `\aes_isa_ext.$proc$../rtl/core/aes_isa_ext.v:383$175'.
No latch inferred for signal `\aes_isa_ext.\xtime$func$../rtl/core/aes_isa_ext.v:80$62.b' from process `\aes_isa_ext.$proc$../rtl/core/aes_isa_ext.v:383$175'.
No latch inferred for signal `\aes_isa_ext.\xtime$func$../rtl/core/aes_isa_ext.v:81$63.$result' from process `\aes_isa_ext.$proc$../rtl/core/aes_isa_ext.v:383$175'.
No latch inferred for signal `\aes_isa_ext.\xtime$func$../rtl/core/aes_isa_ext.v:81$63.b' from process `\aes_isa_ext.$proc$../rtl/core/aes_isa_ext.v:383$175'.
No latch inferred for signal `\aes_isa_ext.\xtime$func$../rtl/core/aes_isa_ext.v:115$64.$result' from process `\aes_isa_ext.$proc$../rtl/core/aes_isa_ext.v:383$175'.
No latch inferred for signal `\aes_isa_ext.\xtime$func$../rtl/core/aes_isa_ext.v:115$64.b' from process `\aes_isa_ext.$proc$../rtl/core/aes_isa_ext.v:383$175'.
No latch inferred for signal `\aes_isa_ext.\xtime$func$../rtl/core/aes_isa_ext.v:116$65.$result' from process `\aes_isa_ext.$proc$../rtl/core/aes_isa_ext.v:383$175'.
No latch inferred for signal `\aes_isa_ext.\xtime$func$../rtl/core/aes_isa_ext.v:116$65.b' from process `\aes_isa_ext.$proc$../rtl/core/aes_isa_ext.v:383$175'.
No latch inferred for signal `\aes_isa_ext.\xtime$func$../rtl/core/aes_isa_ext.v:117$66.$result' from process `\aes_isa_ext.$proc$../rtl/core/aes_isa_ext.v:383$175'.
No latch inferred for signal `\aes_isa_ext.\xtime$func$../rtl/core/aes_isa_ext.v:117$66.b' from process `\aes_isa_ext.$proc$../rtl/core/aes_isa_ext.v:383$175'.
No latch inferred for signal `\aes_isa_ext.\xtime$func$../rtl/core/aes_isa_ext.v:91$67.$result' from process `\aes_isa_ext.$proc$../rtl/core/aes_isa_ext.v:383$175'.
No latch inferred for signal `\aes_isa_ext.\xtime$func$../rtl/core/aes_isa_ext.v:91$67.b' from process `\aes_isa_ext.$proc$../rtl/core/aes_isa_ext.v:383$175'.
No latch inferred for signal `\aes_isa_ext.\xtime$func$../rtl/core/aes_isa_ext.v:92$68.$result' from process `\aes_isa_ext.$proc$../rtl/core/aes_isa_ext.v:383$175'.
No latch inferred for signal `\aes_isa_ext.\xtime$func$../rtl/core/aes_isa_ext.v:92$68.b' from process `\aes_isa_ext.$proc$../rtl/core/aes_isa_ext.v:383$175'.
No latch inferred for signal `\aes_isa_ext.\xtime$func$../rtl/core/aes_isa_ext.v:93$69.$result' from process `\aes_isa_ext.$proc$../rtl/core/aes_isa_ext.v:383$175'.
No latch inferred for signal `\aes_isa_ext.\xtime$func$../rtl/core/aes_isa_ext.v:93$69.b' from process `\aes_isa_ext.$proc$../rtl/core/aes_isa_ext.v:383$175'.
No latch inferred for signal `\aes_isa_ext.\gf_mul11$func$../rtl/core/aes_isa_ext.v:338$70.$result' from process `\aes_isa_ext.$proc$../rtl/core/aes_isa_ext.v:383$175'.
No latch inferred for signal `\aes_isa_ext.\gf_mul11$func$../rtl/core/aes_isa_ext.v:338$70.b' from process `\aes_isa_ext.$proc$../rtl/core/aes_isa_ext.v:383$175'.
No latch inferred for signal `\aes_isa_ext.\gf_mul11$func$../rtl/core/aes_isa_ext.v:338$70.t2' from process `\aes_isa_ext.$proc$../rtl/core/aes_isa_ext.v:383$175'.
No latch inferred for signal `\aes_isa_ext.\gf_mul11$func$../rtl/core/aes_isa_ext.v:338$70.t4' from process `\aes_isa_ext.$proc$../rtl/core/aes_isa_ext.v:383$175'.
No latch inferred for signal `\aes_isa_ext.\gf_mul11$func$../rtl/core/aes_isa_ext.v:338$70.t8' from process `\aes_isa_ext.$proc$../rtl/core/aes_isa_ext.v:383$175'.
No latch inferred for signal `\aes_isa_ext.\gf_mul13$func$../rtl/core/aes_isa_ext.v:338$71.$result' from process `\aes_isa_ext.$proc$../rtl/core/aes_isa_ext.v:383$175'.
No latch inferred for signal `\aes_isa_ext.\gf_mul13$func$../rtl/core/aes_isa_ext.v:338$71.b' from process `\aes_isa_ext.$proc$../rtl/core/aes_isa_ext.v:383$175'.
No latch inferred for signal `\aes_isa_ext.\gf_mul13$func$../rtl/core/aes_isa_ext.v:338$71.t2' from process `\aes_isa_ext.$proc$../rtl/core/aes_isa_ext.v:383$175'.
No latch inferred for signal `\aes_isa_ext.\gf_mul13$func$../rtl/core/aes_isa_ext.v:338$71.t4' from process `\aes_isa_ext.$proc$../rtl/core/aes_isa_ext.v:383$175'.
No latch inferred for signal `\aes_isa_ext.\gf_mul13$func$../rtl/core/aes_isa_ext.v:338$71.t8' from process `\aes_isa_ext.$proc$../rtl/core/aes_isa_ext.v:383$175'.
No latch inferred for signal `\aes_isa_ext.\gf_mul9$func$../rtl/core/aes_isa_ext.v:338$72.$result' from process `\aes_isa_ext.$proc$../rtl/core/aes_isa_ext.v:383$175'.
No latch inferred for signal `\aes_isa_ext.\gf_mul9$func$../rtl/core/aes_isa_ext.v:338$72.b' from process `\aes_isa_ext.$proc$../rtl/core/aes_isa_ext.v:383$175'.
No latch inferred for signal `\aes_isa_ext.\gf_mul9$func$../rtl/core/aes_isa_ext.v:338$72.t2' from process `\aes_isa_ext.$proc$../rtl/core/aes_isa_ext.v:383$175'.
No latch inferred for signal `\aes_isa_ext.\gf_mul9$func$../rtl/core/aes_isa_ext.v:338$72.t4' from process `\aes_isa_ext.$proc$../rtl/core/aes_isa_ext.v:383$175'.
No latch inferred for signal `\aes_isa_ext.\gf_mul9$func$../rtl/core/aes_isa_ext.v:338$72.t8' from process `\aes_isa_ext.$proc$../rtl/core/aes_isa_ext.v:383$175'.
No latch inferred for signal `\aes_isa_ext.\gf_mul14$func$../rtl/core/aes_isa_ext.v:338$73.$result' from process `\aes_isa_ext.$proc$../rtl/core/aes_isa_ext.v:383$175'.
No latch inferred for signal `\aes_isa_ext.\gf_mul14$func$../rtl/core/aes_isa_ext.v:338$73.b' from process `\aes_isa_ext.$proc$../rtl/core/aes_isa_ext.v:383$175'.
No latch inferred for signal `\aes_isa_ext.\gf_mul14$func$../rtl/core/aes_isa_ext.v:338$73.t2' from process `\aes_isa_ext.$proc$../rtl/core/aes_isa_ext.v:383$175'.
No latch inferred for signal `\aes_isa_ext.\gf_mul14$func$../rtl/core/aes_isa_ext.v:338$73.t4' from process `\aes_isa_ext.$proc$../rtl/core/aes_isa_ext.v:383$175'.
No latch inferred for signal `\aes_isa_ext.\gf_mul14$func$../rtl/core/aes_isa_ext.v:338$73.t8' from process `\aes_isa_ext.$proc$../rtl/core/aes_isa_ext.v:383$175'.
No latch inferred for signal `\aes_isa_ext.\xtime$func$../rtl/core/aes_isa_ext.v:91$74.$result' from process `\aes_isa_ext.$proc$../rtl/core/aes_isa_ext.v:383$175'.
No latch inferred for signal `\aes_isa_ext.\xtime$func$../rtl/core/aes_isa_ext.v:91$74.b' from process `\aes_isa_ext.$proc$../rtl/core/aes_isa_ext.v:383$175'.
No latch inferred for signal `\aes_isa_ext.\xtime$func$../rtl/core/aes_isa_ext.v:92$75.$result' from process `\aes_isa_ext.$proc$../rtl/core/aes_isa_ext.v:383$175'.
No latch inferred for signal `\aes_isa_ext.\xtime$func$../rtl/core/aes_isa_ext.v:92$75.b' from process `\aes_isa_ext.$proc$../rtl/core/aes_isa_ext.v:383$175'.
No latch inferred for signal `\aes_isa_ext.\xtime$func$../rtl/core/aes_isa_ext.v:93$76.$result' from process `\aes_isa_ext.$proc$../rtl/core/aes_isa_ext.v:383$175'.
No latch inferred for signal `\aes_isa_ext.\xtime$func$../rtl/core/aes_isa_ext.v:93$76.b' from process `\aes_isa_ext.$proc$../rtl/core/aes_isa_ext.v:383$175'.
No latch inferred for signal `\aes_isa_ext.\xtime$func$../rtl/core/aes_isa_ext.v:103$77.$result' from process `\aes_isa_ext.$proc$../rtl/core/aes_isa_ext.v:383$175'.
No latch inferred for signal `\aes_isa_ext.\xtime$func$../rtl/core/aes_isa_ext.v:103$77.b' from process `\aes_isa_ext.$proc$../rtl/core/aes_isa_ext.v:383$175'.
No latch inferred for signal `\aes_isa_ext.\xtime$func$../rtl/core/aes_isa_ext.v:104$78.$result' from process `\aes_isa_ext.$proc$../rtl/core/aes_isa_ext.v:383$175'.
No latch inferred for signal `\aes_isa_ext.\xtime$func$../rtl/core/aes_isa_ext.v:104$78.b' from process `\aes_isa_ext.$proc$../rtl/core/aes_isa_ext.v:383$175'.
No latch inferred for signal `\aes_isa_ext.\xtime$func$../rtl/core/aes_isa_ext.v:105$79.$result' from process `\aes_isa_ext.$proc$../rtl/core/aes_isa_ext.v:383$175'.
No latch inferred for signal `\aes_isa_ext.\xtime$func$../rtl/core/aes_isa_ext.v:105$79.b' from process `\aes_isa_ext.$proc$../rtl/core/aes_isa_ext.v:383$175'.
No latch inferred for signal `\aes_isa_ext.\xtime$func$../rtl/core/aes_isa_ext.v:79$80.$result' from process `\aes_isa_ext.$proc$../rtl/core/aes_isa_ext.v:383$175'.
No latch inferred for signal `\aes_isa_ext.\xtime$func$../rtl/core/aes_isa_ext.v:79$80.b' from process `\aes_isa_ext.$proc$../rtl/core/aes_isa_ext.v:383$175'.
No latch inferred for signal `\aes_isa_ext.\xtime$func$../rtl/core/aes_isa_ext.v:80$81.$result' from process `\aes_isa_ext.$proc$../rtl/core/aes_isa_ext.v:383$175'.
No latch inferred for signal `\aes_isa_ext.\xtime$func$../rtl/core/aes_isa_ext.v:80$81.b' from process `\aes_isa_ext.$proc$../rtl/core/aes_isa_ext.v:383$175'.
No latch inferred for signal `\aes_isa_ext.\xtime$func$../rtl/core/aes_isa_ext.v:81$82.$result' from process `\aes_isa_ext.$proc$../rtl/core/aes_isa_ext.v:383$175'.
No latch inferred for signal `\aes_isa_ext.\xtime$func$../rtl/core/aes_isa_ext.v:81$82.b' from process `\aes_isa_ext.$proc$../rtl/core/aes_isa_ext.v:383$175'.
No latch inferred for signal `\aes_isa_ext.\xtime$func$../rtl/core/aes_isa_ext.v:115$83.$result' from process `\aes_isa_ext.$proc$../rtl/core/aes_isa_ext.v:383$175'.
No latch inferred for signal `\aes_isa_ext.\xtime$func$../rtl/core/aes_isa_ext.v:115$83.b' from process `\aes_isa_ext.$proc$../rtl/core/aes_isa_ext.v:383$175'.
No latch inferred for signal `\aes_isa_ext.\xtime$func$../rtl/core/aes_isa_ext.v:116$84.$result' from process `\aes_isa_ext.$proc$../rtl/core/aes_isa_ext.v:383$175'.
No latch inferred for signal `\aes_isa_ext.\xtime$func$../rtl/core/aes_isa_ext.v:116$84.b' from process `\aes_isa_ext.$proc$../rtl/core/aes_isa_ext.v:383$175'.
No latch inferred for signal `\aes_isa_ext.\xtime$func$../rtl/core/aes_isa_ext.v:117$85.$result' from process `\aes_isa_ext.$proc$../rtl/core/aes_isa_ext.v:383$175'.
No latch inferred for signal `\aes_isa_ext.\xtime$func$../rtl/core/aes_isa_ext.v:117$85.b' from process `\aes_isa_ext.$proc$../rtl/core/aes_isa_ext.v:383$175'.
No latch inferred for signal `\aes_isa_ext.\sbox_fwd$func$../rtl/core/aes_isa_ext.v:398$86.$result' from process `\aes_isa_ext.$proc$../rtl/core/aes_isa_ext.v:383$175'.
No latch inferred for signal `\aes_isa_ext.\sbox_fwd$func$../rtl/core/aes_isa_ext.v:398$86.x' from process `\aes_isa_ext.$proc$../rtl/core/aes_isa_ext.v:383$175'.
No latch inferred for signal `\aes_isa_ext.\set_byte$func$../rtl/core/aes_isa_ext.v:398$87.$result' from process `\aes_isa_ext.$proc$../rtl/core/aes_isa_ext.v:383$175'.
No latch inferred for signal `\aes_isa_ext.\set_byte$func$../rtl/core/aes_isa_ext.v:398$87.base' from process `\aes_isa_ext.$proc$../rtl/core/aes_isa_ext.v:383$175'.
No latch inferred for signal `\aes_isa_ext.\set_byte$func$../rtl/core/aes_isa_ext.v:398$87.bval' from process `\aes_isa_ext.$proc$../rtl/core/aes_isa_ext.v:383$175'.
No latch inferred for signal `\aes_isa_ext.\set_byte$func$../rtl/core/aes_isa_ext.v:398$87.sel' from process `\aes_isa_ext.$proc$../rtl/core/aes_isa_ext.v:383$175'.
No latch inferred for signal `\aes_isa_ext.\sbox_fwd$func$../rtl/core/aes_isa_ext.v:407$88.$result' from process `\aes_isa_ext.$proc$../rtl/core/aes_isa_ext.v:383$175'.
No latch inferred for signal `\aes_isa_ext.\sbox_fwd$func$../rtl/core/aes_isa_ext.v:407$88.x' from process `\aes_isa_ext.$proc$../rtl/core/aes_isa_ext.v:383$175'.
No latch inferred for signal `\aes_isa_ext.\set_byte$func$../rtl/core/aes_isa_ext.v:407$89.$result' from process `\aes_isa_ext.$proc$../rtl/core/aes_isa_ext.v:383$175'.
No latch inferred for signal `\aes_isa_ext.\set_byte$func$../rtl/core/aes_isa_ext.v:407$89.base' from process `\aes_isa_ext.$proc$../rtl/core/aes_isa_ext.v:383$175'.
No latch inferred for signal `\aes_isa_ext.\set_byte$func$../rtl/core/aes_isa_ext.v:407$89.bval' from process `\aes_isa_ext.$proc$../rtl/core/aes_isa_ext.v:383$175'.
No latch inferred for signal `\aes_isa_ext.\set_byte$func$../rtl/core/aes_isa_ext.v:407$89.sel' from process `\aes_isa_ext.$proc$../rtl/core/aes_isa_ext.v:383$175'.
No latch inferred for signal `\aes_isa_ext.\mix_col_fwd$func$../rtl/core/aes_isa_ext.v:408$90.$result' from process `\aes_isa_ext.$proc$../rtl/core/aes_isa_ext.v:383$175'.
No latch inferred for signal `\aes_isa_ext.\mix_col_fwd$func$../rtl/core/aes_isa_ext.v:408$90.col' from process `\aes_isa_ext.$proc$../rtl/core/aes_isa_ext.v:383$175'.
No latch inferred for signal `\aes_isa_ext.\mix_col_fwd$func$../rtl/core/aes_isa_ext.v:408$90.b0' from process `\aes_isa_ext.$proc$../rtl/core/aes_isa_ext.v:383$175'.
No latch inferred for signal `\aes_isa_ext.\mix_col_fwd$func$../rtl/core/aes_isa_ext.v:408$90.b1' from process `\aes_isa_ext.$proc$../rtl/core/aes_isa_ext.v:383$175'.
No latch inferred for signal `\aes_isa_ext.\mix_col_fwd$func$../rtl/core/aes_isa_ext.v:408$90.b2' from process `\aes_isa_ext.$proc$../rtl/core/aes_isa_ext.v:383$175'.
No latch inferred for signal `\aes_isa_ext.\mix_col_fwd$func$../rtl/core/aes_isa_ext.v:408$90.b3' from process `\aes_isa_ext.$proc$../rtl/core/aes_isa_ext.v:383$175'.
No latch inferred for signal `\aes_isa_ext.\mix_col_fwd$func$../rtl/core/aes_isa_ext.v:408$90.r0' from process `\aes_isa_ext.$proc$../rtl/core/aes_isa_ext.v:383$175'.
No latch inferred for signal `\aes_isa_ext.\mix_col_fwd$func$../rtl/core/aes_isa_ext.v:408$90.r1' from process `\aes_isa_ext.$proc$../rtl/core/aes_isa_ext.v:383$175'.
No latch inferred for signal `\aes_isa_ext.\mix_col_fwd$func$../rtl/core/aes_isa_ext.v:408$90.r2' from process `\aes_isa_ext.$proc$../rtl/core/aes_isa_ext.v:383$175'.
No latch inferred for signal `\aes_isa_ext.\mix_col_fwd$func$../rtl/core/aes_isa_ext.v:408$90.r3' from process `\aes_isa_ext.$proc$../rtl/core/aes_isa_ext.v:383$175'.
No latch inferred for signal `\aes_isa_ext.\gf_mul2$func$../rtl/core/aes_isa_ext.v:313$91.$result' from process `\aes_isa_ext.$proc$../rtl/core/aes_isa_ext.v:383$175'.
No latch inferred for signal `\aes_isa_ext.\gf_mul2$func$../rtl/core/aes_isa_ext.v:313$91.b' from process `\aes_isa_ext.$proc$../rtl/core/aes_isa_ext.v:383$175'.
No latch inferred for signal `\aes_isa_ext.\gf_mul3$func$../rtl/core/aes_isa_ext.v:313$92.$result' from process `\aes_isa_ext.$proc$../rtl/core/aes_isa_ext.v:383$175'.
No latch inferred for signal `\aes_isa_ext.\gf_mul3$func$../rtl/core/aes_isa_ext.v:313$92.b' from process `\aes_isa_ext.$proc$../rtl/core/aes_isa_ext.v:383$175'.
No latch inferred for signal `\aes_isa_ext.\xtime$func$../rtl/core/aes_isa_ext.v:62$93.$result' from process `\aes_isa_ext.$proc$../rtl/core/aes_isa_ext.v:383$175'.
No latch inferred for signal `\aes_isa_ext.\xtime$func$../rtl/core/aes_isa_ext.v:62$93.b' from process `\aes_isa_ext.$proc$../rtl/core/aes_isa_ext.v:383$175'.
No latch inferred for signal `\aes_isa_ext.\xtime$func$../rtl/core/aes_isa_ext.v:70$94.$result' from process `\aes_isa_ext.$proc$../rtl/core/aes_isa_ext.v:383$175'.
No latch inferred for signal `\aes_isa_ext.\xtime$func$../rtl/core/aes_isa_ext.v:70$94.b' from process `\aes_isa_ext.$proc$../rtl/core/aes_isa_ext.v:383$175'.
No latch inferred for signal `\aes_isa_ext.\gf_mul2$func$../rtl/core/aes_isa_ext.v:314$95.$result' from process `\aes_isa_ext.$proc$../rtl/core/aes_isa_ext.v:383$175'.
No latch inferred for signal `\aes_isa_ext.\gf_mul2$func$../rtl/core/aes_isa_ext.v:314$95.b' from process `\aes_isa_ext.$proc$../rtl/core/aes_isa_ext.v:383$175'.
No latch inferred for signal `\aes_isa_ext.\gf_mul3$func$../rtl/core/aes_isa_ext.v:314$96.$result' from process `\aes_isa_ext.$proc$../rtl/core/aes_isa_ext.v:383$175'.
No latch inferred for signal `\aes_isa_ext.\gf_mul3$func$../rtl/core/aes_isa_ext.v:314$96.b' from process `\aes_isa_ext.$proc$../rtl/core/aes_isa_ext.v:383$175'.
No latch inferred for signal `\aes_isa_ext.\xtime$func$../rtl/core/aes_isa_ext.v:62$97.$result' from process `\aes_isa_ext.$proc$../rtl/core/aes_isa_ext.v:383$175'.
No latch inferred for signal `\aes_isa_ext.\xtime$func$../rtl/core/aes_isa_ext.v:62$97.b' from process `\aes_isa_ext.$proc$../rtl/core/aes_isa_ext.v:383$175'.
No latch inferred for signal `\aes_isa_ext.\xtime$func$../rtl/core/aes_isa_ext.v:70$98.$result' from process `\aes_isa_ext.$proc$../rtl/core/aes_isa_ext.v:383$175'.
No latch inferred for signal `\aes_isa_ext.\xtime$func$../rtl/core/aes_isa_ext.v:70$98.b' from process `\aes_isa_ext.$proc$../rtl/core/aes_isa_ext.v:383$175'.
No latch inferred for signal `\aes_isa_ext.\gf_mul2$func$../rtl/core/aes_isa_ext.v:315$99.$result' from process `\aes_isa_ext.$proc$../rtl/core/aes_isa_ext.v:383$175'.
No latch inferred for signal `\aes_isa_ext.\gf_mul2$func$../rtl/core/aes_isa_ext.v:315$99.b' from process `\aes_isa_ext.$proc$../rtl/core/aes_isa_ext.v:383$175'.
No latch inferred for signal `\aes_isa_ext.\gf_mul3$func$../rtl/core/aes_isa_ext.v:315$100.$result' from process `\aes_isa_ext.$proc$../rtl/core/aes_isa_ext.v:383$175'.
No latch inferred for signal `\aes_isa_ext.\gf_mul3$func$../rtl/core/aes_isa_ext.v:315$100.b' from process `\aes_isa_ext.$proc$../rtl/core/aes_isa_ext.v:383$175'.
No latch inferred for signal `\aes_isa_ext.\xtime$func$../rtl/core/aes_isa_ext.v:62$101.$result' from process `\aes_isa_ext.$proc$../rtl/core/aes_isa_ext.v:383$175'.
No latch inferred for signal `\aes_isa_ext.\xtime$func$../rtl/core/aes_isa_ext.v:62$101.b' from process `\aes_isa_ext.$proc$../rtl/core/aes_isa_ext.v:383$175'.
No latch inferred for signal `\aes_isa_ext.\xtime$func$../rtl/core/aes_isa_ext.v:70$102.$result' from process `\aes_isa_ext.$proc$../rtl/core/aes_isa_ext.v:383$175'.
No latch inferred for signal `\aes_isa_ext.\xtime$func$../rtl/core/aes_isa_ext.v:70$102.b' from process `\aes_isa_ext.$proc$../rtl/core/aes_isa_ext.v:383$175'.
No latch inferred for signal `\aes_isa_ext.\gf_mul3$func$../rtl/core/aes_isa_ext.v:316$103.$result' from process `\aes_isa_ext.$proc$../rtl/core/aes_isa_ext.v:383$175'.
No latch inferred for signal `\aes_isa_ext.\gf_mul3$func$../rtl/core/aes_isa_ext.v:316$103.b' from process `\aes_isa_ext.$proc$../rtl/core/aes_isa_ext.v:383$175'.
No latch inferred for signal `\aes_isa_ext.\gf_mul2$func$../rtl/core/aes_isa_ext.v:316$104.$result' from process `\aes_isa_ext.$proc$../rtl/core/aes_isa_ext.v:383$175'.
No latch inferred for signal `\aes_isa_ext.\gf_mul2$func$../rtl/core/aes_isa_ext.v:316$104.b' from process `\aes_isa_ext.$proc$../rtl/core/aes_isa_ext.v:383$175'.
No latch inferred for signal `\aes_isa_ext.\xtime$func$../rtl/core/aes_isa_ext.v:70$105.$result' from process `\aes_isa_ext.$proc$../rtl/core/aes_isa_ext.v:383$175'.
No latch inferred for signal `\aes_isa_ext.\xtime$func$../rtl/core/aes_isa_ext.v:70$105.b' from process `\aes_isa_ext.$proc$../rtl/core/aes_isa_ext.v:383$175'.
No latch inferred for signal `\aes_isa_ext.\xtime$func$../rtl/core/aes_isa_ext.v:62$106.$result' from process `\aes_isa_ext.$proc$../rtl/core/aes_isa_ext.v:383$175'.
No latch inferred for signal `\aes_isa_ext.\xtime$func$../rtl/core/aes_isa_ext.v:62$106.b' from process `\aes_isa_ext.$proc$../rtl/core/aes_isa_ext.v:383$175'.
No latch inferred for signal `\aes_isa_ext.\sbox_inv$func$../rtl/core/aes_isa_ext.v:419$107.$result' from process `\aes_isa_ext.$proc$../rtl/core/aes_isa_ext.v:383$175'.
No latch inferred for signal `\aes_isa_ext.\sbox_inv$func$../rtl/core/aes_isa_ext.v:419$107.x' from process `\aes_isa_ext.$proc$../rtl/core/aes_isa_ext.v:383$175'.
No latch inferred for signal `\aes_isa_ext.\set_byte$func$../rtl/core/aes_isa_ext.v:419$108.$result' from process `\aes_isa_ext.$proc$../rtl/core/aes_isa_ext.v:383$175'.
No latch inferred for signal `\aes_isa_ext.\set_byte$func$../rtl/core/aes_isa_ext.v:419$108.base' from process `\aes_isa_ext.$proc$../rtl/core/aes_isa_ext.v:383$175'.
No latch inferred for signal `\aes_isa_ext.\set_byte$func$../rtl/core/aes_isa_ext.v:419$108.bval' from process `\aes_isa_ext.$proc$../rtl/core/aes_isa_ext.v:383$175'.
No latch inferred for signal `\aes_isa_ext.\set_byte$func$../rtl/core/aes_isa_ext.v:419$108.sel' from process `\aes_isa_ext.$proc$../rtl/core/aes_isa_ext.v:383$175'.
No latch inferred for signal `\aes_isa_ext.\mix_col_inv$func$../rtl/core/aes_isa_ext.v:424$109.$result' from process `\aes_isa_ext.$proc$../rtl/core/aes_isa_ext.v:383$175'.
No latch inferred for signal `\aes_isa_ext.\mix_col_inv$func$../rtl/core/aes_isa_ext.v:424$109.col' from process `\aes_isa_ext.$proc$../rtl/core/aes_isa_ext.v:383$175'.
No latch inferred for signal `\aes_isa_ext.\mix_col_inv$func$../rtl/core/aes_isa_ext.v:424$109.b0' from process `\aes_isa_ext.$proc$../rtl/core/aes_isa_ext.v:383$175'.
No latch inferred for signal `\aes_isa_ext.\mix_col_inv$func$../rtl/core/aes_isa_ext.v:424$109.b1' from process `\aes_isa_ext.$proc$../rtl/core/aes_isa_ext.v:383$175'.
No latch inferred for signal `\aes_isa_ext.\mix_col_inv$func$../rtl/core/aes_isa_ext.v:424$109.b2' from process `\aes_isa_ext.$proc$../rtl/core/aes_isa_ext.v:383$175'.
No latch inferred for signal `\aes_isa_ext.\mix_col_inv$func$../rtl/core/aes_isa_ext.v:424$109.b3' from process `\aes_isa_ext.$proc$../rtl/core/aes_isa_ext.v:383$175'.
No latch inferred for signal `\aes_isa_ext.\mix_col_inv$func$../rtl/core/aes_isa_ext.v:424$109.r0' from process `\aes_isa_ext.$proc$../rtl/core/aes_isa_ext.v:383$175'.
No latch inferred for signal `\aes_isa_ext.\mix_col_inv$func$../rtl/core/aes_isa_ext.v:424$109.r1' from process `\aes_isa_ext.$proc$../rtl/core/aes_isa_ext.v:383$175'.
No latch inferred for signal `\aes_isa_ext.\mix_col_inv$func$../rtl/core/aes_isa_ext.v:424$109.r2' from process `\aes_isa_ext.$proc$../rtl/core/aes_isa_ext.v:383$175'.
No latch inferred for signal `\aes_isa_ext.\mix_col_inv$func$../rtl/core/aes_isa_ext.v:424$109.r3' from process `\aes_isa_ext.$proc$../rtl/core/aes_isa_ext.v:383$175'.
No latch inferred for signal `\aes_isa_ext.\gf_mul14$func$../rtl/core/aes_isa_ext.v:335$110.$result' from process `\aes_isa_ext.$proc$../rtl/core/aes_isa_ext.v:383$175'.
No latch inferred for signal `\aes_isa_ext.\gf_mul14$func$../rtl/core/aes_isa_ext.v:335$110.b' from process `\aes_isa_ext.$proc$../rtl/core/aes_isa_ext.v:383$175'.
No latch inferred for signal `\aes_isa_ext.\gf_mul14$func$../rtl/core/aes_isa_ext.v:335$110.t2' from process `\aes_isa_ext.$proc$../rtl/core/aes_isa_ext.v:383$175'.
No latch inferred for signal `\aes_isa_ext.\gf_mul14$func$../rtl/core/aes_isa_ext.v:335$110.t4' from process `\aes_isa_ext.$proc$../rtl/core/aes_isa_ext.v:383$175'.
No latch inferred for signal `\aes_isa_ext.\gf_mul14$func$../rtl/core/aes_isa_ext.v:335$110.t8' from process `\aes_isa_ext.$proc$../rtl/core/aes_isa_ext.v:383$175'.
No latch inferred for signal `\aes_isa_ext.\gf_mul11$func$../rtl/core/aes_isa_ext.v:335$111.$result' from process `\aes_isa_ext.$proc$../rtl/core/aes_isa_ext.v:383$175'.
No latch inferred for signal `\aes_isa_ext.\gf_mul11$func$../rtl/core/aes_isa_ext.v:335$111.b' from process `\aes_isa_ext.$proc$../rtl/core/aes_isa_ext.v:383$175'.
No latch inferred for signal `\aes_isa_ext.\gf_mul11$func$../rtl/core/aes_isa_ext.v:335$111.t2' from process `\aes_isa_ext.$proc$../rtl/core/aes_isa_ext.v:383$175'.
No latch inferred for signal `\aes_isa_ext.\gf_mul11$func$../rtl/core/aes_isa_ext.v:335$111.t4' from process `\aes_isa_ext.$proc$../rtl/core/aes_isa_ext.v:383$175'.
No latch inferred for signal `\aes_isa_ext.\gf_mul11$func$../rtl/core/aes_isa_ext.v:335$111.t8' from process `\aes_isa_ext.$proc$../rtl/core/aes_isa_ext.v:383$175'.
No latch inferred for signal `\aes_isa_ext.\gf_mul13$func$../rtl/core/aes_isa_ext.v:335$112.$result' from process `\aes_isa_ext.$proc$../rtl/core/aes_isa_ext.v:383$175'.
No latch inferred for signal `\aes_isa_ext.\gf_mul13$func$../rtl/core/aes_isa_ext.v:335$112.b' from process `\aes_isa_ext.$proc$../rtl/core/aes_isa_ext.v:383$175'.
No latch inferred for signal `\aes_isa_ext.\gf_mul13$func$../rtl/core/aes_isa_ext.v:335$112.t2' from process `\aes_isa_ext.$proc$../rtl/core/aes_isa_ext.v:383$175'.
No latch inferred for signal `\aes_isa_ext.\gf_mul13$func$../rtl/core/aes_isa_ext.v:335$112.t4' from process `\aes_isa_ext.$proc$../rtl/core/aes_isa_ext.v:383$175'.
No latch inferred for signal `\aes_isa_ext.\gf_mul13$func$../rtl/core/aes_isa_ext.v:335$112.t8' from process `\aes_isa_ext.$proc$../rtl/core/aes_isa_ext.v:383$175'.
No latch inferred for signal `\aes_isa_ext.\gf_mul9$func$../rtl/core/aes_isa_ext.v:335$113.$result' from process `\aes_isa_ext.$proc$../rtl/core/aes_isa_ext.v:383$175'.
No latch inferred for signal `\aes_isa_ext.\gf_mul9$func$../rtl/core/aes_isa_ext.v:335$113.b' from process `\aes_isa_ext.$proc$../rtl/core/aes_isa_ext.v:383$175'.
No latch inferred for signal `\aes_isa_ext.\gf_mul9$func$../rtl/core/aes_isa_ext.v:335$113.t2' from process `\aes_isa_ext.$proc$../rtl/core/aes_isa_ext.v:383$175'.
No latch inferred for signal `\aes_isa_ext.\gf_mul9$func$../rtl/core/aes_isa_ext.v:335$113.t4' from process `\aes_isa_ext.$proc$../rtl/core/aes_isa_ext.v:383$175'.
No latch inferred for signal `\aes_isa_ext.\gf_mul9$func$../rtl/core/aes_isa_ext.v:335$113.t8' from process `\aes_isa_ext.$proc$../rtl/core/aes_isa_ext.v:383$175'.
No latch inferred for signal `\aes_isa_ext.\xtime$func$../rtl/core/aes_isa_ext.v:115$114.$result' from process `\aes_isa_ext.$proc$../rtl/core/aes_isa_ext.v:383$175'.
No latch inferred for signal `\aes_isa_ext.\xtime$func$../rtl/core/aes_isa_ext.v:115$114.b' from process `\aes_isa_ext.$proc$../rtl/core/aes_isa_ext.v:383$175'.
No latch inferred for signal `\aes_isa_ext.\xtime$func$../rtl/core/aes_isa_ext.v:116$115.$result' from process `\aes_isa_ext.$proc$../rtl/core/aes_isa_ext.v:383$175'.
No latch inferred for signal `\aes_isa_ext.\xtime$func$../rtl/core/aes_isa_ext.v:116$115.b' from process `\aes_isa_ext.$proc$../rtl/core/aes_isa_ext.v:383$175'.
No latch inferred for signal `\aes_isa_ext.\xtime$func$../rtl/core/aes_isa_ext.v:117$116.$result' from process `\aes_isa_ext.$proc$../rtl/core/aes_isa_ext.v:383$175'.
No latch inferred for signal `\aes_isa_ext.\xtime$func$../rtl/core/aes_isa_ext.v:117$116.b' from process `\aes_isa_ext.$proc$../rtl/core/aes_isa_ext.v:383$175'.
No latch inferred for signal `\aes_isa_ext.\xtime$func$../rtl/core/aes_isa_ext.v:91$117.$result' from process `\aes_isa_ext.$proc$../rtl/core/aes_isa_ext.v:383$175'.
No latch inferred for signal `\aes_isa_ext.\xtime$func$../rtl/core/aes_isa_ext.v:91$117.b' from process `\aes_isa_ext.$proc$../rtl/core/aes_isa_ext.v:383$175'.
No latch inferred for signal `\aes_isa_ext.\xtime$func$../rtl/core/aes_isa_ext.v:92$118.$result' from process `\aes_isa_ext.$proc$../rtl/core/aes_isa_ext.v:383$175'.
No latch inferred for signal `\aes_isa_ext.\xtime$func$../rtl/core/aes_isa_ext.v:92$118.b' from process `\aes_isa_ext.$proc$../rtl/core/aes_isa_ext.v:383$175'.
No latch inferred for signal `\aes_isa_ext.\xtime$func$../rtl/core/aes_isa_ext.v:93$119.$result' from process `\aes_isa_ext.$proc$../rtl/core/aes_isa_ext.v:383$175'.
No latch inferred for signal `\aes_isa_ext.\xtime$func$../rtl/core/aes_isa_ext.v:93$119.b' from process `\aes_isa_ext.$proc$../rtl/core/aes_isa_ext.v:383$175'.
No latch inferred for signal `\aes_isa_ext.\xtime$func$../rtl/core/aes_isa_ext.v:103$120.$result' from process `\aes_isa_ext.$proc$../rtl/core/aes_isa_ext.v:383$175'.
No latch inferred for signal `\aes_isa_ext.\xtime$func$../rtl/core/aes_isa_ext.v:103$120.b' from process `\aes_isa_ext.$proc$../rtl/core/aes_isa_ext.v:383$175'.
No latch inferred for signal `\aes_isa_ext.\xtime$func$../rtl/core/aes_isa_ext.v:104$121.$result' from process `\aes_isa_ext.$proc$../rtl/core/aes_isa_ext.v:383$175'.
No latch inferred for signal `\aes_isa_ext.\xtime$func$../rtl/core/aes_isa_ext.v:104$121.b' from process `\aes_isa_ext.$proc$../rtl/core/aes_isa_ext.v:383$175'.
No latch inferred for signal `\aes_isa_ext.\xtime$func$../rtl/core/aes_isa_ext.v:105$122.$result' from process `\aes_isa_ext.$proc$../rtl/core/aes_isa_ext.v:383$175'.
No latch inferred for signal `\aes_isa_ext.\xtime$func$../rtl/core/aes_isa_ext.v:105$122.b' from process `\aes_isa_ext.$proc$../rtl/core/aes_isa_ext.v:383$175'.
No latch inferred for signal `\aes_isa_ext.\xtime$func$../rtl/core/aes_isa_ext.v:79$123.$result' from process `\aes_isa_ext.$proc$../rtl/core/aes_isa_ext.v:383$175'.
No latch inferred for signal `\aes_isa_ext.\xtime$func$../rtl/core/aes_isa_ext.v:79$123.b' from process `\aes_isa_ext.$proc$../rtl/core/aes_isa_ext.v:383$175'.
No latch inferred for signal `\aes_isa_ext.\xtime$func$../rtl/core/aes_isa_ext.v:80$124.$result' from process `\aes_isa_ext.$proc$../rtl/core/aes_isa_ext.v:383$175'.
No latch inferred for signal `\aes_isa_ext.\xtime$func$../rtl/core/aes_isa_ext.v:80$124.b' from process `\aes_isa_ext.$proc$../rtl/core/aes_isa_ext.v:383$175'.
No latch inferred for signal `\aes_isa_ext.\xtime$func$../rtl/core/aes_isa_ext.v:81$125.$result' from process `\aes_isa_ext.$proc$../rtl/core/aes_isa_ext.v:383$175'.
No latch inferred for signal `\aes_isa_ext.\xtime$func$../rtl/core/aes_isa_ext.v:81$125.b' from process `\aes_isa_ext.$proc$../rtl/core/aes_isa_ext.v:383$175'.
No latch inferred for signal `\aes_isa_ext.\gf_mul9$func$../rtl/core/aes_isa_ext.v:336$126.$result' from process `\aes_isa_ext.$proc$../rtl/core/aes_isa_ext.v:383$175'.
No latch inferred for signal `\aes_isa_ext.\gf_mul9$func$../rtl/core/aes_isa_ext.v:336$126.b' from process `\aes_isa_ext.$proc$../rtl/core/aes_isa_ext.v:383$175'.
No latch inferred for signal `\aes_isa_ext.\gf_mul9$func$../rtl/core/aes_isa_ext.v:336$126.t2' from process `\aes_isa_ext.$proc$../rtl/core/aes_isa_ext.v:383$175'.
No latch inferred for signal `\aes_isa_ext.\gf_mul9$func$../rtl/core/aes_isa_ext.v:336$126.t4' from process `\aes_isa_ext.$proc$../rtl/core/aes_isa_ext.v:383$175'.
No latch inferred for signal `\aes_isa_ext.\gf_mul9$func$../rtl/core/aes_isa_ext.v:336$126.t8' from process `\aes_isa_ext.$proc$../rtl/core/aes_isa_ext.v:383$175'.
No latch inferred for signal `\aes_isa_ext.\gf_mul14$func$../rtl/core/aes_isa_ext.v:336$127.$result' from process `\aes_isa_ext.$proc$../rtl/core/aes_isa_ext.v:383$175'.
No latch inferred for signal `\aes_isa_ext.\gf_mul14$func$../rtl/core/aes_isa_ext.v:336$127.b' from process `\aes_isa_ext.$proc$../rtl/core/aes_isa_ext.v:383$175'.
No latch inferred for signal `\aes_isa_ext.\gf_mul14$func$../rtl/core/aes_isa_ext.v:336$127.t2' from process `\aes_isa_ext.$proc$../rtl/core/aes_isa_ext.v:383$175'.
No latch inferred for signal `\aes_isa_ext.\gf_mul14$func$../rtl/core/aes_isa_ext.v:336$127.t4' from process `\aes_isa_ext.$proc$../rtl/core/aes_isa_ext.v:383$175'.
No latch inferred for signal `\aes_isa_ext.\gf_mul14$func$../rtl/core/aes_isa_ext.v:336$127.t8' from process `\aes_isa_ext.$proc$../rtl/core/aes_isa_ext.v:383$175'.
No latch inferred for signal `\aes_isa_ext.\gf_mul11$func$../rtl/core/aes_isa_ext.v:336$128.$result' from process `\aes_isa_ext.$proc$../rtl/core/aes_isa_ext.v:383$175'.
No latch inferred for signal `\aes_isa_ext.\gf_mul11$func$../rtl/core/aes_isa_ext.v:336$128.b' from process `\aes_isa_ext.$proc$../rtl/core/aes_isa_ext.v:383$175'.
No latch inferred for signal `\aes_isa_ext.\gf_mul11$func$../rtl/core/aes_isa_ext.v:336$128.t2' from process `\aes_isa_ext.$proc$../rtl/core/aes_isa_ext.v:383$175'.
No latch inferred for signal `\aes_isa_ext.\gf_mul11$func$../rtl/core/aes_isa_ext.v:336$128.t4' from process `\aes_isa_ext.$proc$../rtl/core/aes_isa_ext.v:383$175'.
No latch inferred for signal `\aes_isa_ext.\gf_mul11$func$../rtl/core/aes_isa_ext.v:336$128.t8' from process `\aes_isa_ext.$proc$../rtl/core/aes_isa_ext.v:383$175'.
No latch inferred for signal `\aes_isa_ext.\gf_mul13$func$../rtl/core/aes_isa_ext.v:336$129.$result' from process `\aes_isa_ext.$proc$../rtl/core/aes_isa_ext.v:383$175'.
No latch inferred for signal `\aes_isa_ext.\gf_mul13$func$../rtl/core/aes_isa_ext.v:336$129.b' from process `\aes_isa_ext.$proc$../rtl/core/aes_isa_ext.v:383$175'.
No latch inferred for signal `\aes_isa_ext.\gf_mul13$func$../rtl/core/aes_isa_ext.v:336$129.t2' from process `\aes_isa_ext.$proc$../rtl/core/aes_isa_ext.v:383$175'.
No latch inferred for signal `\aes_isa_ext.\gf_mul13$func$../rtl/core/aes_isa_ext.v:336$129.t4' from process `\aes_isa_ext.$proc$../rtl/core/aes_isa_ext.v:383$175'.
No latch inferred for signal `\aes_isa_ext.\gf_mul13$func$../rtl/core/aes_isa_ext.v:336$129.t8' from process `\aes_isa_ext.$proc$../rtl/core/aes_isa_ext.v:383$175'.
No latch inferred for signal `\aes_isa_ext.\xtime$func$../rtl/core/aes_isa_ext.v:79$130.$result' from process `\aes_isa_ext.$proc$../rtl/core/aes_isa_ext.v:383$175'.
No latch inferred for signal `\aes_isa_ext.\xtime$func$../rtl/core/aes_isa_ext.v:79$130.b' from process `\aes_isa_ext.$proc$../rtl/core/aes_isa_ext.v:383$175'.
No latch inferred for signal `\aes_isa_ext.\xtime$func$../rtl/core/aes_isa_ext.v:80$131.$result' from process `\aes_isa_ext.$proc$../rtl/core/aes_isa_ext.v:383$175'.
No latch inferred for signal `\aes_isa_ext.\xtime$func$../rtl/core/aes_isa_ext.v:80$131.b' from process `\aes_isa_ext.$proc$../rtl/core/aes_isa_ext.v:383$175'.
No latch inferred for signal `\aes_isa_ext.\xtime$func$../rtl/core/aes_isa_ext.v:81$132.$result' from process `\aes_isa_ext.$proc$../rtl/core/aes_isa_ext.v:383$175'.
No latch inferred for signal `\aes_isa_ext.\xtime$func$../rtl/core/aes_isa_ext.v:81$132.b' from process `\aes_isa_ext.$proc$../rtl/core/aes_isa_ext.v:383$175'.
No latch inferred for signal `\aes_isa_ext.\xtime$func$../rtl/core/aes_isa_ext.v:115$133.$result' from process `\aes_isa_ext.$proc$../rtl/core/aes_isa_ext.v:383$175'.
No latch inferred for signal `\aes_isa_ext.\xtime$func$../rtl/core/aes_isa_ext.v:115$133.b' from process `\aes_isa_ext.$proc$../rtl/core/aes_isa_ext.v:383$175'.
No latch inferred for signal `\aes_isa_ext.\xtime$func$../rtl/core/aes_isa_ext.v:116$134.$result' from process `\aes_isa_ext.$proc$../rtl/core/aes_isa_ext.v:383$175'.
No latch inferred for signal `\aes_isa_ext.\xtime$func$../rtl/core/aes_isa_ext.v:116$134.b' from process `\aes_isa_ext.$proc$../rtl/core/aes_isa_ext.v:383$175'.
No latch inferred for signal `\aes_isa_ext.\xtime$func$../rtl/core/aes_isa_ext.v:117$135.$result' from process `\aes_isa_ext.$proc$../rtl/core/aes_isa_ext.v:383$175'.
No latch inferred for signal `\aes_isa_ext.\xtime$func$../rtl/core/aes_isa_ext.v:117$135.b' from process `\aes_isa_ext.$proc$../rtl/core/aes_isa_ext.v:383$175'.
No latch inferred for signal `\aes_isa_ext.\xtime$func$../rtl/core/aes_isa_ext.v:91$136.$result' from process `\aes_isa_ext.$proc$../rtl/core/aes_isa_ext.v:383$175'.
No latch inferred for signal `\aes_isa_ext.\xtime$func$../rtl/core/aes_isa_ext.v:91$136.b' from process `\aes_isa_ext.$proc$../rtl/core/aes_isa_ext.v:383$175'.
No latch inferred for signal `\aes_isa_ext.\xtime$func$../rtl/core/aes_isa_ext.v:92$137.$result' from process `\aes_isa_ext.$proc$../rtl/core/aes_isa_ext.v:383$175'.
No latch inferred for signal `\aes_isa_ext.\xtime$func$../rtl/core/aes_isa_ext.v:92$137.b' from process `\aes_isa_ext.$proc$../rtl/core/aes_isa_ext.v:383$175'.
No latch inferred for signal `\aes_isa_ext.\xtime$func$../rtl/core/aes_isa_ext.v:93$138.$result' from process `\aes_isa_ext.$proc$../rtl/core/aes_isa_ext.v:383$175'.
No latch inferred for signal `\aes_isa_ext.\xtime$func$../rtl/core/aes_isa_ext.v:93$138.b' from process `\aes_isa_ext.$proc$../rtl/core/aes_isa_ext.v:383$175'.
No latch inferred for signal `\aes_isa_ext.\xtime$func$../rtl/core/aes_isa_ext.v:103$139.$result' from process `\aes_isa_ext.$proc$../rtl/core/aes_isa_ext.v:383$175'.
No latch inferred for signal `\aes_isa_ext.\xtime$func$../rtl/core/aes_isa_ext.v:103$139.b' from process `\aes_isa_ext.$proc$../rtl/core/aes_isa_ext.v:383$175'.
No latch inferred for signal `\aes_isa_ext.\xtime$func$../rtl/core/aes_isa_ext.v:104$140.$result' from process `\aes_isa_ext.$proc$../rtl/core/aes_isa_ext.v:383$175'.
No latch inferred for signal `\aes_isa_ext.\xtime$func$../rtl/core/aes_isa_ext.v:104$140.b' from process `\aes_isa_ext.$proc$../rtl/core/aes_isa_ext.v:383$175'.
No latch inferred for signal `\aes_isa_ext.\xtime$func$../rtl/core/aes_isa_ext.v:105$141.$result' from process `\aes_isa_ext.$proc$../rtl/core/aes_isa_ext.v:383$175'.
No latch inferred for signal `\aes_isa_ext.\xtime$func$../rtl/core/aes_isa_ext.v:105$141.b' from process `\aes_isa_ext.$proc$../rtl/core/aes_isa_ext.v:383$175'.
No latch inferred for signal `\aes_isa_ext.\gf_mul13$func$../rtl/core/aes_isa_ext.v:337$142.$result' from process `\aes_isa_ext.$proc$../rtl/core/aes_isa_ext.v:383$175'.
No latch inferred for signal `\aes_isa_ext.\gf_mul13$func$../rtl/core/aes_isa_ext.v:337$142.b' from process `\aes_isa_ext.$proc$../rtl/core/aes_isa_ext.v:383$175'.
No latch inferred for signal `\aes_isa_ext.\gf_mul13$func$../rtl/core/aes_isa_ext.v:337$142.t2' from process `\aes_isa_ext.$proc$../rtl/core/aes_isa_ext.v:383$175'.
No latch inferred for signal `\aes_isa_ext.\gf_mul13$func$../rtl/core/aes_isa_ext.v:337$142.t4' from process `\aes_isa_ext.$proc$../rtl/core/aes_isa_ext.v:383$175'.
No latch inferred for signal `\aes_isa_ext.\gf_mul13$func$../rtl/core/aes_isa_ext.v:337$142.t8' from process `\aes_isa_ext.$proc$../rtl/core/aes_isa_ext.v:383$175'.
No latch inferred for signal `\aes_isa_ext.\gf_mul9$func$../rtl/core/aes_isa_ext.v:337$143.$result' from process `\aes_isa_ext.$proc$../rtl/core/aes_isa_ext.v:383$175'.
No latch inferred for signal `\aes_isa_ext.\gf_mul9$func$../rtl/core/aes_isa_ext.v:337$143.b' from process `\aes_isa_ext.$proc$../rtl/core/aes_isa_ext.v:383$175'.
No latch inferred for signal `\aes_isa_ext.\gf_mul9$func$../rtl/core/aes_isa_ext.v:337$143.t2' from process `\aes_isa_ext.$proc$../rtl/core/aes_isa_ext.v:383$175'.
No latch inferred for signal `\aes_isa_ext.\gf_mul9$func$../rtl/core/aes_isa_ext.v:337$143.t4' from process `\aes_isa_ext.$proc$../rtl/core/aes_isa_ext.v:383$175'.
No latch inferred for signal `\aes_isa_ext.\gf_mul9$func$../rtl/core/aes_isa_ext.v:337$143.t8' from process `\aes_isa_ext.$proc$../rtl/core/aes_isa_ext.v:383$175'.
No latch inferred for signal `\aes_isa_ext.\gf_mul14$func$../rtl/core/aes_isa_ext.v:337$144.$result' from process `\aes_isa_ext.$proc$../rtl/core/aes_isa_ext.v:383$175'.
No latch inferred for signal `\aes_isa_ext.\gf_mul14$func$../rtl/core/aes_isa_ext.v:337$144.b' from process `\aes_isa_ext.$proc$../rtl/core/aes_isa_ext.v:383$175'.
No latch inferred for signal `\aes_isa_ext.\gf_mul14$func$../rtl/core/aes_isa_ext.v:337$144.t2' from process `\aes_isa_ext.$proc$../rtl/core/aes_isa_ext.v:383$175'.
No latch inferred for signal `\aes_isa_ext.\gf_mul14$func$../rtl/core/aes_isa_ext.v:337$144.t4' from process `\aes_isa_ext.$proc$../rtl/core/aes_isa_ext.v:383$175'.
No latch inferred for signal `\aes_isa_ext.\gf_mul14$func$../rtl/core/aes_isa_ext.v:337$144.t8' from process `\aes_isa_ext.$proc$../rtl/core/aes_isa_ext.v:383$175'.
No latch inferred for signal `\aes_isa_ext.\gf_mul11$func$../rtl/core/aes_isa_ext.v:337$145.$result' from process `\aes_isa_ext.$proc$../rtl/core/aes_isa_ext.v:383$175'.
No latch inferred for signal `\aes_isa_ext.\gf_mul11$func$../rtl/core/aes_isa_ext.v:337$145.b' from process `\aes_isa_ext.$proc$../rtl/core/aes_isa_ext.v:383$175'.
No latch inferred for signal `\aes_isa_ext.\gf_mul11$func$../rtl/core/aes_isa_ext.v:337$145.t2' from process `\aes_isa_ext.$proc$../rtl/core/aes_isa_ext.v:383$175'.
No latch inferred for signal `\aes_isa_ext.\gf_mul11$func$../rtl/core/aes_isa_ext.v:337$145.t4' from process `\aes_isa_ext.$proc$../rtl/core/aes_isa_ext.v:383$175'.
No latch inferred for signal `\aes_isa_ext.\gf_mul11$func$../rtl/core/aes_isa_ext.v:337$145.t8' from process `\aes_isa_ext.$proc$../rtl/core/aes_isa_ext.v:383$175'.
No latch inferred for signal `\aes_isa_ext.\xtime$func$../rtl/core/aes_isa_ext.v:103$146.$result' from process `\aes_isa_ext.$proc$../rtl/core/aes_isa_ext.v:383$175'.
No latch inferred for signal `\aes_isa_ext.\xtime$func$../rtl/core/aes_isa_ext.v:103$146.b' from process `\aes_isa_ext.$proc$../rtl/core/aes_isa_ext.v:383$175'.
No latch inferred for signal `\aes_isa_ext.\xtime$func$../rtl/core/aes_isa_ext.v:104$147.$result' from process `\aes_isa_ext.$proc$../rtl/core/aes_isa_ext.v:383$175'.
No latch inferred for signal `\aes_isa_ext.\xtime$func$../rtl/core/aes_isa_ext.v:104$147.b' from process `\aes_isa_ext.$proc$../rtl/core/aes_isa_ext.v:383$175'.
No latch inferred for signal `\aes_isa_ext.\xtime$func$../rtl/core/aes_isa_ext.v:105$148.$result' from process `\aes_isa_ext.$proc$../rtl/core/aes_isa_ext.v:383$175'.
No latch inferred for signal `\aes_isa_ext.\xtime$func$../rtl/core/aes_isa_ext.v:105$148.b' from process `\aes_isa_ext.$proc$../rtl/core/aes_isa_ext.v:383$175'.
No latch inferred for signal `\aes_isa_ext.\xtime$func$../rtl/core/aes_isa_ext.v:79$149.$result' from process `\aes_isa_ext.$proc$../rtl/core/aes_isa_ext.v:383$175'.
No latch inferred for signal `\aes_isa_ext.\xtime$func$../rtl/core/aes_isa_ext.v:79$149.b' from process `\aes_isa_ext.$proc$../rtl/core/aes_isa_ext.v:383$175'.
No latch inferred for signal `\aes_isa_ext.\xtime$func$../rtl/core/aes_isa_ext.v:80$150.$result' from process `\aes_isa_ext.$proc$../rtl/core/aes_isa_ext.v:383$175'.
No latch inferred for signal `\aes_isa_ext.\xtime$func$../rtl/core/aes_isa_ext.v:80$150.b' from process `\aes_isa_ext.$proc$../rtl/core/aes_isa_ext.v:383$175'.
No latch inferred for signal `\aes_isa_ext.\xtime$func$../rtl/core/aes_isa_ext.v:81$151.$result' from process `\aes_isa_ext.$proc$../rtl/core/aes_isa_ext.v:383$175'.
No latch inferred for signal `\aes_isa_ext.\xtime$func$../rtl/core/aes_isa_ext.v:81$151.b' from process `\aes_isa_ext.$proc$../rtl/core/aes_isa_ext.v:383$175'.
No latch inferred for signal `\aes_isa_ext.\xtime$func$../rtl/core/aes_isa_ext.v:115$152.$result' from process `\aes_isa_ext.$proc$../rtl/core/aes_isa_ext.v:383$175'.
No latch inferred for signal `\aes_isa_ext.\xtime$func$../rtl/core/aes_isa_ext.v:115$152.b' from process `\aes_isa_ext.$proc$../rtl/core/aes_isa_ext.v:383$175'.
No latch inferred for signal `\aes_isa_ext.\xtime$func$../rtl/core/aes_isa_ext.v:116$153.$result' from process `\aes_isa_ext.$proc$../rtl/core/aes_isa_ext.v:383$175'.
No latch inferred for signal `\aes_isa_ext.\xtime$func$../rtl/core/aes_isa_ext.v:116$153.b' from process `\aes_isa_ext.$proc$../rtl/core/aes_isa_ext.v:383$175'.
No latch inferred for signal `\aes_isa_ext.\xtime$func$../rtl/core/aes_isa_ext.v:117$154.$result' from process `\aes_isa_ext.$proc$../rtl/core/aes_isa_ext.v:383$175'.
No latch inferred for signal `\aes_isa_ext.\xtime$func$../rtl/core/aes_isa_ext.v:117$154.b' from process `\aes_isa_ext.$proc$../rtl/core/aes_isa_ext.v:383$175'.
No latch inferred for signal `\aes_isa_ext.\xtime$func$../rtl/core/aes_isa_ext.v:91$155.$result' from process `\aes_isa_ext.$proc$../rtl/core/aes_isa_ext.v:383$175'.
No latch inferred for signal `\aes_isa_ext.\xtime$func$../rtl/core/aes_isa_ext.v:91$155.b' from process `\aes_isa_ext.$proc$../rtl/core/aes_isa_ext.v:383$175'.
No latch inferred for signal `\aes_isa_ext.\xtime$func$../rtl/core/aes_isa_ext.v:92$156.$result' from process `\aes_isa_ext.$proc$../rtl/core/aes_isa_ext.v:383$175'.
No latch inferred for signal `\aes_isa_ext.\xtime$func$../rtl/core/aes_isa_ext.v:92$156.b' from process `\aes_isa_ext.$proc$../rtl/core/aes_isa_ext.v:383$175'.
No latch inferred for signal `\aes_isa_ext.\xtime$func$../rtl/core/aes_isa_ext.v:93$157.$result' from process `\aes_isa_ext.$proc$../rtl/core/aes_isa_ext.v:383$175'.
No latch inferred for signal `\aes_isa_ext.\xtime$func$../rtl/core/aes_isa_ext.v:93$157.b' from process `\aes_isa_ext.$proc$../rtl/core/aes_isa_ext.v:383$175'.
No latch inferred for signal `\aes_isa_ext.\gf_mul11$func$../rtl/core/aes_isa_ext.v:338$158.$result' from process `\aes_isa_ext.$proc$../rtl/core/aes_isa_ext.v:383$175'.
No latch inferred for signal `\aes_isa_ext.\gf_mul11$func$../rtl/core/aes_isa_ext.v:338$158.b' from process `\aes_isa_ext.$proc$../rtl/core/aes_isa_ext.v:383$175'.
No latch inferred for signal `\aes_isa_ext.\gf_mul11$func$../rtl/core/aes_isa_ext.v:338$158.t2' from process `\aes_isa_ext.$proc$../rtl/core/aes_isa_ext.v:383$175'.
No latch inferred for signal `\aes_isa_ext.\gf_mul11$func$../rtl/core/aes_isa_ext.v:338$158.t4' from process `\aes_isa_ext.$proc$../rtl/core/aes_isa_ext.v:383$175'.
No latch inferred for signal `\aes_isa_ext.\gf_mul11$func$../rtl/core/aes_isa_ext.v:338$158.t8' from process `\aes_isa_ext.$proc$../rtl/core/aes_isa_ext.v:383$175'.
No latch inferred for signal `\aes_isa_ext.\gf_mul13$func$../rtl/core/aes_isa_ext.v:338$159.$result' from process `\aes_isa_ext.$proc$../rtl/core/aes_isa_ext.v:383$175'.
No latch inferred for signal `\aes_isa_ext.\gf_mul13$func$../rtl/core/aes_isa_ext.v:338$159.b' from process `\aes_isa_ext.$proc$../rtl/core/aes_isa_ext.v:383$175'.
No latch inferred for signal `\aes_isa_ext.\gf_mul13$func$../rtl/core/aes_isa_ext.v:338$159.t2' from process `\aes_isa_ext.$proc$../rtl/core/aes_isa_ext.v:383$175'.
No latch inferred for signal `\aes_isa_ext.\gf_mul13$func$../rtl/core/aes_isa_ext.v:338$159.t4' from process `\aes_isa_ext.$proc$../rtl/core/aes_isa_ext.v:383$175'.
No latch inferred for signal `\aes_isa_ext.\gf_mul13$func$../rtl/core/aes_isa_ext.v:338$159.t8' from process `\aes_isa_ext.$proc$../rtl/core/aes_isa_ext.v:383$175'.
No latch inferred for signal `\aes_isa_ext.\gf_mul9$func$../rtl/core/aes_isa_ext.v:338$160.$result' from process `\aes_isa_ext.$proc$../rtl/core/aes_isa_ext.v:383$175'.
No latch inferred for signal `\aes_isa_ext.\gf_mul9$func$../rtl/core/aes_isa_ext.v:338$160.b' from process `\aes_isa_ext.$proc$../rtl/core/aes_isa_ext.v:383$175'.
No latch inferred for signal `\aes_isa_ext.\gf_mul9$func$../rtl/core/aes_isa_ext.v:338$160.t2' from process `\aes_isa_ext.$proc$../rtl/core/aes_isa_ext.v:383$175'.
No latch inferred for signal `\aes_isa_ext.\gf_mul9$func$../rtl/core/aes_isa_ext.v:338$160.t4' from process `\aes_isa_ext.$proc$../rtl/core/aes_isa_ext.v:383$175'.
No latch inferred for signal `\aes_isa_ext.\gf_mul9$func$../rtl/core/aes_isa_ext.v:338$160.t8' from process `\aes_isa_ext.$proc$../rtl/core/aes_isa_ext.v:383$175'.
No latch inferred for signal `\aes_isa_ext.\gf_mul14$func$../rtl/core/aes_isa_ext.v:338$161.$result' from process `\aes_isa_ext.$proc$../rtl/core/aes_isa_ext.v:383$175'.
No latch inferred for signal `\aes_isa_ext.\gf_mul14$func$../rtl/core/aes_isa_ext.v:338$161.b' from process `\aes_isa_ext.$proc$../rtl/core/aes_isa_ext.v:383$175'.
No latch inferred for signal `\aes_isa_ext.\gf_mul14$func$../rtl/core/aes_isa_ext.v:338$161.t2' from process `\aes_isa_ext.$proc$../rtl/core/aes_isa_ext.v:383$175'.
No latch inferred for signal `\aes_isa_ext.\gf_mul14$func$../rtl/core/aes_isa_ext.v:338$161.t4' from process `\aes_isa_ext.$proc$../rtl/core/aes_isa_ext.v:383$175'.
No latch inferred for signal `\aes_isa_ext.\gf_mul14$func$../rtl/core/aes_isa_ext.v:338$161.t8' from process `\aes_isa_ext.$proc$../rtl/core/aes_isa_ext.v:383$175'.
No latch inferred for signal `\aes_isa_ext.\xtime$func$../rtl/core/aes_isa_ext.v:91$162.$result' from process `\aes_isa_ext.$proc$../rtl/core/aes_isa_ext.v:383$175'.
No latch inferred for signal `\aes_isa_ext.\xtime$func$../rtl/core/aes_isa_ext.v:91$162.b' from process `\aes_isa_ext.$proc$../rtl/core/aes_isa_ext.v:383$175'.
No latch inferred for signal `\aes_isa_ext.\xtime$func$../rtl/core/aes_isa_ext.v:92$163.$result' from process `\aes_isa_ext.$proc$../rtl/core/aes_isa_ext.v:383$175'.
No latch inferred for signal `\aes_isa_ext.\xtime$func$../rtl/core/aes_isa_ext.v:92$163.b' from process `\aes_isa_ext.$proc$../rtl/core/aes_isa_ext.v:383$175'.
No latch inferred for signal `\aes_isa_ext.\xtime$func$../rtl/core/aes_isa_ext.v:93$164.$result' from process `\aes_isa_ext.$proc$../rtl/core/aes_isa_ext.v:383$175'.
No latch inferred for signal `\aes_isa_ext.\xtime$func$../rtl/core/aes_isa_ext.v:93$164.b' from process `\aes_isa_ext.$proc$../rtl/core/aes_isa_ext.v:383$175'.
No latch inferred for signal `\aes_isa_ext.\xtime$func$../rtl/core/aes_isa_ext.v:103$165.$result' from process `\aes_isa_ext.$proc$../rtl/core/aes_isa_ext.v:383$175'.
No latch inferred for signal `\aes_isa_ext.\xtime$func$../rtl/core/aes_isa_ext.v:103$165.b' from process `\aes_isa_ext.$proc$../rtl/core/aes_isa_ext.v:383$175'.
No latch inferred for signal `\aes_isa_ext.\xtime$func$../rtl/core/aes_isa_ext.v:104$166.$result' from process `\aes_isa_ext.$proc$../rtl/core/aes_isa_ext.v:383$175'.
No latch inferred for signal `\aes_isa_ext.\xtime$func$../rtl/core/aes_isa_ext.v:104$166.b' from process `\aes_isa_ext.$proc$../rtl/core/aes_isa_ext.v:383$175'.
No latch inferred for signal `\aes_isa_ext.\xtime$func$../rtl/core/aes_isa_ext.v:105$167.$result' from process `\aes_isa_ext.$proc$../rtl/core/aes_isa_ext.v:383$175'.
No latch inferred for signal `\aes_isa_ext.\xtime$func$../rtl/core/aes_isa_ext.v:105$167.b' from process `\aes_isa_ext.$proc$../rtl/core/aes_isa_ext.v:383$175'.
No latch inferred for signal `\aes_isa_ext.\xtime$func$../rtl/core/aes_isa_ext.v:79$168.$result' from process `\aes_isa_ext.$proc$../rtl/core/aes_isa_ext.v:383$175'.
No latch inferred for signal `\aes_isa_ext.\xtime$func$../rtl/core/aes_isa_ext.v:79$168.b' from process `\aes_isa_ext.$proc$../rtl/core/aes_isa_ext.v:383$175'.
No latch inferred for signal `\aes_isa_ext.\xtime$func$../rtl/core/aes_isa_ext.v:80$169.$result' from process `\aes_isa_ext.$proc$../rtl/core/aes_isa_ext.v:383$175'.
No latch inferred for signal `\aes_isa_ext.\xtime$func$../rtl/core/aes_isa_ext.v:80$169.b' from process `\aes_isa_ext.$proc$../rtl/core/aes_isa_ext.v:383$175'.
No latch inferred for signal `\aes_isa_ext.\xtime$func$../rtl/core/aes_isa_ext.v:81$170.$result' from process `\aes_isa_ext.$proc$../rtl/core/aes_isa_ext.v:383$175'.
No latch inferred for signal `\aes_isa_ext.\xtime$func$../rtl/core/aes_isa_ext.v:81$170.b' from process `\aes_isa_ext.$proc$../rtl/core/aes_isa_ext.v:383$175'.
No latch inferred for signal `\aes_isa_ext.\xtime$func$../rtl/core/aes_isa_ext.v:115$171.$result' from process `\aes_isa_ext.$proc$../rtl/core/aes_isa_ext.v:383$175'.
No latch inferred for signal `\aes_isa_ext.\xtime$func$../rtl/core/aes_isa_ext.v:115$171.b' from process `\aes_isa_ext.$proc$../rtl/core/aes_isa_ext.v:383$175'.
No latch inferred for signal `\aes_isa_ext.\xtime$func$../rtl/core/aes_isa_ext.v:116$172.$result' from process `\aes_isa_ext.$proc$../rtl/core/aes_isa_ext.v:383$175'.
No latch inferred for signal `\aes_isa_ext.\xtime$func$../rtl/core/aes_isa_ext.v:116$172.b' from process `\aes_isa_ext.$proc$../rtl/core/aes_isa_ext.v:383$175'.
No latch inferred for signal `\aes_isa_ext.\xtime$func$../rtl/core/aes_isa_ext.v:117$173.$result' from process `\aes_isa_ext.$proc$../rtl/core/aes_isa_ext.v:383$175'.
No latch inferred for signal `\aes_isa_ext.\xtime$func$../rtl/core/aes_isa_ext.v:117$173.b' from process `\aes_isa_ext.$proc$../rtl/core/aes_isa_ext.v:383$175'.
No latch inferred for signal `\aes_isa_ext.\rcon_byte$func$../rtl/core/aes_isa_ext.v:440$174.$result' from process `\aes_isa_ext.$proc$../rtl/core/aes_isa_ext.v:383$175'.
No latch inferred for signal `\aes_isa_ext.\rcon_byte$func$../rtl/core/aes_isa_ext.v:440$174.rnd' from process `\aes_isa_ext.$proc$../rtl/core/aes_isa_ext.v:383$175'.
Latch inferred for signal `\aes_isa_ext.$unnamed_block$1.tmp' from process `\aes_isa_ext.$proc$../rtl/core/aes_isa_ext.v:383$175': $auto$proc_dlatch.cc:432:proc_dlatch$5172

3.2.9. Executing PROC_DFF pass (convert process syncs to FFs).

3.2.10. Executing PROC_MEMWR pass (convert process memory writes to cells).

3.2.11. Executing PROC_CLEAN pass (remove empty switches from decision trees).
Found and cleaned up 11 empty switches in `\aes_isa_ext.$proc$../rtl/core/aes_isa_ext.v:383$175'.
Removing empty process `aes_isa_ext.$proc$../rtl/core/aes_isa_ext.v:383$175'.
Cleaned up 11 empty switches.

3.2.12. Executing OPT_EXPR pass (perform const folding).
Optimizing module aes_isa_ext.
<suppressed ~383 debug messages>

3.3. Executing OPT_EXPR pass (perform const folding).
Optimizing module aes_isa_ext.

3.4. Executing OPT_CLEAN pass (remove unused cells and wires).
Finding unused cells or wires in module \aes_isa_ext..
Removed 1175 unused cells and 3198 unused wires.
<suppressed ~1180 debug messages>

3.5. Executing CHECK pass (checking for obvious problems).
Checking module aes_isa_ext...
Found and reported 0 problems.

3.6. Executing OPT pass (performing simple optimizations).

3.6.1. Executing OPT_EXPR pass (perform const folding).
Optimizing module aes_isa_ext.

3.6.2. Executing OPT_MERGE pass (detect identical cells).
Finding identical cells in module `\aes_isa_ext'.
Computing hashes of 286 cells of `\aes_isa_ext'.
Finding duplicate cells in `\aes_isa_ext'.
Computing hashes of 211 cells of `\aes_isa_ext'.
Finding duplicate cells in `\aes_isa_ext'.
<suppressed ~225 debug messages>
Removed a total of 75 cells.

3.6.3. Executing OPT_MUXTREE pass (detect dead branches in mux trees).
Running muxtree optimizer on module \aes_isa_ext..
  Creating internal representation of mux trees.
  Evaluating internal representation of mux trees.
  Analyzing evaluation results.
    dead port 2/2 on $mux $procmux$1989.
    dead port 2/2 on $mux $procmux$1921.
    dead port 2/2 on $mux $procmux$1919.
    dead port 2/2 on $mux $procmux$1987.
    dead port 2/2 on $mux $procmux$2002.
    dead port 2/2 on $mux $procmux$1975.
    dead port 2/2 on $mux $procmux$1973.
    dead port 2/2 on $mux $procmux$1822.
    dead port 2/2 on $mux $procmux$1820.
    dead port 2/2 on $mux $procmux$1811.
    dead port 2/2 on $mux $procmux$1809.
    dead port 2/2 on $mux $procmux$1957.
    dead port 2/2 on $mux $procmux$1955.
    dead port 2/2 on $mux $procmux$1796.
    dead port 2/2 on $mux $procmux$1794.
    dead port 2/2 on $mux $procmux$1781.
    dead port 2/2 on $mux $procmux$1779.
    dead port 2/2 on $mux $procmux$1939.
    dead port 2/2 on $mux $procmux$1937.
    dead port 2/2 on $mux $procmux$1766.
    dead port 2/2 on $mux $procmux$1764.
    dead port 2/2 on $mux $procmux$1751.
    dead port 2/2 on $mux $procmux$1749.
Removed 23 multiplexer ports.
<suppressed ~174 debug messages>

3.6.4. Executing OPT_REDUCE pass (consolidate $*mux and $reduce_* inputs).
  Optimizing cells in module \aes_isa_ext.
    New ctrl vector for $pmux cell $procmux$1914: { $procmux$1970_CMP $auto$opt_reduce.cc:137:opt_pmux$5426 }
    New ctrl vector for $pmux cell $procmux$1932: { $procmux$1971_CMP $auto$opt_reduce.cc:137:opt_pmux$5428 }
    New ctrl vector for $pmux cell $procmux$1883: $auto$opt_reduce.cc:137:opt_pmux$5430
    New ctrl vector for $pmux cell $procmux$1866: $procmux$1969_CMP
    New ctrl vector for $pmux cell $procmux$1849: $procmux$1971_CMP
    New ctrl vector for $pmux cell $procmux$1968: { $procmux$1972_CMP $auto$opt_reduce.cc:137:opt_pmux$5432 }
    New ctrl vector for $pmux cell $procmux$1832: $procmux$1970_CMP
    New ctrl vector for $pmux cell $procmux$1804: { $procmux$1972_CMP $auto$opt_reduce.cc:137:opt_pmux$5434 }
    New ctrl vector for $pmux cell $procmux$1789: { $auto$opt_reduce.cc:137:opt_pmux$5436 $procmux$1969_CMP }
    New ctrl vector for $pmux cell $procmux$1950: { $auto$opt_reduce.cc:137:opt_pmux$5438 $procmux$1969_CMP }
    New ctrl vector for $pmux cell $procmux$1774: { $procmux$1971_CMP $auto$opt_reduce.cc:137:opt_pmux$5440 }
    New ctrl vector for $pmux cell $procmux$1759: { $procmux$1970_CMP $auto$opt_reduce.cc:137:opt_pmux$5442 }
  Optimizing cells in module \aes_isa_ext.
Performed a total of 12 changes.

3.6.5. Executing OPT_MERGE pass (detect identical cells).
Finding identical cells in module `\aes_isa_ext'.
Computing hashes of 197 cells of `\aes_isa_ext'.
Finding duplicate cells in `\aes_isa_ext'.
Computing hashes of 176 cells of `\aes_isa_ext'.
Finding duplicate cells in `\aes_isa_ext'.
Computing hashes of 164 cells of `\aes_isa_ext'.
Finding duplicate cells in `\aes_isa_ext'.
Computing hashes of 152 cells of `\aes_isa_ext'.
Finding duplicate cells in `\aes_isa_ext'.
Computing hashes of 140 cells of `\aes_isa_ext'.
Finding duplicate cells in `\aes_isa_ext'.
Computing hashes of 128 cells of `\aes_isa_ext'.
Finding duplicate cells in `\aes_isa_ext'.
Computing hashes of 124 cells of `\aes_isa_ext'.
Finding duplicate cells in `\aes_isa_ext'.
<suppressed ~219 debug messages>
Removed a total of 73 cells.

3.6.6. Executing OPT_DFF pass (perform DFF optimizations).

3.6.7. Executing OPT_CLEAN pass (remove unused cells and wires).
Finding unused cells or wires in module \aes_isa_ext..
Removed 0 unused cells and 195 unused wires.
<suppressed ~1 debug messages>

3.6.8. Executing OPT_EXPR pass (perform const folding).
Optimizing module aes_isa_ext.

3.6.9. Rerunning OPT passes. (Maybe there is more to do..)

3.6.10. Executing OPT_MUXTREE pass (detect dead branches in mux trees).
Running muxtree optimizer on module \aes_isa_ext..
  Creating internal representation of mux trees.
  Evaluating internal representation of mux trees.
  Analyzing evaluation results.
Removed 0 multiplexer ports.
<suppressed ~53 debug messages>

3.6.11. Executing OPT_REDUCE pass (consolidate $*mux and $reduce_* inputs).
  Optimizing cells in module \aes_isa_ext.
Performed a total of 0 changes.

3.6.12. Executing OPT_MERGE pass (detect identical cells).
Finding identical cells in module `\aes_isa_ext'.
Computing hashes of 124 cells of `\aes_isa_ext'.
Finding duplicate cells in `\aes_isa_ext'.
Removed a total of 0 cells.

3.6.13. Executing OPT_DFF pass (perform DFF optimizations).

3.6.14. Executing OPT_CLEAN pass (remove unused cells and wires).
Finding unused cells or wires in module \aes_isa_ext..

3.6.15. Executing OPT_EXPR pass (perform const folding).
Optimizing module aes_isa_ext.

3.6.16. Finished fast OPT passes. (There is nothing left to do.)

3.7. Executing FSM pass (extract and optimize FSM).

3.7.1. Executing FSM_DETECT pass (finding FSMs in design).

3.7.2. Executing FSM_EXTRACT pass (extracting FSM from design).

3.7.3. Executing FSM_OPT pass (simple optimizations of FSMs).

3.7.4. Executing OPT_CLEAN pass (remove unused cells and wires).
Finding unused cells or wires in module \aes_isa_ext..

3.7.5. Executing FSM_OPT pass (simple optimizations of FSMs).

3.7.6. Executing FSM_RECODE pass (re-assigning FSM state encoding).

3.7.7. Executing FSM_INFO pass (dumping all available information on FSM cells).

3.7.8. Executing FSM_MAP pass (mapping FSMs to basic logic).

3.8. Executing OPT pass (performing simple optimizations).

3.8.1. Executing OPT_EXPR pass (perform const folding).
Optimizing module aes_isa_ext.

3.8.2. Executing OPT_MERGE pass (detect identical cells).
Finding identical cells in module `\aes_isa_ext'.
Computing hashes of 124 cells of `\aes_isa_ext'.
Finding duplicate cells in `\aes_isa_ext'.
Removed a total of 0 cells.

3.8.3. Executing OPT_MUXTREE pass (detect dead branches in mux trees).
Running muxtree optimizer on module \aes_isa_ext..
  Creating internal representation of mux trees.
  Evaluating internal representation of mux trees.
  Analyzing evaluation results.
Removed 0 multiplexer ports.
<suppressed ~53 debug messages>

3.8.4. Executing OPT_REDUCE pass (consolidate $*mux and $reduce_* inputs).
  Optimizing cells in module \aes_isa_ext.
Performed a total of 0 changes.

3.8.5. Executing OPT_MERGE pass (detect identical cells).
Finding identical cells in module `\aes_isa_ext'.
Computing hashes of 124 cells of `\aes_isa_ext'.
Finding duplicate cells in `\aes_isa_ext'.
Removed a total of 0 cells.

3.8.6. Executing OPT_DFF pass (perform DFF optimizations).

3.8.7. Executing OPT_CLEAN pass (remove unused cells and wires).
Finding unused cells or wires in module \aes_isa_ext..

3.8.8. Executing OPT_EXPR pass (perform const folding).
Optimizing module aes_isa_ext.

3.8.9. Finished fast OPT passes. (There is nothing left to do.)

3.9. Executing WREDUCE pass (reducing word size of cells).
Removed top 24 address bits (of 32) from memory init port aes_isa_ext.$auto$mem.cc:351:emit$1733 ($auto$proc_rom.cc:155:do_switch$1731).
Removed top 24 address bits (of 32) from memory init port aes_isa_ext.$auto$mem.cc:351:emit$1737 ($auto$proc_rom.cc:155:do_switch$1735).
Removed top 24 address bits (of 32) from memory init port aes_isa_ext.$auto$mem.cc:351:emit$1741 ($auto$proc_rom.cc:155:do_switch$1739).
Removed top 28 address bits (of 32) from memory init port aes_isa_ext.$auto$mem.cc:351:emit$1745 ($auto$proc_rom.cc:155:do_switch$1743).
Removed top 3 bits (of 8) from mux cell aes_isa_ext.$ternary$../rtl/core/aes_isa_ext.v:54$1457 ($mux).
Removed top 3 bits (of 8) from mux cell aes_isa_ext.$ternary$../rtl/core/aes_isa_ext.v:54$1469 ($mux).
Removed top 3 bits (of 8) from mux cell aes_isa_ext.$ternary$../rtl/core/aes_isa_ext.v:54$1481 ($mux).
Removed top 3 bits (of 8) from mux cell aes_isa_ext.$ternary$../rtl/core/aes_isa_ext.v:54$1486 ($mux).
Removed top 3 bits (of 8) from mux cell aes_isa_ext.$ternary$../rtl/core/aes_isa_ext.v:54$1499 ($mux).
Removed top 3 bits (of 8) from mux cell aes_isa_ext.$ternary$../rtl/core/aes_isa_ext.v:54$1503 ($mux).
Removed top 3 bits (of 8) from mux cell aes_isa_ext.$ternary$../rtl/core/aes_isa_ext.v:54$1509 ($mux).
Removed top 3 bits (of 8) from mux cell aes_isa_ext.$ternary$../rtl/core/aes_isa_ext.v:54$1541 ($mux).
Removed top 3 bits (of 8) from mux cell aes_isa_ext.$ternary$../rtl/core/aes_isa_ext.v:54$1570 ($mux).
Removed top 3 bits (of 8) from mux cell aes_isa_ext.$ternary$../rtl/core/aes_isa_ext.v:54$1580 ($mux).
Removed top 3 bits (of 8) from mux cell aes_isa_ext.$ternary$../rtl/core/aes_isa_ext.v:54$1594 ($mux).
Removed top 3 bits (of 8) from mux cell aes_isa_ext.$ternary$../rtl/core/aes_isa_ext.v:54$1602 ($mux).
Removed top 3 bits (of 8) from mux cell aes_isa_ext.$ternary$../rtl/core/aes_isa_ext.v:54$1611 ($mux).
Removed top 3 bits (of 8) from mux cell aes_isa_ext.$ternary$../rtl/core/aes_isa_ext.v:54$1691 ($mux).
Removed top 3 bits (of 8) from mux cell aes_isa_ext.$ternary$../rtl/core/aes_isa_ext.v:54$1701 ($mux).
Removed top 3 bits (of 8) from mux cell aes_isa_ext.$ternary$../rtl/core/aes_isa_ext.v:54$1705 ($mux).
Removed top 1 bits (of 2) from port B of cell aes_isa_ext.$procmux$1971_CMP0 ($eq).
Removed top 3 bits (of 10) from port B of cell aes_isa_ext.$procmux$1994_CMP0 ($eq).
Removed top 4 bits (of 10) from port B of cell aes_isa_ext.$procmux$1995_CMP0 ($eq).
Removed top 4 bits (of 10) from port B of cell aes_isa_ext.$procmux$1996_CMP0 ($eq).
Removed top 4 bits (of 10) from port B of cell aes_isa_ext.$procmux$1997_CMP0 ($eq).
Removed top 4 bits (of 10) from port B of cell aes_isa_ext.$procmux$1998_CMP0 ($eq).
Removed top 5 bits (of 10) from port B of cell aes_isa_ext.$procmux$1999_CMP0 ($eq).
Removed top 6 bits (of 10) from port B of cell aes_isa_ext.$procmux$2000_CMP0 ($eq).

3.10. Executing PEEPOPT pass (run peephole optimizers).

3.11. Executing OPT_CLEAN pass (remove unused cells and wires).
Finding unused cells or wires in module \aes_isa_ext..
Removed 0 unused cells and 8 unused wires.
<suppressed ~1 debug messages>

3.12. Executing ALUMACC pass (create $alu and $macc cells).
Extracting $alu and $macc cells in module aes_isa_ext:
  created 0 $alu and 0 $macc cells.

3.13. Executing SHARE pass (SAT-based resource sharing).
Found 4 cells in module aes_isa_ext that may be considered for resource sharing.
  Analyzing resource sharing options for $auto$mem.cc:305:emit$1732 ($memrd_v2):
    Found 4 activation_patterns using ctrl signal { $procmux$1920_CMP $procmux$1763_CMP $procmux$1762_CMP $procmux$1761_CMP $procmux$1760_CMP \custom_valid }.
    No candidates found.
  Analyzing resource sharing options for $auto$mem.cc:305:emit$1744 ($memrd_v2):
    Found 1 activation_patterns using ctrl signal { $procmux$1750_CMP \custom_valid }.
    No candidates found.
  Analyzing resource sharing options for $auto$mem.cc:305:emit$1736 ($memrd_v2):
    Found 4 activation_patterns using ctrl signal { $procmux$2000_CMP $procmux$1762_CMP $procmux$1761_CMP $procmux$1760_CMP \custom_valid $auto$opt_reduce.cc:137:opt_pmux$5430 }.
    No candidates found.
  Analyzing resource sharing options for $auto$mem.cc:305:emit$1740 ($memrd_v2):
    Found 4 activation_patterns using ctrl signal { $procmux$1765_CMP $procmux$1763_CMP $procmux$1762_CMP $procmux$1761_CMP $procmux$1760_CMP \custom_valid }.
    No candidates found.

3.14. Executing OPT pass (performing simple optimizations).

3.14.1. Executing OPT_EXPR pass (perform const folding).
Optimizing module aes_isa_ext.

3.14.2. Executing OPT_MERGE pass (detect identical cells).
Finding identical cells in module `\aes_isa_ext'.
Computing hashes of 124 cells of `\aes_isa_ext'.
Finding duplicate cells in `\aes_isa_ext'.
Removed a total of 0 cells.

3.14.3. Executing OPT_MUXTREE pass (detect dead branches in mux trees).
Running muxtree optimizer on module \aes_isa_ext..
  Creating internal representation of mux trees.
  Evaluating internal representation of mux trees.
  Analyzing evaluation results.
Removed 0 multiplexer ports.
<suppressed ~53 debug messages>

3.14.4. Executing OPT_REDUCE pass (consolidate $*mux and $reduce_* inputs).
  Optimizing cells in module \aes_isa_ext.
Performed a total of 0 changes.

3.14.5. Executing OPT_MERGE pass (detect identical cells).
Finding identical cells in module `\aes_isa_ext'.
Computing hashes of 124 cells of `\aes_isa_ext'.
Finding duplicate cells in `\aes_isa_ext'.
Removed a total of 0 cells.

3.14.6. Executing OPT_DFF pass (perform DFF optimizations).

3.14.7. Executing OPT_CLEAN pass (remove unused cells and wires).
Finding unused cells or wires in module \aes_isa_ext..

3.14.8. Executing OPT_EXPR pass (perform const folding).
Optimizing module aes_isa_ext.

3.14.9. Finished fast OPT passes. (There is nothing left to do.)

3.15. Executing MEMORY pass.

3.15.1. Executing OPT_MEM pass (optimize memories).
Performed a total of 0 transformations.

3.15.2. Executing OPT_MEM_PRIORITY pass (removing unnecessary memory write priority relations).
Performed a total of 0 transformations.

3.15.3. Executing OPT_MEM_FEEDBACK pass (finding memory read-to-write feedback paths).

3.15.4. Executing MEMORY_BMUX2ROM pass (converting muxes to ROMs).

3.15.5. Executing MEMORY_DFF pass (merging $dff cells to $memrd).
Checking read port `$auto$proc_rom.cc:155:do_switch$1739'[0] in module `\aes_isa_ext': no output FF found.
Checking read port `$auto$proc_rom.cc:155:do_switch$1735'[0] in module `\aes_isa_ext': no output FF found.
Checking read port `$auto$proc_rom.cc:155:do_switch$1731'[0] in module `\aes_isa_ext': no output FF found.
Checking read port `$auto$proc_rom.cc:155:do_switch$1743'[0] in module `\aes_isa_ext': no output FF found.
Checking read port address `$auto$proc_rom.cc:155:do_switch$1739'[0] in module `\aes_isa_ext': no address FF found.
Checking read port address `$auto$proc_rom.cc:155:do_switch$1735'[0] in module `\aes_isa_ext': no address FF found.
Checking read port address `$auto$proc_rom.cc:155:do_switch$1731'[0] in module `\aes_isa_ext': no address FF found.
Checking read port address `$auto$proc_rom.cc:155:do_switch$1743'[0] in module `\aes_isa_ext': no address FF found.

3.15.6. Executing OPT_CLEAN pass (remove unused cells and wires).
Finding unused cells or wires in module \aes_isa_ext..

3.15.7. Executing MEMORY_SHARE pass (consolidating $memrd/$memwr cells).

3.15.8. Executing OPT_MEM_WIDEN pass (optimize memories where all ports are wide).
Performed a total of 0 transformations.

3.15.9. Executing OPT_CLEAN pass (remove unused cells and wires).
Finding unused cells or wires in module \aes_isa_ext..

3.15.10. Executing MEMORY_COLLECT pass (generating $mem cells).

3.16. Executing OPT_CLEAN pass (remove unused cells and wires).
Finding unused cells or wires in module \aes_isa_ext..

3.17. Executing OPT pass (performing simple optimizations).

3.17.1. Executing OPT_EXPR pass (perform const folding).
Optimizing module aes_isa_ext.
<suppressed ~105 debug messages>

3.17.2. Executing OPT_MERGE pass (detect identical cells).
Finding identical cells in module `\aes_isa_ext'.
Computing hashes of 120 cells of `\aes_isa_ext'.
Finding duplicate cells in `\aes_isa_ext'.
Removed a total of 0 cells.

3.17.3. Executing OPT_DFF pass (perform DFF optimizations).

3.17.4. Executing OPT_CLEAN pass (remove unused cells and wires).
Finding unused cells or wires in module \aes_isa_ext..
Removed 1 unused cells and 33 unused wires.
<suppressed ~2 debug messages>

3.17.5. Finished fast OPT passes.

3.18. Executing MEMORY_MAP pass (converting memories to logic and flip-flops).
Mapping memory $auto$proc_rom.cc:155:do_switch$1739 in module \aes_isa_ext:
  created 256 $dff cells and 0 static cells of width 8.
  read interface: 0 $dff and 255 $mux cells.
  write interface: 0 write mux blocks.
Mapping memory $auto$proc_rom.cc:155:do_switch$1735 in module \aes_isa_ext:
  created 256 $dff cells and 0 static cells of width 8.
  read interface: 0 $dff and 255 $mux cells.
  write interface: 0 write mux blocks.
Mapping memory $auto$proc_rom.cc:155:do_switch$1743 in module \aes_isa_ext:
  created 16 $dff cells and 0 static cells of width 8.
  read interface: 0 $dff and 15 $mux cells.
  write interface: 0 write mux blocks.
Mapping memory $auto$proc_rom.cc:155:do_switch$1731 in module \aes_isa_ext:
  created 256 $dff cells and 0 static cells of width 8.
  read interface: 0 $dff and 255 $mux cells.
  write interface: 0 write mux blocks.

3.19. Executing OPT pass (performing simple optimizations).

3.19.1. Executing OPT_EXPR pass (perform const folding).
Optimizing module aes_isa_ext.

3.19.2. Executing OPT_MERGE pass (detect identical cells).
Finding identical cells in module `\aes_isa_ext'.
Computing hashes of 895 cells of `\aes_isa_ext'.
Finding duplicate cells in `\aes_isa_ext'.
Removed a total of 0 cells.

3.19.3. Executing OPT_MUXTREE pass (detect dead branches in mux trees).
Running muxtree optimizer on module \aes_isa_ext..
  Creating internal representation of mux trees.
  Evaluating internal representation of mux trees.
  Analyzing evaluation results.
Removed 0 multiplexer ports.
<suppressed ~3896 debug messages>

3.19.4. Executing OPT_REDUCE pass (consolidate $*mux and $reduce_* inputs).
  Optimizing cells in module \aes_isa_ext.
    Consolidated identical input bits for $mux cell $memory$auto$proc_rom.cc:155:do_switch$1731$rdmux[0][7][126]$7849:
      Old ports: A=8'10110000, B=8'01010100, Y=$memory$auto$proc_rom.cc:155:do_switch$1731$rdmux[0][6][63]$a$7469
      New ports: A=2'10, B=2'01, Y={ $memory$auto$proc_rom.cc:155:do_switch$1731$rdmux[0][6][63]$a$7469 [5] $memory$auto$proc_rom.cc:155:do_switch$1731$rdmux[0][6][63]$a$7469 [2] }
      New connections: { $memory$auto$proc_rom.cc:155:do_switch$1731$rdmux[0][6][63]$a$7469 [7:6] $memory$auto$proc_rom.cc:155:do_switch$1731$rdmux[0][6][63]$a$7469 [4:3] $memory$auto$proc_rom.cc:155:do_switch$1731$rdmux[0][6][63]$a$7469 [1:0] } = { $memory$auto$proc_rom.cc:155:do_switch$1731$rdmux[0][6][63]$a$7469 [5] $memory$auto$proc_rom.cc:155:do_switch$1731$rdmux[0][6][63]$a$7469 [2] 4'1000 }
    Consolidated identical input bits for $mux cell $memory$auto$proc_rom.cc:155:do_switch$1731$rdmux[0][7][125]$7846:
      Old ports: A=8'00101101, B=8'00001111, Y=$memory$auto$proc_rom.cc:155:do_switch$1731$rdmux[0][6][62]$b$7467
      New ports: A=2'10, B=2'01, Y={ $memory$auto$proc_rom.cc:155:do_switch$1731$rdmux[0][6][62]$b$7467 [5] $memory$auto$proc_rom.cc:155:do_switch$1731$rdmux[0][6][62]$b$7467 [1] }
      New connections: { $memory$auto$proc_rom.cc:155:do_switch$1731$rdmux[0][6][62]$b$7467 [7:6] $memory$auto$proc_rom.cc:155:do_switch$1731$rdmux[0][6][62]$b$7467 [4:2] $memory$auto$proc_rom.cc:155:do_switch$1731$rdmux[0][6][62]$b$7467 [0] } = 6'000111
    Consolidated identical input bits for $mux cell $memory$auto$proc_rom.cc:155:do_switch$1731$rdmux[0][7][124]$7843:
      Old ports: A=8'01000001, B=8'10011001, Y=$memory$auto$proc_rom.cc:155:do_switch$1731$rdmux[0][6][62]$a$7466
      New ports: A=2'10, B=2'01, Y={ $memory$auto$proc_rom.cc:155:do_switch$1731$rdmux[0][6][62]$a$7466 [6] $memory$auto$proc_rom.cc:155:do_switch$1731$rdmux[0][6][62]$a$7466 [3] }
      New connections: { $memory$auto$proc_rom.cc:155:do_switch$1731$rdmux[0][6][62]$a$7466 [7] $memory$auto$proc_rom.cc:155:do_switch$1731$rdmux[0][6][62]$a$7466 [5:4] $memory$auto$proc_rom.cc:155:do_switch$1731$rdmux[0][6][62]$a$7466 [2:0] } = { $memory$auto$proc_rom.cc:155:do_switch$1731$rdmux[0][6][62]$a$7466 [3] 1'0 $memory$auto$proc_rom.cc:155:do_switch$1731$rdmux[0][6][62]$a$7466 [3] 3'001 }
    Consolidated identical input bits for $mux cell $memory$auto$proc_rom.cc:155:do_switch$1731$rdmux[0][7][123]$7840:
      Old ports: A=8'01000010, B=8'01101000, Y=$memory$auto$proc_rom.cc:155:do_switch$1731$rdmux[0][6][61]$b$7464
      New ports: A=2'01, B=2'10, Y={ $memory$auto$proc_rom.cc:155:do_switch$1731$rdmux[0][6][61]$b$7464 [3] $memory$auto$proc_rom.cc:155:do_switch$1731$rdmux[0][6][61]$b$7464 [1] }
      New connections: { $memory$auto$proc_rom.cc:155:do_switch$1731$rdmux[0][6][61]$b$7464 [7:4] $memory$auto$proc_rom.cc:155:do_switch$1731$rdmux[0][6][61]$b$7464 [2] $memory$auto$proc_rom.cc:155:do_switch$1731$rdmux[0][6][61]$b$7464 [0] } = { 2'01 $memory$auto$proc_rom.cc:155:do_switch$1731$rdmux[0][6][61]$b$7464 [3] 3'000 }
    Consolidated identical input bits for $mux cell $memory$auto$proc_rom.cc:155:do_switch$1731$rdmux[0][7][122]$7837:
      Old ports: A=8'10111111, B=8'11100110, Y=$memory$auto$proc_rom.cc:155:do_switch$1731$rdmux[0][6][61]$a$7463
      New ports: A=2'01, B=2'10, Y={ $memory$auto$proc_rom.cc:155:do_switch$1731$rdmux[0][6][61]$a$7463 [6] $memory$auto$proc_rom.cc:155:do_switch$1731$rdmux[0][6][61]$a$7463 [0] }
      New connections: { $memory$auto$proc_rom.cc:155:do_switch$1731$rdmux[0][6][61]$a$7463 [7] $memory$auto$proc_rom.cc:155:do_switch$1731$rdmux[0][6][61]$a$7463 [5:1] } = { 2'11 $memory$auto$proc_rom.cc:155:do_switch$1731$rdmux[0][6][61]$a$7463 [0] $memory$auto$proc_rom.cc:155:do_switch$1731$rdmux[0][6][61]$a$7463 [0] 2'11 }
    Consolidated identical input bits for $mux cell $memory$auto$proc_rom.cc:155:do_switch$1731$rdmux[0][7][121]$7834:
      Old ports: A=8'10001001, B=8'00001101, Y=$memory$auto$proc_rom.cc:155:do_switch$1731$rdmux[0][6][60]$b$7461
      New ports: A=2'10, B=2'01, Y={ $memory$auto$proc_rom.cc:155:do_switch$1731$rdmux[0][6][60]$b$7461 [7] $memory$auto$proc_rom.cc:155:do_switch$1731$rdmux[0][6][60]$b$7461 [2] }
      New connections: { $memory$auto$proc_rom.cc:155:do_switch$1731$rdmux[0][6][60]$b$7461 [6:3] $memory$auto$proc_rom.cc:155:do_switch$1731$rdmux[0][6][60]$b$7461 [1:0] } = 6'000101
    Consolidated identical input bits for $mux cell $memory$auto$proc_rom.cc:155:do_switch$1731$rdmux[0][7][120]$7831:
      Old ports: A=8'10001100, B=8'10100001, Y=$memory$auto$proc_rom.cc:155:do_switch$1731$rdmux[0][6][60]$a$7460
      New ports: A=2'10, B=2'01, Y={ $memory$auto$proc_rom.cc:155:do_switch$1731$rdmux[0][6][60]$a$7460 [2] $memory$auto$proc_rom.cc:155:do_switch$1731$rdmux[0][6][60]$a$7460 [0] }
      New connections: { $memory$auto$proc_rom.cc:155:do_switch$1731$rdmux[0][6][60]$a$7460 [7:3] $memory$auto$proc_rom.cc:155:do_switch$1731$rdmux[0][6][60]$a$7460 [1] } = { 2'10 $memory$auto$proc_rom.cc:155:do_switch$1731$rdmux[0][6][60]$a$7460 [0] 1'0 $memory$auto$proc_rom.cc:155:do_switch$1731$rdmux[0][6][60]$a$7460 [2] 1'0 }
    Consolidated identical input bits for $mux cell $memory$auto$proc_rom.cc:155:do_switch$1731$rdmux[0][7][119]$7828:
      Old ports: A=8'00101000, B=8'11011111, Y=$memory$auto$proc_rom.cc:155:do_switch$1731$rdmux[0][6][59]$b$7458
      New ports: A=2'10, B=2'01, Y={ $memory$auto$proc_rom.cc:155:do_switch$1731$rdmux[0][6][59]$b$7458 [5] $memory$auto$proc_rom.cc:155:do_switch$1731$rdmux[0][6][59]$b$7458 [0] }
      New connections: { $memory$auto$proc_rom.cc:155:do_switch$1731$rdmux[0][6][59]$b$7458 [7:6] $memory$auto$proc_rom.cc:155:do_switch$1731$rdmux[0][6][59]$b$7458 [4:1] } = { $memory$auto$proc_rom.cc:155:do_switch$1731$rdmux[0][6][59]$b$7458 [0] $memory$auto$proc_rom.cc:155:do_switch$1731$rdmux[0][6][59]$b$7458 [0] $memory$auto$proc_rom.cc:155:do_switch$1731$rdmux[0][6][59]$b$7458 [0] 1'1 $memory$auto$proc_rom.cc:155:do_switch$1731$rdmux[0][6][59]$b$7458 [0] $memory$auto$proc_rom.cc:155:do_switch$1731$rdmux[0][6][59]$b$7458 [0] }
    Consolidated identical input bits for $mux cell $memory$auto$proc_rom.cc:155:do_switch$1731$rdmux[0][7][118]$7825:
      Old ports: A=8'11001110, B=8'01010101, Y=$memory$auto$proc_rom.cc:155:do_switch$1731$rdmux[0][6][59]$a$7457
      New ports: A=2'10, B=2'01, Y=$memory$auto$proc_rom.cc:155:do_switch$1731$rdmux[0][6][59]$a$7457 [1:0]
      New connections: $memory$auto$proc_rom.cc:155:do_switch$1731$rdmux[0][6][59]$a$7457 [7:2] = { $memory$auto$proc_rom.cc:155:do_switch$1731$rdmux[0][6][59]$a$7457 [1] 2'10 $memory$auto$proc_rom.cc:155:do_switch$1731$rdmux[0][6][59]$a$7457 [0] $memory$auto$proc_rom.cc:155:do_switch$1731$rdmux[0][6][59]$a$7457 [1] 1'1 }
    Consolidated identical input bits for $mux cell $memory$auto$proc_rom.cc:155:do_switch$1731$rdmux[0][7][117]$7822:
      Old ports: A=8'10000111, B=8'11101001, Y=$memory$auto$proc_rom.cc:155:do_switch$1731$rdmux[0][6][58]$b$7455
      New ports: A=2'01, B=2'10, Y={ $memory$auto$proc_rom.cc:155:do_switch$1731$rdmux[0][6][58]$b$7455 [3] $memory$auto$proc_rom.cc:155:do_switch$1731$rdmux[0][6][58]$b$7455 [1] }
      New connections: { $memory$auto$proc_rom.cc:155:do_switch$1731$rdmux[0][6][58]$b$7455 [7:4] $memory$auto$proc_rom.cc:155:do_switch$1731$rdmux[0][6][58]$b$7455 [2] $memory$auto$proc_rom.cc:155:do_switch$1731$rdmux[0][6][58]$b$7455 [0] } = { 1'1 $memory$auto$proc_rom.cc:155:do_switch$1731$rdmux[0][6][58]$b$7455 [3] $memory$auto$proc_rom.cc:155:do_switch$1731$rdmux[0][6][58]$b$7455 [3] 1'0 $memory$auto$proc_rom.cc:155:do_switch$1731$rdmux[0][6][58]$b$7455 [1] 1'1 }
    Consolidated identical input bits for $mux cell $memory$auto$proc_rom.cc:155:do_switch$1731$rdmux[0][7][116]$7819:
      Old ports: A=8'10011011, B=8'00011110, Y=$memory$auto$proc_rom.cc:155:do_switch$1731$rdmux[0][6][58]$a$7454
      New ports: A=2'01, B=2'10, Y={ $memory$auto$proc_rom.cc:155:do_switch$1731$rdmux[0][6][58]$a$7454 [2] $memory$auto$proc_rom.cc:155:do_switch$1731$rdmux[0][6][58]$a$7454 [0] }
      New connections: { $memory$auto$proc_rom.cc:155:do_switch$1731$rdmux[0][6][58]$a$7454 [7:3] $memory$auto$proc_rom.cc:155:do_switch$1731$rdmux[0][6][58]$a$7454 [1] } = { $memory$auto$proc_rom.cc:155:do_switch$1731$rdmux[0][6][58]$a$7454 [0] 5'00111 }
    Consolidated identical input bits for $mux cell $memory$auto$proc_rom.cc:155:do_switch$1731$rdmux[0][7][115]$7816:
      Old ports: A=8'10001110, B=8'10010100, Y=$memory$auto$proc_rom.cc:155:do_switch$1731$rdmux[0][6][57]$b$7452
      New ports: A=2'01, B=2'10, Y={ $memory$auto$proc_rom.cc:155:do_switch$1731$rdmux[0][6][57]$b$7452 [4] $memory$auto$proc_rom.cc:155:do_switch$1731$rdmux[0][6][57]$b$7452 [1] }
      New connections: { $memory$auto$proc_rom.cc:155:do_switch$1731$rdmux[0][6][57]$b$7452 [7:5] $memory$auto$proc_rom.cc:155:do_switch$1731$rdmux[0][6][57]$b$7452 [3:2] $memory$auto$proc_rom.cc:155:do_switch$1731$rdmux[0][6][57]$b$7452 [0] } = { 3'100 $memory$auto$proc_rom.cc:155:do_switch$1731$rdmux[0][6][57]$b$7452 [1] 2'10 }
    Consolidated identical input bits for $mux cell $memory$auto$proc_rom.cc:155:do_switch$1731$rdmux[0][7][114]$7813:
      Old ports: A=8'01101001, B=8'11011001, Y=$memory$auto$proc_rom.cc:155:do_switch$1731$rdmux[0][6][57]$a$7451
      New ports: A=2'10, B=2'01, Y=$memory$auto$proc_rom.cc:155:do_switch$1731$rdmux[0][6][57]$a$7451 [5:4]
      New connections: { $memory$auto$proc_rom.cc:155:do_switch$1731$rdmux[0][6][57]$a$7451 [7:6] $memory$auto$proc_rom.cc:155:do_switch$1731$rdmux[0][6][57]$a$7451 [3:0] } = { $memory$auto$proc_rom.cc:155:do_switch$1731$rdmux[0][6][57]$a$7451 [4] 5'11001 }
    Consolidated identical input bits for $mux cell $memory$auto$proc_rom.cc:155:do_switch$1731$rdmux[0][7][113]$7810:
      Old ports: A=8'10011000, B=8'00010001, Y=$memory$auto$proc_rom.cc:155:do_switch$1731$rdmux[0][6][56]$b$7449
      New ports: A=2'10, B=2'01, Y={ $memory$auto$proc_rom.cc:155:do_switch$1731$rdmux[0][6][56]$b$7449 [3] $memory$auto$proc_rom.cc:155:do_switch$1731$rdmux[0][6][56]$b$7449 [0] }
      New connections: { $memory$auto$proc_rom.cc:155:do_switch$1731$rdmux[0][6][56]$b$7449 [7:4] $memory$auto$proc_rom.cc:155:do_switch$1731$rdmux[0][6][56]$b$7449 [2:1] } = { $memory$auto$proc_rom.cc:155:do_switch$1731$rdmux[0][6][56]$b$7449 [3] 5'00100 }
    Consolidated identical input bits for $mux cell $memory$auto$proc_rom.cc:155:do_switch$1731$rdmux[0][7][112]$7807:
      Old ports: A=8'11100001, B=8'11111000, Y=$memory$auto$proc_rom.cc:155:do_switch$1731$rdmux[0][6][56]$a$7448
      New ports: A=2'01, B=2'10, Y={ $memory$auto$proc_rom.cc:155:do_switch$1731$rdmux[0][6][56]$a$7448 [3] $memory$auto$proc_rom.cc:155:do_switch$1731$rdmux[0][6][56]$a$7448 [0] }
      New connections: { $memory$auto$proc_rom.cc:155:do_switch$1731$rdmux[0][6][56]$a$7448 [7:4] $memory$auto$proc_rom.cc:155:do_switch$1731$rdmux[0][6][56]$a$7448 [2:1] } = { 3'111 $memory$auto$proc_rom.cc:155:do_switch$1731$rdmux[0][6][56]$a$7448 [3] 2'00 }
    Consolidated identical input bits for $mux cell $memory$auto$proc_rom.cc:155:do_switch$1731$rdmux[0][7][111]$7804:
      Old ports: A=8'00011101, B=8'10011110, Y=$memory$auto$proc_rom.cc:155:do_switch$1731$rdmux[0][6][55]$b$7446
      New ports: A=2'01, B=2'10, Y=$memory$auto$proc_rom.cc:155:do_switch$1731$rdmux[0][6][55]$b$7446 [1:0]
      New connections: $memory$auto$proc_rom.cc:155:do_switch$1731$rdmux[0][6][55]$b$7446 [7:2] = { $memory$auto$proc_rom.cc:155:do_switch$1731$rdmux[0][6][55]$b$7446 [1] 5'00111 }
    Consolidated identical input bits for $mux cell $memory$auto$proc_rom.cc:155:do_switch$1731$rdmux[0][7][110]$7801:
      Old ports: A=8'10000110, B=8'11000001, Y=$memory$auto$proc_rom.cc:155:do_switch$1731$rdmux[0][6][55]$a$7445
      New ports: A=2'10, B=2'01, Y=$memory$auto$proc_rom.cc:155:do_switch$1731$rdmux[0][6][55]$a$7445 [1:0]
      New connections: $memory$auto$proc_rom.cc:155:do_switch$1731$rdmux[0][6][55]$a$7445 [7:2] = { 1'1 $memory$auto$proc_rom.cc:155:do_switch$1731$rdmux[0][6][55]$a$7445 [0] 3'000 $memory$auto$proc_rom.cc:155:do_switch$1731$rdmux[0][6][55]$a$7445 [1] }
    Consolidated identical input bits for $mux cell $memory$auto$proc_rom.cc:155:do_switch$1731$rdmux[0][7][109]$7798:
      Old ports: A=8'01010111, B=8'10111001, Y=$memory$auto$proc_rom.cc:155:do_switch$1731$rdmux[0][6][54]$b$7443
      New ports: A=2'01, B=2'10, Y={ $memory$auto$proc_rom.cc:155:do_switch$1731$rdmux[0][6][54]$b$7443 [3] $memory$auto$proc_rom.cc:155:do_switch$1731$rdmux[0][6][54]$b$7443 [1] }
      New connections: { $memory$auto$proc_rom.cc:155:do_switch$1731$rdmux[0][6][54]$b$7443 [7:4] $memory$auto$proc_rom.cc:155:do_switch$1731$rdmux[0][6][54]$b$7443 [2] $memory$auto$proc_rom.cc:155:do_switch$1731$rdmux[0][6][54]$b$7443 [0] } = { $memory$auto$proc_rom.cc:155:do_switch$1731$rdmux[0][6][54]$b$7443 [3] $memory$auto$proc_rom.cc:155:do_switch$1731$rdmux[0][6][54]$b$7443 [1] $memory$auto$proc_rom.cc:155:do_switch$1731$rdmux[0][6][54]$b$7443 [3] 1'1 $memory$auto$proc_rom.cc:155:do_switch$1731$rdmux[0][6][54]$b$7443 [1] 1'1 }
    Consolidated identical input bits for $mux cell $memory$auto$proc_rom.cc:155:do_switch$1731$rdmux[0][7][108]$7795:
      Old ports: A=8'01100001, B=8'00110101, Y=$memory$auto$proc_rom.cc:155:do_switch$1731$rdmux[0][6][54]$a$7442
      New ports: A=2'10, B=2'01, Y={ $memory$auto$proc_rom.cc:155:do_switch$1731$rdmux[0][6][54]$a$7442 [6] $memory$auto$proc_rom.cc:155:do_switch$1731$rdmux[0][6][54]$a$7442 [2] }
      New connections: { $memory$auto$proc_rom.cc:155:do_switch$1731$rdmux[0][6][54]$a$7442 [7] $memory$auto$proc_rom.cc:155:do_switch$1731$rdmux[0][6][54]$a$7442 [5:3] $memory$auto$proc_rom.cc:155:do_switch$1731$rdmux[0][6][54]$a$7442 [1:0] } = { 2'01 $memory$auto$proc_rom.cc:155:do_switch$1731$rdmux[0][6][54]$a$7442 [2] 3'001 }
    Consolidated identical input bits for $mux cell $memory$auto$proc_rom.cc:155:do_switch$1731$rdmux[0][7][107]$7792:
      Old ports: A=8'11110110, B=8'00001110, Y=$memory$auto$proc_rom.cc:155:do_switch$1731$rdmux[0][6][53]$b$7440
      New ports: A=2'10, B=2'01, Y=$memory$auto$proc_rom.cc:155:do_switch$1731$rdmux[0][6][53]$b$7440 [4:3]
      New connections: { $memory$auto$proc_rom.cc:155:do_switch$1731$rdmux[0][6][53]$b$7440 [7:5] $memory$auto$proc_rom.cc:155:do_switch$1731$rdmux[0][6][53]$b$7440 [2:0] } = { $memory$auto$proc_rom.cc:155:do_switch$1731$rdmux[0][6][53]$b$7440 [4] $memory$auto$proc_rom.cc:155:do_switch$1731$rdmux[0][6][53]$b$7440 [4] $memory$auto$proc_rom.cc:155:do_switch$1731$rdmux[0][6][53]$b$7440 [4] 3'110 }
    Consolidated identical input bits for $mux cell $memory$auto$proc_rom.cc:155:do_switch$1731$rdmux[0][7][106]$7789:
      Old ports: A=8'01001000, B=8'00000011, Y=$memory$auto$proc_rom.cc:155:do_switch$1731$rdmux[0][6][53]$a$7439
      New ports: A=2'10, B=2'01, Y={ $memory$auto$proc_rom.cc:155:do_switch$1731$rdmux[0][6][53]$a$7439 [3] $memory$auto$proc_rom.cc:155:do_switch$1731$rdmux[0][6][53]$a$7439 [0] }
      New connections: { $memory$auto$proc_rom.cc:155:do_switch$1731$rdmux[0][6][53]$a$7439 [7:4] $memory$auto$proc_rom.cc:155:do_switch$1731$rdmux[0][6][53]$a$7439 [2:1] } = { 1'0 $memory$auto$proc_rom.cc:155:do_switch$1731$rdmux[0][6][53]$a$7439 [3] 3'000 $memory$auto$proc_rom.cc:155:do_switch$1731$rdmux[0][6][53]$a$7439 [0] }
    Consolidated identical input bits for $mux cell $memory$auto$proc_rom.cc:155:do_switch$1731$rdmux[0][7][105]$7786:
      Old ports: A=8'10110101, B=8'01100110, Y=$memory$auto$proc_rom.cc:155:do_switch$1731$rdmux[0][6][52]$b$7437
      New ports: A=2'01, B=2'10, Y=$memory$auto$proc_rom.cc:155:do_switch$1731$rdmux[0][6][52]$b$7437 [1:0]
      New connections: $memory$auto$proc_rom.cc:155:do_switch$1731$rdmux[0][6][52]$b$7437 [7:2] = { $memory$auto$proc_rom.cc:155:do_switch$1731$rdmux[0][6][52]$b$7437 [0] $memory$auto$proc_rom.cc:155:do_switch$1731$rdmux[0][6][52]$b$7437 [1] 1'1 $memory$auto$proc_rom.cc:155:do_switch$1731$rdmux[0][6][52]$b$7437 [0] 2'01 }
    Consolidated identical input bits for $mux cell $memory$auto$proc_rom.cc:155:do_switch$1731$rdmux[0][7][104]$7783:
      Old ports: A=8'01110000, B=8'00111110, Y=$memory$auto$proc_rom.cc:155:do_switch$1731$rdmux[0][6][52]$a$7436
      New ports: A=2'10, B=2'01, Y={ $memory$auto$proc_rom.cc:155:do_switch$1731$rdmux[0][6][52]$a$7436 [6] $memory$auto$proc_rom.cc:155:do_switch$1731$rdmux[0][6][52]$a$7436 [1] }
      New connections: { $memory$auto$proc_rom.cc:155:do_switch$1731$rdmux[0][6][52]$a$7436 [7] $memory$auto$proc_rom.cc:155:do_switch$1731$rdmux[0][6][52]$a$7436 [5:2] $memory$auto$proc_rom.cc:155:do_switch$1731$rdmux[0][6][52]$a$7436 [0] } = { 3'011 $memory$auto$proc_rom.cc:155:do_switch$1731$rdmux[0][6][52]$a$7436 [1] $memory$auto$proc_rom.cc:155:do_switch$1731$rdmux[0][6][52]$a$7436 [1] 1'0 }
    Consolidated identical input bits for $mux cell $memory$auto$proc_rom.cc:155:do_switch$1731$rdmux[0][7][103]$7780:
      Old ports: A=8'10001011, B=8'10001010, Y=$memory$auto$proc_rom.cc:155:do_switch$1731$rdmux[0][6][51]$b$7434
      New ports: A=1'1, B=1'0, Y=$memory$auto$proc_rom.cc:155:do_switch$1731$rdmux[0][6][51]$b$7434 [0]
      New connections: $memory$auto$proc_rom.cc:155:do_switch$1731$rdmux[0][6][51]$b$7434 [7:1] = 7'1000101
    Consolidated identical input bits for $mux cell $memory$auto$proc_rom.cc:155:do_switch$1731$rdmux[0][7][102]$7777:
      Old ports: A=8'01001011, B=8'10111101, Y=$memory$auto$proc_rom.cc:155:do_switch$1731$rdmux[0][6][51]$a$7433
      New ports: A=2'01, B=2'10, Y=$memory$auto$proc_rom.cc:155:do_switch$1731$rdmux[0][6][51]$a$7433 [2:1]
      New connections: { $memory$auto$proc_rom.cc:155:do_switch$1731$rdmux[0][6][51]$a$7433 [7:3] $memory$auto$proc_rom.cc:155:do_switch$1731$rdmux[0][6][51]$a$7433 [0] } = { $memory$auto$proc_rom.cc:155:do_switch$1731$rdmux[0][6][51]$a$7433 [2:1] $memory$auto$proc_rom.cc:155:do_switch$1731$rdmux[0][6][51]$a$7433 [2] $memory$auto$proc_rom.cc:155:do_switch$1731$rdmux[0][6][51]$a$7433 [2] 2'11 }
    Consolidated identical input bits for $mux cell $memory$auto$proc_rom.cc:155:do_switch$1731$rdmux[0][7][101]$7774:
      Old ports: A=8'01110100, B=8'00011111, Y=$memory$auto$proc_rom.cc:155:do_switch$1731$rdmux[0][6][50]$b$7431
      New ports: A=2'10, B=2'01, Y={ $memory$auto$proc_rom.cc:155:do_switch$1731$rdmux[0][6][50]$b$7431 [5] $memory$auto$proc_rom.cc:155:do_switch$1731$rdmux[0][6][50]$b$7431 [0] }
      New connections: { $memory$auto$proc_rom.cc:155:do_switch$1731$rdmux[0][6][50]$b$7431 [7:6] $memory$auto$proc_rom.cc:155:do_switch$1731$rdmux[0][6][50]$b$7431 [4:1] } = { 1'0 $memory$auto$proc_rom.cc:155:do_switch$1731$rdmux[0][6][50]$b$7431 [5] 1'1 $memory$auto$proc_rom.cc:155:do_switch$1731$rdmux[0][6][50]$b$7431 [0] 1'1 $memory$auto$proc_rom.cc:155:do_switch$1731$rdmux[0][6][50]$b$7431 [0] }
    Consolidated identical input bits for $mux cell $memory$auto$proc_rom.cc:155:do_switch$1731$rdmux[0][7][100]$7771:
      Old ports: A=8'11101000, B=8'11011101, Y=$memory$auto$proc_rom.cc:155:do_switch$1731$rdmux[0][6][50]$a$7430
      New ports: A=2'10, B=2'01, Y={ $memory$auto$proc_rom.cc:155:do_switch$1731$rdmux[0][6][50]$a$7430 [5] $memory$auto$proc_rom.cc:155:do_switch$1731$rdmux[0][6][50]$a$7430 [0] }
      New connections: { $memory$auto$proc_rom.cc:155:do_switch$1731$rdmux[0][6][50]$a$7430 [7:6] $memory$auto$proc_rom.cc:155:do_switch$1731$rdmux[0][6][50]$a$7430 [4:1] } = { 2'11 $memory$auto$proc_rom.cc:155:do_switch$1731$rdmux[0][6][50]$a$7430 [0] 1'1 $memory$auto$proc_rom.cc:155:do_switch$1731$rdmux[0][6][50]$a$7430 [0] 1'0 }
    Consolidated identical input bits for $mux cell $memory$auto$proc_rom.cc:155:do_switch$1731$rdmux[0][7][99]$7768:
      Old ports: A=8'10110100, B=8'11000110, Y=$memory$auto$proc_rom.cc:155:do_switch$1731$rdmux[0][6][49]$b$7428
      New ports: A=2'10, B=2'01, Y={ $memory$auto$proc_rom.cc:155:do_switch$1731$rdmux[0][6][49]$b$7428 [4] $memory$auto$proc_rom.cc:155:do_switch$1731$rdmux[0][6][49]$b$7428 [1] }
      New connections: { $memory$auto$proc_rom.cc:155:do_switch$1731$rdmux[0][6][49]$b$7428 [7:5] $memory$auto$proc_rom.cc:155:do_switch$1731$rdmux[0][6][49]$b$7428 [3:2] $memory$auto$proc_rom.cc:155:do_switch$1731$rdmux[0][6][49]$b$7428 [0] } = { 1'1 $memory$auto$proc_rom.cc:155:do_switch$1731$rdmux[0][6][49]$b$7428 [1] $memory$auto$proc_rom.cc:155:do_switch$1731$rdmux[0][6][49]$b$7428 [4] 3'010 }
    Consolidated identical input bits for $mux cell $memory$auto$proc_rom.cc:155:do_switch$1731$rdmux[0][7][98]$7765:
      Old ports: A=8'00011100, B=8'10100110, Y=$memory$auto$proc_rom.cc:155:do_switch$1731$rdmux[0][6][49]$a$7427
      New ports: A=2'10, B=2'01, Y={ $memory$auto$proc_rom.cc:155:do_switch$1731$rdmux[0][6][49]$a$7427 [3] $memory$auto$proc_rom.cc:155:do_switch$1731$rdmux[0][6][49]$a$7427 [1] }
      New connections: { $memory$auto$proc_rom.cc:155:do_switch$1731$rdmux[0][6][49]$a$7427 [7:4] $memory$auto$proc_rom.cc:155:do_switch$1731$rdmux[0][6][49]$a$7427 [2] $memory$auto$proc_rom.cc:155:do_switch$1731$rdmux[0][6][49]$a$7427 [0] } = { $memory$auto$proc_rom.cc:155:do_switch$1731$rdmux[0][6][49]$a$7427 [1] 1'0 $memory$auto$proc_rom.cc:155:do_switch$1731$rdmux[0][6][49]$a$7427 [1] $memory$auto$proc_rom.cc:155:do_switch$1731$rdmux[0][6][49]$a$7427 [3] 2'10 }
    Consolidated identical input bits for $mux cell $memory$auto$proc_rom.cc:155:do_switch$1731$rdmux[0][7][97]$7762:
      Old ports: A=8'00100101, B=8'00101110, Y=$memory$auto$proc_rom.cc:155:do_switch$1731$rdmux[0][6][48]$b$7425
      New ports: A=2'01, B=2'10, Y=$memory$auto$proc_rom.cc:155:do_switch$1731$rdmux[0][6][48]$b$7425 [1:0]
      New connections: $memory$auto$proc_rom.cc:155:do_switch$1731$rdmux[0][6][48]$b$7425 [7:2] = { 4'0010 $memory$auto$proc_rom.cc:155:do_switch$1731$rdmux[0][6][48]$b$7425 [1] 1'1 }
    Consolidated identical input bits for $mux cell $memory$auto$proc_rom.cc:155:do_switch$1731$rdmux[0][7][96]$7759:
      Old ports: A=8'10111010, B=8'01111000, Y=$memory$auto$proc_rom.cc:155:do_switch$1731$rdmux[0][6][48]$a$7424
      New ports: A=2'01, B=2'10, Y={ $memory$auto$proc_rom.cc:155:do_switch$1731$rdmux[0][6][48]$a$7424 [6] $memory$auto$proc_rom.cc:155:do_switch$1731$rdmux[0][6][48]$a$7424 [1] }
      New connections: { $memory$auto$proc_rom.cc:155:do_switch$1731$rdmux[0][6][48]$a$7424 [7] $memory$auto$proc_rom.cc:155:do_switch$1731$rdmux[0][6][48]$a$7424 [5:2] $memory$auto$proc_rom.cc:155:do_switch$1731$rdmux[0][6][48]$a$7424 [0] } = { $memory$auto$proc_rom.cc:155:do_switch$1731$rdmux[0][6][48]$a$7424 [1] 5'11100 }
    Consolidated identical input bits for $mux cell $memory$auto$proc_rom.cc:155:do_switch$1731$rdmux[0][7][95]$7756:
      Old ports: A=8'10101110, B=8'00001000, Y=$memory$auto$proc_rom.cc:155:do_switch$1731$rdmux[0][6][47]$b$7422
      New ports: A=1'1, B=1'0, Y=$memory$auto$proc_rom.cc:155:do_switch$1731$rdmux[0][6][47]$b$7422 [1]
      New connections: { $memory$auto$proc_rom.cc:155:do_switch$1731$rdmux[0][6][47]$b$7422 [7:2] $memory$auto$proc_rom.cc:155:do_switch$1731$rdmux[0][6][47]$b$7422 [0] } = { $memory$auto$proc_rom.cc:155:do_switch$1731$rdmux[0][6][47]$b$7422 [1] 1'0 $memory$auto$proc_rom.cc:155:do_switch$1731$rdmux[0][6][47]$b$7422 [1] 2'01 $memory$auto$proc_rom.cc:155:do_switch$1731$rdmux[0][6][47]$b$7422 [1] 1'0 }
    Consolidated identical input bits for $mux cell $memory$auto$proc_rom.cc:155:do_switch$1731$rdmux[0][7][94]$7753:
      Old ports: A=8'01100101, B=8'01111010, Y=$memory$auto$proc_rom.cc:155:do_switch$1731$rdmux[0][6][47]$a$7421
      New ports: A=2'01, B=2'10, Y=$memory$auto$proc_rom.cc:155:do_switch$1731$rdmux[0][6][47]$a$7421 [1:0]
      New connections: $memory$auto$proc_rom.cc:155:do_switch$1731$rdmux[0][6][47]$a$7421 [7:2] = { 3'011 $memory$auto$proc_rom.cc:155:do_switch$1731$rdmux[0][6][47]$a$7421 [1] $memory$auto$proc_rom.cc:155:do_switch$1731$rdmux[0][6][47]$a$7421 [1:0] }
    Consolidated identical input bits for $mux cell $memory$auto$proc_rom.cc:155:do_switch$1731$rdmux[0][7][93]$7750:
      Old ports: A=8'11110100, B=8'11101010, Y=$memory$auto$proc_rom.cc:155:do_switch$1731$rdmux[0][6][46]$b$7419
      New ports: A=2'10, B=2'01, Y=$memory$auto$proc_rom.cc:155:do_switch$1731$rdmux[0][6][46]$b$7419 [2:1]
      New connections: { $memory$auto$proc_rom.cc:155:do_switch$1731$rdmux[0][6][46]$b$7419 [7:3] $memory$auto$proc_rom.cc:155:do_switch$1731$rdmux[0][6][46]$b$7419 [0] } = { 3'111 $memory$auto$proc_rom.cc:155:do_switch$1731$rdmux[0][6][46]$b$7419 [2:1] 1'0 }
    Consolidated identical input bits for $mux cell $memory$auto$proc_rom.cc:155:do_switch$1731$rdmux[0][7][92]$7747:
      Old ports: A=8'01101100, B=8'01010110, Y=$memory$auto$proc_rom.cc:155:do_switch$1731$rdmux[0][6][46]$a$7418
      New ports: A=2'10, B=2'01, Y={ $memory$auto$proc_rom.cc:155:do_switch$1731$rdmux[0][6][46]$a$7418 [3] $memory$auto$proc_rom.cc:155:do_switch$1731$rdmux[0][6][46]$a$7418 [1] }
      New connections: { $memory$auto$proc_rom.cc:155:do_switch$1731$rdmux[0][6][46]$a$7418 [7:4] $memory$auto$proc_rom.cc:155:do_switch$1731$rdmux[0][6][46]$a$7418 [2] $memory$auto$proc_rom.cc:155:do_switch$1731$rdmux[0][6][46]$a$7418 [0] } = { 2'01 $memory$auto$proc_rom.cc:155:do_switch$1731$rdmux[0][6][46]$a$7418 [3] $memory$auto$proc_rom.cc:155:do_switch$1731$rdmux[0][6][46]$a$7418 [1] 2'10 }
    Consolidated identical input bits for $mux cell $memory$auto$proc_rom.cc:155:do_switch$1731$rdmux[0][7][91]$7744:
      Old ports: A=8'01001110, B=8'10101001, Y=$memory$auto$proc_rom.cc:155:do_switch$1731$rdmux[0][6][45]$b$7416
      New ports: A=2'10, B=2'01, Y=$memory$auto$proc_rom.cc:155:do_switch$1731$rdmux[0][6][45]$b$7416 [1:0]
      New connections: $memory$auto$proc_rom.cc:155:do_switch$1731$rdmux[0][6][45]$b$7416 [7:2] = { $memory$auto$proc_rom.cc:155:do_switch$1731$rdmux[0][6][45]$b$7416 [0] $memory$auto$proc_rom.cc:155:do_switch$1731$rdmux[0][6][45]$b$7416 [1:0] 2'01 $memory$auto$proc_rom.cc:155:do_switch$1731$rdmux[0][6][45]$b$7416 [1] }
    Consolidated identical input bits for $mux cell $memory$auto$proc_rom.cc:155:do_switch$1731$rdmux[0][7][90]$7741:
      Old ports: A=8'10001101, B=8'11010101, Y=$memory$auto$proc_rom.cc:155:do_switch$1731$rdmux[0][6][45]$a$7415
      New ports: A=2'01, B=2'10, Y=$memory$auto$proc_rom.cc:155:do_switch$1731$rdmux[0][6][45]$a$7415 [4:3]
      New connections: { $memory$auto$proc_rom.cc:155:do_switch$1731$rdmux[0][6][45]$a$7415 [7:5] $memory$auto$proc_rom.cc:155:do_switch$1731$rdmux[0][6][45]$a$7415 [2:0] } = { 1'1 $memory$auto$proc_rom.cc:155:do_switch$1731$rdmux[0][6][45]$a$7415 [4] 4'0101 }
    Consolidated identical input bits for $mux cell $memory$auto$proc_rom.cc:155:do_switch$1731$rdmux[0][7][89]$7738:
      Old ports: A=8'00110111, B=8'01101101, Y=$memory$auto$proc_rom.cc:155:do_switch$1731$rdmux[0][6][44]$b$7413
      New ports: A=2'01, B=2'10, Y={ $memory$auto$proc_rom.cc:155:do_switch$1731$rdmux[0][6][44]$b$7413 [3] $memory$auto$proc_rom.cc:155:do_switch$1731$rdmux[0][6][44]$b$7413 [1] }
      New connections: { $memory$auto$proc_rom.cc:155:do_switch$1731$rdmux[0][6][44]$b$7413 [7:4] $memory$auto$proc_rom.cc:155:do_switch$1731$rdmux[0][6][44]$b$7413 [2] $memory$auto$proc_rom.cc:155:do_switch$1731$rdmux[0][6][44]$b$7413 [0] } = { 1'0 $memory$auto$proc_rom.cc:155:do_switch$1731$rdmux[0][6][44]$b$7413 [3] 1'1 $memory$auto$proc_rom.cc:155:do_switch$1731$rdmux[0][6][44]$b$7413 [1] 2'11 }
    Consolidated identical input bits for $mux cell $memory$auto$proc_rom.cc:155:do_switch$1731$rdmux[0][7][88]$7735:
      Old ports: A=8'11100111, B=8'11001000, Y=$memory$auto$proc_rom.cc:155:do_switch$1731$rdmux[0][6][44]$a$7412
      New ports: A=2'01, B=2'10, Y={ $memory$auto$proc_rom.cc:155:do_switch$1731$rdmux[0][6][44]$a$7412 [3] $memory$auto$proc_rom.cc:155:do_switch$1731$rdmux[0][6][44]$a$7412 [0] }
      New connections: { $memory$auto$proc_rom.cc:155:do_switch$1731$rdmux[0][6][44]$a$7412 [7:4] $memory$auto$proc_rom.cc:155:do_switch$1731$rdmux[0][6][44]$a$7412 [2:1] } = { 2'11 $memory$auto$proc_rom.cc:155:do_switch$1731$rdmux[0][6][44]$a$7412 [0] 1'0 $memory$auto$proc_rom.cc:155:do_switch$1731$rdmux[0][6][44]$a$7412 [0] $memory$auto$proc_rom.cc:155:do_switch$1731$rdmux[0][6][44]$a$7412 [0] }
    Consolidated identical input bits for $mux cell $memory$auto$proc_rom.cc:155:do_switch$1731$rdmux[0][7][87]$7732:
      Old ports: A=8'11100100, B=8'01111001, Y=$memory$auto$proc_rom.cc:155:do_switch$1731$rdmux[0][6][43]$b$7410
      New ports: A=2'10, B=2'01, Y={ $memory$auto$proc_rom.cc:155:do_switch$1731$rdmux[0][6][43]$b$7410 [2] $memory$auto$proc_rom.cc:155:do_switch$1731$rdmux[0][6][43]$b$7410 [0] }
      New connections: { $memory$auto$proc_rom.cc:155:do_switch$1731$rdmux[0][6][43]$b$7410 [7:3] $memory$auto$proc_rom.cc:155:do_switch$1731$rdmux[0][6][43]$b$7410 [1] } = { $memory$auto$proc_rom.cc:155:do_switch$1731$rdmux[0][6][43]$b$7410 [2] 2'11 $memory$auto$proc_rom.cc:155:do_switch$1731$rdmux[0][6][43]$b$7410 [0] $memory$auto$proc_rom.cc:155:do_switch$1731$rdmux[0][6][43]$b$7410 [0] 1'0 }
    Consolidated identical input bits for $mux cell $memory$auto$proc_rom.cc:155:do_switch$1731$rdmux[0][7][86]$7729:
      Old ports: A=8'10010001, B=8'10010101, Y=$memory$auto$proc_rom.cc:155:do_switch$1731$rdmux[0][6][43]$a$7409
      New ports: A=1'0, B=1'1, Y=$memory$auto$proc_rom.cc:155:do_switch$1731$rdmux[0][6][43]$a$7409 [2]
      New connections: { $memory$auto$proc_rom.cc:155:do_switch$1731$rdmux[0][6][43]$a$7409 [7:3] $memory$auto$proc_rom.cc:155:do_switch$1731$rdmux[0][6][43]$a$7409 [1:0] } = 7'1001001
    Consolidated identical input bits for $mux cell $memory$auto$proc_rom.cc:155:do_switch$1731$rdmux[0][7][85]$7726:
      Old ports: A=8'10101100, B=8'01100010, Y=$memory$auto$proc_rom.cc:155:do_switch$1731$rdmux[0][6][42]$b$7407
      New ports: A=2'10, B=2'01, Y=$memory$auto$proc_rom.cc:155:do_switch$1731$rdmux[0][6][42]$b$7407 [2:1]
      New connections: { $memory$auto$proc_rom.cc:155:do_switch$1731$rdmux[0][6][42]$b$7407 [7:3] $memory$auto$proc_rom.cc:155:do_switch$1731$rdmux[0][6][42]$b$7407 [0] } = { $memory$auto$proc_rom.cc:155:do_switch$1731$rdmux[0][6][42]$b$7407 [2:1] 2'10 $memory$auto$proc_rom.cc:155:do_switch$1731$rdmux[0][6][42]$b$7407 [2] 1'0 }
    Consolidated identical input bits for $mux cell $memory$auto$proc_rom.cc:155:do_switch$1731$rdmux[0][7][84]$7723:
      Old ports: A=8'11000010, B=8'11010011, Y=$memory$auto$proc_rom.cc:155:do_switch$1731$rdmux[0][6][42]$a$7406
      New ports: A=1'0, B=1'1, Y=$memory$auto$proc_rom.cc:155:do_switch$1731$rdmux[0][6][42]$a$7406 [0]
      New connections: $memory$auto$proc_rom.cc:155:do_switch$1731$rdmux[0][6][42]$a$7406 [7:1] = { 3'110 $memory$auto$proc_rom.cc:155:do_switch$1731$rdmux[0][6][42]$a$7406 [0] 3'001 }
    Consolidated identical input bits for $mux cell $memory$auto$proc_rom.cc:155:do_switch$1731$rdmux[0][7][83]$7720:
      Old ports: A=8'00100100, B=8'01011100, Y=$memory$auto$proc_rom.cc:155:do_switch$1731$rdmux[0][6][41]$b$7404
      New ports: A=2'10, B=2'01, Y={ $memory$auto$proc_rom.cc:155:do_switch$1731$rdmux[0][6][41]$b$7404 [5] $memory$auto$proc_rom.cc:155:do_switch$1731$rdmux[0][6][41]$b$7404 [3] }
      New connections: { $memory$auto$proc_rom.cc:155:do_switch$1731$rdmux[0][6][41]$b$7404 [7:6] $memory$auto$proc_rom.cc:155:do_switch$1731$rdmux[0][6][41]$b$7404 [4] $memory$auto$proc_rom.cc:155:do_switch$1731$rdmux[0][6][41]$b$7404 [2:0] } = { 1'0 $memory$auto$proc_rom.cc:155:do_switch$1731$rdmux[0][6][41]$b$7404 [3] $memory$auto$proc_rom.cc:155:do_switch$1731$rdmux[0][6][41]$b$7404 [3] 3'100 }
    Consolidated identical input bits for $mux cell $memory$auto$proc_rom.cc:155:do_switch$1731$rdmux[0][7][82]$7717:
      Old ports: A=8'01001001, B=8'00000110, Y=$memory$auto$proc_rom.cc:155:do_switch$1731$rdmux[0][6][41]$a$7403
      New ports: A=2'01, B=2'10, Y=$memory$auto$proc_rom.cc:155:do_switch$1731$rdmux[0][6][41]$a$7403 [1:0]
      New connections: $memory$auto$proc_rom.cc:155:do_switch$1731$rdmux[0][6][41]$a$7403 [7:2] = { 1'0 $memory$auto$proc_rom.cc:155:do_switch$1731$rdmux[0][6][41]$a$7403 [0] 2'00 $memory$auto$proc_rom.cc:155:do_switch$1731$rdmux[0][6][41]$a$7403 [0] $memory$auto$proc_rom.cc:155:do_switch$1731$rdmux[0][6][41]$a$7403 [1] }
    Consolidated identical input bits for $mux cell $memory$auto$proc_rom.cc:155:do_switch$1731$rdmux[0][7][81]$7714:
      Old ports: A=8'00111010, B=8'00001010, Y=$memory$auto$proc_rom.cc:155:do_switch$1731$rdmux[0][6][40]$b$7401
      New ports: A=1'1, B=1'0, Y=$memory$auto$proc_rom.cc:155:do_switch$1731$rdmux[0][6][40]$b$7401 [4]
      New connections: { $memory$auto$proc_rom.cc:155:do_switch$1731$rdmux[0][6][40]$b$7401 [7:5] $memory$auto$proc_rom.cc:155:do_switch$1731$rdmux[0][6][40]$b$7401 [3:0] } = { 2'00 $memory$auto$proc_rom.cc:155:do_switch$1731$rdmux[0][6][40]$b$7401 [4] 4'1010 }
    Consolidated identical input bits for $mux cell $memory$auto$proc_rom.cc:155:do_switch$1731$rdmux[0][7][80]$7711:
      Old ports: A=8'11100000, B=8'00110010, Y=$memory$auto$proc_rom.cc:155:do_switch$1731$rdmux[0][6][40]$a$7400
      New ports: A=2'10, B=2'01, Y={ $memory$auto$proc_rom.cc:155:do_switch$1731$rdmux[0][6][40]$a$7400 [6] $memory$auto$proc_rom.cc:155:do_switch$1731$rdmux[0][6][40]$a$7400 [1] }
      New connections: { $memory$auto$proc_rom.cc:155:do_switch$1731$rdmux[0][6][40]$a$7400 [7] $memory$auto$proc_rom.cc:155:do_switch$1731$rdmux[0][6][40]$a$7400 [5:2] $memory$auto$proc_rom.cc:155:do_switch$1731$rdmux[0][6][40]$a$7400 [0] } = { $memory$auto$proc_rom.cc:155:do_switch$1731$rdmux[0][6][40]$a$7400 [6] 1'1 $memory$auto$proc_rom.cc:155:do_switch$1731$rdmux[0][6][40]$a$7400 [1] 3'000 }
    Consolidated identical input bits for $mux cell $memory$auto$proc_rom.cc:155:do_switch$1731$rdmux[0][7][79]$7708:
      Old ports: A=8'00001011, B=8'11011011, Y=$memory$auto$proc_rom.cc:155:do_switch$1731$rdmux[0][6][39]$b$7398
      New ports: A=1'0, B=1'1, Y=$memory$auto$proc_rom.cc:155:do_switch$1731$rdmux[0][6][39]$b$7398 [4]
      New connections: { $memory$auto$proc_rom.cc:155:do_switch$1731$rdmux[0][6][39]$b$7398 [7:5] $memory$auto$proc_rom.cc:155:do_switch$1731$rdmux[0][6][39]$b$7398 [3:0] } = { $memory$auto$proc_rom.cc:155:do_switch$1731$rdmux[0][6][39]$b$7398 [4] $memory$auto$proc_rom.cc:155:do_switch$1731$rdmux[0][6][39]$b$7398 [4] 5'01011 }
    Consolidated identical input bits for $mux cell $memory$auto$proc_rom.cc:155:do_switch$1731$rdmux[0][7][78]$7705:
      Old ports: A=8'11011110, B=8'01011110, Y=$memory$auto$proc_rom.cc:155:do_switch$1731$rdmux[0][6][39]$a$7397
      New ports: A=1'1, B=1'0, Y=$memory$auto$proc_rom.cc:155:do_switch$1731$rdmux[0][6][39]$a$7397 [7]
      New connections: $memory$auto$proc_rom.cc:155:do_switch$1731$rdmux[0][6][39]$a$7397 [6:0] = 7'1011110
    Consolidated identical input bits for $mux cell $memory$auto$proc_rom.cc:155:do_switch$1731$rdmux[0][7][77]$7702:
      Old ports: A=8'10111000, B=8'00010100, Y=$memory$auto$proc_rom.cc:155:do_switch$1731$rdmux[0][6][38]$b$7395
      New ports: A=2'10, B=2'01, Y=$memory$auto$proc_rom.cc:155:do_switch$1731$rdmux[0][6][38]$b$7395 [3:2]
      New connections: { $memory$auto$proc_rom.cc:155:do_switch$1731$rdmux[0][6][38]$b$7395 [7:4] $memory$auto$proc_rom.cc:155:do_switch$1731$rdmux[0][6][38]$b$7395 [1:0] } = { $memory$auto$proc_rom.cc:155:do_switch$1731$rdmux[0][6][38]$b$7395 [3] 1'0 $memory$auto$proc_rom.cc:155:do_switch$1731$rdmux[0][6][38]$b$7395 [3] 3'100 }
    Consolidated identical input bits for $mux cell $memory$auto$proc_rom.cc:155:do_switch$1731$rdmux[0][7][76]$7699:
      Old ports: A=8'01000110, B=8'11101110, Y=$memory$auto$proc_rom.cc:155:do_switch$1731$rdmux[0][6][38]$a$7394
      New ports: A=1'0, B=1'1, Y=$memory$auto$proc_rom.cc:155:do_switch$1731$rdmux[0][6][38]$a$7394 [3]
      New connections: { $memory$auto$proc_rom.cc:155:do_switch$1731$rdmux[0][6][38]$a$7394 [7:4] $memory$auto$proc_rom.cc:155:do_switch$1731$rdmux[0][6][38]$a$7394 [2:0] } = { $memory$auto$proc_rom.cc:155:do_switch$1731$rdmux[0][6][38]$a$7394 [3] 1'1 $memory$auto$proc_rom.cc:155:do_switch$1731$rdmux[0][6][38]$a$7394 [3] 4'0110 }
    Consolidated identical input bits for $mux cell $memory$auto$proc_rom.cc:155:do_switch$1731$rdmux[0][7][75]$7696:
      Old ports: A=8'10010000, B=8'10001000, Y=$memory$auto$proc_rom.cc:155:do_switch$1731$rdmux[0][6][37]$b$7392
      New ports: A=2'10, B=2'01, Y=$memory$auto$proc_rom.cc:155:do_switch$1731$rdmux[0][6][37]$b$7392 [4:3]
      New connections: { $memory$auto$proc_rom.cc:155:do_switch$1731$rdmux[0][6][37]$b$7392 [7:5] $memory$auto$proc_rom.cc:155:do_switch$1731$rdmux[0][6][37]$b$7392 [2:0] } = 6'100000
    Consolidated identical input bits for $mux cell $memory$auto$proc_rom.cc:155:do_switch$1731$rdmux[0][7][74]$7693:
      Old ports: A=8'00100010, B=8'00101010, Y=$memory$auto$proc_rom.cc:155:do_switch$1731$rdmux[0][6][37]$a$7391
      New ports: A=1'0, B=1'1, Y=$memory$auto$proc_rom.cc:155:do_switch$1731$rdmux[0][6][37]$a$7391 [3]
      New connections: { $memory$auto$proc_rom.cc:155:do_switch$1731$rdmux[0][6][37]$a$7391 [7:4] $memory$auto$proc_rom.cc:155:do_switch$1731$rdmux[0][6][37]$a$7391 [2:0] } = 7'0010010
    Consolidated identical input bits for $mux cell $memory$auto$proc_rom.cc:155:do_switch$1731$rdmux[0][7][73]$7690:
      Old ports: A=8'01001111, B=8'11011100, Y=$memory$auto$proc_rom.cc:155:do_switch$1731$rdmux[0][6][36]$b$7389
      New ports: A=2'01, B=2'10, Y={ $memory$auto$proc_rom.cc:155:do_switch$1731$rdmux[0][6][36]$b$7389 [4] $memory$auto$proc_rom.cc:155:do_switch$1731$rdmux[0][6][36]$b$7389 [0] }
      New connections: { $memory$auto$proc_rom.cc:155:do_switch$1731$rdmux[0][6][36]$b$7389 [7:5] $memory$auto$proc_rom.cc:155:do_switch$1731$rdmux[0][6][36]$b$7389 [3:1] } = { $memory$auto$proc_rom.cc:155:do_switch$1731$rdmux[0][6][36]$b$7389 [4] 4'1011 $memory$auto$proc_rom.cc:155:do_switch$1731$rdmux[0][6][36]$b$7389 [0] }
    Consolidated identical input bits for $mux cell $memory$auto$proc_rom.cc:155:do_switch$1731$rdmux[0][7][72]$7687:
      Old ports: A=8'01100000, B=8'10000001, Y=$memory$auto$proc_rom.cc:155:do_switch$1731$rdmux[0][6][36]$a$7388
      New ports: A=2'10, B=2'01, Y={ $memory$auto$proc_rom.cc:155:do_switch$1731$rdmux[0][6][36]$a$7388 [5] $memory$auto$proc_rom.cc:155:do_switch$1731$rdmux[0][6][36]$a$7388 [0] }
      New connections: { $memory$auto$proc_rom.cc:155:do_switch$1731$rdmux[0][6][36]$a$7388 [7:6] $memory$auto$proc_rom.cc:155:do_switch$1731$rdmux[0][6][36]$a$7388 [4:1] } = { $memory$auto$proc_rom.cc:155:do_switch$1731$rdmux[0][6][36]$a$7388 [0] $memory$auto$proc_rom.cc:155:do_switch$1731$rdmux[0][6][36]$a$7388 [5] 4'0000 }
    Consolidated identical input bits for $mux cell $memory$auto$proc_rom.cc:155:do_switch$1731$rdmux[0][7][71]$7684:
      Old ports: A=8'00011001, B=8'01110011, Y=$memory$auto$proc_rom.cc:155:do_switch$1731$rdmux[0][6][35]$b$7386
      New ports: A=2'10, B=2'01, Y={ $memory$auto$proc_rom.cc:155:do_switch$1731$rdmux[0][6][35]$b$7386 [3] $memory$auto$proc_rom.cc:155:do_switch$1731$rdmux[0][6][35]$b$7386 [1] }
      New connections: { $memory$auto$proc_rom.cc:155:do_switch$1731$rdmux[0][6][35]$b$7386 [7:4] $memory$auto$proc_rom.cc:155:do_switch$1731$rdmux[0][6][35]$b$7386 [2] $memory$auto$proc_rom.cc:155:do_switch$1731$rdmux[0][6][35]$b$7386 [0] } = { 1'0 $memory$auto$proc_rom.cc:155:do_switch$1731$rdmux[0][6][35]$b$7386 [1] $memory$auto$proc_rom.cc:155:do_switch$1731$rdmux[0][6][35]$b$7386 [1] 3'101 }
    Consolidated identical input bits for $mux cell $memory$auto$proc_rom.cc:155:do_switch$1731$rdmux[0][7][70]$7681:
      Old ports: A=8'01100100, B=8'01011101, Y=$memory$auto$proc_rom.cc:155:do_switch$1731$rdmux[0][6][35]$a$7385
      New ports: A=2'10, B=2'01, Y={ $memory$auto$proc_rom.cc:155:do_switch$1731$rdmux[0][6][35]$a$7385 [5] $memory$auto$proc_rom.cc:155:do_switch$1731$rdmux[0][6][35]$a$7385 [0] }
      New connections: { $memory$auto$proc_rom.cc:155:do_switch$1731$rdmux[0][6][35]$a$7385 [7:6] $memory$auto$proc_rom.cc:155:do_switch$1731$rdmux[0][6][35]$a$7385 [4:1] } = { 2'01 $memory$auto$proc_rom.cc:155:do_switch$1731$rdmux[0][6][35]$a$7385 [0] $memory$auto$proc_rom.cc:155:do_switch$1731$rdmux[0][6][35]$a$7385 [0] 2'10 }
    Consolidated identical input bits for $mux cell $memory$auto$proc_rom.cc:155:do_switch$1731$rdmux[0][7][69]$7678:
      Old ports: A=8'01111110, B=8'00111101, Y=$memory$auto$proc_rom.cc:155:do_switch$1731$rdmux[0][6][34]$b$7383
      New ports: A=2'10, B=2'01, Y=$memory$auto$proc_rom.cc:155:do_switch$1731$rdmux[0][6][34]$b$7383 [1:0]
      New connections: $memory$auto$proc_rom.cc:155:do_switch$1731$rdmux[0][6][34]$b$7383 [7:2] = { 1'0 $memory$auto$proc_rom.cc:155:do_switch$1731$rdmux[0][6][34]$b$7383 [1] 4'1111 }
    Consolidated identical input bits for $mux cell $memory$auto$proc_rom.cc:155:do_switch$1731$rdmux[0][7][68]$7675:
      Old ports: A=8'11000100, B=8'10100111, Y=$memory$auto$proc_rom.cc:155:do_switch$1731$rdmux[0][6][34]$a$7382
      New ports: A=2'10, B=2'01, Y={ $memory$auto$proc_rom.cc:155:do_switch$1731$rdmux[0][6][34]$a$7382 [6] $memory$auto$proc_rom.cc:155:do_switch$1731$rdmux[0][6][34]$a$7382 [0] }
      New connections: { $memory$auto$proc_rom.cc:155:do_switch$1731$rdmux[0][6][34]$a$7382 [7] $memory$auto$proc_rom.cc:155:do_switch$1731$rdmux[0][6][34]$a$7382 [5:1] } = { 1'1 $memory$auto$proc_rom.cc:155:do_switch$1731$rdmux[0][6][34]$a$7382 [0] 3'001 $memory$auto$proc_rom.cc:155:do_switch$1731$rdmux[0][6][34]$a$7382 [0] }
    Consolidated identical input bits for $mux cell $memory$auto$proc_rom.cc:155:do_switch$1731$rdmux[0][7][67]$7672:
      Old ports: A=8'01000100, B=8'00010111, Y=$memory$auto$proc_rom.cc:155:do_switch$1731$rdmux[0][6][33]$b$7380
      New ports: A=2'10, B=2'01, Y={ $memory$auto$proc_rom.cc:155:do_switch$1731$rdmux[0][6][33]$b$7380 [6] $memory$auto$proc_rom.cc:155:do_switch$1731$rdmux[0][6][33]$b$7380 [0] }
      New connections: { $memory$auto$proc_rom.cc:155:do_switch$1731$rdmux[0][6][33]$b$7380 [7] $memory$auto$proc_rom.cc:155:do_switch$1731$rdmux[0][6][33]$b$7380 [5:1] } = { 2'00 $memory$auto$proc_rom.cc:155:do_switch$1731$rdmux[0][6][33]$b$7380 [0] 2'01 $memory$auto$proc_rom.cc:155:do_switch$1731$rdmux[0][6][33]$b$7380 [0] }
    Consolidated identical input bits for $mux cell $memory$auto$proc_rom.cc:155:do_switch$1731$rdmux[0][7][66]$7669:
      Old ports: A=8'01011111, B=8'10010111, Y=$memory$auto$proc_rom.cc:155:do_switch$1731$rdmux[0][6][33]$a$7379
      New ports: A=2'01, B=2'10, Y={ $memory$auto$proc_rom.cc:155:do_switch$1731$rdmux[0][6][33]$a$7379 [7] $memory$auto$proc_rom.cc:155:do_switch$1731$rdmux[0][6][33]$a$7379 [3] }
      New connections: { $memory$auto$proc_rom.cc:155:do_switch$1731$rdmux[0][6][33]$a$7379 [6:4] $memory$auto$proc_rom.cc:155:do_switch$1731$rdmux[0][6][33]$a$7379 [2:0] } = { $memory$auto$proc_rom.cc:155:do_switch$1731$rdmux[0][6][33]$a$7379 [3] 5'01111 }
    Consolidated identical input bits for $mux cell $memory$auto$proc_rom.cc:155:do_switch$1731$rdmux[0][7][65]$7666:
      Old ports: A=8'00010011, B=8'11101100, Y=$memory$auto$proc_rom.cc:155:do_switch$1731$rdmux[0][6][32]$b$7377
      New ports: A=2'01, B=2'10, Y={ $memory$auto$proc_rom.cc:155:do_switch$1731$rdmux[0][6][32]$b$7377 [2] $memory$auto$proc_rom.cc:155:do_switch$1731$rdmux[0][6][32]$b$7377 [0] }
      New connections: { $memory$auto$proc_rom.cc:155:do_switch$1731$rdmux[0][6][32]$b$7377 [7:3] $memory$auto$proc_rom.cc:155:do_switch$1731$rdmux[0][6][32]$b$7377 [1] } = { $memory$auto$proc_rom.cc:155:do_switch$1731$rdmux[0][6][32]$b$7377 [2] $memory$auto$proc_rom.cc:155:do_switch$1731$rdmux[0][6][32]$b$7377 [2] $memory$auto$proc_rom.cc:155:do_switch$1731$rdmux[0][6][32]$b$7377 [2] $memory$auto$proc_rom.cc:155:do_switch$1731$rdmux[0][6][32]$b$7377 [0] $memory$auto$proc_rom.cc:155:do_switch$1731$rdmux[0][6][32]$b$7377 [2] $memory$auto$proc_rom.cc:155:do_switch$1731$rdmux[0][6][32]$b$7377 [0] }
    Consolidated identical input bits for $mux cell $memory$auto$proc_rom.cc:155:do_switch$1731$rdmux[0][7][64]$7663:
      Old ports: A=8'11001101, B=8'00001100, Y=$memory$auto$proc_rom.cc:155:do_switch$1731$rdmux[0][6][32]$a$7376
      New ports: A=1'1, B=1'0, Y=$memory$auto$proc_rom.cc:155:do_switch$1731$rdmux[0][6][32]$a$7376 [0]
      New connections: $memory$auto$proc_rom.cc:155:do_switch$1731$rdmux[0][6][32]$a$7376 [7:1] = { $memory$auto$proc_rom.cc:155:do_switch$1731$rdmux[0][6][32]$a$7376 [0] $memory$auto$proc_rom.cc:155:do_switch$1731$rdmux[0][6][32]$a$7376 [0] 5'00110 }
    Consolidated identical input bits for $mux cell $memory$auto$proc_rom.cc:155:do_switch$1731$rdmux[0][7][63]$7660:
      Old ports: A=8'11110011, B=8'11010010, Y=$memory$auto$proc_rom.cc:155:do_switch$1731$rdmux[0][6][31]$b$7374
      New ports: A=1'1, B=1'0, Y=$memory$auto$proc_rom.cc:155:do_switch$1731$rdmux[0][6][31]$b$7374 [0]
      New connections: $memory$auto$proc_rom.cc:155:do_switch$1731$rdmux[0][6][31]$b$7374 [7:1] = { 2'11 $memory$auto$proc_rom.cc:155:do_switch$1731$rdmux[0][6][31]$b$7374 [0] 4'1001 }
    Consolidated identical input bits for $mux cell $memory$auto$proc_rom.cc:155:do_switch$1731$rdmux[0][7][62]$7657:
      Old ports: A=8'00010000, B=8'11111111, Y=$memory$auto$proc_rom.cc:155:do_switch$1731$rdmux[0][6][31]$a$7373
      New ports: A=1'0, B=1'1, Y=$memory$auto$proc_rom.cc:155:do_switch$1731$rdmux[0][6][31]$a$7373 [0]
      New connections: $memory$auto$proc_rom.cc:155:do_switch$1731$rdmux[0][6][31]$a$7373 [7:1] = { $memory$auto$proc_rom.cc:155:do_switch$1731$rdmux[0][6][31]$a$7373 [0] $memory$auto$proc_rom.cc:155:do_switch$1731$rdmux[0][6][31]$a$7373 [0] $memory$auto$proc_rom.cc:155:do_switch$1731$rdmux[0][6][31]$a$7373 [0] 1'1 $memory$auto$proc_rom.cc:155:do_switch$1731$rdmux[0][6][31]$a$7373 [0] $memory$auto$proc_rom.cc:155:do_switch$1731$rdmux[0][6][31]$a$7373 [0] $memory$auto$proc_rom.cc:155:do_switch$1731$rdmux[0][6][31]$a$7373 [0] }
    Consolidated identical input bits for $mux cell $memory$auto$proc_rom.cc:155:do_switch$1731$rdmux[0][7][61]$7654:
      Old ports: A=8'11011010, B=8'00100001, Y=$memory$auto$proc_rom.cc:155:do_switch$1731$rdmux[0][6][30]$b$7371
      New ports: A=2'10, B=2'01, Y=$memory$auto$proc_rom.cc:155:do_switch$1731$rdmux[0][6][30]$b$7371 [1:0]
      New connections: $memory$auto$proc_rom.cc:155:do_switch$1731$rdmux[0][6][30]$b$7371 [7:2] = { $memory$auto$proc_rom.cc:155:do_switch$1731$rdmux[0][6][30]$b$7371 [1] $memory$auto$proc_rom.cc:155:do_switch$1731$rdmux[0][6][30]$b$7371 [1:0] $memory$auto$proc_rom.cc:155:do_switch$1731$rdmux[0][6][30]$b$7371 [1] $memory$auto$proc_rom.cc:155:do_switch$1731$rdmux[0][6][30]$b$7371 [1] 1'0 }
    Consolidated identical input bits for $mux cell $memory$auto$proc_rom.cc:155:do_switch$1731$rdmux[0][7][60]$7651:
      Old ports: A=8'10111100, B=8'10110110, Y=$memory$auto$proc_rom.cc:155:do_switch$1731$rdmux[0][6][30]$a$7370
      New ports: A=2'10, B=2'01, Y={ $memory$auto$proc_rom.cc:155:do_switch$1731$rdmux[0][6][30]$a$7370 [3] $memory$auto$proc_rom.cc:155:do_switch$1731$rdmux[0][6][30]$a$7370 [1] }
      New connections: { $memory$auto$proc_rom.cc:155:do_switch$1731$rdmux[0][6][30]$a$7370 [7:4] $memory$auto$proc_rom.cc:155:do_switch$1731$rdmux[0][6][30]$a$7370 [2] $memory$auto$proc_rom.cc:155:do_switch$1731$rdmux[0][6][30]$a$7370 [0] } = 6'101110
    Consolidated identical input bits for $mux cell $memory$auto$proc_rom.cc:155:do_switch$1731$rdmux[0][7][59]$7648:
      Old ports: A=8'00111000, B=8'11110101, Y=$memory$auto$proc_rom.cc:155:do_switch$1731$rdmux[0][6][29]$b$7368
      New ports: A=2'10, B=2'01, Y={ $memory$auto$proc_rom.cc:155:do_switch$1731$rdmux[0][6][29]$b$7368 [3] $memory$auto$proc_rom.cc:155:do_switch$1731$rdmux[0][6][29]$b$7368 [0] }
      New connections: { $memory$auto$proc_rom.cc:155:do_switch$1731$rdmux[0][6][29]$b$7368 [7:4] $memory$auto$proc_rom.cc:155:do_switch$1731$rdmux[0][6][29]$b$7368 [2:1] } = { $memory$auto$proc_rom.cc:155:do_switch$1731$rdmux[0][6][29]$b$7368 [0] $memory$auto$proc_rom.cc:155:do_switch$1731$rdmux[0][6][29]$b$7368 [0] 2'11 $memory$auto$proc_rom.cc:155:do_switch$1731$rdmux[0][6][29]$b$7368 [0] 1'0 }
    Consolidated identical input bits for $mux cell $memory$auto$proc_rom.cc:155:do_switch$1731$rdmux[0][7][58]$7645:
      Old ports: A=8'10010010, B=8'10011101, Y=$memory$auto$proc_rom.cc:155:do_switch$1731$rdmux[0][6][29]$a$7367
      New ports: A=2'10, B=2'01, Y=$memory$auto$proc_rom.cc:155:do_switch$1731$rdmux[0][6][29]$a$7367 [1:0]
      New connections: $memory$auto$proc_rom.cc:155:do_switch$1731$rdmux[0][6][29]$a$7367 [7:2] = { 4'1001 $memory$auto$proc_rom.cc:155:do_switch$1731$rdmux[0][6][29]$a$7367 [0] $memory$auto$proc_rom.cc:155:do_switch$1731$rdmux[0][6][29]$a$7367 [0] }
    Consolidated identical input bits for $mux cell $memory$auto$proc_rom.cc:155:do_switch$1731$rdmux[0][7][57]$7642:
      Old ports: A=8'01000000, B=8'10001111, Y=$memory$auto$proc_rom.cc:155:do_switch$1731$rdmux[0][6][28]$b$7365
      New ports: A=2'10, B=2'01, Y={ $memory$auto$proc_rom.cc:155:do_switch$1731$rdmux[0][6][28]$b$7365 [6] $memory$auto$proc_rom.cc:155:do_switch$1731$rdmux[0][6][28]$b$7365 [0] }
      New connections: { $memory$auto$proc_rom.cc:155:do_switch$1731$rdmux[0][6][28]$b$7365 [7] $memory$auto$proc_rom.cc:155:do_switch$1731$rdmux[0][6][28]$b$7365 [5:1] } = { $memory$auto$proc_rom.cc:155:do_switch$1731$rdmux[0][6][28]$b$7365 [0] 2'00 $memory$auto$proc_rom.cc:155:do_switch$1731$rdmux[0][6][28]$b$7365 [0] $memory$auto$proc_rom.cc:155:do_switch$1731$rdmux[0][6][28]$b$7365 [0] $memory$auto$proc_rom.cc:155:do_switch$1731$rdmux[0][6][28]$b$7365 [0] }
    Consolidated identical input bits for $mux cell $memory$auto$proc_rom.cc:155:do_switch$1731$rdmux[0][7][56]$7639:
      Old ports: A=8'01010001, B=8'10100011, Y=$memory$auto$proc_rom.cc:155:do_switch$1731$rdmux[0][6][28]$a$7364
      New ports: A=2'10, B=2'01, Y={ $memory$auto$proc_rom.cc:155:do_switch$1731$rdmux[0][6][28]$a$7364 [4] $memory$auto$proc_rom.cc:155:do_switch$1731$rdmux[0][6][28]$a$7364 [1] }
      New connections: { $memory$auto$proc_rom.cc:155:do_switch$1731$rdmux[0][6][28]$a$7364 [7:5] $memory$auto$proc_rom.cc:155:do_switch$1731$rdmux[0][6][28]$a$7364 [3:2] $memory$auto$proc_rom.cc:155:do_switch$1731$rdmux[0][6][28]$a$7364 [0] } = { $memory$auto$proc_rom.cc:155:do_switch$1731$rdmux[0][6][28]$a$7364 [1] $memory$auto$proc_rom.cc:155:do_switch$1731$rdmux[0][6][28]$a$7364 [4] $memory$auto$proc_rom.cc:155:do_switch$1731$rdmux[0][6][28]$a$7364 [1] 3'001 }
    Consolidated identical input bits for $mux cell $memory$auto$proc_rom.cc:155:do_switch$1731$rdmux[0][7][55]$7636:
      Old ports: A=8'10011111, B=8'10101000, Y=$memory$auto$proc_rom.cc:155:do_switch$1731$rdmux[0][6][27]$b$7362
      New ports: A=2'01, B=2'10, Y={ $memory$auto$proc_rom.cc:155:do_switch$1731$rdmux[0][6][27]$b$7362 [5] $memory$auto$proc_rom.cc:155:do_switch$1731$rdmux[0][6][27]$b$7362 [0] }
      New connections: { $memory$auto$proc_rom.cc:155:do_switch$1731$rdmux[0][6][27]$b$7362 [7:6] $memory$auto$proc_rom.cc:155:do_switch$1731$rdmux[0][6][27]$b$7362 [4:1] } = { 2'10 $memory$auto$proc_rom.cc:155:do_switch$1731$rdmux[0][6][27]$b$7362 [0] 1'1 $memory$auto$proc_rom.cc:155:do_switch$1731$rdmux[0][6][27]$b$7362 [0] $memory$auto$proc_rom.cc:155:do_switch$1731$rdmux[0][6][27]$b$7362 [0] }
    Consolidated identical input bits for $mux cell $memory$auto$proc_rom.cc:155:do_switch$1731$rdmux[0][7][54]$7633:
      Old ports: A=8'01010000, B=8'00111100, Y=$memory$auto$proc_rom.cc:155:do_switch$1731$rdmux[0][6][27]$a$7361
      New ports: A=2'10, B=2'01, Y={ $memory$auto$proc_rom.cc:155:do_switch$1731$rdmux[0][6][27]$a$7361 [6] $memory$auto$proc_rom.cc:155:do_switch$1731$rdmux[0][6][27]$a$7361 [2] }
      New connections: { $memory$auto$proc_rom.cc:155:do_switch$1731$rdmux[0][6][27]$a$7361 [7] $memory$auto$proc_rom.cc:155:do_switch$1731$rdmux[0][6][27]$a$7361 [5:3] $memory$auto$proc_rom.cc:155:do_switch$1731$rdmux[0][6][27]$a$7361 [1:0] } = { 1'0 $memory$auto$proc_rom.cc:155:do_switch$1731$rdmux[0][6][27]$a$7361 [2] 1'1 $memory$auto$proc_rom.cc:155:do_switch$1731$rdmux[0][6][27]$a$7361 [2] 2'00 }
    Consolidated identical input bits for $mux cell $memory$auto$proc_rom.cc:155:do_switch$1731$rdmux[0][7][53]$7630:
      Old ports: A=8'00000010, B=8'01111111, Y=$memory$auto$proc_rom.cc:155:do_switch$1731$rdmux[0][6][26]$b$7359
      New ports: A=1'0, B=1'1, Y=$memory$auto$proc_rom.cc:155:do_switch$1731$rdmux[0][6][26]$b$7359 [0]
      New connections: $memory$auto$proc_rom.cc:155:do_switch$1731$rdmux[0][6][26]$b$7359 [7:1] = { 1'0 $memory$auto$proc_rom.cc:155:do_switch$1731$rdmux[0][6][26]$b$7359 [0] $memory$auto$proc_rom.cc:155:do_switch$1731$rdmux[0][6][26]$b$7359 [0] $memory$auto$proc_rom.cc:155:do_switch$1731$rdmux[0][6][26]$b$7359 [0] $memory$auto$proc_rom.cc:155:do_switch$1731$rdmux[0][6][26]$b$7359 [0] $memory$auto$proc_rom.cc:155:do_switch$1731$rdmux[0][6][26]$b$7359 [0] 1'1 }
    Consolidated identical input bits for $mux cell $memory$auto$proc_rom.cc:155:do_switch$1731$rdmux[0][7][52]$7627:
      Old ports: A=8'01000101, B=8'11111001, Y=$memory$auto$proc_rom.cc:155:do_switch$1731$rdmux[0][6][26]$a$7358
      New ports: A=2'01, B=2'10, Y=$memory$auto$proc_rom.cc:155:do_switch$1731$rdmux[0][6][26]$a$7358 [3:2]
      New connections: { $memory$auto$proc_rom.cc:155:do_switch$1731$rdmux[0][6][26]$a$7358 [7:4] $memory$auto$proc_rom.cc:155:do_switch$1731$rdmux[0][6][26]$a$7358 [1:0] } = { $memory$auto$proc_rom.cc:155:do_switch$1731$rdmux[0][6][26]$a$7358 [3] 1'1 $memory$auto$proc_rom.cc:155:do_switch$1731$rdmux[0][6][26]$a$7358 [3] $memory$auto$proc_rom.cc:155:do_switch$1731$rdmux[0][6][26]$a$7358 [3] 2'01 }
    Consolidated identical input bits for $mux cell $memory$auto$proc_rom.cc:155:do_switch$1731$rdmux[0][7][51]$7624:
      Old ports: A=8'00110011, B=8'10000101, Y=$memory$auto$proc_rom.cc:155:do_switch$1731$rdmux[0][6][25]$b$7356
      New ports: A=2'01, B=2'10, Y=$memory$auto$proc_rom.cc:155:do_switch$1731$rdmux[0][6][25]$b$7356 [2:1]
      New connections: { $memory$auto$proc_rom.cc:155:do_switch$1731$rdmux[0][6][25]$b$7356 [7:3] $memory$auto$proc_rom.cc:155:do_switch$1731$rdmux[0][6][25]$b$7356 [0] } = { $memory$auto$proc_rom.cc:155:do_switch$1731$rdmux[0][6][25]$b$7356 [2] 1'0 $memory$auto$proc_rom.cc:155:do_switch$1731$rdmux[0][6][25]$b$7356 [1] $memory$auto$proc_rom.cc:155:do_switch$1731$rdmux[0][6][25]$b$7356 [1] 2'01 }
    Consolidated identical input bits for $mux cell $memory$auto$proc_rom.cc:155:do_switch$1731$rdmux[0][7][50]$7621:
      Old ports: A=8'01000011, B=8'01001101, Y=$memory$auto$proc_rom.cc:155:do_switch$1731$rdmux[0][6][25]$a$7355
      New ports: A=2'01, B=2'10, Y=$memory$auto$proc_rom.cc:155:do_switch$1731$rdmux[0][6][25]$a$7355 [2:1]
      New connections: { $memory$auto$proc_rom.cc:155:do_switch$1731$rdmux[0][6][25]$a$7355 [7:3] $memory$auto$proc_rom.cc:155:do_switch$1731$rdmux[0][6][25]$a$7355 [0] } = { 4'0100 $memory$auto$proc_rom.cc:155:do_switch$1731$rdmux[0][6][25]$a$7355 [2] 1'1 }
    Consolidated identical input bits for $mux cell $memory$auto$proc_rom.cc:155:do_switch$1731$rdmux[0][7][49]$7618:
      Old ports: A=8'10101010, B=8'11111011, Y=$memory$auto$proc_rom.cc:155:do_switch$1731$rdmux[0][6][24]$b$7353
      New ports: A=1'0, B=1'1, Y=$memory$auto$proc_rom.cc:155:do_switch$1731$rdmux[0][6][24]$b$7353 [0]
      New connections: $memory$auto$proc_rom.cc:155:do_switch$1731$rdmux[0][6][24]$b$7353 [7:1] = { 1'1 $memory$auto$proc_rom.cc:155:do_switch$1731$rdmux[0][6][24]$b$7353 [0] 1'1 $memory$auto$proc_rom.cc:155:do_switch$1731$rdmux[0][6][24]$b$7353 [0] 3'101 }
    Consolidated identical input bits for $mux cell $memory$auto$proc_rom.cc:155:do_switch$1731$rdmux[0][7][48]$7615:
      Old ports: A=8'11010000, B=8'11101111, Y=$memory$auto$proc_rom.cc:155:do_switch$1731$rdmux[0][6][24]$a$7352
      New ports: A=2'10, B=2'01, Y={ $memory$auto$proc_rom.cc:155:do_switch$1731$rdmux[0][6][24]$a$7352 [4] $memory$auto$proc_rom.cc:155:do_switch$1731$rdmux[0][6][24]$a$7352 [0] }
      New connections: { $memory$auto$proc_rom.cc:155:do_switch$1731$rdmux[0][6][24]$a$7352 [7:5] $memory$auto$proc_rom.cc:155:do_switch$1731$rdmux[0][6][24]$a$7352 [3:1] } = { 2'11 $memory$auto$proc_rom.cc:155:do_switch$1731$rdmux[0][6][24]$a$7352 [0] $memory$auto$proc_rom.cc:155:do_switch$1731$rdmux[0][6][24]$a$7352 [0] $memory$auto$proc_rom.cc:155:do_switch$1731$rdmux[0][6][24]$a$7352 [0] $memory$auto$proc_rom.cc:155:do_switch$1731$rdmux[0][6][24]$a$7352 [0] }
    Consolidated identical input bits for $mux cell $memory$auto$proc_rom.cc:155:do_switch$1731$rdmux[0][7][47]$7612:
      Old ports: A=8'01011000, B=8'11001111, Y=$memory$auto$proc_rom.cc:155:do_switch$1731$rdmux[0][6][23]$b$7350
      New ports: A=2'10, B=2'01, Y={ $memory$auto$proc_rom.cc:155:do_switch$1731$rdmux[0][6][23]$b$7350 [4] $memory$auto$proc_rom.cc:155:do_switch$1731$rdmux[0][6][23]$b$7350 [0] }
      New connections: { $memory$auto$proc_rom.cc:155:do_switch$1731$rdmux[0][6][23]$b$7350 [7:5] $memory$auto$proc_rom.cc:155:do_switch$1731$rdmux[0][6][23]$b$7350 [3:1] } = { $memory$auto$proc_rom.cc:155:do_switch$1731$rdmux[0][6][23]$b$7350 [0] 3'101 $memory$auto$proc_rom.cc:155:do_switch$1731$rdmux[0][6][23]$b$7350 [0] $memory$auto$proc_rom.cc:155:do_switch$1731$rdmux[0][6][23]$b$7350 [0] }
    Consolidated identical input bits for $mux cell $memory$auto$proc_rom.cc:155:do_switch$1731$rdmux[0][7][46]$7609:
      Old ports: A=8'01001010, B=8'01001100, Y=$memory$auto$proc_rom.cc:155:do_switch$1731$rdmux[0][6][23]$a$7349
      New ports: A=2'01, B=2'10, Y=$memory$auto$proc_rom.cc:155:do_switch$1731$rdmux[0][6][23]$a$7349 [2:1]
      New connections: { $memory$auto$proc_rom.cc:155:do_switch$1731$rdmux[0][6][23]$a$7349 [7:3] $memory$auto$proc_rom.cc:155:do_switch$1731$rdmux[0][6][23]$a$7349 [0] } = 6'010010
    Consolidated identical input bits for $mux cell $memory$auto$proc_rom.cc:155:do_switch$1731$rdmux[0][7][45]$7606:
      Old ports: A=8'10111110, B=8'00111001, Y=$memory$auto$proc_rom.cc:155:do_switch$1731$rdmux[0][6][22]$b$7347
      New ports: A=2'10, B=2'01, Y=$memory$auto$proc_rom.cc:155:do_switch$1731$rdmux[0][6][22]$b$7347 [1:0]
      New connections: $memory$auto$proc_rom.cc:155:do_switch$1731$rdmux[0][6][22]$b$7347 [7:2] = { $memory$auto$proc_rom.cc:155:do_switch$1731$rdmux[0][6][22]$b$7347 [1] 4'0111 $memory$auto$proc_rom.cc:155:do_switch$1731$rdmux[0][6][22]$b$7347 [1] }
    Consolidated identical input bits for $mux cell $memory$auto$proc_rom.cc:155:do_switch$1731$rdmux[0][7][44]$7603:
      Old ports: A=8'01101010, B=8'11001011, Y=$memory$auto$proc_rom.cc:155:do_switch$1731$rdmux[0][6][22]$a$7346
      New ports: A=2'10, B=2'01, Y={ $memory$auto$proc_rom.cc:155:do_switch$1731$rdmux[0][6][22]$a$7346 [5] $memory$auto$proc_rom.cc:155:do_switch$1731$rdmux[0][6][22]$a$7346 [0] }
      New connections: { $memory$auto$proc_rom.cc:155:do_switch$1731$rdmux[0][6][22]$a$7346 [7:6] $memory$auto$proc_rom.cc:155:do_switch$1731$rdmux[0][6][22]$a$7346 [4:1] } = { $memory$auto$proc_rom.cc:155:do_switch$1731$rdmux[0][6][22]$a$7346 [0] 5'10101 }
    Consolidated identical input bits for $mux cell $memory$auto$proc_rom.cc:155:do_switch$1731$rdmux[0][7][43]$7600:
      Old ports: A=8'10110001, B=8'01011011, Y=$memory$auto$proc_rom.cc:155:do_switch$1731$rdmux[0][6][21]$b$7344
      New ports: A=2'10, B=2'01, Y={ $memory$auto$proc_rom.cc:155:do_switch$1731$rdmux[0][6][21]$b$7344 [5] $memory$auto$proc_rom.cc:155:do_switch$1731$rdmux[0][6][21]$b$7344 [1] }
      New connections: { $memory$auto$proc_rom.cc:155:do_switch$1731$rdmux[0][6][21]$b$7344 [7:6] $memory$auto$proc_rom.cc:155:do_switch$1731$rdmux[0][6][21]$b$7344 [4:2] $memory$auto$proc_rom.cc:155:do_switch$1731$rdmux[0][6][21]$b$7344 [0] } = { $memory$auto$proc_rom.cc:155:do_switch$1731$rdmux[0][6][21]$b$7344 [5] $memory$auto$proc_rom.cc:155:do_switch$1731$rdmux[0][6][21]$b$7344 [1] 1'1 $memory$auto$proc_rom.cc:155:do_switch$1731$rdmux[0][6][21]$b$7344 [1] 2'01 }
    Consolidated identical input bits for $mux cell $memory$auto$proc_rom.cc:155:do_switch$1731$rdmux[0][7][42]$7597:
      Old ports: A=8'00100000, B=8'11111100, Y=$memory$auto$proc_rom.cc:155:do_switch$1731$rdmux[0][6][21]$a$7343
      New ports: A=1'0, B=1'1, Y=$memory$auto$proc_rom.cc:155:do_switch$1731$rdmux[0][6][21]$a$7343 [2]
      New connections: { $memory$auto$proc_rom.cc:155:do_switch$1731$rdmux[0][6][21]$a$7343 [7:3] $memory$auto$proc_rom.cc:155:do_switch$1731$rdmux[0][6][21]$a$7343 [1:0] } = { $memory$auto$proc_rom.cc:155:do_switch$1731$rdmux[0][6][21]$a$7343 [2] $memory$auto$proc_rom.cc:155:do_switch$1731$rdmux[0][6][21]$a$7343 [2] 1'1 $memory$auto$proc_rom.cc:155:do_switch$1731$rdmux[0][6][21]$a$7343 [2] $memory$auto$proc_rom.cc:155:do_switch$1731$rdmux[0][6][21]$a$7343 [2] 2'00 }
    Consolidated identical input bits for $mux cell $memory$auto$proc_rom.cc:155:do_switch$1731$rdmux[0][7][41]$7594:
      Old ports: A=8'00000000, B=8'11101101, Y=$memory$auto$proc_rom.cc:155:do_switch$1731$rdmux[0][6][20]$b$7341
      New ports: A=1'0, B=1'1, Y=$memory$auto$proc_rom.cc:155:do_switch$1731$rdmux[0][6][20]$b$7341 [0]
      New connections: $memory$auto$proc_rom.cc:155:do_switch$1731$rdmux[0][6][20]$b$7341 [7:1] = { $memory$auto$proc_rom.cc:155:do_switch$1731$rdmux[0][6][20]$b$7341 [0] $memory$auto$proc_rom.cc:155:do_switch$1731$rdmux[0][6][20]$b$7341 [0] $memory$auto$proc_rom.cc:155:do_switch$1731$rdmux[0][6][20]$b$7341 [0] 1'0 $memory$auto$proc_rom.cc:155:do_switch$1731$rdmux[0][6][20]$b$7341 [0] $memory$auto$proc_rom.cc:155:do_switch$1731$rdmux[0][6][20]$b$7341 [0] 1'0 }
    Consolidated identical input bits for $mux cell $memory$auto$proc_rom.cc:155:do_switch$1731$rdmux[0][7][40]$7591:
      Old ports: A=8'01010011, B=8'11010001, Y=$memory$auto$proc_rom.cc:155:do_switch$1731$rdmux[0][6][20]$a$7340
      New ports: A=2'01, B=2'10, Y={ $memory$auto$proc_rom.cc:155:do_switch$1731$rdmux[0][6][20]$a$7340 [7] $memory$auto$proc_rom.cc:155:do_switch$1731$rdmux[0][6][20]$a$7340 [1] }
      New connections: { $memory$auto$proc_rom.cc:155:do_switch$1731$rdmux[0][6][20]$a$7340 [6:2] $memory$auto$proc_rom.cc:155:do_switch$1731$rdmux[0][6][20]$a$7340 [0] } = 6'101001
    Consolidated identical input bits for $mux cell $memory$auto$proc_rom.cc:155:do_switch$1731$rdmux[0][7][39]$7588:
      Old ports: A=8'00101111, B=8'10000100, Y=$memory$auto$proc_rom.cc:155:do_switch$1731$rdmux[0][6][19]$b$7338
      New ports: A=2'01, B=2'10, Y={ $memory$auto$proc_rom.cc:155:do_switch$1731$rdmux[0][6][19]$b$7338 [7] $memory$auto$proc_rom.cc:155:do_switch$1731$rdmux[0][6][19]$b$7338 [0] }
      New connections: $memory$auto$proc_rom.cc:155:do_switch$1731$rdmux[0][6][19]$b$7338 [6:1] = { 1'0 $memory$auto$proc_rom.cc:155:do_switch$1731$rdmux[0][6][19]$b$7338 [0] 1'0 $memory$auto$proc_rom.cc:155:do_switch$1731$rdmux[0][6][19]$b$7338 [0] 1'1 $memory$auto$proc_rom.cc:155:do_switch$1731$rdmux[0][6][19]$b$7338 [0] }
    Consolidated identical input bits for $mux cell $memory$auto$proc_rom.cc:155:do_switch$1731$rdmux[0][7][38]$7585:
      Old ports: A=8'00101001, B=8'11100011, Y=$memory$auto$proc_rom.cc:155:do_switch$1731$rdmux[0][6][19]$a$7337
      New ports: A=2'10, B=2'01, Y={ $memory$auto$proc_rom.cc:155:do_switch$1731$rdmux[0][6][19]$a$7337 [3] $memory$auto$proc_rom.cc:155:do_switch$1731$rdmux[0][6][19]$a$7337 [1] }
      New connections: { $memory$auto$proc_rom.cc:155:do_switch$1731$rdmux[0][6][19]$a$7337 [7:4] $memory$auto$proc_rom.cc:155:do_switch$1731$rdmux[0][6][19]$a$7337 [2] $memory$auto$proc_rom.cc:155:do_switch$1731$rdmux[0][6][19]$a$7337 [0] } = { $memory$auto$proc_rom.cc:155:do_switch$1731$rdmux[0][6][19]$a$7337 [1] $memory$auto$proc_rom.cc:155:do_switch$1731$rdmux[0][6][19]$a$7337 [1] 4'1001 }
    Consolidated identical input bits for $mux cell $memory$auto$proc_rom.cc:155:do_switch$1731$rdmux[0][7][37]$7582:
      Old ports: A=8'11010110, B=8'10110011, Y=$memory$auto$proc_rom.cc:155:do_switch$1731$rdmux[0][6][18]$b$7335
      New ports: A=2'10, B=2'01, Y={ $memory$auto$proc_rom.cc:155:do_switch$1731$rdmux[0][6][18]$b$7335 [2] $memory$auto$proc_rom.cc:155:do_switch$1731$rdmux[0][6][18]$b$7335 [0] }
      New connections: { $memory$auto$proc_rom.cc:155:do_switch$1731$rdmux[0][6][18]$b$7335 [7:3] $memory$auto$proc_rom.cc:155:do_switch$1731$rdmux[0][6][18]$b$7335 [1] } = { 1'1 $memory$auto$proc_rom.cc:155:do_switch$1731$rdmux[0][6][18]$b$7335 [2] $memory$auto$proc_rom.cc:155:do_switch$1731$rdmux[0][6][18]$b$7335 [0] 3'101 }
    Consolidated identical input bits for $mux cell $memory$auto$proc_rom.cc:155:do_switch$1731$rdmux[0][7][36]$7579:
      Old ports: A=8'01010010, B=8'00111011, Y=$memory$auto$proc_rom.cc:155:do_switch$1731$rdmux[0][6][18]$a$7334
      New ports: A=2'10, B=2'01, Y={ $memory$auto$proc_rom.cc:155:do_switch$1731$rdmux[0][6][18]$a$7334 [6] $memory$auto$proc_rom.cc:155:do_switch$1731$rdmux[0][6][18]$a$7334 [0] }
      New connections: { $memory$auto$proc_rom.cc:155:do_switch$1731$rdmux[0][6][18]$a$7334 [7] $memory$auto$proc_rom.cc:155:do_switch$1731$rdmux[0][6][18]$a$7334 [5:1] } = { 1'0 $memory$auto$proc_rom.cc:155:do_switch$1731$rdmux[0][6][18]$a$7334 [0] 1'1 $memory$auto$proc_rom.cc:155:do_switch$1731$rdmux[0][6][18]$a$7334 [0] 2'01 }
    Consolidated identical input bits for $mux cell $memory$auto$proc_rom.cc:155:do_switch$1731$rdmux[0][7][35]$7576:
      Old ports: A=8'01011010, B=8'10100000, Y=$memory$auto$proc_rom.cc:155:do_switch$1731$rdmux[0][6][17]$b$7332
      New ports: A=2'01, B=2'10, Y={ $memory$auto$proc_rom.cc:155:do_switch$1731$rdmux[0][6][17]$b$7332 [5] $memory$auto$proc_rom.cc:155:do_switch$1731$rdmux[0][6][17]$b$7332 [1] }
      New connections: { $memory$auto$proc_rom.cc:155:do_switch$1731$rdmux[0][6][17]$b$7332 [7:6] $memory$auto$proc_rom.cc:155:do_switch$1731$rdmux[0][6][17]$b$7332 [4:2] $memory$auto$proc_rom.cc:155:do_switch$1731$rdmux[0][6][17]$b$7332 [0] } = { $memory$auto$proc_rom.cc:155:do_switch$1731$rdmux[0][6][17]$b$7332 [5] $memory$auto$proc_rom.cc:155:do_switch$1731$rdmux[0][6][17]$b$7332 [1] $memory$auto$proc_rom.cc:155:do_switch$1731$rdmux[0][6][17]$b$7332 [1] $memory$auto$proc_rom.cc:155:do_switch$1731$rdmux[0][6][17]$b$7332 [1] 2'00 }
    Consolidated identical input bits for $mux cell $memory$auto$proc_rom.cc:155:do_switch$1731$rdmux[0][7][34]$7573:
      Old ports: A=8'00011011, B=8'01101110, Y=$memory$auto$proc_rom.cc:155:do_switch$1731$rdmux[0][6][17]$a$7331
      New ports: A=2'01, B=2'10, Y={ $memory$auto$proc_rom.cc:155:do_switch$1731$rdmux[0][6][17]$a$7331 [2] $memory$auto$proc_rom.cc:155:do_switch$1731$rdmux[0][6][17]$a$7331 [0] }
      New connections: { $memory$auto$proc_rom.cc:155:do_switch$1731$rdmux[0][6][17]$a$7331 [7:3] $memory$auto$proc_rom.cc:155:do_switch$1731$rdmux[0][6][17]$a$7331 [1] } = { 1'0 $memory$auto$proc_rom.cc:155:do_switch$1731$rdmux[0][6][17]$a$7331 [2] $memory$auto$proc_rom.cc:155:do_switch$1731$rdmux[0][6][17]$a$7331 [2] $memory$auto$proc_rom.cc:155:do_switch$1731$rdmux[0][6][17]$a$7331 [0] 2'11 }
    Consolidated identical input bits for $mux cell $memory$auto$proc_rom.cc:155:do_switch$1731$rdmux[0][7][33]$7570:
      Old ports: A=8'00101100, B=8'00011010, Y=$memory$auto$proc_rom.cc:155:do_switch$1731$rdmux[0][6][16]$b$7329
      New ports: A=2'10, B=2'01, Y=$memory$auto$proc_rom.cc:155:do_switch$1731$rdmux[0][6][16]$b$7329 [2:1]
      New connections: { $memory$auto$proc_rom.cc:155:do_switch$1731$rdmux[0][6][16]$b$7329 [7:3] $memory$auto$proc_rom.cc:155:do_switch$1731$rdmux[0][6][16]$b$7329 [0] } = { 2'00 $memory$auto$proc_rom.cc:155:do_switch$1731$rdmux[0][6][16]$b$7329 [2:1] 2'10 }
    Consolidated identical input bits for $mux cell $memory$auto$proc_rom.cc:155:do_switch$1731$rdmux[0][7][32]$7567:
      Old ports: A=8'00001001, B=8'10000011, Y=$memory$auto$proc_rom.cc:155:do_switch$1731$rdmux[0][6][16]$a$7328
      New ports: A=2'10, B=2'01, Y={ $memory$auto$proc_rom.cc:155:do_switch$1731$rdmux[0][6][16]$a$7328 [3] $memory$auto$proc_rom.cc:155:do_switch$1731$rdmux[0][6][16]$a$7328 [1] }
      New connections: { $memory$auto$proc_rom.cc:155:do_switch$1731$rdmux[0][6][16]$a$7328 [7:4] $memory$auto$proc_rom.cc:155:do_switch$1731$rdmux[0][6][16]$a$7328 [2] $memory$auto$proc_rom.cc:155:do_switch$1731$rdmux[0][6][16]$a$7328 [0] } = { $memory$auto$proc_rom.cc:155:do_switch$1731$rdmux[0][6][16]$a$7328 [1] 5'00001 }
    Consolidated identical input bits for $mux cell $memory$auto$proc_rom.cc:155:do_switch$1731$rdmux[0][7][31]$7564:
      Old ports: A=8'10110010, B=8'01110101, Y=$memory$auto$proc_rom.cc:155:do_switch$1731$rdmux[0][6][15]$b$7326
      New ports: A=2'10, B=2'01, Y=$memory$auto$proc_rom.cc:155:do_switch$1731$rdmux[0][6][15]$b$7326 [1:0]
      New connections: $memory$auto$proc_rom.cc:155:do_switch$1731$rdmux[0][6][15]$b$7326 [7:2] = { $memory$auto$proc_rom.cc:155:do_switch$1731$rdmux[0][6][15]$b$7326 [1:0] 3'110 $memory$auto$proc_rom.cc:155:do_switch$1731$rdmux[0][6][15]$b$7326 [0] }
    Consolidated identical input bits for $mux cell $memory$auto$proc_rom.cc:155:do_switch$1731$rdmux[0][7][30]$7561:
      Old ports: A=8'11101011, B=8'00100111, Y=$memory$auto$proc_rom.cc:155:do_switch$1731$rdmux[0][6][15]$a$7325
      New ports: A=2'10, B=2'01, Y=$memory$auto$proc_rom.cc:155:do_switch$1731$rdmux[0][6][15]$a$7325 [3:2]
      New connections: { $memory$auto$proc_rom.cc:155:do_switch$1731$rdmux[0][6][15]$a$7325 [7:4] $memory$auto$proc_rom.cc:155:do_switch$1731$rdmux[0][6][15]$a$7325 [1:0] } = { $memory$auto$proc_rom.cc:155:do_switch$1731$rdmux[0][6][15]$a$7325 [3] $memory$auto$proc_rom.cc:155:do_switch$1731$rdmux[0][6][15]$a$7325 [3] 4'1011 }
    Consolidated identical input bits for $mux cell $memory$auto$proc_rom.cc:155:do_switch$1731$rdmux[0][7][29]$7558:
      Old ports: A=8'10000000, B=8'11100010, Y=$memory$auto$proc_rom.cc:155:do_switch$1731$rdmux[0][6][14]$b$7323
      New ports: A=1'0, B=1'1, Y=$memory$auto$proc_rom.cc:155:do_switch$1731$rdmux[0][6][14]$b$7323 [1]
      New connections: { $memory$auto$proc_rom.cc:155:do_switch$1731$rdmux[0][6][14]$b$7323 [7:2] $memory$auto$proc_rom.cc:155:do_switch$1731$rdmux[0][6][14]$b$7323 [0] } = { 1'1 $memory$auto$proc_rom.cc:155:do_switch$1731$rdmux[0][6][14]$b$7323 [1] $memory$auto$proc_rom.cc:155:do_switch$1731$rdmux[0][6][14]$b$7323 [1] 4'0000 }
    Consolidated identical input bits for $mux cell $memory$auto$proc_rom.cc:155:do_switch$1731$rdmux[0][7][28]$7555:
      Old ports: A=8'00000111, B=8'00010010, Y=$memory$auto$proc_rom.cc:155:do_switch$1731$rdmux[0][6][14]$a$7322
      New ports: A=2'01, B=2'10, Y={ $memory$auto$proc_rom.cc:155:do_switch$1731$rdmux[0][6][14]$a$7322 [4] $memory$auto$proc_rom.cc:155:do_switch$1731$rdmux[0][6][14]$a$7322 [0] }
      New connections: { $memory$auto$proc_rom.cc:155:do_switch$1731$rdmux[0][6][14]$a$7322 [7:5] $memory$auto$proc_rom.cc:155:do_switch$1731$rdmux[0][6][14]$a$7322 [3:1] } = { 4'0000 $memory$auto$proc_rom.cc:155:do_switch$1731$rdmux[0][6][14]$a$7322 [0] 1'1 }
    Consolidated identical input bits for $mux cell $memory$auto$proc_rom.cc:155:do_switch$1731$rdmux[0][7][27]$7552:
      Old ports: A=8'00000101, B=8'10011010, Y=$memory$auto$proc_rom.cc:155:do_switch$1731$rdmux[0][6][13]$b$7320
      New ports: A=2'01, B=2'10, Y=$memory$auto$proc_rom.cc:155:do_switch$1731$rdmux[0][6][13]$b$7320 [1:0]
      New connections: $memory$auto$proc_rom.cc:155:do_switch$1731$rdmux[0][6][13]$b$7320 [7:2] = { $memory$auto$proc_rom.cc:155:do_switch$1731$rdmux[0][6][13]$b$7320 [1] 2'00 $memory$auto$proc_rom.cc:155:do_switch$1731$rdmux[0][6][13]$b$7320 [1] $memory$auto$proc_rom.cc:155:do_switch$1731$rdmux[0][6][13]$b$7320 [1:0] }
    Consolidated identical input bits for $mux cell $memory$auto$proc_rom.cc:155:do_switch$1731$rdmux[0][7][26]$7549:
      Old ports: A=8'00011000, B=8'10010110, Y=$memory$auto$proc_rom.cc:155:do_switch$1731$rdmux[0][6][13]$a$7319
      New ports: A=2'10, B=2'01, Y={ $memory$auto$proc_rom.cc:155:do_switch$1731$rdmux[0][6][13]$a$7319 [3] $memory$auto$proc_rom.cc:155:do_switch$1731$rdmux[0][6][13]$a$7319 [1] }
      New connections: { $memory$auto$proc_rom.cc:155:do_switch$1731$rdmux[0][6][13]$a$7319 [7:4] $memory$auto$proc_rom.cc:155:do_switch$1731$rdmux[0][6][13]$a$7319 [2] $memory$auto$proc_rom.cc:155:do_switch$1731$rdmux[0][6][13]$a$7319 [0] } = { $memory$auto$proc_rom.cc:155:do_switch$1731$rdmux[0][6][13]$a$7319 [1] 3'001 $memory$auto$proc_rom.cc:155:do_switch$1731$rdmux[0][6][13]$a$7319 [1] 1'0 }
    Consolidated identical input bits for $mux cell $memory$auto$proc_rom.cc:155:do_switch$1731$rdmux[0][7][25]$7546:
      Old ports: A=8'00100011, B=8'11000011, Y=$memory$auto$proc_rom.cc:155:do_switch$1731$rdmux[0][6][12]$b$7317
      New ports: A=2'01, B=2'10, Y=$memory$auto$proc_rom.cc:155:do_switch$1731$rdmux[0][6][12]$b$7317 [6:5]
      New connections: { $memory$auto$proc_rom.cc:155:do_switch$1731$rdmux[0][6][12]$b$7317 [7] $memory$auto$proc_rom.cc:155:do_switch$1731$rdmux[0][6][12]$b$7317 [4:0] } = { $memory$auto$proc_rom.cc:155:do_switch$1731$rdmux[0][6][12]$b$7317 [6] 5'00011 }
    Consolidated identical input bits for $mux cell $memory$auto$proc_rom.cc:155:do_switch$1731$rdmux[0][7][24]$7543:
      Old ports: A=8'00000100, B=8'11000111, Y=$memory$auto$proc_rom.cc:155:do_switch$1731$rdmux[0][6][12]$a$7316
      New ports: A=1'0, B=1'1, Y=$memory$auto$proc_rom.cc:155:do_switch$1731$rdmux[0][6][12]$a$7316 [0]
      New connections: $memory$auto$proc_rom.cc:155:do_switch$1731$rdmux[0][6][12]$a$7316 [7:1] = { $memory$auto$proc_rom.cc:155:do_switch$1731$rdmux[0][6][12]$a$7316 [0] $memory$auto$proc_rom.cc:155:do_switch$1731$rdmux[0][6][12]$a$7316 [0] 4'0001 $memory$auto$proc_rom.cc:155:do_switch$1731$rdmux[0][6][12]$a$7316 [0] }
    Consolidated identical input bits for $mux cell $memory$auto$proc_rom.cc:155:do_switch$1731$rdmux[0][7][23]$7540:
      Old ports: A=8'00110001, B=8'00010101, Y=$memory$auto$proc_rom.cc:155:do_switch$1731$rdmux[0][6][11]$b$7314
      New ports: A=2'10, B=2'01, Y={ $memory$auto$proc_rom.cc:155:do_switch$1731$rdmux[0][6][11]$b$7314 [5] $memory$auto$proc_rom.cc:155:do_switch$1731$rdmux[0][6][11]$b$7314 [2] }
      New connections: { $memory$auto$proc_rom.cc:155:do_switch$1731$rdmux[0][6][11]$b$7314 [7:6] $memory$auto$proc_rom.cc:155:do_switch$1731$rdmux[0][6][11]$b$7314 [4:3] $memory$auto$proc_rom.cc:155:do_switch$1731$rdmux[0][6][11]$b$7314 [1:0] } = 6'001001
    Consolidated identical input bits for $mux cell $memory$auto$proc_rom.cc:155:do_switch$1731$rdmux[0][7][22]$7537:
      Old ports: A=8'01110001, B=8'11011000, Y=$memory$auto$proc_rom.cc:155:do_switch$1731$rdmux[0][6][11]$a$7313
      New ports: A=2'01, B=2'10, Y={ $memory$auto$proc_rom.cc:155:do_switch$1731$rdmux[0][6][11]$a$7313 [3] $memory$auto$proc_rom.cc:155:do_switch$1731$rdmux[0][6][11]$a$7313 [0] }
      New connections: { $memory$auto$proc_rom.cc:155:do_switch$1731$rdmux[0][6][11]$a$7313 [7:4] $memory$auto$proc_rom.cc:155:do_switch$1731$rdmux[0][6][11]$a$7313 [2:1] } = { $memory$auto$proc_rom.cc:155:do_switch$1731$rdmux[0][6][11]$a$7313 [3] 1'1 $memory$auto$proc_rom.cc:155:do_switch$1731$rdmux[0][6][11]$a$7313 [0] 3'100 }
    Consolidated identical input bits for $mux cell $memory$auto$proc_rom.cc:155:do_switch$1731$rdmux[0][7][21]$7534:
      Old ports: A=8'11100101, B=8'11110001, Y=$memory$auto$proc_rom.cc:155:do_switch$1731$rdmux[0][6][10]$b$7311
      New ports: A=2'01, B=2'10, Y={ $memory$auto$proc_rom.cc:155:do_switch$1731$rdmux[0][6][10]$b$7311 [4] $memory$auto$proc_rom.cc:155:do_switch$1731$rdmux[0][6][10]$b$7311 [2] }
      New connections: { $memory$auto$proc_rom.cc:155:do_switch$1731$rdmux[0][6][10]$b$7311 [7:5] $memory$auto$proc_rom.cc:155:do_switch$1731$rdmux[0][6][10]$b$7311 [3] $memory$auto$proc_rom.cc:155:do_switch$1731$rdmux[0][6][10]$b$7311 [1:0] } = 6'111001
    Consolidated identical input bits for $mux cell $memory$auto$proc_rom.cc:155:do_switch$1731$rdmux[0][7][20]$7531:
      Old ports: A=8'00110100, B=8'10100101, Y=$memory$auto$proc_rom.cc:155:do_switch$1731$rdmux[0][6][10]$a$7310
      New ports: A=2'10, B=2'01, Y={ $memory$auto$proc_rom.cc:155:do_switch$1731$rdmux[0][6][10]$a$7310 [4] $memory$auto$proc_rom.cc:155:do_switch$1731$rdmux[0][6][10]$a$7310 [0] }
      New connections: { $memory$auto$proc_rom.cc:155:do_switch$1731$rdmux[0][6][10]$a$7310 [7:5] $memory$auto$proc_rom.cc:155:do_switch$1731$rdmux[0][6][10]$a$7310 [3:1] } = { $memory$auto$proc_rom.cc:155:do_switch$1731$rdmux[0][6][10]$a$7310 [0] 5'01010 }
    Consolidated identical input bits for $mux cell $memory$auto$proc_rom.cc:155:do_switch$1731$rdmux[0][7][19]$7528:
      Old ports: A=8'11110111, B=8'11001100, Y=$memory$auto$proc_rom.cc:155:do_switch$1731$rdmux[0][6][9]$b$7308
      New ports: A=2'01, B=2'10, Y={ $memory$auto$proc_rom.cc:155:do_switch$1731$rdmux[0][6][9]$b$7308 [3] $memory$auto$proc_rom.cc:155:do_switch$1731$rdmux[0][6][9]$b$7308 [0] }
      New connections: { $memory$auto$proc_rom.cc:155:do_switch$1731$rdmux[0][6][9]$b$7308 [7:4] $memory$auto$proc_rom.cc:155:do_switch$1731$rdmux[0][6][9]$b$7308 [2:1] } = { 2'11 $memory$auto$proc_rom.cc:155:do_switch$1731$rdmux[0][6][9]$b$7308 [0] $memory$auto$proc_rom.cc:155:do_switch$1731$rdmux[0][6][9]$b$7308 [0] 1'1 $memory$auto$proc_rom.cc:155:do_switch$1731$rdmux[0][6][9]$b$7308 [0] }
    Consolidated identical input bits for $mux cell $memory$auto$proc_rom.cc:155:do_switch$1731$rdmux[0][7][18]$7525:
      Old ports: A=8'00110110, B=8'00111111, Y=$memory$auto$proc_rom.cc:155:do_switch$1731$rdmux[0][6][9]$a$7307
      New ports: A=1'0, B=1'1, Y=$memory$auto$proc_rom.cc:155:do_switch$1731$rdmux[0][6][9]$a$7307 [0]
      New connections: $memory$auto$proc_rom.cc:155:do_switch$1731$rdmux[0][6][9]$a$7307 [7:1] = { 4'0011 $memory$auto$proc_rom.cc:155:do_switch$1731$rdmux[0][6][9]$a$7307 [0] 2'11 }
    Consolidated identical input bits for $mux cell $memory$auto$proc_rom.cc:155:do_switch$1731$rdmux[0][7][17]$7522:
      Old ports: A=8'10010011, B=8'00100110, Y=$memory$auto$proc_rom.cc:155:do_switch$1731$rdmux[0][6][8]$b$7305
      New ports: A=2'01, B=2'10, Y={ $memory$auto$proc_rom.cc:155:do_switch$1731$rdmux[0][6][8]$b$7305 [2] $memory$auto$proc_rom.cc:155:do_switch$1731$rdmux[0][6][8]$b$7305 [0] }
      New connections: { $memory$auto$proc_rom.cc:155:do_switch$1731$rdmux[0][6][8]$b$7305 [7:3] $memory$auto$proc_rom.cc:155:do_switch$1731$rdmux[0][6][8]$b$7305 [1] } = { $memory$auto$proc_rom.cc:155:do_switch$1731$rdmux[0][6][8]$b$7305 [0] 1'0 $memory$auto$proc_rom.cc:155:do_switch$1731$rdmux[0][6][8]$b$7305 [2] $memory$auto$proc_rom.cc:155:do_switch$1731$rdmux[0][6][8]$b$7305 [0] 2'01 }
    Consolidated identical input bits for $mux cell $memory$auto$proc_rom.cc:155:do_switch$1731$rdmux[0][7][16]$7519:
      Old ports: A=8'10110111, B=8'11111101, Y=$memory$auto$proc_rom.cc:155:do_switch$1731$rdmux[0][6][8]$a$7304
      New ports: A=2'01, B=2'10, Y={ $memory$auto$proc_rom.cc:155:do_switch$1731$rdmux[0][6][8]$a$7304 [3] $memory$auto$proc_rom.cc:155:do_switch$1731$rdmux[0][6][8]$a$7304 [1] }
      New connections: { $memory$auto$proc_rom.cc:155:do_switch$1731$rdmux[0][6][8]$a$7304 [7:4] $memory$auto$proc_rom.cc:155:do_switch$1731$rdmux[0][6][8]$a$7304 [2] $memory$auto$proc_rom.cc:155:do_switch$1731$rdmux[0][6][8]$a$7304 [0] } = { 1'1 $memory$auto$proc_rom.cc:155:do_switch$1731$rdmux[0][6][8]$a$7304 [3] 4'1111 }
    Consolidated identical input bits for $mux cell $memory$auto$proc_rom.cc:155:do_switch$1731$rdmux[0][7][15]$7516:
      Old ports: A=8'01110010, B=8'11000000, Y=$memory$auto$proc_rom.cc:155:do_switch$1731$rdmux[0][6][7]$b$7302
      New ports: A=2'01, B=2'10, Y={ $memory$auto$proc_rom.cc:155:do_switch$1731$rdmux[0][6][7]$b$7302 [7] $memory$auto$proc_rom.cc:155:do_switch$1731$rdmux[0][6][7]$b$7302 [1] }
      New connections: { $memory$auto$proc_rom.cc:155:do_switch$1731$rdmux[0][6][7]$b$7302 [6:2] $memory$auto$proc_rom.cc:155:do_switch$1731$rdmux[0][6][7]$b$7302 [0] } = { 1'1 $memory$auto$proc_rom.cc:155:do_switch$1731$rdmux[0][6][7]$b$7302 [1] $memory$auto$proc_rom.cc:155:do_switch$1731$rdmux[0][6][7]$b$7302 [1] 3'000 }
    Consolidated identical input bits for $mux cell $memory$auto$proc_rom.cc:155:do_switch$1731$rdmux[0][7][14]$7513:
      Old ports: A=8'10011100, B=8'10100100, Y=$memory$auto$proc_rom.cc:155:do_switch$1731$rdmux[0][6][7]$a$7301
      New ports: A=2'01, B=2'10, Y={ $memory$auto$proc_rom.cc:155:do_switch$1731$rdmux[0][6][7]$a$7301 [5] $memory$auto$proc_rom.cc:155:do_switch$1731$rdmux[0][6][7]$a$7301 [3] }
      New connections: { $memory$auto$proc_rom.cc:155:do_switch$1731$rdmux[0][6][7]$a$7301 [7:6] $memory$auto$proc_rom.cc:155:do_switch$1731$rdmux[0][6][7]$a$7301 [4] $memory$auto$proc_rom.cc:155:do_switch$1731$rdmux[0][6][7]$a$7301 [2:0] } = { 2'10 $memory$auto$proc_rom.cc:155:do_switch$1731$rdmux[0][6][7]$a$7301 [3] 3'100 }
    Consolidated identical input bits for $mux cell $memory$auto$proc_rom.cc:155:do_switch$1731$rdmux[0][7][13]$7510:
      Old ports: A=8'10100010, B=8'10101111, Y=$memory$auto$proc_rom.cc:155:do_switch$1731$rdmux[0][6][6]$b$7299
      New ports: A=1'0, B=1'1, Y=$memory$auto$proc_rom.cc:155:do_switch$1731$rdmux[0][6][6]$b$7299 [0]
      New connections: $memory$auto$proc_rom.cc:155:do_switch$1731$rdmux[0][6][6]$b$7299 [7:1] = { 4'1010 $memory$auto$proc_rom.cc:155:do_switch$1731$rdmux[0][6][6]$b$7299 [0] $memory$auto$proc_rom.cc:155:do_switch$1731$rdmux[0][6][6]$b$7299 [0] 1'1 }
    Consolidated identical input bits for $mux cell $memory$auto$proc_rom.cc:155:do_switch$1731$rdmux[0][7][12]$7507:
      Old ports: A=8'10101101, B=8'11010100, Y=$memory$auto$proc_rom.cc:155:do_switch$1731$rdmux[0][6][6]$a$7298
      New ports: A=2'01, B=2'10, Y={ $memory$auto$proc_rom.cc:155:do_switch$1731$rdmux[0][6][6]$a$7298 [4] $memory$auto$proc_rom.cc:155:do_switch$1731$rdmux[0][6][6]$a$7298 [0] }
      New connections: { $memory$auto$proc_rom.cc:155:do_switch$1731$rdmux[0][6][6]$a$7298 [7:5] $memory$auto$proc_rom.cc:155:do_switch$1731$rdmux[0][6][6]$a$7298 [3:1] } = { 1'1 $memory$auto$proc_rom.cc:155:do_switch$1731$rdmux[0][6][6]$a$7298 [4] $memory$auto$proc_rom.cc:155:do_switch$1731$rdmux[0][6][6]$a$7298 [0] $memory$auto$proc_rom.cc:155:do_switch$1731$rdmux[0][6][6]$a$7298 [0] 2'10 }
    Consolidated identical input bits for $mux cell $memory$auto$proc_rom.cc:155:do_switch$1731$rdmux[0][7][11]$7504:
      Old ports: A=8'01000111, B=8'11110000, Y=$memory$auto$proc_rom.cc:155:do_switch$1731$rdmux[0][6][5]$b$7296
      New ports: A=2'01, B=2'10, Y={ $memory$auto$proc_rom.cc:155:do_switch$1731$rdmux[0][6][5]$b$7296 [4] $memory$auto$proc_rom.cc:155:do_switch$1731$rdmux[0][6][5]$b$7296 [0] }
      New connections: { $memory$auto$proc_rom.cc:155:do_switch$1731$rdmux[0][6][5]$b$7296 [7:5] $memory$auto$proc_rom.cc:155:do_switch$1731$rdmux[0][6][5]$b$7296 [3:1] } = { $memory$auto$proc_rom.cc:155:do_switch$1731$rdmux[0][6][5]$b$7296 [4] 1'1 $memory$auto$proc_rom.cc:155:do_switch$1731$rdmux[0][6][5]$b$7296 [4] 1'0 $memory$auto$proc_rom.cc:155:do_switch$1731$rdmux[0][6][5]$b$7296 [0] $memory$auto$proc_rom.cc:155:do_switch$1731$rdmux[0][6][5]$b$7296 [0] }
    Consolidated identical input bits for $mux cell $memory$auto$proc_rom.cc:155:do_switch$1731$rdmux[0][7][10]$7501:
      Old ports: A=8'11111010, B=8'01011001, Y=$memory$auto$proc_rom.cc:155:do_switch$1731$rdmux[0][6][5]$a$7295
      New ports: A=2'10, B=2'01, Y=$memory$auto$proc_rom.cc:155:do_switch$1731$rdmux[0][6][5]$a$7295 [1:0]
      New connections: $memory$auto$proc_rom.cc:155:do_switch$1731$rdmux[0][6][5]$a$7295 [7:2] = { $memory$auto$proc_rom.cc:155:do_switch$1731$rdmux[0][6][5]$a$7295 [1] 1'1 $memory$auto$proc_rom.cc:155:do_switch$1731$rdmux[0][6][5]$a$7295 [1] 3'110 }
    Consolidated identical input bits for $mux cell $memory$auto$proc_rom.cc:155:do_switch$1731$rdmux[0][7][9]$7498:
      Old ports: A=8'11001001, B=8'01111101, Y=$memory$auto$proc_rom.cc:155:do_switch$1731$rdmux[0][6][4]$b$7293
      New ports: A=2'10, B=2'01, Y={ $memory$auto$proc_rom.cc:155:do_switch$1731$rdmux[0][6][4]$b$7293 [7] $memory$auto$proc_rom.cc:155:do_switch$1731$rdmux[0][6][4]$b$7293 [2] }
      New connections: { $memory$auto$proc_rom.cc:155:do_switch$1731$rdmux[0][6][4]$b$7293 [6:3] $memory$auto$proc_rom.cc:155:do_switch$1731$rdmux[0][6][4]$b$7293 [1:0] } = { 1'1 $memory$auto$proc_rom.cc:155:do_switch$1731$rdmux[0][6][4]$b$7293 [2] $memory$auto$proc_rom.cc:155:do_switch$1731$rdmux[0][6][4]$b$7293 [2] 3'101 }
    Consolidated identical input bits for $mux cell $memory$auto$proc_rom.cc:155:do_switch$1731$rdmux[0][7][8]$7495:
      Old ports: A=8'11001010, B=8'10000010, Y=$memory$auto$proc_rom.cc:155:do_switch$1731$rdmux[0][6][4]$a$7292
      New ports: A=1'1, B=1'0, Y=$memory$auto$proc_rom.cc:155:do_switch$1731$rdmux[0][6][4]$a$7292 [3]
      New connections: { $memory$auto$proc_rom.cc:155:do_switch$1731$rdmux[0][6][4]$a$7292 [7:4] $memory$auto$proc_rom.cc:155:do_switch$1731$rdmux[0][6][4]$a$7292 [2:0] } = { 1'1 $memory$auto$proc_rom.cc:155:do_switch$1731$rdmux[0][6][4]$a$7292 [3] 5'00010 }
    Consolidated identical input bits for $mux cell $memory$auto$proc_rom.cc:155:do_switch$1731$rdmux[0][7][7]$7492:
      Old ports: A=8'10101011, B=8'01110110, Y=$memory$auto$proc_rom.cc:155:do_switch$1731$rdmux[0][6][3]$b$7290
      New ports: A=2'01, B=2'10, Y={ $memory$auto$proc_rom.cc:155:do_switch$1731$rdmux[0][6][3]$b$7290 [2] $memory$auto$proc_rom.cc:155:do_switch$1731$rdmux[0][6][3]$b$7290 [0] }
      New connections: { $memory$auto$proc_rom.cc:155:do_switch$1731$rdmux[0][6][3]$b$7290 [7:3] $memory$auto$proc_rom.cc:155:do_switch$1731$rdmux[0][6][3]$b$7290 [1] } = { $memory$auto$proc_rom.cc:155:do_switch$1731$rdmux[0][6][3]$b$7290 [0] $memory$auto$proc_rom.cc:155:do_switch$1731$rdmux[0][6][3]$b$7290 [2] 1'1 $memory$auto$proc_rom.cc:155:do_switch$1731$rdmux[0][6][3]$b$7290 [2] $memory$auto$proc_rom.cc:155:do_switch$1731$rdmux[0][6][3]$b$7290 [0] 1'1 }
    Consolidated identical input bits for $mux cell $memory$auto$proc_rom.cc:155:do_switch$1731$rdmux[0][7][6]$7489:
      Old ports: A=8'11111110, B=8'11010111, Y=$memory$auto$proc_rom.cc:155:do_switch$1731$rdmux[0][6][3]$a$7289
      New ports: A=2'10, B=2'01, Y={ $memory$auto$proc_rom.cc:155:do_switch$1731$rdmux[0][6][3]$a$7289 [3] $memory$auto$proc_rom.cc:155:do_switch$1731$rdmux[0][6][3]$a$7289 [0] }
      New connections: { $memory$auto$proc_rom.cc:155:do_switch$1731$rdmux[0][6][3]$a$7289 [7:4] $memory$auto$proc_rom.cc:155:do_switch$1731$rdmux[0][6][3]$a$7289 [2:1] } = { 2'11 $memory$auto$proc_rom.cc:155:do_switch$1731$rdmux[0][6][3]$a$7289 [3] 3'111 }
    Consolidated identical input bits for $mux cell $memory$auto$proc_rom.cc:155:do_switch$1731$rdmux[0][7][5]$7486:
      Old ports: A=8'01100111, B=8'00101011, Y=$memory$auto$proc_rom.cc:155:do_switch$1731$rdmux[0][6][2]$b$7287
      New ports: A=2'01, B=2'10, Y=$memory$auto$proc_rom.cc:155:do_switch$1731$rdmux[0][6][2]$b$7287 [3:2]
      New connections: { $memory$auto$proc_rom.cc:155:do_switch$1731$rdmux[0][6][2]$b$7287 [7:4] $memory$auto$proc_rom.cc:155:do_switch$1731$rdmux[0][6][2]$b$7287 [1:0] } = { 1'0 $memory$auto$proc_rom.cc:155:do_switch$1731$rdmux[0][6][2]$b$7287 [2] 4'1011 }
    Consolidated identical input bits for $mux cell $memory$auto$proc_rom.cc:155:do_switch$1731$rdmux[0][7][4]$7483:
      Old ports: A=8'00110000, B=8'00000001, Y=$memory$auto$proc_rom.cc:155:do_switch$1731$rdmux[0][6][2]$a$7286
      New ports: A=2'10, B=2'01, Y={ $memory$auto$proc_rom.cc:155:do_switch$1731$rdmux[0][6][2]$a$7286 [4] $memory$auto$proc_rom.cc:155:do_switch$1731$rdmux[0][6][2]$a$7286 [0] }
      New connections: { $memory$auto$proc_rom.cc:155:do_switch$1731$rdmux[0][6][2]$a$7286 [7:5] $memory$auto$proc_rom.cc:155:do_switch$1731$rdmux[0][6][2]$a$7286 [3:1] } = { 2'00 $memory$auto$proc_rom.cc:155:do_switch$1731$rdmux[0][6][2]$a$7286 [4] 3'000 }
    Consolidated identical input bits for $mux cell $memory$auto$proc_rom.cc:155:do_switch$1731$rdmux[0][7][3]$7480:
      Old ports: A=8'01101111, B=8'11000101, Y=$memory$auto$proc_rom.cc:155:do_switch$1731$rdmux[0][6][1]$b$7284
      New ports: A=2'01, B=2'10, Y={ $memory$auto$proc_rom.cc:155:do_switch$1731$rdmux[0][6][1]$b$7284 [7] $memory$auto$proc_rom.cc:155:do_switch$1731$rdmux[0][6][1]$b$7284 [1] }
      New connections: { $memory$auto$proc_rom.cc:155:do_switch$1731$rdmux[0][6][1]$b$7284 [6:2] $memory$auto$proc_rom.cc:155:do_switch$1731$rdmux[0][6][1]$b$7284 [0] } = { 1'1 $memory$auto$proc_rom.cc:155:do_switch$1731$rdmux[0][6][1]$b$7284 [1] 1'0 $memory$auto$proc_rom.cc:155:do_switch$1731$rdmux[0][6][1]$b$7284 [1] 2'11 }
    Consolidated identical input bits for $mux cell $memory$auto$proc_rom.cc:155:do_switch$1731$rdmux[0][7][2]$7477:
      Old ports: A=8'11110010, B=8'01101011, Y=$memory$auto$proc_rom.cc:155:do_switch$1731$rdmux[0][6][1]$a$7283
      New ports: A=2'10, B=2'01, Y={ $memory$auto$proc_rom.cc:155:do_switch$1731$rdmux[0][6][1]$a$7283 [4] $memory$auto$proc_rom.cc:155:do_switch$1731$rdmux[0][6][1]$a$7283 [0] }
      New connections: { $memory$auto$proc_rom.cc:155:do_switch$1731$rdmux[0][6][1]$a$7283 [7:5] $memory$auto$proc_rom.cc:155:do_switch$1731$rdmux[0][6][1]$a$7283 [3:1] } = { $memory$auto$proc_rom.cc:155:do_switch$1731$rdmux[0][6][1]$a$7283 [4] 2'11 $memory$auto$proc_rom.cc:155:do_switch$1731$rdmux[0][6][1]$a$7283 [0] 2'01 }
    Consolidated identical input bits for $mux cell $memory$auto$proc_rom.cc:155:do_switch$1731$rdmux[0][7][1]$7474:
      Old ports: A=8'01110111, B=8'01111011, Y=$memory$auto$proc_rom.cc:155:do_switch$1731$rdmux[0][6][0]$b$7281
      New ports: A=2'01, B=2'10, Y=$memory$auto$proc_rom.cc:155:do_switch$1731$rdmux[0][6][0]$b$7281 [3:2]
      New connections: { $memory$auto$proc_rom.cc:155:do_switch$1731$rdmux[0][6][0]$b$7281 [7:4] $memory$auto$proc_rom.cc:155:do_switch$1731$rdmux[0][6][0]$b$7281 [1:0] } = 6'011111
    Consolidated identical input bits for $mux cell $memory$auto$proc_rom.cc:155:do_switch$1731$rdmux[0][7][0]$7471:
      Old ports: A=8'01100011, B=8'01111100, Y=$memory$auto$proc_rom.cc:155:do_switch$1731$rdmux[0][6][0]$a$7280
      New ports: A=2'01, B=2'10, Y={ $memory$auto$proc_rom.cc:155:do_switch$1731$rdmux[0][6][0]$a$7280 [2] $memory$auto$proc_rom.cc:155:do_switch$1731$rdmux[0][6][0]$a$7280 [0] }
      New connections: { $memory$auto$proc_rom.cc:155:do_switch$1731$rdmux[0][6][0]$a$7280 [7:3] $memory$auto$proc_rom.cc:155:do_switch$1731$rdmux[0][6][0]$a$7280 [1] } = { 3'011 $memory$auto$proc_rom.cc:155:do_switch$1731$rdmux[0][6][0]$a$7280 [2] $memory$auto$proc_rom.cc:155:do_switch$1731$rdmux[0][6][0]$a$7280 [2] $memory$auto$proc_rom.cc:155:do_switch$1731$rdmux[0][6][0]$a$7280 [0] }
    Consolidated identical input bits for $mux cell $memory$auto$proc_rom.cc:155:do_switch$1743$rdmux[0][3][6]$7084:
      Old ports: A=8'11011000, B=8'10101011, Y=$memory$auto$proc_rom.cc:155:do_switch$1743$rdmux[0][2][3]$a$7064
      New ports: A=2'10, B=2'01, Y={ $memory$auto$proc_rom.cc:155:do_switch$1743$rdmux[0][2][3]$a$7064 [4] $memory$auto$proc_rom.cc:155:do_switch$1743$rdmux[0][2][3]$a$7064 [0] }
      New connections: { $memory$auto$proc_rom.cc:155:do_switch$1743$rdmux[0][2][3]$a$7064 [7:5] $memory$auto$proc_rom.cc:155:do_switch$1743$rdmux[0][2][3]$a$7064 [3:1] } = { 1'1 $memory$auto$proc_rom.cc:155:do_switch$1743$rdmux[0][2][3]$a$7064 [4] $memory$auto$proc_rom.cc:155:do_switch$1743$rdmux[0][2][3]$a$7064 [0] 2'10 $memory$auto$proc_rom.cc:155:do_switch$1743$rdmux[0][2][3]$a$7064 [0] }
    Consolidated identical input bits for $mux cell $memory$auto$proc_rom.cc:155:do_switch$1743$rdmux[0][3][5]$7081:
      Old ports: A=8'00110110, B=8'01101100, Y=$memory$auto$proc_rom.cc:155:do_switch$1743$rdmux[0][2][2]$b$7062
      New ports: A=2'01, B=2'10, Y={ $memory$auto$proc_rom.cc:155:do_switch$1743$rdmux[0][2][2]$b$7062 [3] $memory$auto$proc_rom.cc:155:do_switch$1743$rdmux[0][2][2]$b$7062 [1] }
      New connections: { $memory$auto$proc_rom.cc:155:do_switch$1743$rdmux[0][2][2]$b$7062 [7:4] $memory$auto$proc_rom.cc:155:do_switch$1743$rdmux[0][2][2]$b$7062 [2] $memory$auto$proc_rom.cc:155:do_switch$1743$rdmux[0][2][2]$b$7062 [0] } = { 1'0 $memory$auto$proc_rom.cc:155:do_switch$1743$rdmux[0][2][2]$b$7062 [3] 1'1 $memory$auto$proc_rom.cc:155:do_switch$1743$rdmux[0][2][2]$b$7062 [1] 2'10 }
    Consolidated identical input bits for $mux cell $memory$auto$proc_rom.cc:155:do_switch$1743$rdmux[0][3][4]$7078:
      Old ports: A=8'10000000, B=8'00011011, Y=$memory$auto$proc_rom.cc:155:do_switch$1743$rdmux[0][2][2]$a$7061
      New ports: A=2'10, B=2'01, Y={ $memory$auto$proc_rom.cc:155:do_switch$1743$rdmux[0][2][2]$a$7061 [7] $memory$auto$proc_rom.cc:155:do_switch$1743$rdmux[0][2][2]$a$7061 [0] }
      New connections: $memory$auto$proc_rom.cc:155:do_switch$1743$rdmux[0][2][2]$a$7061 [6:1] = { 2'00 $memory$auto$proc_rom.cc:155:do_switch$1743$rdmux[0][2][2]$a$7061 [0] $memory$auto$proc_rom.cc:155:do_switch$1743$rdmux[0][2][2]$a$7061 [0] 1'0 $memory$auto$proc_rom.cc:155:do_switch$1743$rdmux[0][2][2]$a$7061 [0] }
    Consolidated identical input bits for $mux cell $memory$auto$proc_rom.cc:155:do_switch$1743$rdmux[0][3][3]$7075:
      Old ports: A=8'00100000, B=8'01000000, Y=$memory$auto$proc_rom.cc:155:do_switch$1743$rdmux[0][2][1]$b$7059
      New ports: A=2'01, B=2'10, Y=$memory$auto$proc_rom.cc:155:do_switch$1743$rdmux[0][2][1]$b$7059 [6:5]
      New connections: { $memory$auto$proc_rom.cc:155:do_switch$1743$rdmux[0][2][1]$b$7059 [7] $memory$auto$proc_rom.cc:155:do_switch$1743$rdmux[0][2][1]$b$7059 [4:0] } = 6'000000
    Consolidated identical input bits for $mux cell $memory$auto$proc_rom.cc:155:do_switch$1743$rdmux[0][3][2]$7072:
      Old ports: A=8'00001000, B=8'00010000, Y=$memory$auto$proc_rom.cc:155:do_switch$1743$rdmux[0][2][1]$a$7058
      New ports: A=2'01, B=2'10, Y=$memory$auto$proc_rom.cc:155:do_switch$1743$rdmux[0][2][1]$a$7058 [4:3]
      New connections: { $memory$auto$proc_rom.cc:155:do_switch$1743$rdmux[0][2][1]$a$7058 [7:5] $memory$auto$proc_rom.cc:155:do_switch$1743$rdmux[0][2][1]$a$7058 [2:0] } = 6'000000
    Consolidated identical input bits for $mux cell $memory$auto$proc_rom.cc:155:do_switch$1743$rdmux[0][3][1]$7069:
      Old ports: A=8'00000010, B=8'00000100, Y=$memory$auto$proc_rom.cc:155:do_switch$1743$rdmux[0][2][0]$b$7056
      New ports: A=2'01, B=2'10, Y=$memory$auto$proc_rom.cc:155:do_switch$1743$rdmux[0][2][0]$b$7056 [2:1]
      New connections: { $memory$auto$proc_rom.cc:155:do_switch$1743$rdmux[0][2][0]$b$7056 [7:3] $memory$auto$proc_rom.cc:155:do_switch$1743$rdmux[0][2][0]$b$7056 [0] } = 6'000000
    Consolidated identical input bits for $mux cell $memory$auto$proc_rom.cc:155:do_switch$1743$rdmux[0][3][0]$7066:
      Old ports: A=8'10001101, B=8'00000001, Y=$memory$auto$proc_rom.cc:155:do_switch$1743$rdmux[0][2][0]$a$7055
      New ports: A=1'1, B=1'0, Y=$memory$auto$proc_rom.cc:155:do_switch$1743$rdmux[0][2][0]$a$7055 [2]
      New connections: { $memory$auto$proc_rom.cc:155:do_switch$1743$rdmux[0][2][0]$a$7055 [7:3] $memory$auto$proc_rom.cc:155:do_switch$1743$rdmux[0][2][0]$a$7055 [1:0] } = { $memory$auto$proc_rom.cc:155:do_switch$1743$rdmux[0][2][0]$a$7055 [2] 3'000 $memory$auto$proc_rom.cc:155:do_switch$1743$rdmux[0][2][0]$a$7055 [2] 2'01 }
    Consolidated identical input bits for $mux cell $memory$auto$proc_rom.cc:155:do_switch$1735$rdmux[0][7][126]$7039:
      Old ports: A=8'10110000, B=8'01010100, Y=$memory$auto$proc_rom.cc:155:do_switch$1735$rdmux[0][6][63]$a$6659
      New ports: A=2'10, B=2'01, Y={ $memory$auto$proc_rom.cc:155:do_switch$1735$rdmux[0][6][63]$a$6659 [5] $memory$auto$proc_rom.cc:155:do_switch$1735$rdmux[0][6][63]$a$6659 [2] }
      New connections: { $memory$auto$proc_rom.cc:155:do_switch$1735$rdmux[0][6][63]$a$6659 [7:6] $memory$auto$proc_rom.cc:155:do_switch$1735$rdmux[0][6][63]$a$6659 [4:3] $memory$auto$proc_rom.cc:155:do_switch$1735$rdmux[0][6][63]$a$6659 [1:0] } = { $memory$auto$proc_rom.cc:155:do_switch$1735$rdmux[0][6][63]$a$6659 [5] $memory$auto$proc_rom.cc:155:do_switch$1735$rdmux[0][6][63]$a$6659 [2] 4'1000 }
    Consolidated identical input bits for $mux cell $memory$auto$proc_rom.cc:155:do_switch$1735$rdmux[0][7][125]$7036:
      Old ports: A=8'00101101, B=8'00001111, Y=$memory$auto$proc_rom.cc:155:do_switch$1735$rdmux[0][6][62]$b$6657
      New ports: A=2'10, B=2'01, Y={ $memory$auto$proc_rom.cc:155:do_switch$1735$rdmux[0][6][62]$b$6657 [5] $memory$auto$proc_rom.cc:155:do_switch$1735$rdmux[0][6][62]$b$6657 [1] }
      New connections: { $memory$auto$proc_rom.cc:155:do_switch$1735$rdmux[0][6][62]$b$6657 [7:6] $memory$auto$proc_rom.cc:155:do_switch$1735$rdmux[0][6][62]$b$6657 [4:2] $memory$auto$proc_rom.cc:155:do_switch$1735$rdmux[0][6][62]$b$6657 [0] } = 6'000111
    Consolidated identical input bits for $mux cell $memory$auto$proc_rom.cc:155:do_switch$1735$rdmux[0][7][124]$7033:
      Old ports: A=8'01000001, B=8'10011001, Y=$memory$auto$proc_rom.cc:155:do_switch$1735$rdmux[0][6][62]$a$6656
      New ports: A=2'10, B=2'01, Y={ $memory$auto$proc_rom.cc:155:do_switch$1735$rdmux[0][6][62]$a$6656 [6] $memory$auto$proc_rom.cc:155:do_switch$1735$rdmux[0][6][62]$a$6656 [3] }
      New connections: { $memory$auto$proc_rom.cc:155:do_switch$1735$rdmux[0][6][62]$a$6656 [7] $memory$auto$proc_rom.cc:155:do_switch$1735$rdmux[0][6][62]$a$6656 [5:4] $memory$auto$proc_rom.cc:155:do_switch$1735$rdmux[0][6][62]$a$6656 [2:0] } = { $memory$auto$proc_rom.cc:155:do_switch$1735$rdmux[0][6][62]$a$6656 [3] 1'0 $memory$auto$proc_rom.cc:155:do_switch$1735$rdmux[0][6][62]$a$6656 [3] 3'001 }
    Consolidated identical input bits for $mux cell $memory$auto$proc_rom.cc:155:do_switch$1735$rdmux[0][7][123]$7030:
      Old ports: A=8'01000010, B=8'01101000, Y=$memory$auto$proc_rom.cc:155:do_switch$1735$rdmux[0][6][61]$b$6654
      New ports: A=2'01, B=2'10, Y={ $memory$auto$proc_rom.cc:155:do_switch$1735$rdmux[0][6][61]$b$6654 [3] $memory$auto$proc_rom.cc:155:do_switch$1735$rdmux[0][6][61]$b$6654 [1] }
      New connections: { $memory$auto$proc_rom.cc:155:do_switch$1735$rdmux[0][6][61]$b$6654 [7:4] $memory$auto$proc_rom.cc:155:do_switch$1735$rdmux[0][6][61]$b$6654 [2] $memory$auto$proc_rom.cc:155:do_switch$1735$rdmux[0][6][61]$b$6654 [0] } = { 2'01 $memory$auto$proc_rom.cc:155:do_switch$1735$rdmux[0][6][61]$b$6654 [3] 3'000 }
    Consolidated identical input bits for $mux cell $memory$auto$proc_rom.cc:155:do_switch$1735$rdmux[0][7][122]$7027:
      Old ports: A=8'10111111, B=8'11100110, Y=$memory$auto$proc_rom.cc:155:do_switch$1735$rdmux[0][6][61]$a$6653
      New ports: A=2'01, B=2'10, Y={ $memory$auto$proc_rom.cc:155:do_switch$1735$rdmux[0][6][61]$a$6653 [6] $memory$auto$proc_rom.cc:155:do_switch$1735$rdmux[0][6][61]$a$6653 [0] }
      New connections: { $memory$auto$proc_rom.cc:155:do_switch$1735$rdmux[0][6][61]$a$6653 [7] $memory$auto$proc_rom.cc:155:do_switch$1735$rdmux[0][6][61]$a$6653 [5:1] } = { 2'11 $memory$auto$proc_rom.cc:155:do_switch$1735$rdmux[0][6][61]$a$6653 [0] $memory$auto$proc_rom.cc:155:do_switch$1735$rdmux[0][6][61]$a$6653 [0] 2'11 }
    Consolidated identical input bits for $mux cell $memory$auto$proc_rom.cc:155:do_switch$1735$rdmux[0][7][121]$7024:
      Old ports: A=8'10001001, B=8'00001101, Y=$memory$auto$proc_rom.cc:155:do_switch$1735$rdmux[0][6][60]$b$6651
      New ports: A=2'10, B=2'01, Y={ $memory$auto$proc_rom.cc:155:do_switch$1735$rdmux[0][6][60]$b$6651 [7] $memory$auto$proc_rom.cc:155:do_switch$1735$rdmux[0][6][60]$b$6651 [2] }
      New connections: { $memory$auto$proc_rom.cc:155:do_switch$1735$rdmux[0][6][60]$b$6651 [6:3] $memory$auto$proc_rom.cc:155:do_switch$1735$rdmux[0][6][60]$b$6651 [1:0] } = 6'000101
    Consolidated identical input bits for $mux cell $memory$auto$proc_rom.cc:155:do_switch$1735$rdmux[0][7][120]$7021:
      Old ports: A=8'10001100, B=8'10100001, Y=$memory$auto$proc_rom.cc:155:do_switch$1735$rdmux[0][6][60]$a$6650
      New ports: A=2'10, B=2'01, Y={ $memory$auto$proc_rom.cc:155:do_switch$1735$rdmux[0][6][60]$a$6650 [2] $memory$auto$proc_rom.cc:155:do_switch$1735$rdmux[0][6][60]$a$6650 [0] }
      New connections: { $memory$auto$proc_rom.cc:155:do_switch$1735$rdmux[0][6][60]$a$6650 [7:3] $memory$auto$proc_rom.cc:155:do_switch$1735$rdmux[0][6][60]$a$6650 [1] } = { 2'10 $memory$auto$proc_rom.cc:155:do_switch$1735$rdmux[0][6][60]$a$6650 [0] 1'0 $memory$auto$proc_rom.cc:155:do_switch$1735$rdmux[0][6][60]$a$6650 [2] 1'0 }
    Consolidated identical input bits for $mux cell $memory$auto$proc_rom.cc:155:do_switch$1735$rdmux[0][7][119]$7018:
      Old ports: A=8'00101000, B=8'11011111, Y=$memory$auto$proc_rom.cc:155:do_switch$1735$rdmux[0][6][59]$b$6648
      New ports: A=2'10, B=2'01, Y={ $memory$auto$proc_rom.cc:155:do_switch$1735$rdmux[0][6][59]$b$6648 [5] $memory$auto$proc_rom.cc:155:do_switch$1735$rdmux[0][6][59]$b$6648 [0] }
      New connections: { $memory$auto$proc_rom.cc:155:do_switch$1735$rdmux[0][6][59]$b$6648 [7:6] $memory$auto$proc_rom.cc:155:do_switch$1735$rdmux[0][6][59]$b$6648 [4:1] } = { $memory$auto$proc_rom.cc:155:do_switch$1735$rdmux[0][6][59]$b$6648 [0] $memory$auto$proc_rom.cc:155:do_switch$1735$rdmux[0][6][59]$b$6648 [0] $memory$auto$proc_rom.cc:155:do_switch$1735$rdmux[0][6][59]$b$6648 [0] 1'1 $memory$auto$proc_rom.cc:155:do_switch$1735$rdmux[0][6][59]$b$6648 [0] $memory$auto$proc_rom.cc:155:do_switch$1735$rdmux[0][6][59]$b$6648 [0] }
    Consolidated identical input bits for $mux cell $memory$auto$proc_rom.cc:155:do_switch$1735$rdmux[0][7][118]$7015:
      Old ports: A=8'11001110, B=8'01010101, Y=$memory$auto$proc_rom.cc:155:do_switch$1735$rdmux[0][6][59]$a$6647
      New ports: A=2'10, B=2'01, Y=$memory$auto$proc_rom.cc:155:do_switch$1735$rdmux[0][6][59]$a$6647 [1:0]
      New connections: $memory$auto$proc_rom.cc:155:do_switch$1735$rdmux[0][6][59]$a$6647 [7:2] = { $memory$auto$proc_rom.cc:155:do_switch$1735$rdmux[0][6][59]$a$6647 [1] 2'10 $memory$auto$proc_rom.cc:155:do_switch$1735$rdmux[0][6][59]$a$6647 [0] $memory$auto$proc_rom.cc:155:do_switch$1735$rdmux[0][6][59]$a$6647 [1] 1'1 }
    Consolidated identical input bits for $mux cell $memory$auto$proc_rom.cc:155:do_switch$1735$rdmux[0][7][117]$7012:
      Old ports: A=8'10000111, B=8'11101001, Y=$memory$auto$proc_rom.cc:155:do_switch$1735$rdmux[0][6][58]$b$6645
      New ports: A=2'01, B=2'10, Y={ $memory$auto$proc_rom.cc:155:do_switch$1735$rdmux[0][6][58]$b$6645 [3] $memory$auto$proc_rom.cc:155:do_switch$1735$rdmux[0][6][58]$b$6645 [1] }
      New connections: { $memory$auto$proc_rom.cc:155:do_switch$1735$rdmux[0][6][58]$b$6645 [7:4] $memory$auto$proc_rom.cc:155:do_switch$1735$rdmux[0][6][58]$b$6645 [2] $memory$auto$proc_rom.cc:155:do_switch$1735$rdmux[0][6][58]$b$6645 [0] } = { 1'1 $memory$auto$proc_rom.cc:155:do_switch$1735$rdmux[0][6][58]$b$6645 [3] $memory$auto$proc_rom.cc:155:do_switch$1735$rdmux[0][6][58]$b$6645 [3] 1'0 $memory$auto$proc_rom.cc:155:do_switch$1735$rdmux[0][6][58]$b$6645 [1] 1'1 }
    Consolidated identical input bits for $mux cell $memory$auto$proc_rom.cc:155:do_switch$1735$rdmux[0][7][116]$7009:
      Old ports: A=8'10011011, B=8'00011110, Y=$memory$auto$proc_rom.cc:155:do_switch$1735$rdmux[0][6][58]$a$6644
      New ports: A=2'01, B=2'10, Y={ $memory$auto$proc_rom.cc:155:do_switch$1735$rdmux[0][6][58]$a$6644 [2] $memory$auto$proc_rom.cc:155:do_switch$1735$rdmux[0][6][58]$a$6644 [0] }
      New connections: { $memory$auto$proc_rom.cc:155:do_switch$1735$rdmux[0][6][58]$a$6644 [7:3] $memory$auto$proc_rom.cc:155:do_switch$1735$rdmux[0][6][58]$a$6644 [1] } = { $memory$auto$proc_rom.cc:155:do_switch$1735$rdmux[0][6][58]$a$6644 [0] 5'00111 }
    Consolidated identical input bits for $mux cell $memory$auto$proc_rom.cc:155:do_switch$1735$rdmux[0][7][115]$7006:
      Old ports: A=8'10001110, B=8'10010100, Y=$memory$auto$proc_rom.cc:155:do_switch$1735$rdmux[0][6][57]$b$6642
      New ports: A=2'01, B=2'10, Y={ $memory$auto$proc_rom.cc:155:do_switch$1735$rdmux[0][6][57]$b$6642 [4] $memory$auto$proc_rom.cc:155:do_switch$1735$rdmux[0][6][57]$b$6642 [1] }
      New connections: { $memory$auto$proc_rom.cc:155:do_switch$1735$rdmux[0][6][57]$b$6642 [7:5] $memory$auto$proc_rom.cc:155:do_switch$1735$rdmux[0][6][57]$b$6642 [3:2] $memory$auto$proc_rom.cc:155:do_switch$1735$rdmux[0][6][57]$b$6642 [0] } = { 3'100 $memory$auto$proc_rom.cc:155:do_switch$1735$rdmux[0][6][57]$b$6642 [1] 2'10 }
    Consolidated identical input bits for $mux cell $memory$auto$proc_rom.cc:155:do_switch$1735$rdmux[0][7][114]$7003:
      Old ports: A=8'01101001, B=8'11011001, Y=$memory$auto$proc_rom.cc:155:do_switch$1735$rdmux[0][6][57]$a$6641
      New ports: A=2'10, B=2'01, Y=$memory$auto$proc_rom.cc:155:do_switch$1735$rdmux[0][6][57]$a$6641 [5:4]
      New connections: { $memory$auto$proc_rom.cc:155:do_switch$1735$rdmux[0][6][57]$a$6641 [7:6] $memory$auto$proc_rom.cc:155:do_switch$1735$rdmux[0][6][57]$a$6641 [3:0] } = { $memory$auto$proc_rom.cc:155:do_switch$1735$rdmux[0][6][57]$a$6641 [4] 5'11001 }
    Consolidated identical input bits for $mux cell $memory$auto$proc_rom.cc:155:do_switch$1735$rdmux[0][7][113]$7000:
      Old ports: A=8'10011000, B=8'00010001, Y=$memory$auto$proc_rom.cc:155:do_switch$1735$rdmux[0][6][56]$b$6639
      New ports: A=2'10, B=2'01, Y={ $memory$auto$proc_rom.cc:155:do_switch$1735$rdmux[0][6][56]$b$6639 [3] $memory$auto$proc_rom.cc:155:do_switch$1735$rdmux[0][6][56]$b$6639 [0] }
      New connections: { $memory$auto$proc_rom.cc:155:do_switch$1735$rdmux[0][6][56]$b$6639 [7:4] $memory$auto$proc_rom.cc:155:do_switch$1735$rdmux[0][6][56]$b$6639 [2:1] } = { $memory$auto$proc_rom.cc:155:do_switch$1735$rdmux[0][6][56]$b$6639 [3] 5'00100 }
    Consolidated identical input bits for $mux cell $memory$auto$proc_rom.cc:155:do_switch$1735$rdmux[0][7][112]$6997:
      Old ports: A=8'11100001, B=8'11111000, Y=$memory$auto$proc_rom.cc:155:do_switch$1735$rdmux[0][6][56]$a$6638
      New ports: A=2'01, B=2'10, Y={ $memory$auto$proc_rom.cc:155:do_switch$1735$rdmux[0][6][56]$a$6638 [3] $memory$auto$proc_rom.cc:155:do_switch$1735$rdmux[0][6][56]$a$6638 [0] }
      New connections: { $memory$auto$proc_rom.cc:155:do_switch$1735$rdmux[0][6][56]$a$6638 [7:4] $memory$auto$proc_rom.cc:155:do_switch$1735$rdmux[0][6][56]$a$6638 [2:1] } = { 3'111 $memory$auto$proc_rom.cc:155:do_switch$1735$rdmux[0][6][56]$a$6638 [3] 2'00 }
    Consolidated identical input bits for $mux cell $memory$auto$proc_rom.cc:155:do_switch$1735$rdmux[0][7][111]$6994:
      Old ports: A=8'00011101, B=8'10011110, Y=$memory$auto$proc_rom.cc:155:do_switch$1735$rdmux[0][6][55]$b$6636
      New ports: A=2'01, B=2'10, Y=$memory$auto$proc_rom.cc:155:do_switch$1735$rdmux[0][6][55]$b$6636 [1:0]
      New connections: $memory$auto$proc_rom.cc:155:do_switch$1735$rdmux[0][6][55]$b$6636 [7:2] = { $memory$auto$proc_rom.cc:155:do_switch$1735$rdmux[0][6][55]$b$6636 [1] 5'00111 }
    Consolidated identical input bits for $mux cell $memory$auto$proc_rom.cc:155:do_switch$1735$rdmux[0][7][110]$6991:
      Old ports: A=8'10000110, B=8'11000001, Y=$memory$auto$proc_rom.cc:155:do_switch$1735$rdmux[0][6][55]$a$6635
      New ports: A=2'10, B=2'01, Y=$memory$auto$proc_rom.cc:155:do_switch$1735$rdmux[0][6][55]$a$6635 [1:0]
      New connections: $memory$auto$proc_rom.cc:155:do_switch$1735$rdmux[0][6][55]$a$6635 [7:2] = { 1'1 $memory$auto$proc_rom.cc:155:do_switch$1735$rdmux[0][6][55]$a$6635 [0] 3'000 $memory$auto$proc_rom.cc:155:do_switch$1735$rdmux[0][6][55]$a$6635 [1] }
    Consolidated identical input bits for $mux cell $memory$auto$proc_rom.cc:155:do_switch$1735$rdmux[0][7][109]$6988:
      Old ports: A=8'01010111, B=8'10111001, Y=$memory$auto$proc_rom.cc:155:do_switch$1735$rdmux[0][6][54]$b$6633
      New ports: A=2'01, B=2'10, Y={ $memory$auto$proc_rom.cc:155:do_switch$1735$rdmux[0][6][54]$b$6633 [3] $memory$auto$proc_rom.cc:155:do_switch$1735$rdmux[0][6][54]$b$6633 [1] }
      New connections: { $memory$auto$proc_rom.cc:155:do_switch$1735$rdmux[0][6][54]$b$6633 [7:4] $memory$auto$proc_rom.cc:155:do_switch$1735$rdmux[0][6][54]$b$6633 [2] $memory$auto$proc_rom.cc:155:do_switch$1735$rdmux[0][6][54]$b$6633 [0] } = { $memory$auto$proc_rom.cc:155:do_switch$1735$rdmux[0][6][54]$b$6633 [3] $memory$auto$proc_rom.cc:155:do_switch$1735$rdmux[0][6][54]$b$6633 [1] $memory$auto$proc_rom.cc:155:do_switch$1735$rdmux[0][6][54]$b$6633 [3] 1'1 $memory$auto$proc_rom.cc:155:do_switch$1735$rdmux[0][6][54]$b$6633 [1] 1'1 }
    Consolidated identical input bits for $mux cell $memory$auto$proc_rom.cc:155:do_switch$1735$rdmux[0][7][108]$6985:
      Old ports: A=8'01100001, B=8'00110101, Y=$memory$auto$proc_rom.cc:155:do_switch$1735$rdmux[0][6][54]$a$6632
      New ports: A=2'10, B=2'01, Y={ $memory$auto$proc_rom.cc:155:do_switch$1735$rdmux[0][6][54]$a$6632 [6] $memory$auto$proc_rom.cc:155:do_switch$1735$rdmux[0][6][54]$a$6632 [2] }
      New connections: { $memory$auto$proc_rom.cc:155:do_switch$1735$rdmux[0][6][54]$a$6632 [7] $memory$auto$proc_rom.cc:155:do_switch$1735$rdmux[0][6][54]$a$6632 [5:3] $memory$auto$proc_rom.cc:155:do_switch$1735$rdmux[0][6][54]$a$6632 [1:0] } = { 2'01 $memory$auto$proc_rom.cc:155:do_switch$1735$rdmux[0][6][54]$a$6632 [2] 3'001 }
    Consolidated identical input bits for $mux cell $memory$auto$proc_rom.cc:155:do_switch$1735$rdmux[0][7][107]$6982:
      Old ports: A=8'11110110, B=8'00001110, Y=$memory$auto$proc_rom.cc:155:do_switch$1735$rdmux[0][6][53]$b$6630
      New ports: A=2'10, B=2'01, Y=$memory$auto$proc_rom.cc:155:do_switch$1735$rdmux[0][6][53]$b$6630 [4:3]
      New connections: { $memory$auto$proc_rom.cc:155:do_switch$1735$rdmux[0][6][53]$b$6630 [7:5] $memory$auto$proc_rom.cc:155:do_switch$1735$rdmux[0][6][53]$b$6630 [2:0] } = { $memory$auto$proc_rom.cc:155:do_switch$1735$rdmux[0][6][53]$b$6630 [4] $memory$auto$proc_rom.cc:155:do_switch$1735$rdmux[0][6][53]$b$6630 [4] $memory$auto$proc_rom.cc:155:do_switch$1735$rdmux[0][6][53]$b$6630 [4] 3'110 }
    Consolidated identical input bits for $mux cell $memory$auto$proc_rom.cc:155:do_switch$1735$rdmux[0][7][106]$6979:
      Old ports: A=8'01001000, B=8'00000011, Y=$memory$auto$proc_rom.cc:155:do_switch$1735$rdmux[0][6][53]$a$6629
      New ports: A=2'10, B=2'01, Y={ $memory$auto$proc_rom.cc:155:do_switch$1735$rdmux[0][6][53]$a$6629 [3] $memory$auto$proc_rom.cc:155:do_switch$1735$rdmux[0][6][53]$a$6629 [0] }
      New connections: { $memory$auto$proc_rom.cc:155:do_switch$1735$rdmux[0][6][53]$a$6629 [7:4] $memory$auto$proc_rom.cc:155:do_switch$1735$rdmux[0][6][53]$a$6629 [2:1] } = { 1'0 $memory$auto$proc_rom.cc:155:do_switch$1735$rdmux[0][6][53]$a$6629 [3] 3'000 $memory$auto$proc_rom.cc:155:do_switch$1735$rdmux[0][6][53]$a$6629 [0] }
    Consolidated identical input bits for $mux cell $memory$auto$proc_rom.cc:155:do_switch$1735$rdmux[0][7][105]$6976:
      Old ports: A=8'10110101, B=8'01100110, Y=$memory$auto$proc_rom.cc:155:do_switch$1735$rdmux[0][6][52]$b$6627
      New ports: A=2'01, B=2'10, Y=$memory$auto$proc_rom.cc:155:do_switch$1735$rdmux[0][6][52]$b$6627 [1:0]
      New connections: $memory$auto$proc_rom.cc:155:do_switch$1735$rdmux[0][6][52]$b$6627 [7:2] = { $memory$auto$proc_rom.cc:155:do_switch$1735$rdmux[0][6][52]$b$6627 [0] $memory$auto$proc_rom.cc:155:do_switch$1735$rdmux[0][6][52]$b$6627 [1] 1'1 $memory$auto$proc_rom.cc:155:do_switch$1735$rdmux[0][6][52]$b$6627 [0] 2'01 }
    Consolidated identical input bits for $mux cell $memory$auto$proc_rom.cc:155:do_switch$1735$rdmux[0][7][104]$6973:
      Old ports: A=8'01110000, B=8'00111110, Y=$memory$auto$proc_rom.cc:155:do_switch$1735$rdmux[0][6][52]$a$6626
      New ports: A=2'10, B=2'01, Y={ $memory$auto$proc_rom.cc:155:do_switch$1735$rdmux[0][6][52]$a$6626 [6] $memory$auto$proc_rom.cc:155:do_switch$1735$rdmux[0][6][52]$a$6626 [1] }
      New connections: { $memory$auto$proc_rom.cc:155:do_switch$1735$rdmux[0][6][52]$a$6626 [7] $memory$auto$proc_rom.cc:155:do_switch$1735$rdmux[0][6][52]$a$6626 [5:2] $memory$auto$proc_rom.cc:155:do_switch$1735$rdmux[0][6][52]$a$6626 [0] } = { 3'011 $memory$auto$proc_rom.cc:155:do_switch$1735$rdmux[0][6][52]$a$6626 [1] $memory$auto$proc_rom.cc:155:do_switch$1735$rdmux[0][6][52]$a$6626 [1] 1'0 }
    Consolidated identical input bits for $mux cell $memory$auto$proc_rom.cc:155:do_switch$1735$rdmux[0][7][103]$6970:
      Old ports: A=8'10001011, B=8'10001010, Y=$memory$auto$proc_rom.cc:155:do_switch$1735$rdmux[0][6][51]$b$6624
      New ports: A=1'1, B=1'0, Y=$memory$auto$proc_rom.cc:155:do_switch$1735$rdmux[0][6][51]$b$6624 [0]
      New connections: $memory$auto$proc_rom.cc:155:do_switch$1735$rdmux[0][6][51]$b$6624 [7:1] = 7'1000101
    Consolidated identical input bits for $mux cell $memory$auto$proc_rom.cc:155:do_switch$1735$rdmux[0][7][102]$6967:
      Old ports: A=8'01001011, B=8'10111101, Y=$memory$auto$proc_rom.cc:155:do_switch$1735$rdmux[0][6][51]$a$6623
      New ports: A=2'01, B=2'10, Y=$memory$auto$proc_rom.cc:155:do_switch$1735$rdmux[0][6][51]$a$6623 [2:1]
      New connections: { $memory$auto$proc_rom.cc:155:do_switch$1735$rdmux[0][6][51]$a$6623 [7:3] $memory$auto$proc_rom.cc:155:do_switch$1735$rdmux[0][6][51]$a$6623 [0] } = { $memory$auto$proc_rom.cc:155:do_switch$1735$rdmux[0][6][51]$a$6623 [2:1] $memory$auto$proc_rom.cc:155:do_switch$1735$rdmux[0][6][51]$a$6623 [2] $memory$auto$proc_rom.cc:155:do_switch$1735$rdmux[0][6][51]$a$6623 [2] 2'11 }
    Consolidated identical input bits for $mux cell $memory$auto$proc_rom.cc:155:do_switch$1735$rdmux[0][7][101]$6964:
      Old ports: A=8'01110100, B=8'00011111, Y=$memory$auto$proc_rom.cc:155:do_switch$1735$rdmux[0][6][50]$b$6621
      New ports: A=2'10, B=2'01, Y={ $memory$auto$proc_rom.cc:155:do_switch$1735$rdmux[0][6][50]$b$6621 [5] $memory$auto$proc_rom.cc:155:do_switch$1735$rdmux[0][6][50]$b$6621 [0] }
      New connections: { $memory$auto$proc_rom.cc:155:do_switch$1735$rdmux[0][6][50]$b$6621 [7:6] $memory$auto$proc_rom.cc:155:do_switch$1735$rdmux[0][6][50]$b$6621 [4:1] } = { 1'0 $memory$auto$proc_rom.cc:155:do_switch$1735$rdmux[0][6][50]$b$6621 [5] 1'1 $memory$auto$proc_rom.cc:155:do_switch$1735$rdmux[0][6][50]$b$6621 [0] 1'1 $memory$auto$proc_rom.cc:155:do_switch$1735$rdmux[0][6][50]$b$6621 [0] }
    Consolidated identical input bits for $mux cell $memory$auto$proc_rom.cc:155:do_switch$1735$rdmux[0][7][100]$6961:
      Old ports: A=8'11101000, B=8'11011101, Y=$memory$auto$proc_rom.cc:155:do_switch$1735$rdmux[0][6][50]$a$6620
      New ports: A=2'10, B=2'01, Y={ $memory$auto$proc_rom.cc:155:do_switch$1735$rdmux[0][6][50]$a$6620 [5] $memory$auto$proc_rom.cc:155:do_switch$1735$rdmux[0][6][50]$a$6620 [0] }
      New connections: { $memory$auto$proc_rom.cc:155:do_switch$1735$rdmux[0][6][50]$a$6620 [7:6] $memory$auto$proc_rom.cc:155:do_switch$1735$rdmux[0][6][50]$a$6620 [4:1] } = { 2'11 $memory$auto$proc_rom.cc:155:do_switch$1735$rdmux[0][6][50]$a$6620 [0] 1'1 $memory$auto$proc_rom.cc:155:do_switch$1735$rdmux[0][6][50]$a$6620 [0] 1'0 }
    Consolidated identical input bits for $mux cell $memory$auto$proc_rom.cc:155:do_switch$1735$rdmux[0][7][99]$6958:
      Old ports: A=8'10110100, B=8'11000110, Y=$memory$auto$proc_rom.cc:155:do_switch$1735$rdmux[0][6][49]$b$6618
      New ports: A=2'10, B=2'01, Y={ $memory$auto$proc_rom.cc:155:do_switch$1735$rdmux[0][6][49]$b$6618 [4] $memory$auto$proc_rom.cc:155:do_switch$1735$rdmux[0][6][49]$b$6618 [1] }
      New connections: { $memory$auto$proc_rom.cc:155:do_switch$1735$rdmux[0][6][49]$b$6618 [7:5] $memory$auto$proc_rom.cc:155:do_switch$1735$rdmux[0][6][49]$b$6618 [3:2] $memory$auto$proc_rom.cc:155:do_switch$1735$rdmux[0][6][49]$b$6618 [0] } = { 1'1 $memory$auto$proc_rom.cc:155:do_switch$1735$rdmux[0][6][49]$b$6618 [1] $memory$auto$proc_rom.cc:155:do_switch$1735$rdmux[0][6][49]$b$6618 [4] 3'010 }
    Consolidated identical input bits for $mux cell $memory$auto$proc_rom.cc:155:do_switch$1735$rdmux[0][7][98]$6955:
      Old ports: A=8'00011100, B=8'10100110, Y=$memory$auto$proc_rom.cc:155:do_switch$1735$rdmux[0][6][49]$a$6617
      New ports: A=2'10, B=2'01, Y={ $memory$auto$proc_rom.cc:155:do_switch$1735$rdmux[0][6][49]$a$6617 [3] $memory$auto$proc_rom.cc:155:do_switch$1735$rdmux[0][6][49]$a$6617 [1] }
      New connections: { $memory$auto$proc_rom.cc:155:do_switch$1735$rdmux[0][6][49]$a$6617 [7:4] $memory$auto$proc_rom.cc:155:do_switch$1735$rdmux[0][6][49]$a$6617 [2] $memory$auto$proc_rom.cc:155:do_switch$1735$rdmux[0][6][49]$a$6617 [0] } = { $memory$auto$proc_rom.cc:155:do_switch$1735$rdmux[0][6][49]$a$6617 [1] 1'0 $memory$auto$proc_rom.cc:155:do_switch$1735$rdmux[0][6][49]$a$6617 [1] $memory$auto$proc_rom.cc:155:do_switch$1735$rdmux[0][6][49]$a$6617 [3] 2'10 }
    Consolidated identical input bits for $mux cell $memory$auto$proc_rom.cc:155:do_switch$1735$rdmux[0][7][97]$6952:
      Old ports: A=8'00100101, B=8'00101110, Y=$memory$auto$proc_rom.cc:155:do_switch$1735$rdmux[0][6][48]$b$6615
      New ports: A=2'01, B=2'10, Y=$memory$auto$proc_rom.cc:155:do_switch$1735$rdmux[0][6][48]$b$6615 [1:0]
      New connections: $memory$auto$proc_rom.cc:155:do_switch$1735$rdmux[0][6][48]$b$6615 [7:2] = { 4'0010 $memory$auto$proc_rom.cc:155:do_switch$1735$rdmux[0][6][48]$b$6615 [1] 1'1 }
    Consolidated identical input bits for $mux cell $memory$auto$proc_rom.cc:155:do_switch$1735$rdmux[0][7][96]$6949:
      Old ports: A=8'10111010, B=8'01111000, Y=$memory$auto$proc_rom.cc:155:do_switch$1735$rdmux[0][6][48]$a$6614
      New ports: A=2'01, B=2'10, Y={ $memory$auto$proc_rom.cc:155:do_switch$1735$rdmux[0][6][48]$a$6614 [6] $memory$auto$proc_rom.cc:155:do_switch$1735$rdmux[0][6][48]$a$6614 [1] }
      New connections: { $memory$auto$proc_rom.cc:155:do_switch$1735$rdmux[0][6][48]$a$6614 [7] $memory$auto$proc_rom.cc:155:do_switch$1735$rdmux[0][6][48]$a$6614 [5:2] $memory$auto$proc_rom.cc:155:do_switch$1735$rdmux[0][6][48]$a$6614 [0] } = { $memory$auto$proc_rom.cc:155:do_switch$1735$rdmux[0][6][48]$a$6614 [1] 5'11100 }
    Consolidated identical input bits for $mux cell $memory$auto$proc_rom.cc:155:do_switch$1735$rdmux[0][7][95]$6946:
      Old ports: A=8'10101110, B=8'00001000, Y=$memory$auto$proc_rom.cc:155:do_switch$1735$rdmux[0][6][47]$b$6612
      New ports: A=1'1, B=1'0, Y=$memory$auto$proc_rom.cc:155:do_switch$1735$rdmux[0][6][47]$b$6612 [1]
      New connections: { $memory$auto$proc_rom.cc:155:do_switch$1735$rdmux[0][6][47]$b$6612 [7:2] $memory$auto$proc_rom.cc:155:do_switch$1735$rdmux[0][6][47]$b$6612 [0] } = { $memory$auto$proc_rom.cc:155:do_switch$1735$rdmux[0][6][47]$b$6612 [1] 1'0 $memory$auto$proc_rom.cc:155:do_switch$1735$rdmux[0][6][47]$b$6612 [1] 2'01 $memory$auto$proc_rom.cc:155:do_switch$1735$rdmux[0][6][47]$b$6612 [1] 1'0 }
    Consolidated identical input bits for $mux cell $memory$auto$proc_rom.cc:155:do_switch$1735$rdmux[0][7][94]$6943:
      Old ports: A=8'01100101, B=8'01111010, Y=$memory$auto$proc_rom.cc:155:do_switch$1735$rdmux[0][6][47]$a$6611
      New ports: A=2'01, B=2'10, Y=$memory$auto$proc_rom.cc:155:do_switch$1735$rdmux[0][6][47]$a$6611 [1:0]
      New connections: $memory$auto$proc_rom.cc:155:do_switch$1735$rdmux[0][6][47]$a$6611 [7:2] = { 3'011 $memory$auto$proc_rom.cc:155:do_switch$1735$rdmux[0][6][47]$a$6611 [1] $memory$auto$proc_rom.cc:155:do_switch$1735$rdmux[0][6][47]$a$6611 [1:0] }
    Consolidated identical input bits for $mux cell $memory$auto$proc_rom.cc:155:do_switch$1735$rdmux[0][7][93]$6940:
      Old ports: A=8'11110100, B=8'11101010, Y=$memory$auto$proc_rom.cc:155:do_switch$1735$rdmux[0][6][46]$b$6609
      New ports: A=2'10, B=2'01, Y=$memory$auto$proc_rom.cc:155:do_switch$1735$rdmux[0][6][46]$b$6609 [2:1]
      New connections: { $memory$auto$proc_rom.cc:155:do_switch$1735$rdmux[0][6][46]$b$6609 [7:3] $memory$auto$proc_rom.cc:155:do_switch$1735$rdmux[0][6][46]$b$6609 [0] } = { 3'111 $memory$auto$proc_rom.cc:155:do_switch$1735$rdmux[0][6][46]$b$6609 [2:1] 1'0 }
    Consolidated identical input bits for $mux cell $memory$auto$proc_rom.cc:155:do_switch$1735$rdmux[0][7][92]$6937:
      Old ports: A=8'01101100, B=8'01010110, Y=$memory$auto$proc_rom.cc:155:do_switch$1735$rdmux[0][6][46]$a$6608
      New ports: A=2'10, B=2'01, Y={ $memory$auto$proc_rom.cc:155:do_switch$1735$rdmux[0][6][46]$a$6608 [3] $memory$auto$proc_rom.cc:155:do_switch$1735$rdmux[0][6][46]$a$6608 [1] }
      New connections: { $memory$auto$proc_rom.cc:155:do_switch$1735$rdmux[0][6][46]$a$6608 [7:4] $memory$auto$proc_rom.cc:155:do_switch$1735$rdmux[0][6][46]$a$6608 [2] $memory$auto$proc_rom.cc:155:do_switch$1735$rdmux[0][6][46]$a$6608 [0] } = { 2'01 $memory$auto$proc_rom.cc:155:do_switch$1735$rdmux[0][6][46]$a$6608 [3] $memory$auto$proc_rom.cc:155:do_switch$1735$rdmux[0][6][46]$a$6608 [1] 2'10 }
    Consolidated identical input bits for $mux cell $memory$auto$proc_rom.cc:155:do_switch$1735$rdmux[0][7][91]$6934:
      Old ports: A=8'01001110, B=8'10101001, Y=$memory$auto$proc_rom.cc:155:do_switch$1735$rdmux[0][6][45]$b$6606
      New ports: A=2'10, B=2'01, Y=$memory$auto$proc_rom.cc:155:do_switch$1735$rdmux[0][6][45]$b$6606 [1:0]
      New connections: $memory$auto$proc_rom.cc:155:do_switch$1735$rdmux[0][6][45]$b$6606 [7:2] = { $memory$auto$proc_rom.cc:155:do_switch$1735$rdmux[0][6][45]$b$6606 [0] $memory$auto$proc_rom.cc:155:do_switch$1735$rdmux[0][6][45]$b$6606 [1:0] 2'01 $memory$auto$proc_rom.cc:155:do_switch$1735$rdmux[0][6][45]$b$6606 [1] }
    Consolidated identical input bits for $mux cell $memory$auto$proc_rom.cc:155:do_switch$1735$rdmux[0][7][90]$6931:
      Old ports: A=8'10001101, B=8'11010101, Y=$memory$auto$proc_rom.cc:155:do_switch$1735$rdmux[0][6][45]$a$6605
      New ports: A=2'01, B=2'10, Y=$memory$auto$proc_rom.cc:155:do_switch$1735$rdmux[0][6][45]$a$6605 [4:3]
      New connections: { $memory$auto$proc_rom.cc:155:do_switch$1735$rdmux[0][6][45]$a$6605 [7:5] $memory$auto$proc_rom.cc:155:do_switch$1735$rdmux[0][6][45]$a$6605 [2:0] } = { 1'1 $memory$auto$proc_rom.cc:155:do_switch$1735$rdmux[0][6][45]$a$6605 [4] 4'0101 }
    Consolidated identical input bits for $mux cell $memory$auto$proc_rom.cc:155:do_switch$1735$rdmux[0][7][89]$6928:
      Old ports: A=8'00110111, B=8'01101101, Y=$memory$auto$proc_rom.cc:155:do_switch$1735$rdmux[0][6][44]$b$6603
      New ports: A=2'01, B=2'10, Y={ $memory$auto$proc_rom.cc:155:do_switch$1735$rdmux[0][6][44]$b$6603 [3] $memory$auto$proc_rom.cc:155:do_switch$1735$rdmux[0][6][44]$b$6603 [1] }
      New connections: { $memory$auto$proc_rom.cc:155:do_switch$1735$rdmux[0][6][44]$b$6603 [7:4] $memory$auto$proc_rom.cc:155:do_switch$1735$rdmux[0][6][44]$b$6603 [2] $memory$auto$proc_rom.cc:155:do_switch$1735$rdmux[0][6][44]$b$6603 [0] } = { 1'0 $memory$auto$proc_rom.cc:155:do_switch$1735$rdmux[0][6][44]$b$6603 [3] 1'1 $memory$auto$proc_rom.cc:155:do_switch$1735$rdmux[0][6][44]$b$6603 [1] 2'11 }
    Consolidated identical input bits for $mux cell $memory$auto$proc_rom.cc:155:do_switch$1735$rdmux[0][7][88]$6925:
      Old ports: A=8'11100111, B=8'11001000, Y=$memory$auto$proc_rom.cc:155:do_switch$1735$rdmux[0][6][44]$a$6602
      New ports: A=2'01, B=2'10, Y={ $memory$auto$proc_rom.cc:155:do_switch$1735$rdmux[0][6][44]$a$6602 [3] $memory$auto$proc_rom.cc:155:do_switch$1735$rdmux[0][6][44]$a$6602 [0] }
      New connections: { $memory$auto$proc_rom.cc:155:do_switch$1735$rdmux[0][6][44]$a$6602 [7:4] $memory$auto$proc_rom.cc:155:do_switch$1735$rdmux[0][6][44]$a$6602 [2:1] } = { 2'11 $memory$auto$proc_rom.cc:155:do_switch$1735$rdmux[0][6][44]$a$6602 [0] 1'0 $memory$auto$proc_rom.cc:155:do_switch$1735$rdmux[0][6][44]$a$6602 [0] $memory$auto$proc_rom.cc:155:do_switch$1735$rdmux[0][6][44]$a$6602 [0] }
    Consolidated identical input bits for $mux cell $memory$auto$proc_rom.cc:155:do_switch$1735$rdmux[0][7][87]$6922:
      Old ports: A=8'11100100, B=8'01111001, Y=$memory$auto$proc_rom.cc:155:do_switch$1735$rdmux[0][6][43]$b$6600
      New ports: A=2'10, B=2'01, Y={ $memory$auto$proc_rom.cc:155:do_switch$1735$rdmux[0][6][43]$b$6600 [2] $memory$auto$proc_rom.cc:155:do_switch$1735$rdmux[0][6][43]$b$6600 [0] }
      New connections: { $memory$auto$proc_rom.cc:155:do_switch$1735$rdmux[0][6][43]$b$6600 [7:3] $memory$auto$proc_rom.cc:155:do_switch$1735$rdmux[0][6][43]$b$6600 [1] } = { $memory$auto$proc_rom.cc:155:do_switch$1735$rdmux[0][6][43]$b$6600 [2] 2'11 $memory$auto$proc_rom.cc:155:do_switch$1735$rdmux[0][6][43]$b$6600 [0] $memory$auto$proc_rom.cc:155:do_switch$1735$rdmux[0][6][43]$b$6600 [0] 1'0 }
    Consolidated identical input bits for $mux cell $memory$auto$proc_rom.cc:155:do_switch$1735$rdmux[0][7][86]$6919:
      Old ports: A=8'10010001, B=8'10010101, Y=$memory$auto$proc_rom.cc:155:do_switch$1735$rdmux[0][6][43]$a$6599
      New ports: A=1'0, B=1'1, Y=$memory$auto$proc_rom.cc:155:do_switch$1735$rdmux[0][6][43]$a$6599 [2]
      New connections: { $memory$auto$proc_rom.cc:155:do_switch$1735$rdmux[0][6][43]$a$6599 [7:3] $memory$auto$proc_rom.cc:155:do_switch$1735$rdmux[0][6][43]$a$6599 [1:0] } = 7'1001001
    Consolidated identical input bits for $mux cell $memory$auto$proc_rom.cc:155:do_switch$1735$rdmux[0][7][85]$6916:
      Old ports: A=8'10101100, B=8'01100010, Y=$memory$auto$proc_rom.cc:155:do_switch$1735$rdmux[0][6][42]$b$6597
      New ports: A=2'10, B=2'01, Y=$memory$auto$proc_rom.cc:155:do_switch$1735$rdmux[0][6][42]$b$6597 [2:1]
      New connections: { $memory$auto$proc_rom.cc:155:do_switch$1735$rdmux[0][6][42]$b$6597 [7:3] $memory$auto$proc_rom.cc:155:do_switch$1735$rdmux[0][6][42]$b$6597 [0] } = { $memory$auto$proc_rom.cc:155:do_switch$1735$rdmux[0][6][42]$b$6597 [2:1] 2'10 $memory$auto$proc_rom.cc:155:do_switch$1735$rdmux[0][6][42]$b$6597 [2] 1'0 }
    Consolidated identical input bits for $mux cell $memory$auto$proc_rom.cc:155:do_switch$1735$rdmux[0][7][84]$6913:
      Old ports: A=8'11000010, B=8'11010011, Y=$memory$auto$proc_rom.cc:155:do_switch$1735$rdmux[0][6][42]$a$6596
      New ports: A=1'0, B=1'1, Y=$memory$auto$proc_rom.cc:155:do_switch$1735$rdmux[0][6][42]$a$6596 [0]
      New connections: $memory$auto$proc_rom.cc:155:do_switch$1735$rdmux[0][6][42]$a$6596 [7:1] = { 3'110 $memory$auto$proc_rom.cc:155:do_switch$1735$rdmux[0][6][42]$a$6596 [0] 3'001 }
    Consolidated identical input bits for $mux cell $memory$auto$proc_rom.cc:155:do_switch$1735$rdmux[0][7][83]$6910:
      Old ports: A=8'00100100, B=8'01011100, Y=$memory$auto$proc_rom.cc:155:do_switch$1735$rdmux[0][6][41]$b$6594
      New ports: A=2'10, B=2'01, Y={ $memory$auto$proc_rom.cc:155:do_switch$1735$rdmux[0][6][41]$b$6594 [5] $memory$auto$proc_rom.cc:155:do_switch$1735$rdmux[0][6][41]$b$6594 [3] }
      New connections: { $memory$auto$proc_rom.cc:155:do_switch$1735$rdmux[0][6][41]$b$6594 [7:6] $memory$auto$proc_rom.cc:155:do_switch$1735$rdmux[0][6][41]$b$6594 [4] $memory$auto$proc_rom.cc:155:do_switch$1735$rdmux[0][6][41]$b$6594 [2:0] } = { 1'0 $memory$auto$proc_rom.cc:155:do_switch$1735$rdmux[0][6][41]$b$6594 [3] $memory$auto$proc_rom.cc:155:do_switch$1735$rdmux[0][6][41]$b$6594 [3] 3'100 }
    Consolidated identical input bits for $mux cell $memory$auto$proc_rom.cc:155:do_switch$1735$rdmux[0][7][82]$6907:
      Old ports: A=8'01001001, B=8'00000110, Y=$memory$auto$proc_rom.cc:155:do_switch$1735$rdmux[0][6][41]$a$6593
      New ports: A=2'01, B=2'10, Y=$memory$auto$proc_rom.cc:155:do_switch$1735$rdmux[0][6][41]$a$6593 [1:0]
      New connections: $memory$auto$proc_rom.cc:155:do_switch$1735$rdmux[0][6][41]$a$6593 [7:2] = { 1'0 $memory$auto$proc_rom.cc:155:do_switch$1735$rdmux[0][6][41]$a$6593 [0] 2'00 $memory$auto$proc_rom.cc:155:do_switch$1735$rdmux[0][6][41]$a$6593 [0] $memory$auto$proc_rom.cc:155:do_switch$1735$rdmux[0][6][41]$a$6593 [1] }
    Consolidated identical input bits for $mux cell $memory$auto$proc_rom.cc:155:do_switch$1735$rdmux[0][7][81]$6904:
      Old ports: A=8'00111010, B=8'00001010, Y=$memory$auto$proc_rom.cc:155:do_switch$1735$rdmux[0][6][40]$b$6591
      New ports: A=1'1, B=1'0, Y=$memory$auto$proc_rom.cc:155:do_switch$1735$rdmux[0][6][40]$b$6591 [4]
      New connections: { $memory$auto$proc_rom.cc:155:do_switch$1735$rdmux[0][6][40]$b$6591 [7:5] $memory$auto$proc_rom.cc:155:do_switch$1735$rdmux[0][6][40]$b$6591 [3:0] } = { 2'00 $memory$auto$proc_rom.cc:155:do_switch$1735$rdmux[0][6][40]$b$6591 [4] 4'1010 }
    Consolidated identical input bits for $mux cell $memory$auto$proc_rom.cc:155:do_switch$1735$rdmux[0][7][80]$6901:
      Old ports: A=8'11100000, B=8'00110010, Y=$memory$auto$proc_rom.cc:155:do_switch$1735$rdmux[0][6][40]$a$6590
      New ports: A=2'10, B=2'01, Y={ $memory$auto$proc_rom.cc:155:do_switch$1735$rdmux[0][6][40]$a$6590 [6] $memory$auto$proc_rom.cc:155:do_switch$1735$rdmux[0][6][40]$a$6590 [1] }
      New connections: { $memory$auto$proc_rom.cc:155:do_switch$1735$rdmux[0][6][40]$a$6590 [7] $memory$auto$proc_rom.cc:155:do_switch$1735$rdmux[0][6][40]$a$6590 [5:2] $memory$auto$proc_rom.cc:155:do_switch$1735$rdmux[0][6][40]$a$6590 [0] } = { $memory$auto$proc_rom.cc:155:do_switch$1735$rdmux[0][6][40]$a$6590 [6] 1'1 $memory$auto$proc_rom.cc:155:do_switch$1735$rdmux[0][6][40]$a$6590 [1] 3'000 }
    Consolidated identical input bits for $mux cell $memory$auto$proc_rom.cc:155:do_switch$1735$rdmux[0][7][79]$6898:
      Old ports: A=8'00001011, B=8'11011011, Y=$memory$auto$proc_rom.cc:155:do_switch$1735$rdmux[0][6][39]$b$6588
      New ports: A=1'0, B=1'1, Y=$memory$auto$proc_rom.cc:155:do_switch$1735$rdmux[0][6][39]$b$6588 [4]
      New connections: { $memory$auto$proc_rom.cc:155:do_switch$1735$rdmux[0][6][39]$b$6588 [7:5] $memory$auto$proc_rom.cc:155:do_switch$1735$rdmux[0][6][39]$b$6588 [3:0] } = { $memory$auto$proc_rom.cc:155:do_switch$1735$rdmux[0][6][39]$b$6588 [4] $memory$auto$proc_rom.cc:155:do_switch$1735$rdmux[0][6][39]$b$6588 [4] 5'01011 }
    Consolidated identical input bits for $mux cell $memory$auto$proc_rom.cc:155:do_switch$1735$rdmux[0][7][78]$6895:
      Old ports: A=8'11011110, B=8'01011110, Y=$memory$auto$proc_rom.cc:155:do_switch$1735$rdmux[0][6][39]$a$6587
      New ports: A=1'1, B=1'0, Y=$memory$auto$proc_rom.cc:155:do_switch$1735$rdmux[0][6][39]$a$6587 [7]
      New connections: $memory$auto$proc_rom.cc:155:do_switch$1735$rdmux[0][6][39]$a$6587 [6:0] = 7'1011110
    Consolidated identical input bits for $mux cell $memory$auto$proc_rom.cc:155:do_switch$1735$rdmux[0][7][77]$6892:
      Old ports: A=8'10111000, B=8'00010100, Y=$memory$auto$proc_rom.cc:155:do_switch$1735$rdmux[0][6][38]$b$6585
      New ports: A=2'10, B=2'01, Y=$memory$auto$proc_rom.cc:155:do_switch$1735$rdmux[0][6][38]$b$6585 [3:2]
      New connections: { $memory$auto$proc_rom.cc:155:do_switch$1735$rdmux[0][6][38]$b$6585 [7:4] $memory$auto$proc_rom.cc:155:do_switch$1735$rdmux[0][6][38]$b$6585 [1:0] } = { $memory$auto$proc_rom.cc:155:do_switch$1735$rdmux[0][6][38]$b$6585 [3] 1'0 $memory$auto$proc_rom.cc:155:do_switch$1735$rdmux[0][6][38]$b$6585 [3] 3'100 }
    Consolidated identical input bits for $mux cell $memory$auto$proc_rom.cc:155:do_switch$1735$rdmux[0][7][76]$6889:
      Old ports: A=8'01000110, B=8'11101110, Y=$memory$auto$proc_rom.cc:155:do_switch$1735$rdmux[0][6][38]$a$6584
      New ports: A=1'0, B=1'1, Y=$memory$auto$proc_rom.cc:155:do_switch$1735$rdmux[0][6][38]$a$6584 [3]
      New connections: { $memory$auto$proc_rom.cc:155:do_switch$1735$rdmux[0][6][38]$a$6584 [7:4] $memory$auto$proc_rom.cc:155:do_switch$1735$rdmux[0][6][38]$a$6584 [2:0] } = { $memory$auto$proc_rom.cc:155:do_switch$1735$rdmux[0][6][38]$a$6584 [3] 1'1 $memory$auto$proc_rom.cc:155:do_switch$1735$rdmux[0][6][38]$a$6584 [3] 4'0110 }
    Consolidated identical input bits for $mux cell $memory$auto$proc_rom.cc:155:do_switch$1735$rdmux[0][7][75]$6886:
      Old ports: A=8'10010000, B=8'10001000, Y=$memory$auto$proc_rom.cc:155:do_switch$1735$rdmux[0][6][37]$b$6582
      New ports: A=2'10, B=2'01, Y=$memory$auto$proc_rom.cc:155:do_switch$1735$rdmux[0][6][37]$b$6582 [4:3]
      New connections: { $memory$auto$proc_rom.cc:155:do_switch$1735$rdmux[0][6][37]$b$6582 [7:5] $memory$auto$proc_rom.cc:155:do_switch$1735$rdmux[0][6][37]$b$6582 [2:0] } = 6'100000
    Consolidated identical input bits for $mux cell $memory$auto$proc_rom.cc:155:do_switch$1735$rdmux[0][7][74]$6883:
      Old ports: A=8'00100010, B=8'00101010, Y=$memory$auto$proc_rom.cc:155:do_switch$1735$rdmux[0][6][37]$a$6581
      New ports: A=1'0, B=1'1, Y=$memory$auto$proc_rom.cc:155:do_switch$1735$rdmux[0][6][37]$a$6581 [3]
      New connections: { $memory$auto$proc_rom.cc:155:do_switch$1735$rdmux[0][6][37]$a$6581 [7:4] $memory$auto$proc_rom.cc:155:do_switch$1735$rdmux[0][6][37]$a$6581 [2:0] } = 7'0010010
    Consolidated identical input bits for $mux cell $memory$auto$proc_rom.cc:155:do_switch$1735$rdmux[0][7][73]$6880:
      Old ports: A=8'01001111, B=8'11011100, Y=$memory$auto$proc_rom.cc:155:do_switch$1735$rdmux[0][6][36]$b$6579
      New ports: A=2'01, B=2'10, Y={ $memory$auto$proc_rom.cc:155:do_switch$1735$rdmux[0][6][36]$b$6579 [4] $memory$auto$proc_rom.cc:155:do_switch$1735$rdmux[0][6][36]$b$6579 [0] }
      New connections: { $memory$auto$proc_rom.cc:155:do_switch$1735$rdmux[0][6][36]$b$6579 [7:5] $memory$auto$proc_rom.cc:155:do_switch$1735$rdmux[0][6][36]$b$6579 [3:1] } = { $memory$auto$proc_rom.cc:155:do_switch$1735$rdmux[0][6][36]$b$6579 [4] 4'1011 $memory$auto$proc_rom.cc:155:do_switch$1735$rdmux[0][6][36]$b$6579 [0] }
    Consolidated identical input bits for $mux cell $memory$auto$proc_rom.cc:155:do_switch$1735$rdmux[0][7][72]$6877:
      Old ports: A=8'01100000, B=8'10000001, Y=$memory$auto$proc_rom.cc:155:do_switch$1735$rdmux[0][6][36]$a$6578
      New ports: A=2'10, B=2'01, Y={ $memory$auto$proc_rom.cc:155:do_switch$1735$rdmux[0][6][36]$a$6578 [5] $memory$auto$proc_rom.cc:155:do_switch$1735$rdmux[0][6][36]$a$6578 [0] }
      New connections: { $memory$auto$proc_rom.cc:155:do_switch$1735$rdmux[0][6][36]$a$6578 [7:6] $memory$auto$proc_rom.cc:155:do_switch$1735$rdmux[0][6][36]$a$6578 [4:1] } = { $memory$auto$proc_rom.cc:155:do_switch$1735$rdmux[0][6][36]$a$6578 [0] $memory$auto$proc_rom.cc:155:do_switch$1735$rdmux[0][6][36]$a$6578 [5] 4'0000 }
    Consolidated identical input bits for $mux cell $memory$auto$proc_rom.cc:155:do_switch$1735$rdmux[0][7][71]$6874:
      Old ports: A=8'00011001, B=8'01110011, Y=$memory$auto$proc_rom.cc:155:do_switch$1735$rdmux[0][6][35]$b$6576
      New ports: A=2'10, B=2'01, Y={ $memory$auto$proc_rom.cc:155:do_switch$1735$rdmux[0][6][35]$b$6576 [3] $memory$auto$proc_rom.cc:155:do_switch$1735$rdmux[0][6][35]$b$6576 [1] }
      New connections: { $memory$auto$proc_rom.cc:155:do_switch$1735$rdmux[0][6][35]$b$6576 [7:4] $memory$auto$proc_rom.cc:155:do_switch$1735$rdmux[0][6][35]$b$6576 [2] $memory$auto$proc_rom.cc:155:do_switch$1735$rdmux[0][6][35]$b$6576 [0] } = { 1'0 $memory$auto$proc_rom.cc:155:do_switch$1735$rdmux[0][6][35]$b$6576 [1] $memory$auto$proc_rom.cc:155:do_switch$1735$rdmux[0][6][35]$b$6576 [1] 3'101 }
    Consolidated identical input bits for $mux cell $memory$auto$proc_rom.cc:155:do_switch$1735$rdmux[0][7][70]$6871:
      Old ports: A=8'01100100, B=8'01011101, Y=$memory$auto$proc_rom.cc:155:do_switch$1735$rdmux[0][6][35]$a$6575
      New ports: A=2'10, B=2'01, Y={ $memory$auto$proc_rom.cc:155:do_switch$1735$rdmux[0][6][35]$a$6575 [5] $memory$auto$proc_rom.cc:155:do_switch$1735$rdmux[0][6][35]$a$6575 [0] }
      New connections: { $memory$auto$proc_rom.cc:155:do_switch$1735$rdmux[0][6][35]$a$6575 [7:6] $memory$auto$proc_rom.cc:155:do_switch$1735$rdmux[0][6][35]$a$6575 [4:1] } = { 2'01 $memory$auto$proc_rom.cc:155:do_switch$1735$rdmux[0][6][35]$a$6575 [0] $memory$auto$proc_rom.cc:155:do_switch$1735$rdmux[0][6][35]$a$6575 [0] 2'10 }
    Consolidated identical input bits for $mux cell $memory$auto$proc_rom.cc:155:do_switch$1735$rdmux[0][7][69]$6868:
      Old ports: A=8'01111110, B=8'00111101, Y=$memory$auto$proc_rom.cc:155:do_switch$1735$rdmux[0][6][34]$b$6573
      New ports: A=2'10, B=2'01, Y=$memory$auto$proc_rom.cc:155:do_switch$1735$rdmux[0][6][34]$b$6573 [1:0]
      New connections: $memory$auto$proc_rom.cc:155:do_switch$1735$rdmux[0][6][34]$b$6573 [7:2] = { 1'0 $memory$auto$proc_rom.cc:155:do_switch$1735$rdmux[0][6][34]$b$6573 [1] 4'1111 }
    Consolidated identical input bits for $mux cell $memory$auto$proc_rom.cc:155:do_switch$1735$rdmux[0][7][68]$6865:
      Old ports: A=8'11000100, B=8'10100111, Y=$memory$auto$proc_rom.cc:155:do_switch$1735$rdmux[0][6][34]$a$6572
      New ports: A=2'10, B=2'01, Y={ $memory$auto$proc_rom.cc:155:do_switch$1735$rdmux[0][6][34]$a$6572 [6] $memory$auto$proc_rom.cc:155:do_switch$1735$rdmux[0][6][34]$a$6572 [0] }
      New connections: { $memory$auto$proc_rom.cc:155:do_switch$1735$rdmux[0][6][34]$a$6572 [7] $memory$auto$proc_rom.cc:155:do_switch$1735$rdmux[0][6][34]$a$6572 [5:1] } = { 1'1 $memory$auto$proc_rom.cc:155:do_switch$1735$rdmux[0][6][34]$a$6572 [0] 3'001 $memory$auto$proc_rom.cc:155:do_switch$1735$rdmux[0][6][34]$a$6572 [0] }
    Consolidated identical input bits for $mux cell $memory$auto$proc_rom.cc:155:do_switch$1735$rdmux[0][7][67]$6862:
      Old ports: A=8'01000100, B=8'00010111, Y=$memory$auto$proc_rom.cc:155:do_switch$1735$rdmux[0][6][33]$b$6570
      New ports: A=2'10, B=2'01, Y={ $memory$auto$proc_rom.cc:155:do_switch$1735$rdmux[0][6][33]$b$6570 [6] $memory$auto$proc_rom.cc:155:do_switch$1735$rdmux[0][6][33]$b$6570 [0] }
      New connections: { $memory$auto$proc_rom.cc:155:do_switch$1735$rdmux[0][6][33]$b$6570 [7] $memory$auto$proc_rom.cc:155:do_switch$1735$rdmux[0][6][33]$b$6570 [5:1] } = { 2'00 $memory$auto$proc_rom.cc:155:do_switch$1735$rdmux[0][6][33]$b$6570 [0] 2'01 $memory$auto$proc_rom.cc:155:do_switch$1735$rdmux[0][6][33]$b$6570 [0] }
    Consolidated identical input bits for $mux cell $memory$auto$proc_rom.cc:155:do_switch$1735$rdmux[0][7][66]$6859:
      Old ports: A=8'01011111, B=8'10010111, Y=$memory$auto$proc_rom.cc:155:do_switch$1735$rdmux[0][6][33]$a$6569
      New ports: A=2'01, B=2'10, Y={ $memory$auto$proc_rom.cc:155:do_switch$1735$rdmux[0][6][33]$a$6569 [7] $memory$auto$proc_rom.cc:155:do_switch$1735$rdmux[0][6][33]$a$6569 [3] }
      New connections: { $memory$auto$proc_rom.cc:155:do_switch$1735$rdmux[0][6][33]$a$6569 [6:4] $memory$auto$proc_rom.cc:155:do_switch$1735$rdmux[0][6][33]$a$6569 [2:0] } = { $memory$auto$proc_rom.cc:155:do_switch$1735$rdmux[0][6][33]$a$6569 [3] 5'01111 }
    Consolidated identical input bits for $mux cell $memory$auto$proc_rom.cc:155:do_switch$1735$rdmux[0][7][65]$6856:
      Old ports: A=8'00010011, B=8'11101100, Y=$memory$auto$proc_rom.cc:155:do_switch$1735$rdmux[0][6][32]$b$6567
      New ports: A=2'01, B=2'10, Y={ $memory$auto$proc_rom.cc:155:do_switch$1735$rdmux[0][6][32]$b$6567 [2] $memory$auto$proc_rom.cc:155:do_switch$1735$rdmux[0][6][32]$b$6567 [0] }
      New connections: { $memory$auto$proc_rom.cc:155:do_switch$1735$rdmux[0][6][32]$b$6567 [7:3] $memory$auto$proc_rom.cc:155:do_switch$1735$rdmux[0][6][32]$b$6567 [1] } = { $memory$auto$proc_rom.cc:155:do_switch$1735$rdmux[0][6][32]$b$6567 [2] $memory$auto$proc_rom.cc:155:do_switch$1735$rdmux[0][6][32]$b$6567 [2] $memory$auto$proc_rom.cc:155:do_switch$1735$rdmux[0][6][32]$b$6567 [2] $memory$auto$proc_rom.cc:155:do_switch$1735$rdmux[0][6][32]$b$6567 [0] $memory$auto$proc_rom.cc:155:do_switch$1735$rdmux[0][6][32]$b$6567 [2] $memory$auto$proc_rom.cc:155:do_switch$1735$rdmux[0][6][32]$b$6567 [0] }
    Consolidated identical input bits for $mux cell $memory$auto$proc_rom.cc:155:do_switch$1735$rdmux[0][7][64]$6853:
      Old ports: A=8'11001101, B=8'00001100, Y=$memory$auto$proc_rom.cc:155:do_switch$1735$rdmux[0][6][32]$a$6566
      New ports: A=1'1, B=1'0, Y=$memory$auto$proc_rom.cc:155:do_switch$1735$rdmux[0][6][32]$a$6566 [0]
      New connections: $memory$auto$proc_rom.cc:155:do_switch$1735$rdmux[0][6][32]$a$6566 [7:1] = { $memory$auto$proc_rom.cc:155:do_switch$1735$rdmux[0][6][32]$a$6566 [0] $memory$auto$proc_rom.cc:155:do_switch$1735$rdmux[0][6][32]$a$6566 [0] 5'00110 }
    Consolidated identical input bits for $mux cell $memory$auto$proc_rom.cc:155:do_switch$1735$rdmux[0][7][63]$6850:
      Old ports: A=8'11110011, B=8'11010010, Y=$memory$auto$proc_rom.cc:155:do_switch$1735$rdmux[0][6][31]$b$6564
      New ports: A=1'1, B=1'0, Y=$memory$auto$proc_rom.cc:155:do_switch$1735$rdmux[0][6][31]$b$6564 [0]
      New connections: $memory$auto$proc_rom.cc:155:do_switch$1735$rdmux[0][6][31]$b$6564 [7:1] = { 2'11 $memory$auto$proc_rom.cc:155:do_switch$1735$rdmux[0][6][31]$b$6564 [0] 4'1001 }
    Consolidated identical input bits for $mux cell $memory$auto$proc_rom.cc:155:do_switch$1735$rdmux[0][7][62]$6847:
      Old ports: A=8'00010000, B=8'11111111, Y=$memory$auto$proc_rom.cc:155:do_switch$1735$rdmux[0][6][31]$a$6563
      New ports: A=1'0, B=1'1, Y=$memory$auto$proc_rom.cc:155:do_switch$1735$rdmux[0][6][31]$a$6563 [0]
      New connections: $memory$auto$proc_rom.cc:155:do_switch$1735$rdmux[0][6][31]$a$6563 [7:1] = { $memory$auto$proc_rom.cc:155:do_switch$1735$rdmux[0][6][31]$a$6563 [0] $memory$auto$proc_rom.cc:155:do_switch$1735$rdmux[0][6][31]$a$6563 [0] $memory$auto$proc_rom.cc:155:do_switch$1735$rdmux[0][6][31]$a$6563 [0] 1'1 $memory$auto$proc_rom.cc:155:do_switch$1735$rdmux[0][6][31]$a$6563 [0] $memory$auto$proc_rom.cc:155:do_switch$1735$rdmux[0][6][31]$a$6563 [0] $memory$auto$proc_rom.cc:155:do_switch$1735$rdmux[0][6][31]$a$6563 [0] }
    Consolidated identical input bits for $mux cell $memory$auto$proc_rom.cc:155:do_switch$1735$rdmux[0][7][61]$6844:
      Old ports: A=8'11011010, B=8'00100001, Y=$memory$auto$proc_rom.cc:155:do_switch$1735$rdmux[0][6][30]$b$6561
      New ports: A=2'10, B=2'01, Y=$memory$auto$proc_rom.cc:155:do_switch$1735$rdmux[0][6][30]$b$6561 [1:0]
      New connections: $memory$auto$proc_rom.cc:155:do_switch$1735$rdmux[0][6][30]$b$6561 [7:2] = { $memory$auto$proc_rom.cc:155:do_switch$1735$rdmux[0][6][30]$b$6561 [1] $memory$auto$proc_rom.cc:155:do_switch$1735$rdmux[0][6][30]$b$6561 [1:0] $memory$auto$proc_rom.cc:155:do_switch$1735$rdmux[0][6][30]$b$6561 [1] $memory$auto$proc_rom.cc:155:do_switch$1735$rdmux[0][6][30]$b$6561 [1] 1'0 }
    Consolidated identical input bits for $mux cell $memory$auto$proc_rom.cc:155:do_switch$1735$rdmux[0][7][60]$6841:
      Old ports: A=8'10111100, B=8'10110110, Y=$memory$auto$proc_rom.cc:155:do_switch$1735$rdmux[0][6][30]$a$6560
      New ports: A=2'10, B=2'01, Y={ $memory$auto$proc_rom.cc:155:do_switch$1735$rdmux[0][6][30]$a$6560 [3] $memory$auto$proc_rom.cc:155:do_switch$1735$rdmux[0][6][30]$a$6560 [1] }
      New connections: { $memory$auto$proc_rom.cc:155:do_switch$1735$rdmux[0][6][30]$a$6560 [7:4] $memory$auto$proc_rom.cc:155:do_switch$1735$rdmux[0][6][30]$a$6560 [2] $memory$auto$proc_rom.cc:155:do_switch$1735$rdmux[0][6][30]$a$6560 [0] } = 6'101110
    Consolidated identical input bits for $mux cell $memory$auto$proc_rom.cc:155:do_switch$1735$rdmux[0][7][59]$6838:
      Old ports: A=8'00111000, B=8'11110101, Y=$memory$auto$proc_rom.cc:155:do_switch$1735$rdmux[0][6][29]$b$6558
      New ports: A=2'10, B=2'01, Y={ $memory$auto$proc_rom.cc:155:do_switch$1735$rdmux[0][6][29]$b$6558 [3] $memory$auto$proc_rom.cc:155:do_switch$1735$rdmux[0][6][29]$b$6558 [0] }
      New connections: { $memory$auto$proc_rom.cc:155:do_switch$1735$rdmux[0][6][29]$b$6558 [7:4] $memory$auto$proc_rom.cc:155:do_switch$1735$rdmux[0][6][29]$b$6558 [2:1] } = { $memory$auto$proc_rom.cc:155:do_switch$1735$rdmux[0][6][29]$b$6558 [0] $memory$auto$proc_rom.cc:155:do_switch$1735$rdmux[0][6][29]$b$6558 [0] 2'11 $memory$auto$proc_rom.cc:155:do_switch$1735$rdmux[0][6][29]$b$6558 [0] 1'0 }
    Consolidated identical input bits for $mux cell $memory$auto$proc_rom.cc:155:do_switch$1735$rdmux[0][7][58]$6835:
      Old ports: A=8'10010010, B=8'10011101, Y=$memory$auto$proc_rom.cc:155:do_switch$1735$rdmux[0][6][29]$a$6557
      New ports: A=2'10, B=2'01, Y=$memory$auto$proc_rom.cc:155:do_switch$1735$rdmux[0][6][29]$a$6557 [1:0]
      New connections: $memory$auto$proc_rom.cc:155:do_switch$1735$rdmux[0][6][29]$a$6557 [7:2] = { 4'1001 $memory$auto$proc_rom.cc:155:do_switch$1735$rdmux[0][6][29]$a$6557 [0] $memory$auto$proc_rom.cc:155:do_switch$1735$rdmux[0][6][29]$a$6557 [0] }
    Consolidated identical input bits for $mux cell $memory$auto$proc_rom.cc:155:do_switch$1735$rdmux[0][7][57]$6832:
      Old ports: A=8'01000000, B=8'10001111, Y=$memory$auto$proc_rom.cc:155:do_switch$1735$rdmux[0][6][28]$b$6555
      New ports: A=2'10, B=2'01, Y={ $memory$auto$proc_rom.cc:155:do_switch$1735$rdmux[0][6][28]$b$6555 [6] $memory$auto$proc_rom.cc:155:do_switch$1735$rdmux[0][6][28]$b$6555 [0] }
      New connections: { $memory$auto$proc_rom.cc:155:do_switch$1735$rdmux[0][6][28]$b$6555 [7] $memory$auto$proc_rom.cc:155:do_switch$1735$rdmux[0][6][28]$b$6555 [5:1] } = { $memory$auto$proc_rom.cc:155:do_switch$1735$rdmux[0][6][28]$b$6555 [0] 2'00 $memory$auto$proc_rom.cc:155:do_switch$1735$rdmux[0][6][28]$b$6555 [0] $memory$auto$proc_rom.cc:155:do_switch$1735$rdmux[0][6][28]$b$6555 [0] $memory$auto$proc_rom.cc:155:do_switch$1735$rdmux[0][6][28]$b$6555 [0] }
    Consolidated identical input bits for $mux cell $memory$auto$proc_rom.cc:155:do_switch$1735$rdmux[0][7][56]$6829:
      Old ports: A=8'01010001, B=8'10100011, Y=$memory$auto$proc_rom.cc:155:do_switch$1735$rdmux[0][6][28]$a$6554
      New ports: A=2'10, B=2'01, Y={ $memory$auto$proc_rom.cc:155:do_switch$1735$rdmux[0][6][28]$a$6554 [4] $memory$auto$proc_rom.cc:155:do_switch$1735$rdmux[0][6][28]$a$6554 [1] }
      New connections: { $memory$auto$proc_rom.cc:155:do_switch$1735$rdmux[0][6][28]$a$6554 [7:5] $memory$auto$proc_rom.cc:155:do_switch$1735$rdmux[0][6][28]$a$6554 [3:2] $memory$auto$proc_rom.cc:155:do_switch$1735$rdmux[0][6][28]$a$6554 [0] } = { $memory$auto$proc_rom.cc:155:do_switch$1735$rdmux[0][6][28]$a$6554 [1] $memory$auto$proc_rom.cc:155:do_switch$1735$rdmux[0][6][28]$a$6554 [4] $memory$auto$proc_rom.cc:155:do_switch$1735$rdmux[0][6][28]$a$6554 [1] 3'001 }
    Consolidated identical input bits for $mux cell $memory$auto$proc_rom.cc:155:do_switch$1735$rdmux[0][7][55]$6826:
      Old ports: A=8'10011111, B=8'10101000, Y=$memory$auto$proc_rom.cc:155:do_switch$1735$rdmux[0][6][27]$b$6552
      New ports: A=2'01, B=2'10, Y={ $memory$auto$proc_rom.cc:155:do_switch$1735$rdmux[0][6][27]$b$6552 [5] $memory$auto$proc_rom.cc:155:do_switch$1735$rdmux[0][6][27]$b$6552 [0] }
      New connections: { $memory$auto$proc_rom.cc:155:do_switch$1735$rdmux[0][6][27]$b$6552 [7:6] $memory$auto$proc_rom.cc:155:do_switch$1735$rdmux[0][6][27]$b$6552 [4:1] } = { 2'10 $memory$auto$proc_rom.cc:155:do_switch$1735$rdmux[0][6][27]$b$6552 [0] 1'1 $memory$auto$proc_rom.cc:155:do_switch$1735$rdmux[0][6][27]$b$6552 [0] $memory$auto$proc_rom.cc:155:do_switch$1735$rdmux[0][6][27]$b$6552 [0] }
    Consolidated identical input bits for $mux cell $memory$auto$proc_rom.cc:155:do_switch$1735$rdmux[0][7][54]$6823:
      Old ports: A=8'01010000, B=8'00111100, Y=$memory$auto$proc_rom.cc:155:do_switch$1735$rdmux[0][6][27]$a$6551
      New ports: A=2'10, B=2'01, Y={ $memory$auto$proc_rom.cc:155:do_switch$1735$rdmux[0][6][27]$a$6551 [6] $memory$auto$proc_rom.cc:155:do_switch$1735$rdmux[0][6][27]$a$6551 [2] }
      New connections: { $memory$auto$proc_rom.cc:155:do_switch$1735$rdmux[0][6][27]$a$6551 [7] $memory$auto$proc_rom.cc:155:do_switch$1735$rdmux[0][6][27]$a$6551 [5:3] $memory$auto$proc_rom.cc:155:do_switch$1735$rdmux[0][6][27]$a$6551 [1:0] } = { 1'0 $memory$auto$proc_rom.cc:155:do_switch$1735$rdmux[0][6][27]$a$6551 [2] 1'1 $memory$auto$proc_rom.cc:155:do_switch$1735$rdmux[0][6][27]$a$6551 [2] 2'00 }
    Consolidated identical input bits for $mux cell $memory$auto$proc_rom.cc:155:do_switch$1735$rdmux[0][7][53]$6820:
      Old ports: A=8'00000010, B=8'01111111, Y=$memory$auto$proc_rom.cc:155:do_switch$1735$rdmux[0][6][26]$b$6549
      New ports: A=1'0, B=1'1, Y=$memory$auto$proc_rom.cc:155:do_switch$1735$rdmux[0][6][26]$b$6549 [0]
      New connections: $memory$auto$proc_rom.cc:155:do_switch$1735$rdmux[0][6][26]$b$6549 [7:1] = { 1'0 $memory$auto$proc_rom.cc:155:do_switch$1735$rdmux[0][6][26]$b$6549 [0] $memory$auto$proc_rom.cc:155:do_switch$1735$rdmux[0][6][26]$b$6549 [0] $memory$auto$proc_rom.cc:155:do_switch$1735$rdmux[0][6][26]$b$6549 [0] $memory$auto$proc_rom.cc:155:do_switch$1735$rdmux[0][6][26]$b$6549 [0] $memory$auto$proc_rom.cc:155:do_switch$1735$rdmux[0][6][26]$b$6549 [0] 1'1 }
    Consolidated identical input bits for $mux cell $memory$auto$proc_rom.cc:155:do_switch$1735$rdmux[0][7][52]$6817:
      Old ports: A=8'01000101, B=8'11111001, Y=$memory$auto$proc_rom.cc:155:do_switch$1735$rdmux[0][6][26]$a$6548
      New ports: A=2'01, B=2'10, Y=$memory$auto$proc_rom.cc:155:do_switch$1735$rdmux[0][6][26]$a$6548 [3:2]
      New connections: { $memory$auto$proc_rom.cc:155:do_switch$1735$rdmux[0][6][26]$a$6548 [7:4] $memory$auto$proc_rom.cc:155:do_switch$1735$rdmux[0][6][26]$a$6548 [1:0] } = { $memory$auto$proc_rom.cc:155:do_switch$1735$rdmux[0][6][26]$a$6548 [3] 1'1 $memory$auto$proc_rom.cc:155:do_switch$1735$rdmux[0][6][26]$a$6548 [3] $memory$auto$proc_rom.cc:155:do_switch$1735$rdmux[0][6][26]$a$6548 [3] 2'01 }
    Consolidated identical input bits for $mux cell $memory$auto$proc_rom.cc:155:do_switch$1735$rdmux[0][7][51]$6814:
      Old ports: A=8'00110011, B=8'10000101, Y=$memory$auto$proc_rom.cc:155:do_switch$1735$rdmux[0][6][25]$b$6546
      New ports: A=2'01, B=2'10, Y=$memory$auto$proc_rom.cc:155:do_switch$1735$rdmux[0][6][25]$b$6546 [2:1]
      New connections: { $memory$auto$proc_rom.cc:155:do_switch$1735$rdmux[0][6][25]$b$6546 [7:3] $memory$auto$proc_rom.cc:155:do_switch$1735$rdmux[0][6][25]$b$6546 [0] } = { $memory$auto$proc_rom.cc:155:do_switch$1735$rdmux[0][6][25]$b$6546 [2] 1'0 $memory$auto$proc_rom.cc:155:do_switch$1735$rdmux[0][6][25]$b$6546 [1] $memory$auto$proc_rom.cc:155:do_switch$1735$rdmux[0][6][25]$b$6546 [1] 2'01 }
    Consolidated identical input bits for $mux cell $memory$auto$proc_rom.cc:155:do_switch$1735$rdmux[0][7][50]$6811:
      Old ports: A=8'01000011, B=8'01001101, Y=$memory$auto$proc_rom.cc:155:do_switch$1735$rdmux[0][6][25]$a$6545
      New ports: A=2'01, B=2'10, Y=$memory$auto$proc_rom.cc:155:do_switch$1735$rdmux[0][6][25]$a$6545 [2:1]
      New connections: { $memory$auto$proc_rom.cc:155:do_switch$1735$rdmux[0][6][25]$a$6545 [7:3] $memory$auto$proc_rom.cc:155:do_switch$1735$rdmux[0][6][25]$a$6545 [0] } = { 4'0100 $memory$auto$proc_rom.cc:155:do_switch$1735$rdmux[0][6][25]$a$6545 [2] 1'1 }
    Consolidated identical input bits for $mux cell $memory$auto$proc_rom.cc:155:do_switch$1735$rdmux[0][7][49]$6808:
      Old ports: A=8'10101010, B=8'11111011, Y=$memory$auto$proc_rom.cc:155:do_switch$1735$rdmux[0][6][24]$b$6543
      New ports: A=1'0, B=1'1, Y=$memory$auto$proc_rom.cc:155:do_switch$1735$rdmux[0][6][24]$b$6543 [0]
      New connections: $memory$auto$proc_rom.cc:155:do_switch$1735$rdmux[0][6][24]$b$6543 [7:1] = { 1'1 $memory$auto$proc_rom.cc:155:do_switch$1735$rdmux[0][6][24]$b$6543 [0] 1'1 $memory$auto$proc_rom.cc:155:do_switch$1735$rdmux[0][6][24]$b$6543 [0] 3'101 }
    Consolidated identical input bits for $mux cell $memory$auto$proc_rom.cc:155:do_switch$1735$rdmux[0][7][48]$6805:
      Old ports: A=8'11010000, B=8'11101111, Y=$memory$auto$proc_rom.cc:155:do_switch$1735$rdmux[0][6][24]$a$6542
      New ports: A=2'10, B=2'01, Y={ $memory$auto$proc_rom.cc:155:do_switch$1735$rdmux[0][6][24]$a$6542 [4] $memory$auto$proc_rom.cc:155:do_switch$1735$rdmux[0][6][24]$a$6542 [0] }
      New connections: { $memory$auto$proc_rom.cc:155:do_switch$1735$rdmux[0][6][24]$a$6542 [7:5] $memory$auto$proc_rom.cc:155:do_switch$1735$rdmux[0][6][24]$a$6542 [3:1] } = { 2'11 $memory$auto$proc_rom.cc:155:do_switch$1735$rdmux[0][6][24]$a$6542 [0] $memory$auto$proc_rom.cc:155:do_switch$1735$rdmux[0][6][24]$a$6542 [0] $memory$auto$proc_rom.cc:155:do_switch$1735$rdmux[0][6][24]$a$6542 [0] $memory$auto$proc_rom.cc:155:do_switch$1735$rdmux[0][6][24]$a$6542 [0] }
    Consolidated identical input bits for $mux cell $memory$auto$proc_rom.cc:155:do_switch$1735$rdmux[0][7][47]$6802:
      Old ports: A=8'01011000, B=8'11001111, Y=$memory$auto$proc_rom.cc:155:do_switch$1735$rdmux[0][6][23]$b$6540
      New ports: A=2'10, B=2'01, Y={ $memory$auto$proc_rom.cc:155:do_switch$1735$rdmux[0][6][23]$b$6540 [4] $memory$auto$proc_rom.cc:155:do_switch$1735$rdmux[0][6][23]$b$6540 [0] }
      New connections: { $memory$auto$proc_rom.cc:155:do_switch$1735$rdmux[0][6][23]$b$6540 [7:5] $memory$auto$proc_rom.cc:155:do_switch$1735$rdmux[0][6][23]$b$6540 [3:1] } = { $memory$auto$proc_rom.cc:155:do_switch$1735$rdmux[0][6][23]$b$6540 [0] 3'101 $memory$auto$proc_rom.cc:155:do_switch$1735$rdmux[0][6][23]$b$6540 [0] $memory$auto$proc_rom.cc:155:do_switch$1735$rdmux[0][6][23]$b$6540 [0] }
    Consolidated identical input bits for $mux cell $memory$auto$proc_rom.cc:155:do_switch$1735$rdmux[0][7][46]$6799:
      Old ports: A=8'01001010, B=8'01001100, Y=$memory$auto$proc_rom.cc:155:do_switch$1735$rdmux[0][6][23]$a$6539
      New ports: A=2'01, B=2'10, Y=$memory$auto$proc_rom.cc:155:do_switch$1735$rdmux[0][6][23]$a$6539 [2:1]
      New connections: { $memory$auto$proc_rom.cc:155:do_switch$1735$rdmux[0][6][23]$a$6539 [7:3] $memory$auto$proc_rom.cc:155:do_switch$1735$rdmux[0][6][23]$a$6539 [0] } = 6'010010
    Consolidated identical input bits for $mux cell $memory$auto$proc_rom.cc:155:do_switch$1735$rdmux[0][7][45]$6796:
      Old ports: A=8'10111110, B=8'00111001, Y=$memory$auto$proc_rom.cc:155:do_switch$1735$rdmux[0][6][22]$b$6537
      New ports: A=2'10, B=2'01, Y=$memory$auto$proc_rom.cc:155:do_switch$1735$rdmux[0][6][22]$b$6537 [1:0]
      New connections: $memory$auto$proc_rom.cc:155:do_switch$1735$rdmux[0][6][22]$b$6537 [7:2] = { $memory$auto$proc_rom.cc:155:do_switch$1735$rdmux[0][6][22]$b$6537 [1] 4'0111 $memory$auto$proc_rom.cc:155:do_switch$1735$rdmux[0][6][22]$b$6537 [1] }
    Consolidated identical input bits for $mux cell $memory$auto$proc_rom.cc:155:do_switch$1735$rdmux[0][7][44]$6793:
      Old ports: A=8'01101010, B=8'11001011, Y=$memory$auto$proc_rom.cc:155:do_switch$1735$rdmux[0][6][22]$a$6536
      New ports: A=2'10, B=2'01, Y={ $memory$auto$proc_rom.cc:155:do_switch$1735$rdmux[0][6][22]$a$6536 [5] $memory$auto$proc_rom.cc:155:do_switch$1735$rdmux[0][6][22]$a$6536 [0] }
      New connections: { $memory$auto$proc_rom.cc:155:do_switch$1735$rdmux[0][6][22]$a$6536 [7:6] $memory$auto$proc_rom.cc:155:do_switch$1735$rdmux[0][6][22]$a$6536 [4:1] } = { $memory$auto$proc_rom.cc:155:do_switch$1735$rdmux[0][6][22]$a$6536 [0] 5'10101 }
    Consolidated identical input bits for $mux cell $memory$auto$proc_rom.cc:155:do_switch$1735$rdmux[0][7][43]$6790:
      Old ports: A=8'10110001, B=8'01011011, Y=$memory$auto$proc_rom.cc:155:do_switch$1735$rdmux[0][6][21]$b$6534
      New ports: A=2'10, B=2'01, Y={ $memory$auto$proc_rom.cc:155:do_switch$1735$rdmux[0][6][21]$b$6534 [5] $memory$auto$proc_rom.cc:155:do_switch$1735$rdmux[0][6][21]$b$6534 [1] }
      New connections: { $memory$auto$proc_rom.cc:155:do_switch$1735$rdmux[0][6][21]$b$6534 [7:6] $memory$auto$proc_rom.cc:155:do_switch$1735$rdmux[0][6][21]$b$6534 [4:2] $memory$auto$proc_rom.cc:155:do_switch$1735$rdmux[0][6][21]$b$6534 [0] } = { $memory$auto$proc_rom.cc:155:do_switch$1735$rdmux[0][6][21]$b$6534 [5] $memory$auto$proc_rom.cc:155:do_switch$1735$rdmux[0][6][21]$b$6534 [1] 1'1 $memory$auto$proc_rom.cc:155:do_switch$1735$rdmux[0][6][21]$b$6534 [1] 2'01 }
    Consolidated identical input bits for $mux cell $memory$auto$proc_rom.cc:155:do_switch$1735$rdmux[0][7][42]$6787:
      Old ports: A=8'00100000, B=8'11111100, Y=$memory$auto$proc_rom.cc:155:do_switch$1735$rdmux[0][6][21]$a$6533
      New ports: A=1'0, B=1'1, Y=$memory$auto$proc_rom.cc:155:do_switch$1735$rdmux[0][6][21]$a$6533 [2]
      New connections: { $memory$auto$proc_rom.cc:155:do_switch$1735$rdmux[0][6][21]$a$6533 [7:3] $memory$auto$proc_rom.cc:155:do_switch$1735$rdmux[0][6][21]$a$6533 [1:0] } = { $memory$auto$proc_rom.cc:155:do_switch$1735$rdmux[0][6][21]$a$6533 [2] $memory$auto$proc_rom.cc:155:do_switch$1735$rdmux[0][6][21]$a$6533 [2] 1'1 $memory$auto$proc_rom.cc:155:do_switch$1735$rdmux[0][6][21]$a$6533 [2] $memory$auto$proc_rom.cc:155:do_switch$1735$rdmux[0][6][21]$a$6533 [2] 2'00 }
    Consolidated identical input bits for $mux cell $memory$auto$proc_rom.cc:155:do_switch$1735$rdmux[0][7][41]$6784:
      Old ports: A=8'00000000, B=8'11101101, Y=$memory$auto$proc_rom.cc:155:do_switch$1735$rdmux[0][6][20]$b$6531
      New ports: A=1'0, B=1'1, Y=$memory$auto$proc_rom.cc:155:do_switch$1735$rdmux[0][6][20]$b$6531 [0]
      New connections: $memory$auto$proc_rom.cc:155:do_switch$1735$rdmux[0][6][20]$b$6531 [7:1] = { $memory$auto$proc_rom.cc:155:do_switch$1735$rdmux[0][6][20]$b$6531 [0] $memory$auto$proc_rom.cc:155:do_switch$1735$rdmux[0][6][20]$b$6531 [0] $memory$auto$proc_rom.cc:155:do_switch$1735$rdmux[0][6][20]$b$6531 [0] 1'0 $memory$auto$proc_rom.cc:155:do_switch$1735$rdmux[0][6][20]$b$6531 [0] $memory$auto$proc_rom.cc:155:do_switch$1735$rdmux[0][6][20]$b$6531 [0] 1'0 }
    Consolidated identical input bits for $mux cell $memory$auto$proc_rom.cc:155:do_switch$1735$rdmux[0][7][40]$6781:
      Old ports: A=8'01010011, B=8'11010001, Y=$memory$auto$proc_rom.cc:155:do_switch$1735$rdmux[0][6][20]$a$6530
      New ports: A=2'01, B=2'10, Y={ $memory$auto$proc_rom.cc:155:do_switch$1735$rdmux[0][6][20]$a$6530 [7] $memory$auto$proc_rom.cc:155:do_switch$1735$rdmux[0][6][20]$a$6530 [1] }
      New connections: { $memory$auto$proc_rom.cc:155:do_switch$1735$rdmux[0][6][20]$a$6530 [6:2] $memory$auto$proc_rom.cc:155:do_switch$1735$rdmux[0][6][20]$a$6530 [0] } = 6'101001
    Consolidated identical input bits for $mux cell $memory$auto$proc_rom.cc:155:do_switch$1735$rdmux[0][7][39]$6778:
      Old ports: A=8'00101111, B=8'10000100, Y=$memory$auto$proc_rom.cc:155:do_switch$1735$rdmux[0][6][19]$b$6528
      New ports: A=2'01, B=2'10, Y={ $memory$auto$proc_rom.cc:155:do_switch$1735$rdmux[0][6][19]$b$6528 [7] $memory$auto$proc_rom.cc:155:do_switch$1735$rdmux[0][6][19]$b$6528 [0] }
      New connections: $memory$auto$proc_rom.cc:155:do_switch$1735$rdmux[0][6][19]$b$6528 [6:1] = { 1'0 $memory$auto$proc_rom.cc:155:do_switch$1735$rdmux[0][6][19]$b$6528 [0] 1'0 $memory$auto$proc_rom.cc:155:do_switch$1735$rdmux[0][6][19]$b$6528 [0] 1'1 $memory$auto$proc_rom.cc:155:do_switch$1735$rdmux[0][6][19]$b$6528 [0] }
    Consolidated identical input bits for $mux cell $memory$auto$proc_rom.cc:155:do_switch$1735$rdmux[0][7][38]$6775:
      Old ports: A=8'00101001, B=8'11100011, Y=$memory$auto$proc_rom.cc:155:do_switch$1735$rdmux[0][6][19]$a$6527
      New ports: A=2'10, B=2'01, Y={ $memory$auto$proc_rom.cc:155:do_switch$1735$rdmux[0][6][19]$a$6527 [3] $memory$auto$proc_rom.cc:155:do_switch$1735$rdmux[0][6][19]$a$6527 [1] }
      New connections: { $memory$auto$proc_rom.cc:155:do_switch$1735$rdmux[0][6][19]$a$6527 [7:4] $memory$auto$proc_rom.cc:155:do_switch$1735$rdmux[0][6][19]$a$6527 [2] $memory$auto$proc_rom.cc:155:do_switch$1735$rdmux[0][6][19]$a$6527 [0] } = { $memory$auto$proc_rom.cc:155:do_switch$1735$rdmux[0][6][19]$a$6527 [1] $memory$auto$proc_rom.cc:155:do_switch$1735$rdmux[0][6][19]$a$6527 [1] 4'1001 }
    Consolidated identical input bits for $mux cell $memory$auto$proc_rom.cc:155:do_switch$1735$rdmux[0][7][37]$6772:
      Old ports: A=8'11010110, B=8'10110011, Y=$memory$auto$proc_rom.cc:155:do_switch$1735$rdmux[0][6][18]$b$6525
      New ports: A=2'10, B=2'01, Y={ $memory$auto$proc_rom.cc:155:do_switch$1735$rdmux[0][6][18]$b$6525 [2] $memory$auto$proc_rom.cc:155:do_switch$1735$rdmux[0][6][18]$b$6525 [0] }
      New connections: { $memory$auto$proc_rom.cc:155:do_switch$1735$rdmux[0][6][18]$b$6525 [7:3] $memory$auto$proc_rom.cc:155:do_switch$1735$rdmux[0][6][18]$b$6525 [1] } = { 1'1 $memory$auto$proc_rom.cc:155:do_switch$1735$rdmux[0][6][18]$b$6525 [2] $memory$auto$proc_rom.cc:155:do_switch$1735$rdmux[0][6][18]$b$6525 [0] 3'101 }
    Consolidated identical input bits for $mux cell $memory$auto$proc_rom.cc:155:do_switch$1735$rdmux[0][7][36]$6769:
      Old ports: A=8'01010010, B=8'00111011, Y=$memory$auto$proc_rom.cc:155:do_switch$1735$rdmux[0][6][18]$a$6524
      New ports: A=2'10, B=2'01, Y={ $memory$auto$proc_rom.cc:155:do_switch$1735$rdmux[0][6][18]$a$6524 [6] $memory$auto$proc_rom.cc:155:do_switch$1735$rdmux[0][6][18]$a$6524 [0] }
      New connections: { $memory$auto$proc_rom.cc:155:do_switch$1735$rdmux[0][6][18]$a$6524 [7] $memory$auto$proc_rom.cc:155:do_switch$1735$rdmux[0][6][18]$a$6524 [5:1] } = { 1'0 $memory$auto$proc_rom.cc:155:do_switch$1735$rdmux[0][6][18]$a$6524 [0] 1'1 $memory$auto$proc_rom.cc:155:do_switch$1735$rdmux[0][6][18]$a$6524 [0] 2'01 }
    Consolidated identical input bits for $mux cell $memory$auto$proc_rom.cc:155:do_switch$1735$rdmux[0][7][35]$6766:
      Old ports: A=8'01011010, B=8'10100000, Y=$memory$auto$proc_rom.cc:155:do_switch$1735$rdmux[0][6][17]$b$6522
      New ports: A=2'01, B=2'10, Y={ $memory$auto$proc_rom.cc:155:do_switch$1735$rdmux[0][6][17]$b$6522 [5] $memory$auto$proc_rom.cc:155:do_switch$1735$rdmux[0][6][17]$b$6522 [1] }
      New connections: { $memory$auto$proc_rom.cc:155:do_switch$1735$rdmux[0][6][17]$b$6522 [7:6] $memory$auto$proc_rom.cc:155:do_switch$1735$rdmux[0][6][17]$b$6522 [4:2] $memory$auto$proc_rom.cc:155:do_switch$1735$rdmux[0][6][17]$b$6522 [0] } = { $memory$auto$proc_rom.cc:155:do_switch$1735$rdmux[0][6][17]$b$6522 [5] $memory$auto$proc_rom.cc:155:do_switch$1735$rdmux[0][6][17]$b$6522 [1] $memory$auto$proc_rom.cc:155:do_switch$1735$rdmux[0][6][17]$b$6522 [1] $memory$auto$proc_rom.cc:155:do_switch$1735$rdmux[0][6][17]$b$6522 [1] 2'00 }
    Consolidated identical input bits for $mux cell $memory$auto$proc_rom.cc:155:do_switch$1735$rdmux[0][7][34]$6763:
      Old ports: A=8'00011011, B=8'01101110, Y=$memory$auto$proc_rom.cc:155:do_switch$1735$rdmux[0][6][17]$a$6521
      New ports: A=2'01, B=2'10, Y={ $memory$auto$proc_rom.cc:155:do_switch$1735$rdmux[0][6][17]$a$6521 [2] $memory$auto$proc_rom.cc:155:do_switch$1735$rdmux[0][6][17]$a$6521 [0] }
      New connections: { $memory$auto$proc_rom.cc:155:do_switch$1735$rdmux[0][6][17]$a$6521 [7:3] $memory$auto$proc_rom.cc:155:do_switch$1735$rdmux[0][6][17]$a$6521 [1] } = { 1'0 $memory$auto$proc_rom.cc:155:do_switch$1735$rdmux[0][6][17]$a$6521 [2] $memory$auto$proc_rom.cc:155:do_switch$1735$rdmux[0][6][17]$a$6521 [2] $memory$auto$proc_rom.cc:155:do_switch$1735$rdmux[0][6][17]$a$6521 [0] 2'11 }
    Consolidated identical input bits for $mux cell $memory$auto$proc_rom.cc:155:do_switch$1735$rdmux[0][7][33]$6760:
      Old ports: A=8'00101100, B=8'00011010, Y=$memory$auto$proc_rom.cc:155:do_switch$1735$rdmux[0][6][16]$b$6519
      New ports: A=2'10, B=2'01, Y=$memory$auto$proc_rom.cc:155:do_switch$1735$rdmux[0][6][16]$b$6519 [2:1]
      New connections: { $memory$auto$proc_rom.cc:155:do_switch$1735$rdmux[0][6][16]$b$6519 [7:3] $memory$auto$proc_rom.cc:155:do_switch$1735$rdmux[0][6][16]$b$6519 [0] } = { 2'00 $memory$auto$proc_rom.cc:155:do_switch$1735$rdmux[0][6][16]$b$6519 [2:1] 2'10 }
    Consolidated identical input bits for $mux cell $memory$auto$proc_rom.cc:155:do_switch$1735$rdmux[0][7][32]$6757:
      Old ports: A=8'00001001, B=8'10000011, Y=$memory$auto$proc_rom.cc:155:do_switch$1735$rdmux[0][6][16]$a$6518
      New ports: A=2'10, B=2'01, Y={ $memory$auto$proc_rom.cc:155:do_switch$1735$rdmux[0][6][16]$a$6518 [3] $memory$auto$proc_rom.cc:155:do_switch$1735$rdmux[0][6][16]$a$6518 [1] }
      New connections: { $memory$auto$proc_rom.cc:155:do_switch$1735$rdmux[0][6][16]$a$6518 [7:4] $memory$auto$proc_rom.cc:155:do_switch$1735$rdmux[0][6][16]$a$6518 [2] $memory$auto$proc_rom.cc:155:do_switch$1735$rdmux[0][6][16]$a$6518 [0] } = { $memory$auto$proc_rom.cc:155:do_switch$1735$rdmux[0][6][16]$a$6518 [1] 5'00001 }
    Consolidated identical input bits for $mux cell $memory$auto$proc_rom.cc:155:do_switch$1735$rdmux[0][7][31]$6754:
      Old ports: A=8'10110010, B=8'01110101, Y=$memory$auto$proc_rom.cc:155:do_switch$1735$rdmux[0][6][15]$b$6516
      New ports: A=2'10, B=2'01, Y=$memory$auto$proc_rom.cc:155:do_switch$1735$rdmux[0][6][15]$b$6516 [1:0]
      New connections: $memory$auto$proc_rom.cc:155:do_switch$1735$rdmux[0][6][15]$b$6516 [7:2] = { $memory$auto$proc_rom.cc:155:do_switch$1735$rdmux[0][6][15]$b$6516 [1:0] 3'110 $memory$auto$proc_rom.cc:155:do_switch$1735$rdmux[0][6][15]$b$6516 [0] }
    Consolidated identical input bits for $mux cell $memory$auto$proc_rom.cc:155:do_switch$1735$rdmux[0][7][30]$6751:
      Old ports: A=8'11101011, B=8'00100111, Y=$memory$auto$proc_rom.cc:155:do_switch$1735$rdmux[0][6][15]$a$6515
      New ports: A=2'10, B=2'01, Y=$memory$auto$proc_rom.cc:155:do_switch$1735$rdmux[0][6][15]$a$6515 [3:2]
      New connections: { $memory$auto$proc_rom.cc:155:do_switch$1735$rdmux[0][6][15]$a$6515 [7:4] $memory$auto$proc_rom.cc:155:do_switch$1735$rdmux[0][6][15]$a$6515 [1:0] } = { $memory$auto$proc_rom.cc:155:do_switch$1735$rdmux[0][6][15]$a$6515 [3] $memory$auto$proc_rom.cc:155:do_switch$1735$rdmux[0][6][15]$a$6515 [3] 4'1011 }
    Consolidated identical input bits for $mux cell $memory$auto$proc_rom.cc:155:do_switch$1735$rdmux[0][7][29]$6748:
      Old ports: A=8'10000000, B=8'11100010, Y=$memory$auto$proc_rom.cc:155:do_switch$1735$rdmux[0][6][14]$b$6513
      New ports: A=1'0, B=1'1, Y=$memory$auto$proc_rom.cc:155:do_switch$1735$rdmux[0][6][14]$b$6513 [1]
      New connections: { $memory$auto$proc_rom.cc:155:do_switch$1735$rdmux[0][6][14]$b$6513 [7:2] $memory$auto$proc_rom.cc:155:do_switch$1735$rdmux[0][6][14]$b$6513 [0] } = { 1'1 $memory$auto$proc_rom.cc:155:do_switch$1735$rdmux[0][6][14]$b$6513 [1] $memory$auto$proc_rom.cc:155:do_switch$1735$rdmux[0][6][14]$b$6513 [1] 4'0000 }
    Consolidated identical input bits for $mux cell $memory$auto$proc_rom.cc:155:do_switch$1735$rdmux[0][7][28]$6745:
      Old ports: A=8'00000111, B=8'00010010, Y=$memory$auto$proc_rom.cc:155:do_switch$1735$rdmux[0][6][14]$a$6512
      New ports: A=2'01, B=2'10, Y={ $memory$auto$proc_rom.cc:155:do_switch$1735$rdmux[0][6][14]$a$6512 [4] $memory$auto$proc_rom.cc:155:do_switch$1735$rdmux[0][6][14]$a$6512 [0] }
      New connections: { $memory$auto$proc_rom.cc:155:do_switch$1735$rdmux[0][6][14]$a$6512 [7:5] $memory$auto$proc_rom.cc:155:do_switch$1735$rdmux[0][6][14]$a$6512 [3:1] } = { 4'0000 $memory$auto$proc_rom.cc:155:do_switch$1735$rdmux[0][6][14]$a$6512 [0] 1'1 }
    Consolidated identical input bits for $mux cell $memory$auto$proc_rom.cc:155:do_switch$1735$rdmux[0][7][27]$6742:
      Old ports: A=8'00000101, B=8'10011010, Y=$memory$auto$proc_rom.cc:155:do_switch$1735$rdmux[0][6][13]$b$6510
      New ports: A=2'01, B=2'10, Y=$memory$auto$proc_rom.cc:155:do_switch$1735$rdmux[0][6][13]$b$6510 [1:0]
      New connections: $memory$auto$proc_rom.cc:155:do_switch$1735$rdmux[0][6][13]$b$6510 [7:2] = { $memory$auto$proc_rom.cc:155:do_switch$1735$rdmux[0][6][13]$b$6510 [1] 2'00 $memory$auto$proc_rom.cc:155:do_switch$1735$rdmux[0][6][13]$b$6510 [1] $memory$auto$proc_rom.cc:155:do_switch$1735$rdmux[0][6][13]$b$6510 [1:0] }
    Consolidated identical input bits for $mux cell $memory$auto$proc_rom.cc:155:do_switch$1735$rdmux[0][7][26]$6739:
      Old ports: A=8'00011000, B=8'10010110, Y=$memory$auto$proc_rom.cc:155:do_switch$1735$rdmux[0][6][13]$a$6509
      New ports: A=2'10, B=2'01, Y={ $memory$auto$proc_rom.cc:155:do_switch$1735$rdmux[0][6][13]$a$6509 [3] $memory$auto$proc_rom.cc:155:do_switch$1735$rdmux[0][6][13]$a$6509 [1] }
      New connections: { $memory$auto$proc_rom.cc:155:do_switch$1735$rdmux[0][6][13]$a$6509 [7:4] $memory$auto$proc_rom.cc:155:do_switch$1735$rdmux[0][6][13]$a$6509 [2] $memory$auto$proc_rom.cc:155:do_switch$1735$rdmux[0][6][13]$a$6509 [0] } = { $memory$auto$proc_rom.cc:155:do_switch$1735$rdmux[0][6][13]$a$6509 [1] 3'001 $memory$auto$proc_rom.cc:155:do_switch$1735$rdmux[0][6][13]$a$6509 [1] 1'0 }
    Consolidated identical input bits for $mux cell $memory$auto$proc_rom.cc:155:do_switch$1735$rdmux[0][7][25]$6736:
      Old ports: A=8'00100011, B=8'11000011, Y=$memory$auto$proc_rom.cc:155:do_switch$1735$rdmux[0][6][12]$b$6507
      New ports: A=2'01, B=2'10, Y=$memory$auto$proc_rom.cc:155:do_switch$1735$rdmux[0][6][12]$b$6507 [6:5]
      New connections: { $memory$auto$proc_rom.cc:155:do_switch$1735$rdmux[0][6][12]$b$6507 [7] $memory$auto$proc_rom.cc:155:do_switch$1735$rdmux[0][6][12]$b$6507 [4:0] } = { $memory$auto$proc_rom.cc:155:do_switch$1735$rdmux[0][6][12]$b$6507 [6] 5'00011 }
    Consolidated identical input bits for $mux cell $memory$auto$proc_rom.cc:155:do_switch$1735$rdmux[0][7][24]$6733:
      Old ports: A=8'00000100, B=8'11000111, Y=$memory$auto$proc_rom.cc:155:do_switch$1735$rdmux[0][6][12]$a$6506
      New ports: A=1'0, B=1'1, Y=$memory$auto$proc_rom.cc:155:do_switch$1735$rdmux[0][6][12]$a$6506 [0]
      New connections: $memory$auto$proc_rom.cc:155:do_switch$1735$rdmux[0][6][12]$a$6506 [7:1] = { $memory$auto$proc_rom.cc:155:do_switch$1735$rdmux[0][6][12]$a$6506 [0] $memory$auto$proc_rom.cc:155:do_switch$1735$rdmux[0][6][12]$a$6506 [0] 4'0001 $memory$auto$proc_rom.cc:155:do_switch$1735$rdmux[0][6][12]$a$6506 [0] }
    Consolidated identical input bits for $mux cell $memory$auto$proc_rom.cc:155:do_switch$1735$rdmux[0][7][23]$6730:
      Old ports: A=8'00110001, B=8'00010101, Y=$memory$auto$proc_rom.cc:155:do_switch$1735$rdmux[0][6][11]$b$6504
      New ports: A=2'10, B=2'01, Y={ $memory$auto$proc_rom.cc:155:do_switch$1735$rdmux[0][6][11]$b$6504 [5] $memory$auto$proc_rom.cc:155:do_switch$1735$rdmux[0][6][11]$b$6504 [2] }
      New connections: { $memory$auto$proc_rom.cc:155:do_switch$1735$rdmux[0][6][11]$b$6504 [7:6] $memory$auto$proc_rom.cc:155:do_switch$1735$rdmux[0][6][11]$b$6504 [4:3] $memory$auto$proc_rom.cc:155:do_switch$1735$rdmux[0][6][11]$b$6504 [1:0] } = 6'001001
    Consolidated identical input bits for $mux cell $memory$auto$proc_rom.cc:155:do_switch$1735$rdmux[0][7][22]$6727:
      Old ports: A=8'01110001, B=8'11011000, Y=$memory$auto$proc_rom.cc:155:do_switch$1735$rdmux[0][6][11]$a$6503
      New ports: A=2'01, B=2'10, Y={ $memory$auto$proc_rom.cc:155:do_switch$1735$rdmux[0][6][11]$a$6503 [3] $memory$auto$proc_rom.cc:155:do_switch$1735$rdmux[0][6][11]$a$6503 [0] }
      New connections: { $memory$auto$proc_rom.cc:155:do_switch$1735$rdmux[0][6][11]$a$6503 [7:4] $memory$auto$proc_rom.cc:155:do_switch$1735$rdmux[0][6][11]$a$6503 [2:1] } = { $memory$auto$proc_rom.cc:155:do_switch$1735$rdmux[0][6][11]$a$6503 [3] 1'1 $memory$auto$proc_rom.cc:155:do_switch$1735$rdmux[0][6][11]$a$6503 [0] 3'100 }
    Consolidated identical input bits for $mux cell $memory$auto$proc_rom.cc:155:do_switch$1735$rdmux[0][7][21]$6724:
      Old ports: A=8'11100101, B=8'11110001, Y=$memory$auto$proc_rom.cc:155:do_switch$1735$rdmux[0][6][10]$b$6501
      New ports: A=2'01, B=2'10, Y={ $memory$auto$proc_rom.cc:155:do_switch$1735$rdmux[0][6][10]$b$6501 [4] $memory$auto$proc_rom.cc:155:do_switch$1735$rdmux[0][6][10]$b$6501 [2] }
      New connections: { $memory$auto$proc_rom.cc:155:do_switch$1735$rdmux[0][6][10]$b$6501 [7:5] $memory$auto$proc_rom.cc:155:do_switch$1735$rdmux[0][6][10]$b$6501 [3] $memory$auto$proc_rom.cc:155:do_switch$1735$rdmux[0][6][10]$b$6501 [1:0] } = 6'111001
    Consolidated identical input bits for $mux cell $memory$auto$proc_rom.cc:155:do_switch$1735$rdmux[0][7][20]$6721:
      Old ports: A=8'00110100, B=8'10100101, Y=$memory$auto$proc_rom.cc:155:do_switch$1735$rdmux[0][6][10]$a$6500
      New ports: A=2'10, B=2'01, Y={ $memory$auto$proc_rom.cc:155:do_switch$1735$rdmux[0][6][10]$a$6500 [4] $memory$auto$proc_rom.cc:155:do_switch$1735$rdmux[0][6][10]$a$6500 [0] }
      New connections: { $memory$auto$proc_rom.cc:155:do_switch$1735$rdmux[0][6][10]$a$6500 [7:5] $memory$auto$proc_rom.cc:155:do_switch$1735$rdmux[0][6][10]$a$6500 [3:1] } = { $memory$auto$proc_rom.cc:155:do_switch$1735$rdmux[0][6][10]$a$6500 [0] 5'01010 }
    Consolidated identical input bits for $mux cell $memory$auto$proc_rom.cc:155:do_switch$1735$rdmux[0][7][19]$6718:
      Old ports: A=8'11110111, B=8'11001100, Y=$memory$auto$proc_rom.cc:155:do_switch$1735$rdmux[0][6][9]$b$6498
      New ports: A=2'01, B=2'10, Y={ $memory$auto$proc_rom.cc:155:do_switch$1735$rdmux[0][6][9]$b$6498 [3] $memory$auto$proc_rom.cc:155:do_switch$1735$rdmux[0][6][9]$b$6498 [0] }
      New connections: { $memory$auto$proc_rom.cc:155:do_switch$1735$rdmux[0][6][9]$b$6498 [7:4] $memory$auto$proc_rom.cc:155:do_switch$1735$rdmux[0][6][9]$b$6498 [2:1] } = { 2'11 $memory$auto$proc_rom.cc:155:do_switch$1735$rdmux[0][6][9]$b$6498 [0] $memory$auto$proc_rom.cc:155:do_switch$1735$rdmux[0][6][9]$b$6498 [0] 1'1 $memory$auto$proc_rom.cc:155:do_switch$1735$rdmux[0][6][9]$b$6498 [0] }
    Consolidated identical input bits for $mux cell $memory$auto$proc_rom.cc:155:do_switch$1735$rdmux[0][7][18]$6715:
      Old ports: A=8'00110110, B=8'00111111, Y=$memory$auto$proc_rom.cc:155:do_switch$1735$rdmux[0][6][9]$a$6497
      New ports: A=1'0, B=1'1, Y=$memory$auto$proc_rom.cc:155:do_switch$1735$rdmux[0][6][9]$a$6497 [0]
      New connections: $memory$auto$proc_rom.cc:155:do_switch$1735$rdmux[0][6][9]$a$6497 [7:1] = { 4'0011 $memory$auto$proc_rom.cc:155:do_switch$1735$rdmux[0][6][9]$a$6497 [0] 2'11 }
    Consolidated identical input bits for $mux cell $memory$auto$proc_rom.cc:155:do_switch$1735$rdmux[0][7][17]$6712:
      Old ports: A=8'10010011, B=8'00100110, Y=$memory$auto$proc_rom.cc:155:do_switch$1735$rdmux[0][6][8]$b$6495
      New ports: A=2'01, B=2'10, Y={ $memory$auto$proc_rom.cc:155:do_switch$1735$rdmux[0][6][8]$b$6495 [2] $memory$auto$proc_rom.cc:155:do_switch$1735$rdmux[0][6][8]$b$6495 [0] }
      New connections: { $memory$auto$proc_rom.cc:155:do_switch$1735$rdmux[0][6][8]$b$6495 [7:3] $memory$auto$proc_rom.cc:155:do_switch$1735$rdmux[0][6][8]$b$6495 [1] } = { $memory$auto$proc_rom.cc:155:do_switch$1735$rdmux[0][6][8]$b$6495 [0] 1'0 $memory$auto$proc_rom.cc:155:do_switch$1735$rdmux[0][6][8]$b$6495 [2] $memory$auto$proc_rom.cc:155:do_switch$1735$rdmux[0][6][8]$b$6495 [0] 2'01 }
    Consolidated identical input bits for $mux cell $memory$auto$proc_rom.cc:155:do_switch$1735$rdmux[0][7][16]$6709:
      Old ports: A=8'10110111, B=8'11111101, Y=$memory$auto$proc_rom.cc:155:do_switch$1735$rdmux[0][6][8]$a$6494
      New ports: A=2'01, B=2'10, Y={ $memory$auto$proc_rom.cc:155:do_switch$1735$rdmux[0][6][8]$a$6494 [3] $memory$auto$proc_rom.cc:155:do_switch$1735$rdmux[0][6][8]$a$6494 [1] }
      New connections: { $memory$auto$proc_rom.cc:155:do_switch$1735$rdmux[0][6][8]$a$6494 [7:4] $memory$auto$proc_rom.cc:155:do_switch$1735$rdmux[0][6][8]$a$6494 [2] $memory$auto$proc_rom.cc:155:do_switch$1735$rdmux[0][6][8]$a$6494 [0] } = { 1'1 $memory$auto$proc_rom.cc:155:do_switch$1735$rdmux[0][6][8]$a$6494 [3] 4'1111 }
    Consolidated identical input bits for $mux cell $memory$auto$proc_rom.cc:155:do_switch$1735$rdmux[0][7][15]$6706:
      Old ports: A=8'01110010, B=8'11000000, Y=$memory$auto$proc_rom.cc:155:do_switch$1735$rdmux[0][6][7]$b$6492
      New ports: A=2'01, B=2'10, Y={ $memory$auto$proc_rom.cc:155:do_switch$1735$rdmux[0][6][7]$b$6492 [7] $memory$auto$proc_rom.cc:155:do_switch$1735$rdmux[0][6][7]$b$6492 [1] }
      New connections: { $memory$auto$proc_rom.cc:155:do_switch$1735$rdmux[0][6][7]$b$6492 [6:2] $memory$auto$proc_rom.cc:155:do_switch$1735$rdmux[0][6][7]$b$6492 [0] } = { 1'1 $memory$auto$proc_rom.cc:155:do_switch$1735$rdmux[0][6][7]$b$6492 [1] $memory$auto$proc_rom.cc:155:do_switch$1735$rdmux[0][6][7]$b$6492 [1] 3'000 }
    Consolidated identical input bits for $mux cell $memory$auto$proc_rom.cc:155:do_switch$1735$rdmux[0][7][14]$6703:
      Old ports: A=8'10011100, B=8'10100100, Y=$memory$auto$proc_rom.cc:155:do_switch$1735$rdmux[0][6][7]$a$6491
      New ports: A=2'01, B=2'10, Y={ $memory$auto$proc_rom.cc:155:do_switch$1735$rdmux[0][6][7]$a$6491 [5] $memory$auto$proc_rom.cc:155:do_switch$1735$rdmux[0][6][7]$a$6491 [3] }
      New connections: { $memory$auto$proc_rom.cc:155:do_switch$1735$rdmux[0][6][7]$a$6491 [7:6] $memory$auto$proc_rom.cc:155:do_switch$1735$rdmux[0][6][7]$a$6491 [4] $memory$auto$proc_rom.cc:155:do_switch$1735$rdmux[0][6][7]$a$6491 [2:0] } = { 2'10 $memory$auto$proc_rom.cc:155:do_switch$1735$rdmux[0][6][7]$a$6491 [3] 3'100 }
    Consolidated identical input bits for $mux cell $memory$auto$proc_rom.cc:155:do_switch$1735$rdmux[0][7][13]$6700:
      Old ports: A=8'10100010, B=8'10101111, Y=$memory$auto$proc_rom.cc:155:do_switch$1735$rdmux[0][6][6]$b$6489
      New ports: A=1'0, B=1'1, Y=$memory$auto$proc_rom.cc:155:do_switch$1735$rdmux[0][6][6]$b$6489 [0]
      New connections: $memory$auto$proc_rom.cc:155:do_switch$1735$rdmux[0][6][6]$b$6489 [7:1] = { 4'1010 $memory$auto$proc_rom.cc:155:do_switch$1735$rdmux[0][6][6]$b$6489 [0] $memory$auto$proc_rom.cc:155:do_switch$1735$rdmux[0][6][6]$b$6489 [0] 1'1 }
    Consolidated identical input bits for $mux cell $memory$auto$proc_rom.cc:155:do_switch$1735$rdmux[0][7][12]$6697:
      Old ports: A=8'10101101, B=8'11010100, Y=$memory$auto$proc_rom.cc:155:do_switch$1735$rdmux[0][6][6]$a$6488
      New ports: A=2'01, B=2'10, Y={ $memory$auto$proc_rom.cc:155:do_switch$1735$rdmux[0][6][6]$a$6488 [4] $memory$auto$proc_rom.cc:155:do_switch$1735$rdmux[0][6][6]$a$6488 [0] }
      New connections: { $memory$auto$proc_rom.cc:155:do_switch$1735$rdmux[0][6][6]$a$6488 [7:5] $memory$auto$proc_rom.cc:155:do_switch$1735$rdmux[0][6][6]$a$6488 [3:1] } = { 1'1 $memory$auto$proc_rom.cc:155:do_switch$1735$rdmux[0][6][6]$a$6488 [4] $memory$auto$proc_rom.cc:155:do_switch$1735$rdmux[0][6][6]$a$6488 [0] $memory$auto$proc_rom.cc:155:do_switch$1735$rdmux[0][6][6]$a$6488 [0] 2'10 }
    Consolidated identical input bits for $mux cell $memory$auto$proc_rom.cc:155:do_switch$1735$rdmux[0][7][11]$6694:
      Old ports: A=8'01000111, B=8'11110000, Y=$memory$auto$proc_rom.cc:155:do_switch$1735$rdmux[0][6][5]$b$6486
      New ports: A=2'01, B=2'10, Y={ $memory$auto$proc_rom.cc:155:do_switch$1735$rdmux[0][6][5]$b$6486 [4] $memory$auto$proc_rom.cc:155:do_switch$1735$rdmux[0][6][5]$b$6486 [0] }
      New connections: { $memory$auto$proc_rom.cc:155:do_switch$1735$rdmux[0][6][5]$b$6486 [7:5] $memory$auto$proc_rom.cc:155:do_switch$1735$rdmux[0][6][5]$b$6486 [3:1] } = { $memory$auto$proc_rom.cc:155:do_switch$1735$rdmux[0][6][5]$b$6486 [4] 1'1 $memory$auto$proc_rom.cc:155:do_switch$1735$rdmux[0][6][5]$b$6486 [4] 1'0 $memory$auto$proc_rom.cc:155:do_switch$1735$rdmux[0][6][5]$b$6486 [0] $memory$auto$proc_rom.cc:155:do_switch$1735$rdmux[0][6][5]$b$6486 [0] }
    Consolidated identical input bits for $mux cell $memory$auto$proc_rom.cc:155:do_switch$1735$rdmux[0][7][10]$6691:
      Old ports: A=8'11111010, B=8'01011001, Y=$memory$auto$proc_rom.cc:155:do_switch$1735$rdmux[0][6][5]$a$6485
      New ports: A=2'10, B=2'01, Y=$memory$auto$proc_rom.cc:155:do_switch$1735$rdmux[0][6][5]$a$6485 [1:0]
      New connections: $memory$auto$proc_rom.cc:155:do_switch$1735$rdmux[0][6][5]$a$6485 [7:2] = { $memory$auto$proc_rom.cc:155:do_switch$1735$rdmux[0][6][5]$a$6485 [1] 1'1 $memory$auto$proc_rom.cc:155:do_switch$1735$rdmux[0][6][5]$a$6485 [1] 3'110 }
    Consolidated identical input bits for $mux cell $memory$auto$proc_rom.cc:155:do_switch$1735$rdmux[0][7][9]$6688:
      Old ports: A=8'11001001, B=8'01111101, Y=$memory$auto$proc_rom.cc:155:do_switch$1735$rdmux[0][6][4]$b$6483
      New ports: A=2'10, B=2'01, Y={ $memory$auto$proc_rom.cc:155:do_switch$1735$rdmux[0][6][4]$b$6483 [7] $memory$auto$proc_rom.cc:155:do_switch$1735$rdmux[0][6][4]$b$6483 [2] }
      New connections: { $memory$auto$proc_rom.cc:155:do_switch$1735$rdmux[0][6][4]$b$6483 [6:3] $memory$auto$proc_rom.cc:155:do_switch$1735$rdmux[0][6][4]$b$6483 [1:0] } = { 1'1 $memory$auto$proc_rom.cc:155:do_switch$1735$rdmux[0][6][4]$b$6483 [2] $memory$auto$proc_rom.cc:155:do_switch$1735$rdmux[0][6][4]$b$6483 [2] 3'101 }
    Consolidated identical input bits for $mux cell $memory$auto$proc_rom.cc:155:do_switch$1735$rdmux[0][7][8]$6685:
      Old ports: A=8'11001010, B=8'10000010, Y=$memory$auto$proc_rom.cc:155:do_switch$1735$rdmux[0][6][4]$a$6482
      New ports: A=1'1, B=1'0, Y=$memory$auto$proc_rom.cc:155:do_switch$1735$rdmux[0][6][4]$a$6482 [3]
      New connections: { $memory$auto$proc_rom.cc:155:do_switch$1735$rdmux[0][6][4]$a$6482 [7:4] $memory$auto$proc_rom.cc:155:do_switch$1735$rdmux[0][6][4]$a$6482 [2:0] } = { 1'1 $memory$auto$proc_rom.cc:155:do_switch$1735$rdmux[0][6][4]$a$6482 [3] 5'00010 }
    Consolidated identical input bits for $mux cell $memory$auto$proc_rom.cc:155:do_switch$1735$rdmux[0][7][7]$6682:
      Old ports: A=8'10101011, B=8'01110110, Y=$memory$auto$proc_rom.cc:155:do_switch$1735$rdmux[0][6][3]$b$6480
      New ports: A=2'01, B=2'10, Y={ $memory$auto$proc_rom.cc:155:do_switch$1735$rdmux[0][6][3]$b$6480 [2] $memory$auto$proc_rom.cc:155:do_switch$1735$rdmux[0][6][3]$b$6480 [0] }
      New connections: { $memory$auto$proc_rom.cc:155:do_switch$1735$rdmux[0][6][3]$b$6480 [7:3] $memory$auto$proc_rom.cc:155:do_switch$1735$rdmux[0][6][3]$b$6480 [1] } = { $memory$auto$proc_rom.cc:155:do_switch$1735$rdmux[0][6][3]$b$6480 [0] $memory$auto$proc_rom.cc:155:do_switch$1735$rdmux[0][6][3]$b$6480 [2] 1'1 $memory$auto$proc_rom.cc:155:do_switch$1735$rdmux[0][6][3]$b$6480 [2] $memory$auto$proc_rom.cc:155:do_switch$1735$rdmux[0][6][3]$b$6480 [0] 1'1 }
    Consolidated identical input bits for $mux cell $memory$auto$proc_rom.cc:155:do_switch$1735$rdmux[0][7][6]$6679:
      Old ports: A=8'11111110, B=8'11010111, Y=$memory$auto$proc_rom.cc:155:do_switch$1735$rdmux[0][6][3]$a$6479
      New ports: A=2'10, B=2'01, Y={ $memory$auto$proc_rom.cc:155:do_switch$1735$rdmux[0][6][3]$a$6479 [3] $memory$auto$proc_rom.cc:155:do_switch$1735$rdmux[0][6][3]$a$6479 [0] }
      New connections: { $memory$auto$proc_rom.cc:155:do_switch$1735$rdmux[0][6][3]$a$6479 [7:4] $memory$auto$proc_rom.cc:155:do_switch$1735$rdmux[0][6][3]$a$6479 [2:1] } = { 2'11 $memory$auto$proc_rom.cc:155:do_switch$1735$rdmux[0][6][3]$a$6479 [3] 3'111 }
    Consolidated identical input bits for $mux cell $memory$auto$proc_rom.cc:155:do_switch$1735$rdmux[0][7][5]$6676:
      Old ports: A=8'01100111, B=8'00101011, Y=$memory$auto$proc_rom.cc:155:do_switch$1735$rdmux[0][6][2]$b$6477
      New ports: A=2'01, B=2'10, Y=$memory$auto$proc_rom.cc:155:do_switch$1735$rdmux[0][6][2]$b$6477 [3:2]
      New connections: { $memory$auto$proc_rom.cc:155:do_switch$1735$rdmux[0][6][2]$b$6477 [7:4] $memory$auto$proc_rom.cc:155:do_switch$1735$rdmux[0][6][2]$b$6477 [1:0] } = { 1'0 $memory$auto$proc_rom.cc:155:do_switch$1735$rdmux[0][6][2]$b$6477 [2] 4'1011 }
    Consolidated identical input bits for $mux cell $memory$auto$proc_rom.cc:155:do_switch$1735$rdmux[0][7][4]$6673:
      Old ports: A=8'00110000, B=8'00000001, Y=$memory$auto$proc_rom.cc:155:do_switch$1735$rdmux[0][6][2]$a$6476
      New ports: A=2'10, B=2'01, Y={ $memory$auto$proc_rom.cc:155:do_switch$1735$rdmux[0][6][2]$a$6476 [4] $memory$auto$proc_rom.cc:155:do_switch$1735$rdmux[0][6][2]$a$6476 [0] }
      New connections: { $memory$auto$proc_rom.cc:155:do_switch$1735$rdmux[0][6][2]$a$6476 [7:5] $memory$auto$proc_rom.cc:155:do_switch$1735$rdmux[0][6][2]$a$6476 [3:1] } = { 2'00 $memory$auto$proc_rom.cc:155:do_switch$1735$rdmux[0][6][2]$a$6476 [4] 3'000 }
    Consolidated identical input bits for $mux cell $memory$auto$proc_rom.cc:155:do_switch$1735$rdmux[0][7][3]$6670:
      Old ports: A=8'01101111, B=8'11000101, Y=$memory$auto$proc_rom.cc:155:do_switch$1735$rdmux[0][6][1]$b$6474
      New ports: A=2'01, B=2'10, Y={ $memory$auto$proc_rom.cc:155:do_switch$1735$rdmux[0][6][1]$b$6474 [7] $memory$auto$proc_rom.cc:155:do_switch$1735$rdmux[0][6][1]$b$6474 [1] }
      New connections: { $memory$auto$proc_rom.cc:155:do_switch$1735$rdmux[0][6][1]$b$6474 [6:2] $memory$auto$proc_rom.cc:155:do_switch$1735$rdmux[0][6][1]$b$6474 [0] } = { 1'1 $memory$auto$proc_rom.cc:155:do_switch$1735$rdmux[0][6][1]$b$6474 [1] 1'0 $memory$auto$proc_rom.cc:155:do_switch$1735$rdmux[0][6][1]$b$6474 [1] 2'11 }
    Consolidated identical input bits for $mux cell $memory$auto$proc_rom.cc:155:do_switch$1735$rdmux[0][7][2]$6667:
      Old ports: A=8'11110010, B=8'01101011, Y=$memory$auto$proc_rom.cc:155:do_switch$1735$rdmux[0][6][1]$a$6473
      New ports: A=2'10, B=2'01, Y={ $memory$auto$proc_rom.cc:155:do_switch$1735$rdmux[0][6][1]$a$6473 [4] $memory$auto$proc_rom.cc:155:do_switch$1735$rdmux[0][6][1]$a$6473 [0] }
      New connections: { $memory$auto$proc_rom.cc:155:do_switch$1735$rdmux[0][6][1]$a$6473 [7:5] $memory$auto$proc_rom.cc:155:do_switch$1735$rdmux[0][6][1]$a$6473 [3:1] } = { $memory$auto$proc_rom.cc:155:do_switch$1735$rdmux[0][6][1]$a$6473 [4] 2'11 $memory$auto$proc_rom.cc:155:do_switch$1735$rdmux[0][6][1]$a$6473 [0] 2'01 }
    Consolidated identical input bits for $mux cell $memory$auto$proc_rom.cc:155:do_switch$1735$rdmux[0][7][1]$6664:
      Old ports: A=8'01110111, B=8'01111011, Y=$memory$auto$proc_rom.cc:155:do_switch$1735$rdmux[0][6][0]$b$6471
      New ports: A=2'01, B=2'10, Y=$memory$auto$proc_rom.cc:155:do_switch$1735$rdmux[0][6][0]$b$6471 [3:2]
      New connections: { $memory$auto$proc_rom.cc:155:do_switch$1735$rdmux[0][6][0]$b$6471 [7:4] $memory$auto$proc_rom.cc:155:do_switch$1735$rdmux[0][6][0]$b$6471 [1:0] } = 6'011111
    Consolidated identical input bits for $mux cell $memory$auto$proc_rom.cc:155:do_switch$1735$rdmux[0][7][0]$6661:
      Old ports: A=8'01100011, B=8'01111100, Y=$memory$auto$proc_rom.cc:155:do_switch$1735$rdmux[0][6][0]$a$6470
      New ports: A=2'01, B=2'10, Y={ $memory$auto$proc_rom.cc:155:do_switch$1735$rdmux[0][6][0]$a$6470 [2] $memory$auto$proc_rom.cc:155:do_switch$1735$rdmux[0][6][0]$a$6470 [0] }
      New connections: { $memory$auto$proc_rom.cc:155:do_switch$1735$rdmux[0][6][0]$a$6470 [7:3] $memory$auto$proc_rom.cc:155:do_switch$1735$rdmux[0][6][0]$a$6470 [1] } = { 3'011 $memory$auto$proc_rom.cc:155:do_switch$1735$rdmux[0][6][0]$a$6470 [2] $memory$auto$proc_rom.cc:155:do_switch$1735$rdmux[0][6][0]$a$6470 [2] $memory$auto$proc_rom.cc:155:do_switch$1735$rdmux[0][6][0]$a$6470 [0] }
    Consolidated identical input bits for $mux cell $memory$auto$proc_rom.cc:155:do_switch$1739$rdmux[0][7][126]$6274:
      Old ports: A=8'01010101, B=8'00100001, Y=$memory$auto$proc_rom.cc:155:do_switch$1739$rdmux[0][6][63]$a$5894
      New ports: A=2'01, B=2'10, Y={ $memory$auto$proc_rom.cc:155:do_switch$1739$rdmux[0][6][63]$a$5894 [5] $memory$auto$proc_rom.cc:155:do_switch$1739$rdmux[0][6][63]$a$5894 [2] }
      New connections: { $memory$auto$proc_rom.cc:155:do_switch$1739$rdmux[0][6][63]$a$5894 [7:6] $memory$auto$proc_rom.cc:155:do_switch$1739$rdmux[0][6][63]$a$5894 [4:3] $memory$auto$proc_rom.cc:155:do_switch$1739$rdmux[0][6][63]$a$5894 [1:0] } = { 1'0 $memory$auto$proc_rom.cc:155:do_switch$1739$rdmux[0][6][63]$a$5894 [2] $memory$auto$proc_rom.cc:155:do_switch$1739$rdmux[0][6][63]$a$5894 [2] 3'001 }
    Consolidated identical input bits for $mux cell $memory$auto$proc_rom.cc:155:do_switch$1739$rdmux[0][7][125]$6271:
      Old ports: A=8'00010100, B=8'01100011, Y=$memory$auto$proc_rom.cc:155:do_switch$1739$rdmux[0][6][62]$b$5892
      New ports: A=2'10, B=2'01, Y={ $memory$auto$proc_rom.cc:155:do_switch$1739$rdmux[0][6][62]$b$5892 [2] $memory$auto$proc_rom.cc:155:do_switch$1739$rdmux[0][6][62]$b$5892 [0] }
      New connections: { $memory$auto$proc_rom.cc:155:do_switch$1739$rdmux[0][6][62]$b$5892 [7:3] $memory$auto$proc_rom.cc:155:do_switch$1739$rdmux[0][6][62]$b$5892 [1] } = { 1'0 $memory$auto$proc_rom.cc:155:do_switch$1739$rdmux[0][6][62]$b$5892 [0] $memory$auto$proc_rom.cc:155:do_switch$1739$rdmux[0][6][62]$b$5892 [0] $memory$auto$proc_rom.cc:155:do_switch$1739$rdmux[0][6][62]$b$5892 [2] 1'0 $memory$auto$proc_rom.cc:155:do_switch$1739$rdmux[0][6][62]$b$5892 [0] }
    Consolidated identical input bits for $mux cell $memory$auto$proc_rom.cc:155:do_switch$1739$rdmux[0][7][124]$6268:
      Old ports: A=8'11100001, B=8'01101001, Y=$memory$auto$proc_rom.cc:155:do_switch$1739$rdmux[0][6][62]$a$5891
      New ports: A=2'10, B=2'01, Y={ $memory$auto$proc_rom.cc:155:do_switch$1739$rdmux[0][6][62]$a$5891 [7] $memory$auto$proc_rom.cc:155:do_switch$1739$rdmux[0][6][62]$a$5891 [3] }
      New connections: { $memory$auto$proc_rom.cc:155:do_switch$1739$rdmux[0][6][62]$a$5891 [6:4] $memory$auto$proc_rom.cc:155:do_switch$1739$rdmux[0][6][62]$a$5891 [2:0] } = 6'110001
    Consolidated identical input bits for $mux cell $memory$auto$proc_rom.cc:155:do_switch$1739$rdmux[0][7][123]$6265:
      Old ports: A=8'11010110, B=8'00100110, Y=$memory$auto$proc_rom.cc:155:do_switch$1739$rdmux[0][6][61]$b$5889
      New ports: A=2'01, B=2'10, Y=$memory$auto$proc_rom.cc:155:do_switch$1739$rdmux[0][6][61]$b$5889 [5:4]
      New connections: { $memory$auto$proc_rom.cc:155:do_switch$1739$rdmux[0][6][61]$b$5889 [7:6] $memory$auto$proc_rom.cc:155:do_switch$1739$rdmux[0][6][61]$b$5889 [3:0] } = { $memory$auto$proc_rom.cc:155:do_switch$1739$rdmux[0][6][61]$b$5889 [4] $memory$auto$proc_rom.cc:155:do_switch$1739$rdmux[0][6][61]$b$5889 [4] 4'0110 }
    Consolidated identical input bits for $mux cell $memory$auto$proc_rom.cc:155:do_switch$1739$rdmux[0][7][122]$6262:
      Old ports: A=8'10111010, B=8'01110111, Y=$memory$auto$proc_rom.cc:155:do_switch$1739$rdmux[0][6][61]$a$5888
      New ports: A=2'10, B=2'01, Y={ $memory$auto$proc_rom.cc:155:do_switch$1739$rdmux[0][6][61]$a$5888 [3] $memory$auto$proc_rom.cc:155:do_switch$1739$rdmux[0][6][61]$a$5888 [0] }
      New connections: { $memory$auto$proc_rom.cc:155:do_switch$1739$rdmux[0][6][61]$a$5888 [7:4] $memory$auto$proc_rom.cc:155:do_switch$1739$rdmux[0][6][61]$a$5888 [2:1] } = { $memory$auto$proc_rom.cc:155:do_switch$1739$rdmux[0][6][61]$a$5888 [3] $memory$auto$proc_rom.cc:155:do_switch$1739$rdmux[0][6][61]$a$5888 [0] 2'11 $memory$auto$proc_rom.cc:155:do_switch$1739$rdmux[0][6][61]$a$5888 [0] 1'1 }
    Consolidated identical input bits for $mux cell $memory$auto$proc_rom.cc:155:do_switch$1739$rdmux[0][7][121]$6259:
      Old ports: A=8'00000100, B=8'01111110, Y=$memory$auto$proc_rom.cc:155:do_switch$1739$rdmux[0][6][60]$b$5886
      New ports: A=1'0, B=1'1, Y=$memory$auto$proc_rom.cc:155:do_switch$1739$rdmux[0][6][60]$b$5886 [1]
      New connections: { $memory$auto$proc_rom.cc:155:do_switch$1739$rdmux[0][6][60]$b$5886 [7:2] $memory$auto$proc_rom.cc:155:do_switch$1739$rdmux[0][6][60]$b$5886 [0] } = { 1'0 $memory$auto$proc_rom.cc:155:do_switch$1739$rdmux[0][6][60]$b$5886 [1] $memory$auto$proc_rom.cc:155:do_switch$1739$rdmux[0][6][60]$b$5886 [1] $memory$auto$proc_rom.cc:155:do_switch$1739$rdmux[0][6][60]$b$5886 [1] $memory$auto$proc_rom.cc:155:do_switch$1739$rdmux[0][6][60]$b$5886 [1] 2'10 }
    Consolidated identical input bits for $mux cell $memory$auto$proc_rom.cc:155:do_switch$1739$rdmux[0][7][120]$6256:
      Old ports: A=8'00010111, B=8'00101011, Y=$memory$auto$proc_rom.cc:155:do_switch$1739$rdmux[0][6][60]$a$5885
      New ports: A=2'01, B=2'10, Y=$memory$auto$proc_rom.cc:155:do_switch$1739$rdmux[0][6][60]$a$5885 [3:2]
      New connections: { $memory$auto$proc_rom.cc:155:do_switch$1739$rdmux[0][6][60]$a$5885 [7:4] $memory$auto$proc_rom.cc:155:do_switch$1739$rdmux[0][6][60]$a$5885 [1:0] } = { 2'00 $memory$auto$proc_rom.cc:155:do_switch$1739$rdmux[0][6][60]$a$5885 [3:2] 2'11 }
    Consolidated identical input bits for $mux cell $memory$auto$proc_rom.cc:155:do_switch$1739$rdmux[0][7][119]$6253:
      Old ports: A=8'10011001, B=8'01100001, Y=$memory$auto$proc_rom.cc:155:do_switch$1739$rdmux[0][6][59]$b$5883
      New ports: A=2'01, B=2'10, Y={ $memory$auto$proc_rom.cc:155:do_switch$1739$rdmux[0][6][59]$b$5883 [5] $memory$auto$proc_rom.cc:155:do_switch$1739$rdmux[0][6][59]$b$5883 [3] }
      New connections: { $memory$auto$proc_rom.cc:155:do_switch$1739$rdmux[0][6][59]$b$5883 [7:6] $memory$auto$proc_rom.cc:155:do_switch$1739$rdmux[0][6][59]$b$5883 [4] $memory$auto$proc_rom.cc:155:do_switch$1739$rdmux[0][6][59]$b$5883 [2:0] } = { $memory$auto$proc_rom.cc:155:do_switch$1739$rdmux[0][6][59]$b$5883 [3] $memory$auto$proc_rom.cc:155:do_switch$1739$rdmux[0][6][59]$b$5883 [5] $memory$auto$proc_rom.cc:155:do_switch$1739$rdmux[0][6][59]$b$5883 [3] 3'001 }
    Consolidated identical input bits for $mux cell $memory$auto$proc_rom.cc:155:do_switch$1739$rdmux[0][7][118]$6250:
      Old ports: A=8'10000011, B=8'01010011, Y=$memory$auto$proc_rom.cc:155:do_switch$1739$rdmux[0][6][59]$a$5882
      New ports: A=2'10, B=2'01, Y={ $memory$auto$proc_rom.cc:155:do_switch$1739$rdmux[0][6][59]$a$5882 [7] $memory$auto$proc_rom.cc:155:do_switch$1739$rdmux[0][6][59]$a$5882 [4] }
      New connections: { $memory$auto$proc_rom.cc:155:do_switch$1739$rdmux[0][6][59]$a$5882 [6:5] $memory$auto$proc_rom.cc:155:do_switch$1739$rdmux[0][6][59]$a$5882 [3:0] } = { $memory$auto$proc_rom.cc:155:do_switch$1739$rdmux[0][6][59]$a$5882 [4] 5'00011 }
    Consolidated identical input bits for $mux cell $memory$auto$proc_rom.cc:155:do_switch$1739$rdmux[0][7][117]$6247:
      Old ports: A=8'10111011, B=8'00111100, Y=$memory$auto$proc_rom.cc:155:do_switch$1739$rdmux[0][6][58]$b$5880
      New ports: A=2'01, B=2'10, Y={ $memory$auto$proc_rom.cc:155:do_switch$1739$rdmux[0][6][58]$b$5880 [2] $memory$auto$proc_rom.cc:155:do_switch$1739$rdmux[0][6][58]$b$5880 [0] }
      New connections: { $memory$auto$proc_rom.cc:155:do_switch$1739$rdmux[0][6][58]$b$5880 [7:3] $memory$auto$proc_rom.cc:155:do_switch$1739$rdmux[0][6][58]$b$5880 [1] } = { $memory$auto$proc_rom.cc:155:do_switch$1739$rdmux[0][6][58]$b$5880 [0] 4'0111 $memory$auto$proc_rom.cc:155:do_switch$1739$rdmux[0][6][58]$b$5880 [0] }
    Consolidated identical input bits for $mux cell $memory$auto$proc_rom.cc:155:do_switch$1739$rdmux[0][7][116]$6244:
      Old ports: A=8'11001000, B=8'11101011, Y=$memory$auto$proc_rom.cc:155:do_switch$1739$rdmux[0][6][58]$a$5879
      New ports: A=1'0, B=1'1, Y=$memory$auto$proc_rom.cc:155:do_switch$1739$rdmux[0][6][58]$a$5879 [0]
      New connections: $memory$auto$proc_rom.cc:155:do_switch$1739$rdmux[0][6][58]$a$5879 [7:1] = { 2'11 $memory$auto$proc_rom.cc:155:do_switch$1739$rdmux[0][6][58]$a$5879 [0] 3'010 $memory$auto$proc_rom.cc:155:do_switch$1739$rdmux[0][6][58]$a$5879 [0] }
    Consolidated identical input bits for $mux cell $memory$auto$proc_rom.cc:155:do_switch$1739$rdmux[0][7][115]$6241:
      Old ports: A=8'11110101, B=8'10110000, Y=$memory$auto$proc_rom.cc:155:do_switch$1739$rdmux[0][6][57]$b$5877
      New ports: A=1'1, B=1'0, Y=$memory$auto$proc_rom.cc:155:do_switch$1739$rdmux[0][6][57]$b$5877 [0]
      New connections: $memory$auto$proc_rom.cc:155:do_switch$1739$rdmux[0][6][57]$b$5877 [7:1] = { 1'1 $memory$auto$proc_rom.cc:155:do_switch$1739$rdmux[0][6][57]$b$5877 [0] 3'110 $memory$auto$proc_rom.cc:155:do_switch$1739$rdmux[0][6][57]$b$5877 [0] 1'0 }
    Consolidated identical input bits for $mux cell $memory$auto$proc_rom.cc:155:do_switch$1739$rdmux[0][7][114]$6238:
      Old ports: A=8'10101110, B=8'00101010, Y=$memory$auto$proc_rom.cc:155:do_switch$1739$rdmux[0][6][57]$a$5876
      New ports: A=1'1, B=1'0, Y=$memory$auto$proc_rom.cc:155:do_switch$1739$rdmux[0][6][57]$a$5876 [2]
      New connections: { $memory$auto$proc_rom.cc:155:do_switch$1739$rdmux[0][6][57]$a$5876 [7:3] $memory$auto$proc_rom.cc:155:do_switch$1739$rdmux[0][6][57]$a$5876 [1:0] } = { $memory$auto$proc_rom.cc:155:do_switch$1739$rdmux[0][6][57]$a$5876 [2] 6'010110 }
    Consolidated identical input bits for $mux cell $memory$auto$proc_rom.cc:155:do_switch$1739$rdmux[0][7][113]$6235:
      Old ports: A=8'00111011, B=8'01001101, Y=$memory$auto$proc_rom.cc:155:do_switch$1739$rdmux[0][6][56]$b$5874
      New ports: A=2'01, B=2'10, Y=$memory$auto$proc_rom.cc:155:do_switch$1739$rdmux[0][6][56]$b$5874 [2:1]
      New connections: { $memory$auto$proc_rom.cc:155:do_switch$1739$rdmux[0][6][56]$b$5874 [7:3] $memory$auto$proc_rom.cc:155:do_switch$1739$rdmux[0][6][56]$b$5874 [0] } = { 1'0 $memory$auto$proc_rom.cc:155:do_switch$1739$rdmux[0][6][56]$b$5874 [2:1] $memory$auto$proc_rom.cc:155:do_switch$1739$rdmux[0][6][56]$b$5874 [1] 2'11 }
    Consolidated identical input bits for $mux cell $memory$auto$proc_rom.cc:155:do_switch$1739$rdmux[0][7][112]$6232:
      Old ports: A=8'10100000, B=8'11100000, Y=$memory$auto$proc_rom.cc:155:do_switch$1739$rdmux[0][6][56]$a$5873
      New ports: A=1'0, B=1'1, Y=$memory$auto$proc_rom.cc:155:do_switch$1739$rdmux[0][6][56]$a$5873 [6]
      New connections: { $memory$auto$proc_rom.cc:155:do_switch$1739$rdmux[0][6][56]$a$5873 [7] $memory$auto$proc_rom.cc:155:do_switch$1739$rdmux[0][6][56]$a$5873 [5:0] } = 7'1100000
    Consolidated identical input bits for $mux cell $memory$auto$proc_rom.cc:155:do_switch$1739$rdmux[0][7][111]$6229:
      Old ports: A=8'10011100, B=8'11101111, Y=$memory$auto$proc_rom.cc:155:do_switch$1739$rdmux[0][6][55]$b$5871
      New ports: A=2'10, B=2'01, Y={ $memory$auto$proc_rom.cc:155:do_switch$1739$rdmux[0][6][55]$b$5871 [4] $memory$auto$proc_rom.cc:155:do_switch$1739$rdmux[0][6][55]$b$5871 [0] }
      New connections: { $memory$auto$proc_rom.cc:155:do_switch$1739$rdmux[0][6][55]$b$5871 [7:5] $memory$auto$proc_rom.cc:155:do_switch$1739$rdmux[0][6][55]$b$5871 [3:1] } = { 1'1 $memory$auto$proc_rom.cc:155:do_switch$1739$rdmux[0][6][55]$b$5871 [0] $memory$auto$proc_rom.cc:155:do_switch$1739$rdmux[0][6][55]$b$5871 [0] 2'11 $memory$auto$proc_rom.cc:155:do_switch$1739$rdmux[0][6][55]$b$5871 [0] }
    Consolidated identical input bits for $mux cell $memory$auto$proc_rom.cc:155:do_switch$1739$rdmux[0][7][110]$6226:
      Old ports: A=8'10010011, B=8'11001001, Y=$memory$auto$proc_rom.cc:155:do_switch$1739$rdmux[0][6][55]$a$5870
      New ports: A=2'01, B=2'10, Y={ $memory$auto$proc_rom.cc:155:do_switch$1739$rdmux[0][6][55]$a$5870 [3] $memory$auto$proc_rom.cc:155:do_switch$1739$rdmux[0][6][55]$a$5870 [1] }
      New connections: { $memory$auto$proc_rom.cc:155:do_switch$1739$rdmux[0][6][55]$a$5870 [7:4] $memory$auto$proc_rom.cc:155:do_switch$1739$rdmux[0][6][55]$a$5870 [2] $memory$auto$proc_rom.cc:155:do_switch$1739$rdmux[0][6][55]$a$5870 [0] } = { 1'1 $memory$auto$proc_rom.cc:155:do_switch$1739$rdmux[0][6][55]$a$5870 [3] 1'0 $memory$auto$proc_rom.cc:155:do_switch$1739$rdmux[0][6][55]$a$5870 [1] 2'01 }
    Consolidated identical input bits for $mux cell $memory$auto$proc_rom.cc:155:do_switch$1739$rdmux[0][7][109]$6223:
      Old ports: A=8'01111010, B=8'10011111, Y=$memory$auto$proc_rom.cc:155:do_switch$1739$rdmux[0][6][54]$b$5868
      New ports: A=2'10, B=2'01, Y={ $memory$auto$proc_rom.cc:155:do_switch$1739$rdmux[0][6][54]$b$5868 [5] $memory$auto$proc_rom.cc:155:do_switch$1739$rdmux[0][6][54]$b$5868 [0] }
      New connections: { $memory$auto$proc_rom.cc:155:do_switch$1739$rdmux[0][6][54]$b$5868 [7:6] $memory$auto$proc_rom.cc:155:do_switch$1739$rdmux[0][6][54]$b$5868 [4:1] } = { $memory$auto$proc_rom.cc:155:do_switch$1739$rdmux[0][6][54]$b$5868 [0] $memory$auto$proc_rom.cc:155:do_switch$1739$rdmux[0][6][54]$b$5868 [5] 2'11 $memory$auto$proc_rom.cc:155:do_switch$1739$rdmux[0][6][54]$b$5868 [0] 1'1 }
    Consolidated identical input bits for $mux cell $memory$auto$proc_rom.cc:155:do_switch$1739$rdmux[0][7][108]$6220:
      Old ports: A=8'00101101, B=8'11100101, Y=$memory$auto$proc_rom.cc:155:do_switch$1739$rdmux[0][6][54]$a$5867
      New ports: A=2'01, B=2'10, Y={ $memory$auto$proc_rom.cc:155:do_switch$1739$rdmux[0][6][54]$a$5867 [6] $memory$auto$proc_rom.cc:155:do_switch$1739$rdmux[0][6][54]$a$5867 [3] }
      New connections: { $memory$auto$proc_rom.cc:155:do_switch$1739$rdmux[0][6][54]$a$5867 [7] $memory$auto$proc_rom.cc:155:do_switch$1739$rdmux[0][6][54]$a$5867 [5:4] $memory$auto$proc_rom.cc:155:do_switch$1739$rdmux[0][6][54]$a$5867 [2:0] } = { $memory$auto$proc_rom.cc:155:do_switch$1739$rdmux[0][6][54]$a$5867 [6] 5'10101 }
    Consolidated identical input bits for $mux cell $memory$auto$proc_rom.cc:155:do_switch$1739$rdmux[0][7][107]$6217:
      Old ports: A=8'01001010, B=8'00001101, Y=$memory$auto$proc_rom.cc:155:do_switch$1739$rdmux[0][6][53]$b$5865
      New ports: A=2'10, B=2'01, Y=$memory$auto$proc_rom.cc:155:do_switch$1739$rdmux[0][6][53]$b$5865 [1:0]
      New connections: $memory$auto$proc_rom.cc:155:do_switch$1739$rdmux[0][6][53]$b$5865 [7:2] = { 1'0 $memory$auto$proc_rom.cc:155:do_switch$1739$rdmux[0][6][53]$b$5865 [1] 3'001 $memory$auto$proc_rom.cc:155:do_switch$1739$rdmux[0][6][53]$b$5865 [0] }
    Consolidated identical input bits for $mux cell $memory$auto$proc_rom.cc:155:do_switch$1739$rdmux[0][7][106]$6214:
      Old ports: A=8'00011001, B=8'10110101, Y=$memory$auto$proc_rom.cc:155:do_switch$1739$rdmux[0][6][53]$a$5864
      New ports: A=2'10, B=2'01, Y=$memory$auto$proc_rom.cc:155:do_switch$1739$rdmux[0][6][53]$a$5864 [3:2]
      New connections: { $memory$auto$proc_rom.cc:155:do_switch$1739$rdmux[0][6][53]$a$5864 [7:4] $memory$auto$proc_rom.cc:155:do_switch$1739$rdmux[0][6][53]$a$5864 [1:0] } = { $memory$auto$proc_rom.cc:155:do_switch$1739$rdmux[0][6][53]$a$5864 [2] 1'0 $memory$auto$proc_rom.cc:155:do_switch$1739$rdmux[0][6][53]$a$5864 [2] 3'101 }
    Consolidated identical input bits for $mux cell $memory$auto$proc_rom.cc:155:do_switch$1739$rdmux[0][7][105]$6211:
      Old ports: A=8'01111111, B=8'10101001, Y=$memory$auto$proc_rom.cc:155:do_switch$1739$rdmux[0][6][52]$b$5862
      New ports: A=2'01, B=2'10, Y={ $memory$auto$proc_rom.cc:155:do_switch$1739$rdmux[0][6][52]$b$5862 [7] $memory$auto$proc_rom.cc:155:do_switch$1739$rdmux[0][6][52]$b$5862 [1] }
      New connections: { $memory$auto$proc_rom.cc:155:do_switch$1739$rdmux[0][6][52]$b$5862 [6:2] $memory$auto$proc_rom.cc:155:do_switch$1739$rdmux[0][6][52]$b$5862 [0] } = { $memory$auto$proc_rom.cc:155:do_switch$1739$rdmux[0][6][52]$b$5862 [1] 1'1 $memory$auto$proc_rom.cc:155:do_switch$1739$rdmux[0][6][52]$b$5862 [1] 1'1 $memory$auto$proc_rom.cc:155:do_switch$1739$rdmux[0][6][52]$b$5862 [1] 1'1 }
    Consolidated identical input bits for $mux cell $memory$auto$proc_rom.cc:155:do_switch$1739$rdmux[0][7][104]$6208:
      Old ports: A=8'01100000, B=8'01010001, Y=$memory$auto$proc_rom.cc:155:do_switch$1739$rdmux[0][6][52]$a$5861
      New ports: A=2'10, B=2'01, Y={ $memory$auto$proc_rom.cc:155:do_switch$1739$rdmux[0][6][52]$a$5861 [5] $memory$auto$proc_rom.cc:155:do_switch$1739$rdmux[0][6][52]$a$5861 [0] }
      New connections: { $memory$auto$proc_rom.cc:155:do_switch$1739$rdmux[0][6][52]$a$5861 [7:6] $memory$auto$proc_rom.cc:155:do_switch$1739$rdmux[0][6][52]$a$5861 [4:1] } = { 2'01 $memory$auto$proc_rom.cc:155:do_switch$1739$rdmux[0][6][52]$a$5861 [0] 3'000 }
    Consolidated identical input bits for $mux cell $memory$auto$proc_rom.cc:155:do_switch$1739$rdmux[0][7][103]$6205:
      Old ports: A=8'11101100, B=8'01011111, Y=$memory$auto$proc_rom.cc:155:do_switch$1739$rdmux[0][6][51]$b$5859
      New ports: A=2'10, B=2'01, Y={ $memory$auto$proc_rom.cc:155:do_switch$1739$rdmux[0][6][51]$b$5859 [5] $memory$auto$proc_rom.cc:155:do_switch$1739$rdmux[0][6][51]$b$5859 [0] }
      New connections: { $memory$auto$proc_rom.cc:155:do_switch$1739$rdmux[0][6][51]$b$5859 [7:6] $memory$auto$proc_rom.cc:155:do_switch$1739$rdmux[0][6][51]$b$5859 [4:1] } = { $memory$auto$proc_rom.cc:155:do_switch$1739$rdmux[0][6][51]$b$5859 [5] 1'1 $memory$auto$proc_rom.cc:155:do_switch$1739$rdmux[0][6][51]$b$5859 [0] 2'11 $memory$auto$proc_rom.cc:155:do_switch$1739$rdmux[0][6][51]$b$5859 [0] }
    Consolidated identical input bits for $mux cell $memory$auto$proc_rom.cc:155:do_switch$1739$rdmux[0][7][102]$6202:
      Old ports: A=8'00100111, B=8'10000000, Y=$memory$auto$proc_rom.cc:155:do_switch$1739$rdmux[0][6][51]$a$5858
      New ports: A=2'01, B=2'10, Y={ $memory$auto$proc_rom.cc:155:do_switch$1739$rdmux[0][6][51]$a$5858 [7] $memory$auto$proc_rom.cc:155:do_switch$1739$rdmux[0][6][51]$a$5858 [0] }
      New connections: $memory$auto$proc_rom.cc:155:do_switch$1739$rdmux[0][6][51]$a$5858 [6:1] = { 1'0 $memory$auto$proc_rom.cc:155:do_switch$1739$rdmux[0][6][51]$a$5858 [0] 2'00 $memory$auto$proc_rom.cc:155:do_switch$1739$rdmux[0][6][51]$a$5858 [0] $memory$auto$proc_rom.cc:155:do_switch$1739$rdmux[0][6][51]$a$5858 [0] }
    Consolidated identical input bits for $mux cell $memory$auto$proc_rom.cc:155:do_switch$1739$rdmux[0][7][101]$6199:
      Old ports: A=8'00010000, B=8'01011001, Y=$memory$auto$proc_rom.cc:155:do_switch$1739$rdmux[0][6][50]$b$5856
      New ports: A=1'0, B=1'1, Y=$memory$auto$proc_rom.cc:155:do_switch$1739$rdmux[0][6][50]$b$5856 [0]
      New connections: $memory$auto$proc_rom.cc:155:do_switch$1739$rdmux[0][6][50]$b$5856 [7:1] = { 1'0 $memory$auto$proc_rom.cc:155:do_switch$1739$rdmux[0][6][50]$b$5856 [0] 2'01 $memory$auto$proc_rom.cc:155:do_switch$1739$rdmux[0][6][50]$b$5856 [0] 2'00 }
    Consolidated identical input bits for $mux cell $memory$auto$proc_rom.cc:155:do_switch$1739$rdmux[0][7][100]$6196:
      Old ports: A=8'10110001, B=8'00010010, Y=$memory$auto$proc_rom.cc:155:do_switch$1739$rdmux[0][6][50]$a$5855
      New ports: A=2'01, B=2'10, Y=$memory$auto$proc_rom.cc:155:do_switch$1739$rdmux[0][6][50]$a$5855 [1:0]
      New connections: $memory$auto$proc_rom.cc:155:do_switch$1739$rdmux[0][6][50]$a$5855 [7:2] = { $memory$auto$proc_rom.cc:155:do_switch$1739$rdmux[0][6][50]$a$5855 [0] 1'0 $memory$auto$proc_rom.cc:155:do_switch$1739$rdmux[0][6][50]$a$5855 [0] 3'100 }
    Consolidated identical input bits for $mux cell $memory$auto$proc_rom.cc:155:do_switch$1739$rdmux[0][7][99]$6193:
      Old ports: A=8'11000111, B=8'00110001, Y=$memory$auto$proc_rom.cc:155:do_switch$1739$rdmux[0][6][49]$b$5853
      New ports: A=2'01, B=2'10, Y={ $memory$auto$proc_rom.cc:155:do_switch$1739$rdmux[0][6][49]$b$5853 [4] $memory$auto$proc_rom.cc:155:do_switch$1739$rdmux[0][6][49]$b$5853 [1] }
      New connections: { $memory$auto$proc_rom.cc:155:do_switch$1739$rdmux[0][6][49]$b$5853 [7:5] $memory$auto$proc_rom.cc:155:do_switch$1739$rdmux[0][6][49]$b$5853 [3:2] $memory$auto$proc_rom.cc:155:do_switch$1739$rdmux[0][6][49]$b$5853 [0] } = { $memory$auto$proc_rom.cc:155:do_switch$1739$rdmux[0][6][49]$b$5853 [1] $memory$auto$proc_rom.cc:155:do_switch$1739$rdmux[0][6][49]$b$5853 [1] $memory$auto$proc_rom.cc:155:do_switch$1739$rdmux[0][6][49]$b$5853 [4] 1'0 $memory$auto$proc_rom.cc:155:do_switch$1739$rdmux[0][6][49]$b$5853 [1] 1'1 }
    Consolidated identical input bits for $mux cell $memory$auto$proc_rom.cc:155:do_switch$1739$rdmux[0][7][98]$6190:
      Old ports: A=8'10001000, B=8'00000111, Y=$memory$auto$proc_rom.cc:155:do_switch$1739$rdmux[0][6][49]$a$5852
      New ports: A=2'10, B=2'01, Y={ $memory$auto$proc_rom.cc:155:do_switch$1739$rdmux[0][6][49]$a$5852 [3] $memory$auto$proc_rom.cc:155:do_switch$1739$rdmux[0][6][49]$a$5852 [0] }
      New connections: { $memory$auto$proc_rom.cc:155:do_switch$1739$rdmux[0][6][49]$a$5852 [7:4] $memory$auto$proc_rom.cc:155:do_switch$1739$rdmux[0][6][49]$a$5852 [2:1] } = { $memory$auto$proc_rom.cc:155:do_switch$1739$rdmux[0][6][49]$a$5852 [3] 3'000 $memory$auto$proc_rom.cc:155:do_switch$1739$rdmux[0][6][49]$a$5852 [0] $memory$auto$proc_rom.cc:155:do_switch$1739$rdmux[0][6][49]$a$5852 [0] }
    Consolidated identical input bits for $mux cell $memory$auto$proc_rom.cc:155:do_switch$1739$rdmux[0][7][97]$6187:
      Old ports: A=8'10101000, B=8'00110011, Y=$memory$auto$proc_rom.cc:155:do_switch$1739$rdmux[0][6][48]$b$5850
      New ports: A=2'10, B=2'01, Y={ $memory$auto$proc_rom.cc:155:do_switch$1739$rdmux[0][6][48]$b$5850 [3] $memory$auto$proc_rom.cc:155:do_switch$1739$rdmux[0][6][48]$b$5850 [0] }
      New connections: { $memory$auto$proc_rom.cc:155:do_switch$1739$rdmux[0][6][48]$b$5850 [7:4] $memory$auto$proc_rom.cc:155:do_switch$1739$rdmux[0][6][48]$b$5850 [2:1] } = { $memory$auto$proc_rom.cc:155:do_switch$1739$rdmux[0][6][48]$b$5850 [3] 2'01 $memory$auto$proc_rom.cc:155:do_switch$1739$rdmux[0][6][48]$b$5850 [0] 1'0 $memory$auto$proc_rom.cc:155:do_switch$1739$rdmux[0][6][48]$b$5850 [0] }
    Consolidated identical input bits for $mux cell $memory$auto$proc_rom.cc:155:do_switch$1739$rdmux[0][7][96]$6184:
      Old ports: A=8'00011111, B=8'11011101, Y=$memory$auto$proc_rom.cc:155:do_switch$1739$rdmux[0][6][48]$a$5849
      New ports: A=2'01, B=2'10, Y={ $memory$auto$proc_rom.cc:155:do_switch$1739$rdmux[0][6][48]$a$5849 [6] $memory$auto$proc_rom.cc:155:do_switch$1739$rdmux[0][6][48]$a$5849 [1] }
      New connections: { $memory$auto$proc_rom.cc:155:do_switch$1739$rdmux[0][6][48]$a$5849 [7] $memory$auto$proc_rom.cc:155:do_switch$1739$rdmux[0][6][48]$a$5849 [5:2] $memory$auto$proc_rom.cc:155:do_switch$1739$rdmux[0][6][48]$a$5849 [0] } = { $memory$auto$proc_rom.cc:155:do_switch$1739$rdmux[0][6][48]$a$5849 [6] 5'01111 }
    Consolidated identical input bits for $mux cell $memory$auto$proc_rom.cc:155:do_switch$1739$rdmux[0][7][95]$6181:
      Old ports: A=8'01011010, B=8'11110100, Y=$memory$auto$proc_rom.cc:155:do_switch$1739$rdmux[0][6][47]$b$5847
      New ports: A=2'01, B=2'10, Y=$memory$auto$proc_rom.cc:155:do_switch$1739$rdmux[0][6][47]$b$5847 [2:1]
      New connections: { $memory$auto$proc_rom.cc:155:do_switch$1739$rdmux[0][6][47]$b$5847 [7:3] $memory$auto$proc_rom.cc:155:do_switch$1739$rdmux[0][6][47]$b$5847 [0] } = { $memory$auto$proc_rom.cc:155:do_switch$1739$rdmux[0][6][47]$b$5847 [2] 1'1 $memory$auto$proc_rom.cc:155:do_switch$1739$rdmux[0][6][47]$b$5847 [2] 1'1 $memory$auto$proc_rom.cc:155:do_switch$1739$rdmux[0][6][47]$b$5847 [1] 1'0 }
    Consolidated identical input bits for $mux cell $memory$auto$proc_rom.cc:155:do_switch$1739$rdmux[0][7][94]$6178:
      Old ports: A=8'01111000, B=8'11001101, Y=$memory$auto$proc_rom.cc:155:do_switch$1739$rdmux[0][6][47]$a$5846
      New ports: A=2'10, B=2'01, Y={ $memory$auto$proc_rom.cc:155:do_switch$1739$rdmux[0][6][47]$a$5846 [4] $memory$auto$proc_rom.cc:155:do_switch$1739$rdmux[0][6][47]$a$5846 [0] }
      New connections: { $memory$auto$proc_rom.cc:155:do_switch$1739$rdmux[0][6][47]$a$5846 [7:5] $memory$auto$proc_rom.cc:155:do_switch$1739$rdmux[0][6][47]$a$5846 [3:1] } = { $memory$auto$proc_rom.cc:155:do_switch$1739$rdmux[0][6][47]$a$5846 [0] 1'1 $memory$auto$proc_rom.cc:155:do_switch$1739$rdmux[0][6][47]$a$5846 [4] 1'1 $memory$auto$proc_rom.cc:155:do_switch$1739$rdmux[0][6][47]$a$5846 [0] 1'0 }
    Consolidated identical input bits for $mux cell $memory$auto$proc_rom.cc:155:do_switch$1739$rdmux[0][7][93]$6175:
      Old ports: A=8'11000000, B=8'11111110, Y=$memory$auto$proc_rom.cc:155:do_switch$1739$rdmux[0][6][46]$b$5844
      New ports: A=1'0, B=1'1, Y=$memory$auto$proc_rom.cc:155:do_switch$1739$rdmux[0][6][46]$b$5844 [1]
      New connections: { $memory$auto$proc_rom.cc:155:do_switch$1739$rdmux[0][6][46]$b$5844 [7:2] $memory$auto$proc_rom.cc:155:do_switch$1739$rdmux[0][6][46]$b$5844 [0] } = { 2'11 $memory$auto$proc_rom.cc:155:do_switch$1739$rdmux[0][6][46]$b$5844 [1] $memory$auto$proc_rom.cc:155:do_switch$1739$rdmux[0][6][46]$b$5844 [1] $memory$auto$proc_rom.cc:155:do_switch$1739$rdmux[0][6][46]$b$5844 [1] $memory$auto$proc_rom.cc:155:do_switch$1739$rdmux[0][6][46]$b$5844 [1] 1'0 }
    Consolidated identical input bits for $mux cell $memory$auto$proc_rom.cc:155:do_switch$1739$rdmux[0][7][92]$6172:
      Old ports: A=8'10011010, B=8'11011011, Y=$memory$auto$proc_rom.cc:155:do_switch$1739$rdmux[0][6][46]$a$5843
      New ports: A=1'0, B=1'1, Y=$memory$auto$proc_rom.cc:155:do_switch$1739$rdmux[0][6][46]$a$5843 [0]
      New connections: $memory$auto$proc_rom.cc:155:do_switch$1739$rdmux[0][6][46]$a$5843 [7:1] = { 1'1 $memory$auto$proc_rom.cc:155:do_switch$1739$rdmux[0][6][46]$a$5843 [0] 5'01101 }
    Consolidated identical input bits for $mux cell $memory$auto$proc_rom.cc:155:do_switch$1739$rdmux[0][7][91]$6169:
      Old ports: A=8'01111001, B=8'00100000, Y=$memory$auto$proc_rom.cc:155:do_switch$1739$rdmux[0][6][45]$b$5841
      New ports: A=1'1, B=1'0, Y=$memory$auto$proc_rom.cc:155:do_switch$1739$rdmux[0][6][45]$b$5841 [0]
      New connections: $memory$auto$proc_rom.cc:155:do_switch$1739$rdmux[0][6][45]$b$5841 [7:1] = { 1'0 $memory$auto$proc_rom.cc:155:do_switch$1739$rdmux[0][6][45]$b$5841 [0] 1'1 $memory$auto$proc_rom.cc:155:do_switch$1739$rdmux[0][6][45]$b$5841 [0] $memory$auto$proc_rom.cc:155:do_switch$1739$rdmux[0][6][45]$b$5841 [0] 2'00 }
    Consolidated identical input bits for $mux cell $memory$auto$proc_rom.cc:155:do_switch$1739$rdmux[0][7][90]$6166:
      Old ports: A=8'11000110, B=8'11010010, Y=$memory$auto$proc_rom.cc:155:do_switch$1739$rdmux[0][6][45]$a$5840
      New ports: A=2'01, B=2'10, Y={ $memory$auto$proc_rom.cc:155:do_switch$1739$rdmux[0][6][45]$a$5840 [4] $memory$auto$proc_rom.cc:155:do_switch$1739$rdmux[0][6][45]$a$5840 [2] }
      New connections: { $memory$auto$proc_rom.cc:155:do_switch$1739$rdmux[0][6][45]$a$5840 [7:5] $memory$auto$proc_rom.cc:155:do_switch$1739$rdmux[0][6][45]$a$5840 [3] $memory$auto$proc_rom.cc:155:do_switch$1739$rdmux[0][6][45]$a$5840 [1:0] } = 6'110010
    Consolidated identical input bits for $mux cell $memory$auto$proc_rom.cc:155:do_switch$1739$rdmux[0][7][89]$6163:
      Old ports: A=8'00111110, B=8'01001011, Y=$memory$auto$proc_rom.cc:155:do_switch$1739$rdmux[0][6][44]$b$5838
      New ports: A=2'10, B=2'01, Y={ $memory$auto$proc_rom.cc:155:do_switch$1739$rdmux[0][6][44]$b$5838 [2] $memory$auto$proc_rom.cc:155:do_switch$1739$rdmux[0][6][44]$b$5838 [0] }
      New connections: { $memory$auto$proc_rom.cc:155:do_switch$1739$rdmux[0][6][44]$b$5838 [7:3] $memory$auto$proc_rom.cc:155:do_switch$1739$rdmux[0][6][44]$b$5838 [1] } = { 1'0 $memory$auto$proc_rom.cc:155:do_switch$1739$rdmux[0][6][44]$b$5838 [0] $memory$auto$proc_rom.cc:155:do_switch$1739$rdmux[0][6][44]$b$5838 [2] $memory$auto$proc_rom.cc:155:do_switch$1739$rdmux[0][6][44]$b$5838 [2] 2'11 }
    Consolidated identical input bits for $mux cell $memory$auto$proc_rom.cc:155:do_switch$1739$rdmux[0][7][88]$6160:
      Old ports: A=8'11111100, B=8'01010110, Y=$memory$auto$proc_rom.cc:155:do_switch$1739$rdmux[0][6][44]$a$5837
      New ports: A=2'10, B=2'01, Y={ $memory$auto$proc_rom.cc:155:do_switch$1739$rdmux[0][6][44]$a$5837 [3] $memory$auto$proc_rom.cc:155:do_switch$1739$rdmux[0][6][44]$a$5837 [1] }
      New connections: { $memory$auto$proc_rom.cc:155:do_switch$1739$rdmux[0][6][44]$a$5837 [7:4] $memory$auto$proc_rom.cc:155:do_switch$1739$rdmux[0][6][44]$a$5837 [2] $memory$auto$proc_rom.cc:155:do_switch$1739$rdmux[0][6][44]$a$5837 [0] } = { $memory$auto$proc_rom.cc:155:do_switch$1739$rdmux[0][6][44]$a$5837 [3] 1'1 $memory$auto$proc_rom.cc:155:do_switch$1739$rdmux[0][6][44]$a$5837 [3] 3'110 }
    Consolidated identical input bits for $mux cell $memory$auto$proc_rom.cc:155:do_switch$1739$rdmux[0][7][87]$6157:
      Old ports: A=8'10111110, B=8'00011011, Y=$memory$auto$proc_rom.cc:155:do_switch$1739$rdmux[0][6][43]$b$5835
      New ports: A=2'10, B=2'01, Y={ $memory$auto$proc_rom.cc:155:do_switch$1739$rdmux[0][6][43]$b$5835 [2] $memory$auto$proc_rom.cc:155:do_switch$1739$rdmux[0][6][43]$b$5835 [0] }
      New connections: { $memory$auto$proc_rom.cc:155:do_switch$1739$rdmux[0][6][43]$b$5835 [7:3] $memory$auto$proc_rom.cc:155:do_switch$1739$rdmux[0][6][43]$b$5835 [1] } = { $memory$auto$proc_rom.cc:155:do_switch$1739$rdmux[0][6][43]$b$5835 [2] 1'0 $memory$auto$proc_rom.cc:155:do_switch$1739$rdmux[0][6][43]$b$5835 [2] 3'111 }
    Consolidated identical input bits for $mux cell $memory$auto$proc_rom.cc:155:do_switch$1739$rdmux[0][7][86]$6154:
      Old ports: A=8'10101010, B=8'00011000, Y=$memory$auto$proc_rom.cc:155:do_switch$1739$rdmux[0][6][43]$a$5834
      New ports: A=2'01, B=2'10, Y={ $memory$auto$proc_rom.cc:155:do_switch$1739$rdmux[0][6][43]$a$5834 [4] $memory$auto$proc_rom.cc:155:do_switch$1739$rdmux[0][6][43]$a$5834 [1] }
      New connections: { $memory$auto$proc_rom.cc:155:do_switch$1739$rdmux[0][6][43]$a$5834 [7:5] $memory$auto$proc_rom.cc:155:do_switch$1739$rdmux[0][6][43]$a$5834 [3:2] $memory$auto$proc_rom.cc:155:do_switch$1739$rdmux[0][6][43]$a$5834 [0] } = { $memory$auto$proc_rom.cc:155:do_switch$1739$rdmux[0][6][43]$a$5834 [1] 1'0 $memory$auto$proc_rom.cc:155:do_switch$1739$rdmux[0][6][43]$a$5834 [1] 3'100 }
    Consolidated identical input bits for $mux cell $memory$auto$proc_rom.cc:155:do_switch$1739$rdmux[0][7][85]$6151:
      Old ports: A=8'01100010, B=8'00001110, Y=$memory$auto$proc_rom.cc:155:do_switch$1739$rdmux[0][6][42]$b$5832
      New ports: A=2'10, B=2'01, Y={ $memory$auto$proc_rom.cc:155:do_switch$1739$rdmux[0][6][42]$b$5832 [5] $memory$auto$proc_rom.cc:155:do_switch$1739$rdmux[0][6][42]$b$5832 [2] }
      New connections: { $memory$auto$proc_rom.cc:155:do_switch$1739$rdmux[0][6][42]$b$5832 [7:6] $memory$auto$proc_rom.cc:155:do_switch$1739$rdmux[0][6][42]$b$5832 [4:3] $memory$auto$proc_rom.cc:155:do_switch$1739$rdmux[0][6][42]$b$5832 [1:0] } = { 1'0 $memory$auto$proc_rom.cc:155:do_switch$1739$rdmux[0][6][42]$b$5832 [5] 1'0 $memory$auto$proc_rom.cc:155:do_switch$1739$rdmux[0][6][42]$b$5832 [2] 2'10 }
    Consolidated identical input bits for $mux cell $memory$auto$proc_rom.cc:155:do_switch$1739$rdmux[0][7][84]$6148:
      Old ports: A=8'01101111, B=8'10110111, Y=$memory$auto$proc_rom.cc:155:do_switch$1739$rdmux[0][6][42]$a$5831
      New ports: A=2'01, B=2'10, Y=$memory$auto$proc_rom.cc:155:do_switch$1739$rdmux[0][6][42]$a$5831 [4:3]
      New connections: { $memory$auto$proc_rom.cc:155:do_switch$1739$rdmux[0][6][42]$a$5831 [7:5] $memory$auto$proc_rom.cc:155:do_switch$1739$rdmux[0][6][42]$a$5831 [2:0] } = { $memory$auto$proc_rom.cc:155:do_switch$1739$rdmux[0][6][42]$a$5831 [4:3] 4'1111 }
    Consolidated identical input bits for $mux cell $memory$auto$proc_rom.cc:155:do_switch$1739$rdmux[0][7][83]$6145:
      Old ports: A=8'11000101, B=8'10001001, Y=$memory$auto$proc_rom.cc:155:do_switch$1739$rdmux[0][6][41]$b$5829
      New ports: A=2'01, B=2'10, Y=$memory$auto$proc_rom.cc:155:do_switch$1739$rdmux[0][6][41]$b$5829 [3:2]
      New connections: { $memory$auto$proc_rom.cc:155:do_switch$1739$rdmux[0][6][41]$b$5829 [7:4] $memory$auto$proc_rom.cc:155:do_switch$1739$rdmux[0][6][41]$b$5829 [1:0] } = { 1'1 $memory$auto$proc_rom.cc:155:do_switch$1739$rdmux[0][6][41]$b$5829 [2] 4'0001 }
    Consolidated identical input bits for $mux cell $memory$auto$proc_rom.cc:155:do_switch$1739$rdmux[0][7][82]$6142:
      Old ports: A=8'00011101, B=8'00101001, Y=$memory$auto$proc_rom.cc:155:do_switch$1739$rdmux[0][6][41]$a$5828
      New ports: A=2'01, B=2'10, Y={ $memory$auto$proc_rom.cc:155:do_switch$1739$rdmux[0][6][41]$a$5828 [5] $memory$auto$proc_rom.cc:155:do_switch$1739$rdmux[0][6][41]$a$5828 [2] }
      New connections: { $memory$auto$proc_rom.cc:155:do_switch$1739$rdmux[0][6][41]$a$5828 [7:6] $memory$auto$proc_rom.cc:155:do_switch$1739$rdmux[0][6][41]$a$5828 [4:3] $memory$auto$proc_rom.cc:155:do_switch$1739$rdmux[0][6][41]$a$5828 [1:0] } = { 2'00 $memory$auto$proc_rom.cc:155:do_switch$1739$rdmux[0][6][41]$a$5828 [2] 3'101 }
    Consolidated identical input bits for $mux cell $memory$auto$proc_rom.cc:155:do_switch$1739$rdmux[0][7][81]$6139:
      Old ports: A=8'00011010, B=8'01110001, Y=$memory$auto$proc_rom.cc:155:do_switch$1739$rdmux[0][6][40]$b$5826
      New ports: A=2'10, B=2'01, Y=$memory$auto$proc_rom.cc:155:do_switch$1739$rdmux[0][6][40]$b$5826 [1:0]
      New connections: $memory$auto$proc_rom.cc:155:do_switch$1739$rdmux[0][6][40]$b$5826 [7:2] = { 1'0 $memory$auto$proc_rom.cc:155:do_switch$1739$rdmux[0][6][40]$b$5826 [0] $memory$auto$proc_rom.cc:155:do_switch$1739$rdmux[0][6][40]$b$5826 [0] 1'1 $memory$auto$proc_rom.cc:155:do_switch$1739$rdmux[0][6][40]$b$5826 [1] 1'0 }
    Consolidated identical input bits for $mux cell $memory$auto$proc_rom.cc:155:do_switch$1739$rdmux[0][7][80]$6136:
      Old ports: A=8'01000111, B=8'11110001, Y=$memory$auto$proc_rom.cc:155:do_switch$1739$rdmux[0][6][40]$a$5825
      New ports: A=2'01, B=2'10, Y={ $memory$auto$proc_rom.cc:155:do_switch$1739$rdmux[0][6][40]$a$5825 [4] $memory$auto$proc_rom.cc:155:do_switch$1739$rdmux[0][6][40]$a$5825 [1] }
      New connections: { $memory$auto$proc_rom.cc:155:do_switch$1739$rdmux[0][6][40]$a$5825 [7:5] $memory$auto$proc_rom.cc:155:do_switch$1739$rdmux[0][6][40]$a$5825 [3:2] $memory$auto$proc_rom.cc:155:do_switch$1739$rdmux[0][6][40]$a$5825 [0] } = { $memory$auto$proc_rom.cc:155:do_switch$1739$rdmux[0][6][40]$a$5825 [4] 1'1 $memory$auto$proc_rom.cc:155:do_switch$1739$rdmux[0][6][40]$a$5825 [4] 1'0 $memory$auto$proc_rom.cc:155:do_switch$1739$rdmux[0][6][40]$a$5825 [1] 1'1 }
    Consolidated identical input bits for $mux cell $memory$auto$proc_rom.cc:155:do_switch$1739$rdmux[0][7][79]$6133:
      Old ports: A=8'11011111, B=8'01101110, Y=$memory$auto$proc_rom.cc:155:do_switch$1739$rdmux[0][6][39]$b$5823
      New ports: A=2'01, B=2'10, Y={ $memory$auto$proc_rom.cc:155:do_switch$1739$rdmux[0][6][39]$b$5823 [5] $memory$auto$proc_rom.cc:155:do_switch$1739$rdmux[0][6][39]$b$5823 [0] }
      New connections: { $memory$auto$proc_rom.cc:155:do_switch$1739$rdmux[0][6][39]$b$5823 [7:6] $memory$auto$proc_rom.cc:155:do_switch$1739$rdmux[0][6][39]$b$5823 [4:1] } = { $memory$auto$proc_rom.cc:155:do_switch$1739$rdmux[0][6][39]$b$5823 [0] 1'1 $memory$auto$proc_rom.cc:155:do_switch$1739$rdmux[0][6][39]$b$5823 [0] 3'111 }
    Consolidated identical input bits for $mux cell $memory$auto$proc_rom.cc:155:do_switch$1739$rdmux[0][7][78]$6130:
      Old ports: A=8'00011100, B=8'01110101, Y=$memory$auto$proc_rom.cc:155:do_switch$1739$rdmux[0][6][39]$a$5822
      New ports: A=2'10, B=2'01, Y={ $memory$auto$proc_rom.cc:155:do_switch$1739$rdmux[0][6][39]$a$5822 [3] $memory$auto$proc_rom.cc:155:do_switch$1739$rdmux[0][6][39]$a$5822 [0] }
      New connections: { $memory$auto$proc_rom.cc:155:do_switch$1739$rdmux[0][6][39]$a$5822 [7:4] $memory$auto$proc_rom.cc:155:do_switch$1739$rdmux[0][6][39]$a$5822 [2:1] } = { 1'0 $memory$auto$proc_rom.cc:155:do_switch$1739$rdmux[0][6][39]$a$5822 [0] $memory$auto$proc_rom.cc:155:do_switch$1739$rdmux[0][6][39]$a$5822 [0] 3'110 }
    Consolidated identical input bits for $mux cell $memory$auto$proc_rom.cc:155:do_switch$1739$rdmux[0][7][77]$6127:
      Old ports: A=8'00110111, B=8'11101000, Y=$memory$auto$proc_rom.cc:155:do_switch$1739$rdmux[0][6][38]$b$5820
      New ports: A=2'01, B=2'10, Y={ $memory$auto$proc_rom.cc:155:do_switch$1739$rdmux[0][6][38]$b$5820 [3] $memory$auto$proc_rom.cc:155:do_switch$1739$rdmux[0][6][38]$b$5820 [0] }
      New connections: { $memory$auto$proc_rom.cc:155:do_switch$1739$rdmux[0][6][38]$b$5820 [7:4] $memory$auto$proc_rom.cc:155:do_switch$1739$rdmux[0][6][38]$b$5820 [2:1] } = { $memory$auto$proc_rom.cc:155:do_switch$1739$rdmux[0][6][38]$b$5820 [3] $memory$auto$proc_rom.cc:155:do_switch$1739$rdmux[0][6][38]$b$5820 [3] 1'1 $memory$auto$proc_rom.cc:155:do_switch$1739$rdmux[0][6][38]$b$5820 [0] $memory$auto$proc_rom.cc:155:do_switch$1739$rdmux[0][6][38]$b$5820 [0] $memory$auto$proc_rom.cc:155:do_switch$1739$rdmux[0][6][38]$b$5820 [0] }
    Consolidated identical input bits for $mux cell $memory$auto$proc_rom.cc:155:do_switch$1739$rdmux[0][7][76]$6124:
      Old ports: A=8'11100010, B=8'11111001, Y=$memory$auto$proc_rom.cc:155:do_switch$1739$rdmux[0][6][38]$a$5819
      New ports: A=2'10, B=2'01, Y=$memory$auto$proc_rom.cc:155:do_switch$1739$rdmux[0][6][38]$a$5819 [1:0]
      New connections: $memory$auto$proc_rom.cc:155:do_switch$1739$rdmux[0][6][38]$a$5819 [7:2] = { 3'111 $memory$auto$proc_rom.cc:155:do_switch$1739$rdmux[0][6][38]$a$5819 [0] $memory$auto$proc_rom.cc:155:do_switch$1739$rdmux[0][6][38]$a$5819 [0] 1'0 }
    Consolidated identical input bits for $mux cell $memory$auto$proc_rom.cc:155:do_switch$1739$rdmux[0][7][75]$6121:
      Old ports: A=8'00110101, B=8'10000101, Y=$memory$auto$proc_rom.cc:155:do_switch$1739$rdmux[0][6][37]$b$5817
      New ports: A=2'01, B=2'10, Y={ $memory$auto$proc_rom.cc:155:do_switch$1739$rdmux[0][6][37]$b$5817 [7] $memory$auto$proc_rom.cc:155:do_switch$1739$rdmux[0][6][37]$b$5817 [4] }
      New connections: { $memory$auto$proc_rom.cc:155:do_switch$1739$rdmux[0][6][37]$b$5817 [6:5] $memory$auto$proc_rom.cc:155:do_switch$1739$rdmux[0][6][37]$b$5817 [3:0] } = { 1'0 $memory$auto$proc_rom.cc:155:do_switch$1739$rdmux[0][6][37]$b$5817 [4] 4'0101 }
    Consolidated identical input bits for $mux cell $memory$auto$proc_rom.cc:155:do_switch$1739$rdmux[0][7][74]$6118:
      Old ports: A=8'11100111, B=8'10101101, Y=$memory$auto$proc_rom.cc:155:do_switch$1739$rdmux[0][6][37]$a$5816
      New ports: A=2'01, B=2'10, Y={ $memory$auto$proc_rom.cc:155:do_switch$1739$rdmux[0][6][37]$a$5816 [3] $memory$auto$proc_rom.cc:155:do_switch$1739$rdmux[0][6][37]$a$5816 [1] }
      New connections: { $memory$auto$proc_rom.cc:155:do_switch$1739$rdmux[0][6][37]$a$5816 [7:4] $memory$auto$proc_rom.cc:155:do_switch$1739$rdmux[0][6][37]$a$5816 [2] $memory$auto$proc_rom.cc:155:do_switch$1739$rdmux[0][6][37]$a$5816 [0] } = { 1'1 $memory$auto$proc_rom.cc:155:do_switch$1739$rdmux[0][6][37]$a$5816 [1] 4'1011 }
    Consolidated identical input bits for $mux cell $memory$auto$proc_rom.cc:155:do_switch$1739$rdmux[0][7][73]$6115:
      Old ports: A=8'01110100, B=8'00100010, Y=$memory$auto$proc_rom.cc:155:do_switch$1739$rdmux[0][6][36]$b$5814
      New ports: A=2'10, B=2'01, Y=$memory$auto$proc_rom.cc:155:do_switch$1739$rdmux[0][6][36]$b$5814 [2:1]
      New connections: { $memory$auto$proc_rom.cc:155:do_switch$1739$rdmux[0][6][36]$b$5814 [7:3] $memory$auto$proc_rom.cc:155:do_switch$1739$rdmux[0][6][36]$b$5814 [0] } = { 1'0 $memory$auto$proc_rom.cc:155:do_switch$1739$rdmux[0][6][36]$b$5814 [2] 1'1 $memory$auto$proc_rom.cc:155:do_switch$1739$rdmux[0][6][36]$b$5814 [2] 2'00 }
    Consolidated identical input bits for $mux cell $memory$auto$proc_rom.cc:155:do_switch$1739$rdmux[0][7][72]$6112:
      Old ports: A=8'10010110, B=8'10101100, Y=$memory$auto$proc_rom.cc:155:do_switch$1739$rdmux[0][6][36]$a$5813
      New ports: A=2'01, B=2'10, Y={ $memory$auto$proc_rom.cc:155:do_switch$1739$rdmux[0][6][36]$a$5813 [3] $memory$auto$proc_rom.cc:155:do_switch$1739$rdmux[0][6][36]$a$5813 [1] }
      New connections: { $memory$auto$proc_rom.cc:155:do_switch$1739$rdmux[0][6][36]$a$5813 [7:4] $memory$auto$proc_rom.cc:155:do_switch$1739$rdmux[0][6][36]$a$5813 [2] $memory$auto$proc_rom.cc:155:do_switch$1739$rdmux[0][6][36]$a$5813 [0] } = { 2'10 $memory$auto$proc_rom.cc:155:do_switch$1739$rdmux[0][6][36]$a$5813 [3] $memory$auto$proc_rom.cc:155:do_switch$1739$rdmux[0][6][36]$a$5813 [1] 2'10 }
    Consolidated identical input bits for $mux cell $memory$auto$proc_rom.cc:155:do_switch$1739$rdmux[0][7][71]$6109:
      Old ports: A=8'11100110, B=8'01110011, Y=$memory$auto$proc_rom.cc:155:do_switch$1739$rdmux[0][6][35]$b$5811
      New ports: A=2'10, B=2'01, Y={ $memory$auto$proc_rom.cc:155:do_switch$1739$rdmux[0][6][35]$b$5811 [2] $memory$auto$proc_rom.cc:155:do_switch$1739$rdmux[0][6][35]$b$5811 [0] }
      New connections: { $memory$auto$proc_rom.cc:155:do_switch$1739$rdmux[0][6][35]$b$5811 [7:3] $memory$auto$proc_rom.cc:155:do_switch$1739$rdmux[0][6][35]$b$5811 [1] } = { $memory$auto$proc_rom.cc:155:do_switch$1739$rdmux[0][6][35]$b$5811 [2] 2'11 $memory$auto$proc_rom.cc:155:do_switch$1739$rdmux[0][6][35]$b$5811 [0] 2'01 }
    Consolidated identical input bits for $mux cell $memory$auto$proc_rom.cc:155:do_switch$1739$rdmux[0][7][70]$6106:
      Old ports: A=8'11110000, B=8'10110100, Y=$memory$auto$proc_rom.cc:155:do_switch$1739$rdmux[0][6][35]$a$5810
      New ports: A=2'10, B=2'01, Y={ $memory$auto$proc_rom.cc:155:do_switch$1739$rdmux[0][6][35]$a$5810 [6] $memory$auto$proc_rom.cc:155:do_switch$1739$rdmux[0][6][35]$a$5810 [2] }
      New connections: { $memory$auto$proc_rom.cc:155:do_switch$1739$rdmux[0][6][35]$a$5810 [7] $memory$auto$proc_rom.cc:155:do_switch$1739$rdmux[0][6][35]$a$5810 [5:3] $memory$auto$proc_rom.cc:155:do_switch$1739$rdmux[0][6][35]$a$5810 [1:0] } = 6'111000
    Consolidated identical input bits for $mux cell $memory$auto$proc_rom.cc:155:do_switch$1739$rdmux[0][7][69]$6103:
      Old ports: A=8'11001111, B=8'11001110, Y=$memory$auto$proc_rom.cc:155:do_switch$1739$rdmux[0][6][34]$b$5808
      New ports: A=1'1, B=1'0, Y=$memory$auto$proc_rom.cc:155:do_switch$1739$rdmux[0][6][34]$b$5808 [0]
      New connections: $memory$auto$proc_rom.cc:155:do_switch$1739$rdmux[0][6][34]$b$5808 [7:1] = 7'1100111
    Consolidated identical input bits for $mux cell $memory$auto$proc_rom.cc:155:do_switch$1739$rdmux[0][7][68]$6100:
      Old ports: A=8'10010111, B=8'11110010, Y=$memory$auto$proc_rom.cc:155:do_switch$1739$rdmux[0][6][34]$a$5807
      New ports: A=2'01, B=2'10, Y={ $memory$auto$proc_rom.cc:155:do_switch$1739$rdmux[0][6][34]$a$5807 [5] $memory$auto$proc_rom.cc:155:do_switch$1739$rdmux[0][6][34]$a$5807 [0] }
      New connections: { $memory$auto$proc_rom.cc:155:do_switch$1739$rdmux[0][6][34]$a$5807 [7:6] $memory$auto$proc_rom.cc:155:do_switch$1739$rdmux[0][6][34]$a$5807 [4:1] } = { 1'1 $memory$auto$proc_rom.cc:155:do_switch$1739$rdmux[0][6][34]$a$5807 [5] 2'10 $memory$auto$proc_rom.cc:155:do_switch$1739$rdmux[0][6][34]$a$5807 [0] 1'1 }
    Consolidated identical input bits for $mux cell $memory$auto$proc_rom.cc:155:do_switch$1739$rdmux[0][7][67]$6097:
      Old ports: A=8'11011100, B=8'11101010, Y=$memory$auto$proc_rom.cc:155:do_switch$1739$rdmux[0][6][33]$b$5805
      New ports: A=2'10, B=2'01, Y=$memory$auto$proc_rom.cc:155:do_switch$1739$rdmux[0][6][33]$b$5805 [2:1]
      New connections: { $memory$auto$proc_rom.cc:155:do_switch$1739$rdmux[0][6][33]$b$5805 [7:3] $memory$auto$proc_rom.cc:155:do_switch$1739$rdmux[0][6][33]$b$5805 [0] } = { 2'11 $memory$auto$proc_rom.cc:155:do_switch$1739$rdmux[0][6][33]$b$5805 [1] $memory$auto$proc_rom.cc:155:do_switch$1739$rdmux[0][6][33]$b$5805 [2] 2'10 }
    Consolidated identical input bits for $mux cell $memory$auto$proc_rom.cc:155:do_switch$1739$rdmux[0][7][66]$6094:
      Old ports: A=8'01001111, B=8'01100111, Y=$memory$auto$proc_rom.cc:155:do_switch$1739$rdmux[0][6][33]$a$5804
      New ports: A=2'01, B=2'10, Y={ $memory$auto$proc_rom.cc:155:do_switch$1739$rdmux[0][6][33]$a$5804 [5] $memory$auto$proc_rom.cc:155:do_switch$1739$rdmux[0][6][33]$a$5804 [3] }
      New connections: { $memory$auto$proc_rom.cc:155:do_switch$1739$rdmux[0][6][33]$a$5804 [7:6] $memory$auto$proc_rom.cc:155:do_switch$1739$rdmux[0][6][33]$a$5804 [4] $memory$auto$proc_rom.cc:155:do_switch$1739$rdmux[0][6][33]$a$5804 [2:0] } = 6'010111
    Consolidated identical input bits for $mux cell $memory$auto$proc_rom.cc:155:do_switch$1739$rdmux[0][7][65]$6091:
      Old ports: A=8'00010001, B=8'01000001, Y=$memory$auto$proc_rom.cc:155:do_switch$1739$rdmux[0][6][32]$b$5802
      New ports: A=2'01, B=2'10, Y={ $memory$auto$proc_rom.cc:155:do_switch$1739$rdmux[0][6][32]$b$5802 [6] $memory$auto$proc_rom.cc:155:do_switch$1739$rdmux[0][6][32]$b$5802 [4] }
      New connections: { $memory$auto$proc_rom.cc:155:do_switch$1739$rdmux[0][6][32]$b$5802 [7] $memory$auto$proc_rom.cc:155:do_switch$1739$rdmux[0][6][32]$b$5802 [5] $memory$auto$proc_rom.cc:155:do_switch$1739$rdmux[0][6][32]$b$5802 [3:0] } = 6'000001
    Consolidated identical input bits for $mux cell $memory$auto$proc_rom.cc:155:do_switch$1739$rdmux[0][7][64]$6088:
      Old ports: A=8'00111010, B=8'10010001, Y=$memory$auto$proc_rom.cc:155:do_switch$1739$rdmux[0][6][32]$a$5801
      New ports: A=2'10, B=2'01, Y=$memory$auto$proc_rom.cc:155:do_switch$1739$rdmux[0][6][32]$a$5801 [1:0]
      New connections: $memory$auto$proc_rom.cc:155:do_switch$1739$rdmux[0][6][32]$a$5801 [7:2] = { $memory$auto$proc_rom.cc:155:do_switch$1739$rdmux[0][6][32]$a$5801 [0] 1'0 $memory$auto$proc_rom.cc:155:do_switch$1739$rdmux[0][6][32]$a$5801 [1] 1'1 $memory$auto$proc_rom.cc:155:do_switch$1739$rdmux[0][6][32]$a$5801 [1] 1'0 }
    Consolidated identical input bits for $mux cell $memory$auto$proc_rom.cc:155:do_switch$1739$rdmux[0][7][63]$6085:
      Old ports: A=8'10001010, B=8'01101011, Y=$memory$auto$proc_rom.cc:155:do_switch$1739$rdmux[0][6][31]$b$5799
      New ports: A=2'10, B=2'01, Y={ $memory$auto$proc_rom.cc:155:do_switch$1739$rdmux[0][6][31]$b$5799 [7] $memory$auto$proc_rom.cc:155:do_switch$1739$rdmux[0][6][31]$b$5799 [0] }
      New connections: $memory$auto$proc_rom.cc:155:do_switch$1739$rdmux[0][6][31]$b$5799 [6:1] = { $memory$auto$proc_rom.cc:155:do_switch$1739$rdmux[0][6][31]$b$5799 [0] $memory$auto$proc_rom.cc:155:do_switch$1739$rdmux[0][6][31]$b$5799 [0] 4'0101 }
    Consolidated identical input bits for $mux cell $memory$auto$proc_rom.cc:155:do_switch$1739$rdmux[0][7][62]$6082:
      Old ports: A=8'00000001, B=8'00010011, Y=$memory$auto$proc_rom.cc:155:do_switch$1739$rdmux[0][6][31]$a$5798
      New ports: A=1'0, B=1'1, Y=$memory$auto$proc_rom.cc:155:do_switch$1739$rdmux[0][6][31]$a$5798 [1]
      New connections: { $memory$auto$proc_rom.cc:155:do_switch$1739$rdmux[0][6][31]$a$5798 [7:2] $memory$auto$proc_rom.cc:155:do_switch$1739$rdmux[0][6][31]$a$5798 [0] } = { 3'000 $memory$auto$proc_rom.cc:155:do_switch$1739$rdmux[0][6][31]$a$5798 [1] 3'001 }
    Consolidated identical input bits for $mux cell $memory$auto$proc_rom.cc:155:do_switch$1739$rdmux[0][7][61]$6079:
      Old ports: A=8'10111101, B=8'00000011, Y=$memory$auto$proc_rom.cc:155:do_switch$1739$rdmux[0][6][30]$b$5796
      New ports: A=2'10, B=2'01, Y=$memory$auto$proc_rom.cc:155:do_switch$1739$rdmux[0][6][30]$b$5796 [2:1]
      New connections: { $memory$auto$proc_rom.cc:155:do_switch$1739$rdmux[0][6][30]$b$5796 [7:3] $memory$auto$proc_rom.cc:155:do_switch$1739$rdmux[0][6][30]$b$5796 [0] } = { $memory$auto$proc_rom.cc:155:do_switch$1739$rdmux[0][6][30]$b$5796 [2] 1'0 $memory$auto$proc_rom.cc:155:do_switch$1739$rdmux[0][6][30]$b$5796 [2] $memory$auto$proc_rom.cc:155:do_switch$1739$rdmux[0][6][30]$b$5796 [2] $memory$auto$proc_rom.cc:155:do_switch$1739$rdmux[0][6][30]$b$5796 [2] 1'1 }
    Consolidated identical input bits for $mux cell $memory$auto$proc_rom.cc:155:do_switch$1739$rdmux[0][7][60]$6076:
      Old ports: A=8'11000001, B=8'10101111, Y=$memory$auto$proc_rom.cc:155:do_switch$1739$rdmux[0][6][30]$a$5795
      New ports: A=2'10, B=2'01, Y={ $memory$auto$proc_rom.cc:155:do_switch$1739$rdmux[0][6][30]$a$5795 [6] $memory$auto$proc_rom.cc:155:do_switch$1739$rdmux[0][6][30]$a$5795 [1] }
      New connections: { $memory$auto$proc_rom.cc:155:do_switch$1739$rdmux[0][6][30]$a$5795 [7] $memory$auto$proc_rom.cc:155:do_switch$1739$rdmux[0][6][30]$a$5795 [5:2] $memory$auto$proc_rom.cc:155:do_switch$1739$rdmux[0][6][30]$a$5795 [0] } = { 1'1 $memory$auto$proc_rom.cc:155:do_switch$1739$rdmux[0][6][30]$a$5795 [1] 1'0 $memory$auto$proc_rom.cc:155:do_switch$1739$rdmux[0][6][30]$a$5795 [1] $memory$auto$proc_rom.cc:155:do_switch$1739$rdmux[0][6][30]$a$5795 [1] 1'1 }
    Consolidated identical input bits for $mux cell $memory$auto$proc_rom.cc:155:do_switch$1739$rdmux[0][7][59]$6073:
      Old ports: A=8'00001111, B=8'00000010, Y=$memory$auto$proc_rom.cc:155:do_switch$1739$rdmux[0][6][29]$b$5793
      New ports: A=1'1, B=1'0, Y=$memory$auto$proc_rom.cc:155:do_switch$1739$rdmux[0][6][29]$b$5793 [0]
      New connections: $memory$auto$proc_rom.cc:155:do_switch$1739$rdmux[0][6][29]$b$5793 [7:1] = { 4'0000 $memory$auto$proc_rom.cc:155:do_switch$1739$rdmux[0][6][29]$b$5793 [0] $memory$auto$proc_rom.cc:155:do_switch$1739$rdmux[0][6][29]$b$5793 [0] 1'1 }
    Consolidated identical input bits for $mux cell $memory$auto$proc_rom.cc:155:do_switch$1739$rdmux[0][7][58]$6070:
      Old ports: A=8'11001010, B=8'00111111, Y=$memory$auto$proc_rom.cc:155:do_switch$1739$rdmux[0][6][29]$a$5792
      New ports: A=2'10, B=2'01, Y={ $memory$auto$proc_rom.cc:155:do_switch$1739$rdmux[0][6][29]$a$5792 [6] $memory$auto$proc_rom.cc:155:do_switch$1739$rdmux[0][6][29]$a$5792 [0] }
      New connections: { $memory$auto$proc_rom.cc:155:do_switch$1739$rdmux[0][6][29]$a$5792 [7] $memory$auto$proc_rom.cc:155:do_switch$1739$rdmux[0][6][29]$a$5792 [5:1] } = { $memory$auto$proc_rom.cc:155:do_switch$1739$rdmux[0][6][29]$a$5792 [6] $memory$auto$proc_rom.cc:155:do_switch$1739$rdmux[0][6][29]$a$5792 [0] $memory$auto$proc_rom.cc:155:do_switch$1739$rdmux[0][6][29]$a$5792 [0] 1'1 $memory$auto$proc_rom.cc:155:do_switch$1739$rdmux[0][6][29]$a$5792 [0] 1'1 }
    Consolidated identical input bits for $mux cell $memory$auto$proc_rom.cc:155:do_switch$1739$rdmux[0][7][57]$6067:
      Old ports: A=8'00011110, B=8'10001111, Y=$memory$auto$proc_rom.cc:155:do_switch$1739$rdmux[0][6][28]$b$5790
      New ports: A=2'10, B=2'01, Y={ $memory$auto$proc_rom.cc:155:do_switch$1739$rdmux[0][6][28]$b$5790 [4] $memory$auto$proc_rom.cc:155:do_switch$1739$rdmux[0][6][28]$b$5790 [0] }
      New connections: { $memory$auto$proc_rom.cc:155:do_switch$1739$rdmux[0][6][28]$b$5790 [7:5] $memory$auto$proc_rom.cc:155:do_switch$1739$rdmux[0][6][28]$b$5790 [3:1] } = { $memory$auto$proc_rom.cc:155:do_switch$1739$rdmux[0][6][28]$b$5790 [0] 5'00111 }
    Consolidated identical input bits for $mux cell $memory$auto$proc_rom.cc:155:do_switch$1739$rdmux[0][7][56]$6064:
      Old ports: A=8'11010000, B=8'00101100, Y=$memory$auto$proc_rom.cc:155:do_switch$1739$rdmux[0][6][28]$a$5789
      New ports: A=2'10, B=2'01, Y={ $memory$auto$proc_rom.cc:155:do_switch$1739$rdmux[0][6][28]$a$5789 [4] $memory$auto$proc_rom.cc:155:do_switch$1739$rdmux[0][6][28]$a$5789 [2] }
      New connections: { $memory$auto$proc_rom.cc:155:do_switch$1739$rdmux[0][6][28]$a$5789 [7:5] $memory$auto$proc_rom.cc:155:do_switch$1739$rdmux[0][6][28]$a$5789 [3] $memory$auto$proc_rom.cc:155:do_switch$1739$rdmux[0][6][28]$a$5789 [1:0] } = { $memory$auto$proc_rom.cc:155:do_switch$1739$rdmux[0][6][28]$a$5789 [4] $memory$auto$proc_rom.cc:155:do_switch$1739$rdmux[0][6][28]$a$5789 [4] $memory$auto$proc_rom.cc:155:do_switch$1739$rdmux[0][6][28]$a$5789 [2] $memory$auto$proc_rom.cc:155:do_switch$1739$rdmux[0][6][28]$a$5789 [2] 2'00 }
    Consolidated identical input bits for $mux cell $memory$auto$proc_rom.cc:155:do_switch$1739$rdmux[0][7][55]$6061:
      Old ports: A=8'01000101, B=8'00000110, Y=$memory$auto$proc_rom.cc:155:do_switch$1739$rdmux[0][6][27]$b$5787
      New ports: A=2'01, B=2'10, Y=$memory$auto$proc_rom.cc:155:do_switch$1739$rdmux[0][6][27]$b$5787 [1:0]
      New connections: $memory$auto$proc_rom.cc:155:do_switch$1739$rdmux[0][6][27]$b$5787 [7:2] = { 1'0 $memory$auto$proc_rom.cc:155:do_switch$1739$rdmux[0][6][27]$b$5787 [0] 4'0001 }
    Consolidated identical input bits for $mux cell $memory$auto$proc_rom.cc:155:do_switch$1739$rdmux[0][7][54]$6058:
      Old ports: A=8'10111000, B=8'10110011, Y=$memory$auto$proc_rom.cc:155:do_switch$1739$rdmux[0][6][27]$a$5786
      New ports: A=2'10, B=2'01, Y={ $memory$auto$proc_rom.cc:155:do_switch$1739$rdmux[0][6][27]$a$5786 [3] $memory$auto$proc_rom.cc:155:do_switch$1739$rdmux[0][6][27]$a$5786 [0] }
      New connections: { $memory$auto$proc_rom.cc:155:do_switch$1739$rdmux[0][6][27]$a$5786 [7:4] $memory$auto$proc_rom.cc:155:do_switch$1739$rdmux[0][6][27]$a$5786 [2:1] } = { 5'10110 $memory$auto$proc_rom.cc:155:do_switch$1739$rdmux[0][6][27]$a$5786 [0] }
    Consolidated identical input bits for $mux cell $memory$auto$proc_rom.cc:155:do_switch$1739$rdmux[0][7][53]$6055:
      Old ports: A=8'01011000, B=8'00000101, Y=$memory$auto$proc_rom.cc:155:do_switch$1739$rdmux[0][6][26]$b$5784
      New ports: A=2'10, B=2'01, Y={ $memory$auto$proc_rom.cc:155:do_switch$1739$rdmux[0][6][26]$b$5784 [3] $memory$auto$proc_rom.cc:155:do_switch$1739$rdmux[0][6][26]$b$5784 [0] }
      New connections: { $memory$auto$proc_rom.cc:155:do_switch$1739$rdmux[0][6][26]$b$5784 [7:4] $memory$auto$proc_rom.cc:155:do_switch$1739$rdmux[0][6][26]$b$5784 [2:1] } = { 1'0 $memory$auto$proc_rom.cc:155:do_switch$1739$rdmux[0][6][26]$b$5784 [3] 1'0 $memory$auto$proc_rom.cc:155:do_switch$1739$rdmux[0][6][26]$b$5784 [3] $memory$auto$proc_rom.cc:155:do_switch$1739$rdmux[0][6][26]$b$5784 [0] 1'0 }
    Consolidated identical input bits for $mux cell $memory$auto$proc_rom.cc:155:do_switch$1739$rdmux[0][7][52]$6052:
      Old ports: A=8'11110111, B=8'11100100, Y=$memory$auto$proc_rom.cc:155:do_switch$1739$rdmux[0][6][26]$a$5783
      New ports: A=1'1, B=1'0, Y=$memory$auto$proc_rom.cc:155:do_switch$1739$rdmux[0][6][26]$a$5783 [0]
      New connections: $memory$auto$proc_rom.cc:155:do_switch$1739$rdmux[0][6][26]$a$5783 [7:1] = { 3'111 $memory$auto$proc_rom.cc:155:do_switch$1739$rdmux[0][6][26]$a$5783 [0] 2'01 $memory$auto$proc_rom.cc:155:do_switch$1739$rdmux[0][6][26]$a$5783 [0] }
    Consolidated identical input bits for $mux cell $memory$auto$proc_rom.cc:155:do_switch$1739$rdmux[0][7][51]$6049:
      Old ports: A=8'11010011, B=8'00001010, Y=$memory$auto$proc_rom.cc:155:do_switch$1739$rdmux[0][6][25]$b$5781
      New ports: A=2'01, B=2'10, Y={ $memory$auto$proc_rom.cc:155:do_switch$1739$rdmux[0][6][25]$b$5781 [3] $memory$auto$proc_rom.cc:155:do_switch$1739$rdmux[0][6][25]$b$5781 [0] }
      New connections: { $memory$auto$proc_rom.cc:155:do_switch$1739$rdmux[0][6][25]$b$5781 [7:4] $memory$auto$proc_rom.cc:155:do_switch$1739$rdmux[0][6][25]$b$5781 [2:1] } = { $memory$auto$proc_rom.cc:155:do_switch$1739$rdmux[0][6][25]$b$5781 [0] $memory$auto$proc_rom.cc:155:do_switch$1739$rdmux[0][6][25]$b$5781 [0] 1'0 $memory$auto$proc_rom.cc:155:do_switch$1739$rdmux[0][6][25]$b$5781 [0] 2'01 }
    Consolidated identical input bits for $mux cell $memory$auto$proc_rom.cc:155:do_switch$1739$rdmux[0][7][50]$6046:
      Old ports: A=8'10001100, B=8'10111100, Y=$memory$auto$proc_rom.cc:155:do_switch$1739$rdmux[0][6][25]$a$5780
      New ports: A=1'0, B=1'1, Y=$memory$auto$proc_rom.cc:155:do_switch$1739$rdmux[0][6][25]$a$5780 [4]
      New connections: { $memory$auto$proc_rom.cc:155:do_switch$1739$rdmux[0][6][25]$a$5780 [7:5] $memory$auto$proc_rom.cc:155:do_switch$1739$rdmux[0][6][25]$a$5780 [3:0] } = { 2'10 $memory$auto$proc_rom.cc:155:do_switch$1739$rdmux[0][6][25]$a$5780 [4] 4'1100 }
    Consolidated identical input bits for $mux cell $memory$auto$proc_rom.cc:155:do_switch$1739$rdmux[0][7][49]$6043:
      Old ports: A=8'10101011, B=8'00000000, Y=$memory$auto$proc_rom.cc:155:do_switch$1739$rdmux[0][6][24]$b$5778
      New ports: A=1'1, B=1'0, Y=$memory$auto$proc_rom.cc:155:do_switch$1739$rdmux[0][6][24]$b$5778 [0]
      New connections: $memory$auto$proc_rom.cc:155:do_switch$1739$rdmux[0][6][24]$b$5778 [7:1] = { $memory$auto$proc_rom.cc:155:do_switch$1739$rdmux[0][6][24]$b$5778 [0] 1'0 $memory$auto$proc_rom.cc:155:do_switch$1739$rdmux[0][6][24]$b$5778 [0] 1'0 $memory$auto$proc_rom.cc:155:do_switch$1739$rdmux[0][6][24]$b$5778 [0] 1'0 $memory$auto$proc_rom.cc:155:do_switch$1739$rdmux[0][6][24]$b$5778 [0] }
    Consolidated identical input bits for $mux cell $memory$auto$proc_rom.cc:155:do_switch$1739$rdmux[0][7][48]$6040:
      Old ports: A=8'10010000, B=8'11011000, Y=$memory$auto$proc_rom.cc:155:do_switch$1739$rdmux[0][6][24]$a$5777
      New ports: A=1'0, B=1'1, Y=$memory$auto$proc_rom.cc:155:do_switch$1739$rdmux[0][6][24]$a$5777 [3]
      New connections: { $memory$auto$proc_rom.cc:155:do_switch$1739$rdmux[0][6][24]$a$5777 [7:4] $memory$auto$proc_rom.cc:155:do_switch$1739$rdmux[0][6][24]$a$5777 [2:0] } = { 1'1 $memory$auto$proc_rom.cc:155:do_switch$1739$rdmux[0][6][24]$a$5777 [3] 5'01000 }
    Consolidated identical input bits for $mux cell $memory$auto$proc_rom.cc:155:do_switch$1739$rdmux[0][7][47]$6037:
      Old ports: A=8'10011101, B=8'10000100, Y=$memory$auto$proc_rom.cc:155:do_switch$1739$rdmux[0][6][23]$b$5775
      New ports: A=1'1, B=1'0, Y=$memory$auto$proc_rom.cc:155:do_switch$1739$rdmux[0][6][23]$b$5775 [0]
      New connections: $memory$auto$proc_rom.cc:155:do_switch$1739$rdmux[0][6][23]$b$5775 [7:1] = { 3'100 $memory$auto$proc_rom.cc:155:do_switch$1739$rdmux[0][6][23]$b$5775 [0] $memory$auto$proc_rom.cc:155:do_switch$1739$rdmux[0][6][23]$b$5775 [0] 2'10 }
    Consolidated identical input bits for $mux cell $memory$auto$proc_rom.cc:155:do_switch$1739$rdmux[0][7][46]$6034:
      Old ports: A=8'10100111, B=8'10001101, Y=$memory$auto$proc_rom.cc:155:do_switch$1739$rdmux[0][6][23]$a$5774
      New ports: A=2'01, B=2'10, Y={ $memory$auto$proc_rom.cc:155:do_switch$1739$rdmux[0][6][23]$a$5774 [3] $memory$auto$proc_rom.cc:155:do_switch$1739$rdmux[0][6][23]$a$5774 [1] }
      New connections: { $memory$auto$proc_rom.cc:155:do_switch$1739$rdmux[0][6][23]$a$5774 [7:4] $memory$auto$proc_rom.cc:155:do_switch$1739$rdmux[0][6][23]$a$5774 [2] $memory$auto$proc_rom.cc:155:do_switch$1739$rdmux[0][6][23]$a$5774 [0] } = { 2'10 $memory$auto$proc_rom.cc:155:do_switch$1739$rdmux[0][6][23]$a$5774 [1] 3'011 }
    Consolidated identical input bits for $mux cell $memory$auto$proc_rom.cc:155:do_switch$1739$rdmux[0][7][45]$6031:
      Old ports: A=8'01000110, B=8'01010111, Y=$memory$auto$proc_rom.cc:155:do_switch$1739$rdmux[0][6][22]$b$5772
      New ports: A=1'0, B=1'1, Y=$memory$auto$proc_rom.cc:155:do_switch$1739$rdmux[0][6][22]$b$5772 [0]
      New connections: $memory$auto$proc_rom.cc:155:do_switch$1739$rdmux[0][6][22]$b$5772 [7:1] = { 3'010 $memory$auto$proc_rom.cc:155:do_switch$1739$rdmux[0][6][22]$b$5772 [0] 3'011 }
    Consolidated identical input bits for $mux cell $memory$auto$proc_rom.cc:155:do_switch$1739$rdmux[0][7][44]$6028:
      Old ports: A=8'01011110, B=8'00010101, Y=$memory$auto$proc_rom.cc:155:do_switch$1739$rdmux[0][6][22]$a$5771
      New ports: A=2'10, B=2'01, Y=$memory$auto$proc_rom.cc:155:do_switch$1739$rdmux[0][6][22]$a$5771 [1:0]
      New connections: $memory$auto$proc_rom.cc:155:do_switch$1739$rdmux[0][6][22]$a$5771 [7:2] = { 1'0 $memory$auto$proc_rom.cc:155:do_switch$1739$rdmux[0][6][22]$a$5771 [1] 2'01 $memory$auto$proc_rom.cc:155:do_switch$1739$rdmux[0][6][22]$a$5771 [1] 1'1 }
    Consolidated identical input bits for $mux cell $memory$auto$proc_rom.cc:155:do_switch$1739$rdmux[0][7][43]$6025:
      Old ports: A=8'10111001, B=8'11011010, Y=$memory$auto$proc_rom.cc:155:do_switch$1739$rdmux[0][6][21]$b$5769
      New ports: A=2'01, B=2'10, Y=$memory$auto$proc_rom.cc:155:do_switch$1739$rdmux[0][6][21]$b$5769 [1:0]
      New connections: $memory$auto$proc_rom.cc:155:do_switch$1739$rdmux[0][6][21]$b$5769 [7:2] = { 1'1 $memory$auto$proc_rom.cc:155:do_switch$1739$rdmux[0][6][21]$b$5769 [1:0] 3'110 }
    Consolidated identical input bits for $mux cell $memory$auto$proc_rom.cc:155:do_switch$1739$rdmux[0][7][42]$6022:
      Old ports: A=8'11111101, B=8'11101101, Y=$memory$auto$proc_rom.cc:155:do_switch$1739$rdmux[0][6][21]$a$5768
      New ports: A=1'1, B=1'0, Y=$memory$auto$proc_rom.cc:155:do_switch$1739$rdmux[0][6][21]$a$5768 [4]
      New connections: { $memory$auto$proc_rom.cc:155:do_switch$1739$rdmux[0][6][21]$a$5768 [7:5] $memory$auto$proc_rom.cc:155:do_switch$1739$rdmux[0][6][21]$a$5768 [3:0] } = 7'1111101
    Consolidated identical input bits for $mux cell $memory$auto$proc_rom.cc:155:do_switch$1739$rdmux[0][7][41]$6019:
      Old ports: A=8'01001000, B=8'01010000, Y=$memory$auto$proc_rom.cc:155:do_switch$1739$rdmux[0][6][20]$b$5766
      New ports: A=2'01, B=2'10, Y=$memory$auto$proc_rom.cc:155:do_switch$1739$rdmux[0][6][20]$b$5766 [4:3]
      New connections: { $memory$auto$proc_rom.cc:155:do_switch$1739$rdmux[0][6][20]$b$5766 [7:5] $memory$auto$proc_rom.cc:155:do_switch$1739$rdmux[0][6][20]$b$5766 [2:0] } = 6'010000
    Consolidated identical input bits for $mux cell $memory$auto$proc_rom.cc:155:do_switch$1739$rdmux[0][7][40]$6016:
      Old ports: A=8'01101100, B=8'01110000, Y=$memory$auto$proc_rom.cc:155:do_switch$1739$rdmux[0][6][20]$a$5765
      New ports: A=2'01, B=2'10, Y={ $memory$auto$proc_rom.cc:155:do_switch$1739$rdmux[0][6][20]$a$5765 [4] $memory$auto$proc_rom.cc:155:do_switch$1739$rdmux[0][6][20]$a$5765 [2] }
      New connections: { $memory$auto$proc_rom.cc:155:do_switch$1739$rdmux[0][6][20]$a$5765 [7:5] $memory$auto$proc_rom.cc:155:do_switch$1739$rdmux[0][6][20]$a$5765 [3] $memory$auto$proc_rom.cc:155:do_switch$1739$rdmux[0][6][20]$a$5765 [1:0] } = { 3'011 $memory$auto$proc_rom.cc:155:do_switch$1739$rdmux[0][6][20]$a$5765 [2] 2'00 }
    Consolidated identical input bits for $mux cell $memory$auto$proc_rom.cc:155:do_switch$1739$rdmux[0][7][39]$6013:
      Old ports: A=8'10110110, B=8'10010010, Y=$memory$auto$proc_rom.cc:155:do_switch$1739$rdmux[0][6][19]$b$5763
      New ports: A=1'1, B=1'0, Y=$memory$auto$proc_rom.cc:155:do_switch$1739$rdmux[0][6][19]$b$5763 [2]
      New connections: { $memory$auto$proc_rom.cc:155:do_switch$1739$rdmux[0][6][19]$b$5763 [7:3] $memory$auto$proc_rom.cc:155:do_switch$1739$rdmux[0][6][19]$b$5763 [1:0] } = { 2'10 $memory$auto$proc_rom.cc:155:do_switch$1739$rdmux[0][6][19]$b$5763 [2] 4'1010 }
    Consolidated identical input bits for $mux cell $memory$auto$proc_rom.cc:155:do_switch$1739$rdmux[0][7][38]$6010:
      Old ports: A=8'01011101, B=8'01100101, Y=$memory$auto$proc_rom.cc:155:do_switch$1739$rdmux[0][6][19]$a$5762
      New ports: A=2'01, B=2'10, Y={ $memory$auto$proc_rom.cc:155:do_switch$1739$rdmux[0][6][19]$a$5762 [5] $memory$auto$proc_rom.cc:155:do_switch$1739$rdmux[0][6][19]$a$5762 [3] }
      New connections: { $memory$auto$proc_rom.cc:155:do_switch$1739$rdmux[0][6][19]$a$5762 [7:6] $memory$auto$proc_rom.cc:155:do_switch$1739$rdmux[0][6][19]$a$5762 [4] $memory$auto$proc_rom.cc:155:do_switch$1739$rdmux[0][6][19]$a$5762 [2:0] } = { 2'01 $memory$auto$proc_rom.cc:155:do_switch$1739$rdmux[0][6][19]$a$5762 [3] 3'101 }
    Consolidated identical input bits for $mux cell $memory$auto$proc_rom.cc:155:do_switch$1739$rdmux[0][7][37]$6007:
      Old ports: A=8'01011100, B=8'11001100, Y=$memory$auto$proc_rom.cc:155:do_switch$1739$rdmux[0][6][18]$b$5760
      New ports: A=2'01, B=2'10, Y={ $memory$auto$proc_rom.cc:155:do_switch$1739$rdmux[0][6][18]$b$5760 [7] $memory$auto$proc_rom.cc:155:do_switch$1739$rdmux[0][6][18]$b$5760 [4] }
      New connections: { $memory$auto$proc_rom.cc:155:do_switch$1739$rdmux[0][6][18]$b$5760 [6:5] $memory$auto$proc_rom.cc:155:do_switch$1739$rdmux[0][6][18]$b$5760 [3:0] } = 6'101100
    Consolidated identical input bits for $mux cell $memory$auto$proc_rom.cc:155:do_switch$1739$rdmux[0][7][36]$6004:
      Old ports: A=8'11010100, B=8'10100100, Y=$memory$auto$proc_rom.cc:155:do_switch$1739$rdmux[0][6][18]$a$5759
      New ports: A=2'01, B=2'10, Y=$memory$auto$proc_rom.cc:155:do_switch$1739$rdmux[0][6][18]$a$5759 [5:4]
      New connections: { $memory$auto$proc_rom.cc:155:do_switch$1739$rdmux[0][6][18]$a$5759 [7:6] $memory$auto$proc_rom.cc:155:do_switch$1739$rdmux[0][6][18]$a$5759 [3:0] } = { 1'1 $memory$auto$proc_rom.cc:155:do_switch$1739$rdmux[0][6][18]$a$5759 [4] 4'0100 }
    Consolidated identical input bits for $mux cell $memory$auto$proc_rom.cc:155:do_switch$1739$rdmux[0][7][35]$6001:
      Old ports: A=8'10011000, B=8'00010110, Y=$memory$auto$proc_rom.cc:155:do_switch$1739$rdmux[0][6][17]$b$5757
      New ports: A=2'10, B=2'01, Y={ $memory$auto$proc_rom.cc:155:do_switch$1739$rdmux[0][6][17]$b$5757 [3] $memory$auto$proc_rom.cc:155:do_switch$1739$rdmux[0][6][17]$b$5757 [1] }
      New connections: { $memory$auto$proc_rom.cc:155:do_switch$1739$rdmux[0][6][17]$b$5757 [7:4] $memory$auto$proc_rom.cc:155:do_switch$1739$rdmux[0][6][17]$b$5757 [2] $memory$auto$proc_rom.cc:155:do_switch$1739$rdmux[0][6][17]$b$5757 [0] } = { $memory$auto$proc_rom.cc:155:do_switch$1739$rdmux[0][6][17]$b$5757 [3] 3'001 $memory$auto$proc_rom.cc:155:do_switch$1739$rdmux[0][6][17]$b$5757 [1] 1'0 }
    Consolidated identical input bits for $mux cell $memory$auto$proc_rom.cc:155:do_switch$1739$rdmux[0][7][34]$5998:
      Old ports: A=8'10000110, B=8'01101000, Y=$memory$auto$proc_rom.cc:155:do_switch$1739$rdmux[0][6][17]$a$5756
      New ports: A=2'01, B=2'10, Y={ $memory$auto$proc_rom.cc:155:do_switch$1739$rdmux[0][6][17]$a$5756 [3] $memory$auto$proc_rom.cc:155:do_switch$1739$rdmux[0][6][17]$a$5756 [1] }
      New connections: { $memory$auto$proc_rom.cc:155:do_switch$1739$rdmux[0][6][17]$a$5756 [7:4] $memory$auto$proc_rom.cc:155:do_switch$1739$rdmux[0][6][17]$a$5756 [2] $memory$auto$proc_rom.cc:155:do_switch$1739$rdmux[0][6][17]$a$5756 [0] } = { $memory$auto$proc_rom.cc:155:do_switch$1739$rdmux[0][6][17]$a$5756 [1] $memory$auto$proc_rom.cc:155:do_switch$1739$rdmux[0][6][17]$a$5756 [3] $memory$auto$proc_rom.cc:155:do_switch$1739$rdmux[0][6][17]$a$5756 [3] 1'0 $memory$auto$proc_rom.cc:155:do_switch$1739$rdmux[0][6][17]$a$5756 [1] 1'0 }
    Consolidated identical input bits for $mux cell $memory$auto$proc_rom.cc:155:do_switch$1739$rdmux[0][7][33]$5995:
      Old ports: A=8'11110110, B=8'01100100, Y=$memory$auto$proc_rom.cc:155:do_switch$1739$rdmux[0][6][16]$b$5754
      New ports: A=1'1, B=1'0, Y=$memory$auto$proc_rom.cc:155:do_switch$1739$rdmux[0][6][16]$b$5754 [1]
      New connections: { $memory$auto$proc_rom.cc:155:do_switch$1739$rdmux[0][6][16]$b$5754 [7:2] $memory$auto$proc_rom.cc:155:do_switch$1739$rdmux[0][6][16]$b$5754 [0] } = { $memory$auto$proc_rom.cc:155:do_switch$1739$rdmux[0][6][16]$b$5754 [1] 2'11 $memory$auto$proc_rom.cc:155:do_switch$1739$rdmux[0][6][16]$b$5754 [1] 3'010 }
    Consolidated identical input bits for $mux cell $memory$auto$proc_rom.cc:155:do_switch$1739$rdmux[0][7][32]$5992:
      Old ports: A=8'01110010, B=8'11111000, Y=$memory$auto$proc_rom.cc:155:do_switch$1739$rdmux[0][6][16]$a$5753
      New ports: A=2'01, B=2'10, Y={ $memory$auto$proc_rom.cc:155:do_switch$1739$rdmux[0][6][16]$a$5753 [3] $memory$auto$proc_rom.cc:155:do_switch$1739$rdmux[0][6][16]$a$5753 [1] }
      New connections: { $memory$auto$proc_rom.cc:155:do_switch$1739$rdmux[0][6][16]$a$5753 [7:4] $memory$auto$proc_rom.cc:155:do_switch$1739$rdmux[0][6][16]$a$5753 [2] $memory$auto$proc_rom.cc:155:do_switch$1739$rdmux[0][6][16]$a$5753 [0] } = { $memory$auto$proc_rom.cc:155:do_switch$1739$rdmux[0][6][16]$a$5753 [3] 5'11100 }
    Consolidated identical input bits for $mux cell $memory$auto$proc_rom.cc:155:do_switch$1739$rdmux[0][7][31]$5989:
      Old ports: A=8'11010001, B=8'00100101, Y=$memory$auto$proc_rom.cc:155:do_switch$1739$rdmux[0][6][15]$b$5751
      New ports: A=2'10, B=2'01, Y={ $memory$auto$proc_rom.cc:155:do_switch$1739$rdmux[0][6][15]$b$5751 [4] $memory$auto$proc_rom.cc:155:do_switch$1739$rdmux[0][6][15]$b$5751 [2] }
      New connections: { $memory$auto$proc_rom.cc:155:do_switch$1739$rdmux[0][6][15]$b$5751 [7:5] $memory$auto$proc_rom.cc:155:do_switch$1739$rdmux[0][6][15]$b$5751 [3] $memory$auto$proc_rom.cc:155:do_switch$1739$rdmux[0][6][15]$b$5751 [1:0] } = { $memory$auto$proc_rom.cc:155:do_switch$1739$rdmux[0][6][15]$b$5751 [4] $memory$auto$proc_rom.cc:155:do_switch$1739$rdmux[0][6][15]$b$5751 [4] $memory$auto$proc_rom.cc:155:do_switch$1739$rdmux[0][6][15]$b$5751 [2] 3'001 }
    Consolidated identical input bits for $mux cell $memory$auto$proc_rom.cc:155:do_switch$1739$rdmux[0][7][30]$5986:
      Old ports: A=8'01101101, B=8'10001011, Y=$memory$auto$proc_rom.cc:155:do_switch$1739$rdmux[0][6][15]$a$5750
      New ports: A=2'10, B=2'01, Y=$memory$auto$proc_rom.cc:155:do_switch$1739$rdmux[0][6][15]$a$5750 [2:1]
      New connections: { $memory$auto$proc_rom.cc:155:do_switch$1739$rdmux[0][6][15]$a$5750 [7:3] $memory$auto$proc_rom.cc:155:do_switch$1739$rdmux[0][6][15]$a$5750 [0] } = { $memory$auto$proc_rom.cc:155:do_switch$1739$rdmux[0][6][15]$a$5750 [1] $memory$auto$proc_rom.cc:155:do_switch$1739$rdmux[0][6][15]$a$5750 [2] $memory$auto$proc_rom.cc:155:do_switch$1739$rdmux[0][6][15]$a$5750 [2] 3'011 }
    Consolidated identical input bits for $mux cell $memory$auto$proc_rom.cc:155:do_switch$1739$rdmux[0][7][29]$5983:
      Old ports: A=8'10100010, B=8'01001001, Y=$memory$auto$proc_rom.cc:155:do_switch$1739$rdmux[0][6][14]$b$5748
      New ports: A=2'10, B=2'01, Y=$memory$auto$proc_rom.cc:155:do_switch$1739$rdmux[0][6][14]$b$5748 [1:0]
      New connections: $memory$auto$proc_rom.cc:155:do_switch$1739$rdmux[0][6][14]$b$5748 [7:2] = { $memory$auto$proc_rom.cc:155:do_switch$1739$rdmux[0][6][14]$b$5748 [1:0] $memory$auto$proc_rom.cc:155:do_switch$1739$rdmux[0][6][14]$b$5748 [1] 1'0 $memory$auto$proc_rom.cc:155:do_switch$1739$rdmux[0][6][14]$b$5748 [0] 1'0 }
    Consolidated identical input bits for $mux cell $memory$auto$proc_rom.cc:155:do_switch$1739$rdmux[0][7][28]$5980:
      Old ports: A=8'01110110, B=8'01011011, Y=$memory$auto$proc_rom.cc:155:do_switch$1739$rdmux[0][6][14]$a$5747
      New ports: A=2'10, B=2'01, Y={ $memory$auto$proc_rom.cc:155:do_switch$1739$rdmux[0][6][14]$a$5747 [2] $memory$auto$proc_rom.cc:155:do_switch$1739$rdmux[0][6][14]$a$5747 [0] }
      New connections: { $memory$auto$proc_rom.cc:155:do_switch$1739$rdmux[0][6][14]$a$5747 [7:3] $memory$auto$proc_rom.cc:155:do_switch$1739$rdmux[0][6][14]$a$5747 [1] } = { 2'01 $memory$auto$proc_rom.cc:155:do_switch$1739$rdmux[0][6][14]$a$5747 [2] 1'1 $memory$auto$proc_rom.cc:155:do_switch$1739$rdmux[0][6][14]$a$5747 [0] 1'1 }
    Consolidated identical input bits for $mux cell $memory$auto$proc_rom.cc:155:do_switch$1739$rdmux[0][7][27]$5977:
      Old ports: A=8'00100100, B=8'10110010, Y=$memory$auto$proc_rom.cc:155:do_switch$1739$rdmux[0][6][13]$b$5745
      New ports: A=2'10, B=2'01, Y=$memory$auto$proc_rom.cc:155:do_switch$1739$rdmux[0][6][13]$b$5745 [2:1]
      New connections: { $memory$auto$proc_rom.cc:155:do_switch$1739$rdmux[0][6][13]$b$5745 [7:3] $memory$auto$proc_rom.cc:155:do_switch$1739$rdmux[0][6][13]$b$5745 [0] } = { $memory$auto$proc_rom.cc:155:do_switch$1739$rdmux[0][6][13]$b$5745 [1] 2'01 $memory$auto$proc_rom.cc:155:do_switch$1739$rdmux[0][6][13]$b$5745 [1] 2'00 }
    Consolidated identical input bits for $mux cell $memory$auto$proc_rom.cc:155:do_switch$1739$rdmux[0][7][26]$5974:
      Old ports: A=8'00101000, B=8'11011001, Y=$memory$auto$proc_rom.cc:155:do_switch$1739$rdmux[0][6][13]$a$5744
      New ports: A=2'10, B=2'01, Y={ $memory$auto$proc_rom.cc:155:do_switch$1739$rdmux[0][6][13]$a$5744 [5] $memory$auto$proc_rom.cc:155:do_switch$1739$rdmux[0][6][13]$a$5744 [0] }
      New connections: { $memory$auto$proc_rom.cc:155:do_switch$1739$rdmux[0][6][13]$a$5744 [7:6] $memory$auto$proc_rom.cc:155:do_switch$1739$rdmux[0][6][13]$a$5744 [4:1] } = { $memory$auto$proc_rom.cc:155:do_switch$1739$rdmux[0][6][13]$a$5744 [0] $memory$auto$proc_rom.cc:155:do_switch$1739$rdmux[0][6][13]$a$5744 [0] $memory$auto$proc_rom.cc:155:do_switch$1739$rdmux[0][6][13]$a$5744 [0] 3'100 }
    Consolidated identical input bits for $mux cell $memory$auto$proc_rom.cc:155:do_switch$1739$rdmux[0][7][25]$5971:
      Old ports: A=8'10100001, B=8'01100110, Y=$memory$auto$proc_rom.cc:155:do_switch$1739$rdmux[0][6][12]$b$5742
      New ports: A=2'01, B=2'10, Y=$memory$auto$proc_rom.cc:155:do_switch$1739$rdmux[0][6][12]$b$5742 [1:0]
      New connections: $memory$auto$proc_rom.cc:155:do_switch$1739$rdmux[0][6][12]$b$5742 [7:2] = { $memory$auto$proc_rom.cc:155:do_switch$1739$rdmux[0][6][12]$b$5742 [0] $memory$auto$proc_rom.cc:155:do_switch$1739$rdmux[0][6][12]$b$5742 [1] 3'100 $memory$auto$proc_rom.cc:155:do_switch$1739$rdmux[0][6][12]$b$5742 [1] }
    Consolidated identical input bits for $mux cell $memory$auto$proc_rom.cc:155:do_switch$1739$rdmux[0][7][24]$5968:
      Old ports: A=8'00001000, B=8'00101110, Y=$memory$auto$proc_rom.cc:155:do_switch$1739$rdmux[0][6][12]$a$5741
      New ports: A=1'0, B=1'1, Y=$memory$auto$proc_rom.cc:155:do_switch$1739$rdmux[0][6][12]$a$5741 [1]
      New connections: { $memory$auto$proc_rom.cc:155:do_switch$1739$rdmux[0][6][12]$a$5741 [7:2] $memory$auto$proc_rom.cc:155:do_switch$1739$rdmux[0][6][12]$a$5741 [0] } = { 2'00 $memory$auto$proc_rom.cc:155:do_switch$1739$rdmux[0][6][12]$a$5741 [1] 2'01 $memory$auto$proc_rom.cc:155:do_switch$1739$rdmux[0][6][12]$a$5741 [1] 1'0 }
    Consolidated identical input bits for $mux cell $memory$auto$proc_rom.cc:155:do_switch$1739$rdmux[0][7][23]$5965:
      Old ports: A=8'11000011, B=8'01001110, Y=$memory$auto$proc_rom.cc:155:do_switch$1739$rdmux[0][6][11]$b$5739
      New ports: A=2'01, B=2'10, Y={ $memory$auto$proc_rom.cc:155:do_switch$1739$rdmux[0][6][11]$b$5739 [2] $memory$auto$proc_rom.cc:155:do_switch$1739$rdmux[0][6][11]$b$5739 [0] }
      New connections: { $memory$auto$proc_rom.cc:155:do_switch$1739$rdmux[0][6][11]$b$5739 [7:3] $memory$auto$proc_rom.cc:155:do_switch$1739$rdmux[0][6][11]$b$5739 [1] } = { $memory$auto$proc_rom.cc:155:do_switch$1739$rdmux[0][6][11]$b$5739 [0] 3'100 $memory$auto$proc_rom.cc:155:do_switch$1739$rdmux[0][6][11]$b$5739 [2] 1'1 }
    Consolidated identical input bits for $mux cell $memory$auto$proc_rom.cc:155:do_switch$1739$rdmux[0][7][22]$5962:
      Old ports: A=8'01000010, B=8'11111010, Y=$memory$auto$proc_rom.cc:155:do_switch$1739$rdmux[0][6][11]$a$5738
      New ports: A=1'0, B=1'1, Y=$memory$auto$proc_rom.cc:155:do_switch$1739$rdmux[0][6][11]$a$5738 [3]
      New connections: { $memory$auto$proc_rom.cc:155:do_switch$1739$rdmux[0][6][11]$a$5738 [7:4] $memory$auto$proc_rom.cc:155:do_switch$1739$rdmux[0][6][11]$a$5738 [2:0] } = { $memory$auto$proc_rom.cc:155:do_switch$1739$rdmux[0][6][11]$a$5738 [3] 1'1 $memory$auto$proc_rom.cc:155:do_switch$1739$rdmux[0][6][11]$a$5738 [3] $memory$auto$proc_rom.cc:155:do_switch$1739$rdmux[0][6][11]$a$5738 [3] 3'010 }
    Consolidated identical input bits for $mux cell $memory$auto$proc_rom.cc:155:do_switch$1739$rdmux[0][7][21]$5959:
      Old ports: A=8'10010101, B=8'00001011, Y=$memory$auto$proc_rom.cc:155:do_switch$1739$rdmux[0][6][10]$b$5736
      New ports: A=2'10, B=2'01, Y=$memory$auto$proc_rom.cc:155:do_switch$1739$rdmux[0][6][10]$b$5736 [2:1]
      New connections: { $memory$auto$proc_rom.cc:155:do_switch$1739$rdmux[0][6][10]$b$5736 [7:3] $memory$auto$proc_rom.cc:155:do_switch$1739$rdmux[0][6][10]$b$5736 [0] } = { $memory$auto$proc_rom.cc:155:do_switch$1739$rdmux[0][6][10]$b$5736 [2] 2'00 $memory$auto$proc_rom.cc:155:do_switch$1739$rdmux[0][6][10]$b$5736 [2:1] 1'1 }
    Consolidated identical input bits for $mux cell $memory$auto$proc_rom.cc:155:do_switch$1739$rdmux[0][7][20]$5956:
      Old ports: A=8'11101110, B=8'01001100, Y=$memory$auto$proc_rom.cc:155:do_switch$1739$rdmux[0][6][10]$a$5735
      New ports: A=1'1, B=1'0, Y=$memory$auto$proc_rom.cc:155:do_switch$1739$rdmux[0][6][10]$a$5735 [1]
      New connections: { $memory$auto$proc_rom.cc:155:do_switch$1739$rdmux[0][6][10]$a$5735 [7:2] $memory$auto$proc_rom.cc:155:do_switch$1739$rdmux[0][6][10]$a$5735 [0] } = { $memory$auto$proc_rom.cc:155:do_switch$1739$rdmux[0][6][10]$a$5735 [1] 1'1 $memory$auto$proc_rom.cc:155:do_switch$1739$rdmux[0][6][10]$a$5735 [1] 4'0110 }
    Consolidated identical input bits for $mux cell $memory$auto$proc_rom.cc:155:do_switch$1739$rdmux[0][7][19]$5953:
      Old ports: A=8'00100011, B=8'00111101, Y=$memory$auto$proc_rom.cc:155:do_switch$1739$rdmux[0][6][9]$b$5733
      New ports: A=2'01, B=2'10, Y=$memory$auto$proc_rom.cc:155:do_switch$1739$rdmux[0][6][9]$b$5733 [2:1]
      New connections: { $memory$auto$proc_rom.cc:155:do_switch$1739$rdmux[0][6][9]$b$5733 [7:3] $memory$auto$proc_rom.cc:155:do_switch$1739$rdmux[0][6][9]$b$5733 [0] } = { 3'001 $memory$auto$proc_rom.cc:155:do_switch$1739$rdmux[0][6][9]$b$5733 [2] $memory$auto$proc_rom.cc:155:do_switch$1739$rdmux[0][6][9]$b$5733 [2] 1'1 }
    Consolidated identical input bits for $mux cell $memory$auto$proc_rom.cc:155:do_switch$1739$rdmux[0][7][18]$5950:
      Old ports: A=8'10100110, B=8'11000010, Y=$memory$auto$proc_rom.cc:155:do_switch$1739$rdmux[0][6][9]$a$5732
      New ports: A=2'01, B=2'10, Y={ $memory$auto$proc_rom.cc:155:do_switch$1739$rdmux[0][6][9]$a$5732 [6] $memory$auto$proc_rom.cc:155:do_switch$1739$rdmux[0][6][9]$a$5732 [2] }
      New connections: { $memory$auto$proc_rom.cc:155:do_switch$1739$rdmux[0][6][9]$a$5732 [7] $memory$auto$proc_rom.cc:155:do_switch$1739$rdmux[0][6][9]$a$5732 [5:3] $memory$auto$proc_rom.cc:155:do_switch$1739$rdmux[0][6][9]$a$5732 [1:0] } = { 1'1 $memory$auto$proc_rom.cc:155:do_switch$1739$rdmux[0][6][9]$a$5732 [2] 4'0010 }
    Consolidated identical input bits for $mux cell $memory$auto$proc_rom.cc:155:do_switch$1739$rdmux[0][7][17]$5947:
      Old ports: A=8'10010100, B=8'00110010, Y=$memory$auto$proc_rom.cc:155:do_switch$1739$rdmux[0][6][8]$b$5730
      New ports: A=2'10, B=2'01, Y=$memory$auto$proc_rom.cc:155:do_switch$1739$rdmux[0][6][8]$b$5730 [2:1]
      New connections: { $memory$auto$proc_rom.cc:155:do_switch$1739$rdmux[0][6][8]$b$5730 [7:3] $memory$auto$proc_rom.cc:155:do_switch$1739$rdmux[0][6][8]$b$5730 [0] } = { $memory$auto$proc_rom.cc:155:do_switch$1739$rdmux[0][6][8]$b$5730 [2] 1'0 $memory$auto$proc_rom.cc:155:do_switch$1739$rdmux[0][6][8]$b$5730 [1] 3'100 }
    Consolidated identical input bits for $mux cell $memory$auto$proc_rom.cc:155:do_switch$1739$rdmux[0][7][16]$5944:
      Old ports: A=8'01010100, B=8'01111011, Y=$memory$auto$proc_rom.cc:155:do_switch$1739$rdmux[0][6][8]$a$5729
      New ports: A=2'10, B=2'01, Y={ $memory$auto$proc_rom.cc:155:do_switch$1739$rdmux[0][6][8]$a$5729 [2] $memory$auto$proc_rom.cc:155:do_switch$1739$rdmux[0][6][8]$a$5729 [0] }
      New connections: { $memory$auto$proc_rom.cc:155:do_switch$1739$rdmux[0][6][8]$a$5729 [7:3] $memory$auto$proc_rom.cc:155:do_switch$1739$rdmux[0][6][8]$a$5729 [1] } = { 2'01 $memory$auto$proc_rom.cc:155:do_switch$1739$rdmux[0][6][8]$a$5729 [0] 1'1 $memory$auto$proc_rom.cc:155:do_switch$1739$rdmux[0][6][8]$a$5729 [0] $memory$auto$proc_rom.cc:155:do_switch$1739$rdmux[0][6][8]$a$5729 [0] }
    Consolidated identical input bits for $mux cell $memory$auto$proc_rom.cc:155:do_switch$1739$rdmux[0][7][15]$5941:
      Old ports: A=8'11101001, B=8'11001011, Y=$memory$auto$proc_rom.cc:155:do_switch$1739$rdmux[0][6][7]$b$5727
      New ports: A=2'10, B=2'01, Y={ $memory$auto$proc_rom.cc:155:do_switch$1739$rdmux[0][6][7]$b$5727 [5] $memory$auto$proc_rom.cc:155:do_switch$1739$rdmux[0][6][7]$b$5727 [1] }
      New connections: { $memory$auto$proc_rom.cc:155:do_switch$1739$rdmux[0][6][7]$b$5727 [7:6] $memory$auto$proc_rom.cc:155:do_switch$1739$rdmux[0][6][7]$b$5727 [4:2] $memory$auto$proc_rom.cc:155:do_switch$1739$rdmux[0][6][7]$b$5727 [0] } = 6'110101
    Consolidated identical input bits for $mux cell $memory$auto$proc_rom.cc:155:do_switch$1739$rdmux[0][7][14]$5938:
      Old ports: A=8'11000100, B=8'11011110, Y=$memory$auto$proc_rom.cc:155:do_switch$1739$rdmux[0][6][7]$a$5726
      New ports: A=1'0, B=1'1, Y=$memory$auto$proc_rom.cc:155:do_switch$1739$rdmux[0][6][7]$a$5726 [1]
      New connections: { $memory$auto$proc_rom.cc:155:do_switch$1739$rdmux[0][6][7]$a$5726 [7:2] $memory$auto$proc_rom.cc:155:do_switch$1739$rdmux[0][6][7]$a$5726 [0] } = { 3'110 $memory$auto$proc_rom.cc:155:do_switch$1739$rdmux[0][6][7]$a$5726 [1] $memory$auto$proc_rom.cc:155:do_switch$1739$rdmux[0][6][7]$a$5726 [1] 2'10 }
    Consolidated identical input bits for $mux cell $memory$auto$proc_rom.cc:155:do_switch$1739$rdmux[0][7][13]$5935:
      Old ports: A=8'01000011, B=8'01000100, Y=$memory$auto$proc_rom.cc:155:do_switch$1739$rdmux[0][6][6]$b$5724
      New ports: A=2'01, B=2'10, Y={ $memory$auto$proc_rom.cc:155:do_switch$1739$rdmux[0][6][6]$b$5724 [2] $memory$auto$proc_rom.cc:155:do_switch$1739$rdmux[0][6][6]$b$5724 [0] }
      New connections: { $memory$auto$proc_rom.cc:155:do_switch$1739$rdmux[0][6][6]$b$5724 [7:3] $memory$auto$proc_rom.cc:155:do_switch$1739$rdmux[0][6][6]$b$5724 [1] } = { 5'01000 $memory$auto$proc_rom.cc:155:do_switch$1739$rdmux[0][6][6]$b$5724 [0] }
    Consolidated identical input bits for $mux cell $memory$auto$proc_rom.cc:155:do_switch$1739$rdmux[0][7][12]$5932:
      Old ports: A=8'00110100, B=8'10001110, Y=$memory$auto$proc_rom.cc:155:do_switch$1739$rdmux[0][6][6]$a$5723
      New ports: A=2'10, B=2'01, Y={ $memory$auto$proc_rom.cc:155:do_switch$1739$rdmux[0][6][6]$a$5723 [4] $memory$auto$proc_rom.cc:155:do_switch$1739$rdmux[0][6][6]$a$5723 [1] }
      New connections: { $memory$auto$proc_rom.cc:155:do_switch$1739$rdmux[0][6][6]$a$5723 [7:5] $memory$auto$proc_rom.cc:155:do_switch$1739$rdmux[0][6][6]$a$5723 [3:2] $memory$auto$proc_rom.cc:155:do_switch$1739$rdmux[0][6][6]$a$5723 [0] } = { $memory$auto$proc_rom.cc:155:do_switch$1739$rdmux[0][6][6]$a$5723 [1] 1'0 $memory$auto$proc_rom.cc:155:do_switch$1739$rdmux[0][6][6]$a$5723 [4] $memory$auto$proc_rom.cc:155:do_switch$1739$rdmux[0][6][6]$a$5723 [1] 2'10 }
    Consolidated identical input bits for $mux cell $memory$auto$proc_rom.cc:155:do_switch$1739$rdmux[0][7][11]$5929:
      Old ports: A=8'11111111, B=8'10000111, Y=$memory$auto$proc_rom.cc:155:do_switch$1739$rdmux[0][6][5]$b$5721
      New ports: A=1'1, B=1'0, Y=$memory$auto$proc_rom.cc:155:do_switch$1739$rdmux[0][6][5]$b$5721 [3]
      New connections: { $memory$auto$proc_rom.cc:155:do_switch$1739$rdmux[0][6][5]$b$5721 [7:4] $memory$auto$proc_rom.cc:155:do_switch$1739$rdmux[0][6][5]$b$5721 [2:0] } = { 1'1 $memory$auto$proc_rom.cc:155:do_switch$1739$rdmux[0][6][5]$b$5721 [3] $memory$auto$proc_rom.cc:155:do_switch$1739$rdmux[0][6][5]$b$5721 [3] $memory$auto$proc_rom.cc:155:do_switch$1739$rdmux[0][6][5]$b$5721 [3] 3'111 }
    Consolidated identical input bits for $mux cell $memory$auto$proc_rom.cc:155:do_switch$1739$rdmux[0][7][10]$5926:
      Old ports: A=8'10011011, B=8'00101111, Y=$memory$auto$proc_rom.cc:155:do_switch$1739$rdmux[0][6][5]$a$5720
      New ports: A=2'10, B=2'01, Y={ $memory$auto$proc_rom.cc:155:do_switch$1739$rdmux[0][6][5]$a$5720 [4] $memory$auto$proc_rom.cc:155:do_switch$1739$rdmux[0][6][5]$a$5720 [2] }
      New connections: { $memory$auto$proc_rom.cc:155:do_switch$1739$rdmux[0][6][5]$a$5720 [7:5] $memory$auto$proc_rom.cc:155:do_switch$1739$rdmux[0][6][5]$a$5720 [3] $memory$auto$proc_rom.cc:155:do_switch$1739$rdmux[0][6][5]$a$5720 [1:0] } = { $memory$auto$proc_rom.cc:155:do_switch$1739$rdmux[0][6][5]$a$5720 [4] 1'0 $memory$auto$proc_rom.cc:155:do_switch$1739$rdmux[0][6][5]$a$5720 [2] 3'111 }
    Consolidated identical input bits for $mux cell $memory$auto$proc_rom.cc:155:do_switch$1739$rdmux[0][7][9]$5923:
      Old ports: A=8'00111001, B=8'10000010, Y=$memory$auto$proc_rom.cc:155:do_switch$1739$rdmux[0][6][4]$b$5718
      New ports: A=2'01, B=2'10, Y=$memory$auto$proc_rom.cc:155:do_switch$1739$rdmux[0][6][4]$b$5718 [1:0]
      New connections: $memory$auto$proc_rom.cc:155:do_switch$1739$rdmux[0][6][4]$b$5718 [7:2] = { $memory$auto$proc_rom.cc:155:do_switch$1739$rdmux[0][6][4]$b$5718 [1] 1'0 $memory$auto$proc_rom.cc:155:do_switch$1739$rdmux[0][6][4]$b$5718 [0] $memory$auto$proc_rom.cc:155:do_switch$1739$rdmux[0][6][4]$b$5718 [0] $memory$auto$proc_rom.cc:155:do_switch$1739$rdmux[0][6][4]$b$5718 [0] 1'0 }
    Consolidated identical input bits for $mux cell $memory$auto$proc_rom.cc:155:do_switch$1739$rdmux[0][7][8]$5920:
      Old ports: A=8'01111100, B=8'11100011, Y=$memory$auto$proc_rom.cc:155:do_switch$1739$rdmux[0][6][4]$a$5717
      New ports: A=2'10, B=2'01, Y={ $memory$auto$proc_rom.cc:155:do_switch$1739$rdmux[0][6][4]$a$5717 [2] $memory$auto$proc_rom.cc:155:do_switch$1739$rdmux[0][6][4]$a$5717 [0] }
      New connections: { $memory$auto$proc_rom.cc:155:do_switch$1739$rdmux[0][6][4]$a$5717 [7:3] $memory$auto$proc_rom.cc:155:do_switch$1739$rdmux[0][6][4]$a$5717 [1] } = { $memory$auto$proc_rom.cc:155:do_switch$1739$rdmux[0][6][4]$a$5717 [0] 2'11 $memory$auto$proc_rom.cc:155:do_switch$1739$rdmux[0][6][4]$a$5717 [2] $memory$auto$proc_rom.cc:155:do_switch$1739$rdmux[0][6][4]$a$5717 [2] $memory$auto$proc_rom.cc:155:do_switch$1739$rdmux[0][6][4]$a$5717 [0] }
    Consolidated identical input bits for $mux cell $memory$auto$proc_rom.cc:155:do_switch$1739$rdmux[0][7][7]$5917:
      Old ports: A=8'11010111, B=8'11111011, Y=$memory$auto$proc_rom.cc:155:do_switch$1739$rdmux[0][6][3]$b$5715
      New ports: A=2'01, B=2'10, Y=$memory$auto$proc_rom.cc:155:do_switch$1739$rdmux[0][6][3]$b$5715 [3:2]
      New connections: { $memory$auto$proc_rom.cc:155:do_switch$1739$rdmux[0][6][3]$b$5715 [7:4] $memory$auto$proc_rom.cc:155:do_switch$1739$rdmux[0][6][3]$b$5715 [1:0] } = { 2'11 $memory$auto$proc_rom.cc:155:do_switch$1739$rdmux[0][6][3]$b$5715 [3] 3'111 }
    Consolidated identical input bits for $mux cell $memory$auto$proc_rom.cc:155:do_switch$1739$rdmux[0][7][6]$5914:
      Old ports: A=8'10000001, B=8'11110011, Y=$memory$auto$proc_rom.cc:155:do_switch$1739$rdmux[0][6][3]$a$5714
      New ports: A=1'0, B=1'1, Y=$memory$auto$proc_rom.cc:155:do_switch$1739$rdmux[0][6][3]$a$5714 [1]
      New connections: { $memory$auto$proc_rom.cc:155:do_switch$1739$rdmux[0][6][3]$a$5714 [7:2] $memory$auto$proc_rom.cc:155:do_switch$1739$rdmux[0][6][3]$a$5714 [0] } = { 1'1 $memory$auto$proc_rom.cc:155:do_switch$1739$rdmux[0][6][3]$a$5714 [1] $memory$auto$proc_rom.cc:155:do_switch$1739$rdmux[0][6][3]$a$5714 [1] $memory$auto$proc_rom.cc:155:do_switch$1739$rdmux[0][6][3]$a$5714 [1] 3'001 }
    Consolidated identical input bits for $mux cell $memory$auto$proc_rom.cc:155:do_switch$1739$rdmux[0][7][5]$5911:
      Old ports: A=8'10100011, B=8'10011110, Y=$memory$auto$proc_rom.cc:155:do_switch$1739$rdmux[0][6][2]$b$5712
      New ports: A=2'01, B=2'10, Y={ $memory$auto$proc_rom.cc:155:do_switch$1739$rdmux[0][6][2]$b$5712 [2] $memory$auto$proc_rom.cc:155:do_switch$1739$rdmux[0][6][2]$b$5712 [0] }
      New connections: { $memory$auto$proc_rom.cc:155:do_switch$1739$rdmux[0][6][2]$b$5712 [7:3] $memory$auto$proc_rom.cc:155:do_switch$1739$rdmux[0][6][2]$b$5712 [1] } = { 2'10 $memory$auto$proc_rom.cc:155:do_switch$1739$rdmux[0][6][2]$b$5712 [0] $memory$auto$proc_rom.cc:155:do_switch$1739$rdmux[0][6][2]$b$5712 [2] $memory$auto$proc_rom.cc:155:do_switch$1739$rdmux[0][6][2]$b$5712 [2] 1'1 }
    Consolidated identical input bits for $mux cell $memory$auto$proc_rom.cc:155:do_switch$1739$rdmux[0][7][4]$5908:
      Old ports: A=8'10111111, B=8'01000000, Y=$memory$auto$proc_rom.cc:155:do_switch$1739$rdmux[0][6][2]$a$5711
      New ports: A=2'01, B=2'10, Y={ $memory$auto$proc_rom.cc:155:do_switch$1739$rdmux[0][6][2]$a$5711 [6] $memory$auto$proc_rom.cc:155:do_switch$1739$rdmux[0][6][2]$a$5711 [0] }
      New connections: { $memory$auto$proc_rom.cc:155:do_switch$1739$rdmux[0][6][2]$a$5711 [7] $memory$auto$proc_rom.cc:155:do_switch$1739$rdmux[0][6][2]$a$5711 [5:1] } = { $memory$auto$proc_rom.cc:155:do_switch$1739$rdmux[0][6][2]$a$5711 [0] $memory$auto$proc_rom.cc:155:do_switch$1739$rdmux[0][6][2]$a$5711 [0] $memory$auto$proc_rom.cc:155:do_switch$1739$rdmux[0][6][2]$a$5711 [0] $memory$auto$proc_rom.cc:155:do_switch$1739$rdmux[0][6][2]$a$5711 [0] $memory$auto$proc_rom.cc:155:do_switch$1739$rdmux[0][6][2]$a$5711 [0] $memory$auto$proc_rom.cc:155:do_switch$1739$rdmux[0][6][2]$a$5711 [0] }
    Consolidated identical input bits for $mux cell $memory$auto$proc_rom.cc:155:do_switch$1739$rdmux[0][7][3]$5905:
      Old ports: A=8'10100101, B=8'00111000, Y=$memory$auto$proc_rom.cc:155:do_switch$1739$rdmux[0][6][1]$b$5709
      New ports: A=2'01, B=2'10, Y={ $memory$auto$proc_rom.cc:155:do_switch$1739$rdmux[0][6][1]$b$5709 [3] $memory$auto$proc_rom.cc:155:do_switch$1739$rdmux[0][6][1]$b$5709 [0] }
      New connections: { $memory$auto$proc_rom.cc:155:do_switch$1739$rdmux[0][6][1]$b$5709 [7:4] $memory$auto$proc_rom.cc:155:do_switch$1739$rdmux[0][6][1]$b$5709 [2:1] } = { $memory$auto$proc_rom.cc:155:do_switch$1739$rdmux[0][6][1]$b$5709 [0] 2'01 $memory$auto$proc_rom.cc:155:do_switch$1739$rdmux[0][6][1]$b$5709 [3] $memory$auto$proc_rom.cc:155:do_switch$1739$rdmux[0][6][1]$b$5709 [0] 1'0 }
    Consolidated identical input bits for $mux cell $memory$auto$proc_rom.cc:155:do_switch$1739$rdmux[0][7][2]$5902:
      Old ports: A=8'00110000, B=8'00110110, Y=$memory$auto$proc_rom.cc:155:do_switch$1739$rdmux[0][6][1]$a$5708
      New ports: A=1'0, B=1'1, Y=$memory$auto$proc_rom.cc:155:do_switch$1739$rdmux[0][6][1]$a$5708 [1]
      New connections: { $memory$auto$proc_rom.cc:155:do_switch$1739$rdmux[0][6][1]$a$5708 [7:2] $memory$auto$proc_rom.cc:155:do_switch$1739$rdmux[0][6][1]$a$5708 [0] } = { 5'00110 $memory$auto$proc_rom.cc:155:do_switch$1739$rdmux[0][6][1]$a$5708 [1] 1'0 }
    Consolidated identical input bits for $mux cell $memory$auto$proc_rom.cc:155:do_switch$1739$rdmux[0][7][1]$5899:
      Old ports: A=8'01101010, B=8'11010101, Y=$memory$auto$proc_rom.cc:155:do_switch$1739$rdmux[0][6][0]$b$5706
      New ports: A=2'10, B=2'01, Y=$memory$auto$proc_rom.cc:155:do_switch$1739$rdmux[0][6][0]$b$5706 [1:0]
      New connections: $memory$auto$proc_rom.cc:155:do_switch$1739$rdmux[0][6][0]$b$5706 [7:2] = { $memory$auto$proc_rom.cc:155:do_switch$1739$rdmux[0][6][0]$b$5706 [0] 1'1 $memory$auto$proc_rom.cc:155:do_switch$1739$rdmux[0][6][0]$b$5706 [1:0] $memory$auto$proc_rom.cc:155:do_switch$1739$rdmux[0][6][0]$b$5706 [1:0] }
    Consolidated identical input bits for $mux cell $memory$auto$proc_rom.cc:155:do_switch$1739$rdmux[0][7][0]$5896:
      Old ports: A=8'01010010, B=8'00001001, Y=$memory$auto$proc_rom.cc:155:do_switch$1739$rdmux[0][6][0]$a$5705
      New ports: A=2'10, B=2'01, Y=$memory$auto$proc_rom.cc:155:do_switch$1739$rdmux[0][6][0]$a$5705 [1:0]
      New connections: $memory$auto$proc_rom.cc:155:do_switch$1739$rdmux[0][6][0]$a$5705 [7:2] = { 1'0 $memory$auto$proc_rom.cc:155:do_switch$1739$rdmux[0][6][0]$a$5705 [1] 1'0 $memory$auto$proc_rom.cc:155:do_switch$1739$rdmux[0][6][0]$a$5705 [1:0] 1'0 }
    Consolidated identical input bits for $mux cell $ternary$../rtl/core/aes_isa_ext.v:54$1570:
      Old ports: A={ $shl$../rtl/core/aes_isa_ext.v:54$1510_Y [4:1] 1'0 }, B={ $auto$opt_expr.cc:206:group_cell_inputs$5479 [2:1] $shl$../rtl/core/aes_isa_ext.v:54$1510_Y [2] $auto$opt_expr.cc:206:group_cell_inputs$5479 [0] 1'1 }, Y=$shl$../rtl/core/aes_isa_ext.v:54$1514_Y [5:1]
      New ports: A={ $shl$../rtl/core/aes_isa_ext.v:54$1510_Y [4:3] $shl$../rtl/core/aes_isa_ext.v:54$1510_Y [1] 1'0 }, B={ $auto$opt_expr.cc:206:group_cell_inputs$5479 1'1 }, Y={ $shl$../rtl/core/aes_isa_ext.v:54$1514_Y [5:4] $shl$../rtl/core/aes_isa_ext.v:54$1514_Y [2:1] }
      New connections: $shl$../rtl/core/aes_isa_ext.v:54$1514_Y [3] = $shl$../rtl/core/aes_isa_ext.v:54$1510_Y [2]
    Consolidated identical input bits for $mux cell $ternary$../rtl/core/aes_isa_ext.v:54$1705:
      Old ports: A={ $shl$../rtl/core/aes_isa_ext.v:54$1528_Y [4:1] 1'0 }, B={ $auto$opt_expr.cc:206:group_cell_inputs$5459 [2:1] $shl$../rtl/core/aes_isa_ext.v:54$1528_Y [2] $auto$opt_expr.cc:206:group_cell_inputs$5459 [0] 1'1 }, Y=$ternary$../rtl/core/aes_isa_ext.v:54$1531_Y [4:0]
      New ports: A={ $shl$../rtl/core/aes_isa_ext.v:54$1528_Y [4:3] $shl$../rtl/core/aes_isa_ext.v:54$1528_Y [1] 1'0 }, B={ $auto$opt_expr.cc:206:group_cell_inputs$5459 1'1 }, Y={ $ternary$../rtl/core/aes_isa_ext.v:54$1531_Y [4:3] $ternary$../rtl/core/aes_isa_ext.v:54$1531_Y [1:0] }
      New connections: $ternary$../rtl/core/aes_isa_ext.v:54$1531_Y [2] = $shl$../rtl/core/aes_isa_ext.v:54$1528_Y [2]
    Consolidated identical input bits for $mux cell $ternary$../rtl/core/aes_isa_ext.v:54$1691:
      Old ports: A={ $shl$../rtl/core/aes_isa_ext.v:54$1514_Y [4:1] 1'0 }, B={ $auto$opt_expr.cc:206:group_cell_inputs$5483 [2:1] $shl$../rtl/core/aes_isa_ext.v:54$1514_Y [2] $auto$opt_expr.cc:206:group_cell_inputs$5483 [0] 1'1 }, Y=$ternary$../rtl/core/aes_isa_ext.v:54$1517_Y [4:0]
      New ports: A={ $shl$../rtl/core/aes_isa_ext.v:54$1514_Y [4:3] $shl$../rtl/core/aes_isa_ext.v:54$1514_Y [1] 1'0 }, B={ $auto$opt_expr.cc:206:group_cell_inputs$5483 1'1 }, Y={ $ternary$../rtl/core/aes_isa_ext.v:54$1517_Y [4:3] $ternary$../rtl/core/aes_isa_ext.v:54$1517_Y [1:0] }
      New connections: $ternary$../rtl/core/aes_isa_ext.v:54$1517_Y [2] = $shl$../rtl/core/aes_isa_ext.v:54$1514_Y [2]
    Consolidated identical input bits for $mux cell $ternary$../rtl/core/aes_isa_ext.v:54$1469:
      Old ports: A={ $0$unnamed_block$1.tmp[31:0]$415 [11:8] 1'0 }, B={ $auto$opt_expr.cc:206:group_cell_inputs$5503 [2:1] $0$unnamed_block$1.tmp[31:0]$415 [9] $auto$opt_expr.cc:206:group_cell_inputs$5503 [0] 1'1 }, Y=$ternary$../rtl/core/aes_isa_ext.v:54$1461_Y [4:0]
      New ports: A={ $0$unnamed_block$1.tmp[31:0]$415 [11:10] $0$unnamed_block$1.tmp[31:0]$415 [8] 1'0 }, B={ $auto$opt_expr.cc:206:group_cell_inputs$5503 1'1 }, Y={ $ternary$../rtl/core/aes_isa_ext.v:54$1461_Y [4:3] $ternary$../rtl/core/aes_isa_ext.v:54$1461_Y [1:0] }
      New connections: $ternary$../rtl/core/aes_isa_ext.v:54$1461_Y [2] = $0$unnamed_block$1.tmp[31:0]$415 [9]
    Consolidated identical input bits for $mux cell $ternary$../rtl/core/aes_isa_ext.v:54$1509:
      Old ports: A={ \custom_rs1 [19:16] 1'0 }, B={ $auto$opt_expr.cc:206:group_cell_inputs$5463 [2:1] \custom_rs1 [17] $auto$opt_expr.cc:206:group_cell_inputs$5463 [0] 1'1 }, Y=$shl$../rtl/core/aes_isa_ext.v:54$1510_Y [5:1]
      New ports: A={ \custom_rs1 [19:18] \custom_rs1 [16] 1'0 }, B={ $auto$opt_expr.cc:206:group_cell_inputs$5463 1'1 }, Y={ $shl$../rtl/core/aes_isa_ext.v:54$1510_Y [5:4] $shl$../rtl/core/aes_isa_ext.v:54$1510_Y [2:1] }
      New connections: $shl$../rtl/core/aes_isa_ext.v:54$1510_Y [3] = \custom_rs1 [17]
    Consolidated identical input bits for $mux cell $ternary$../rtl/core/aes_isa_ext.v:54$1503:
      Old ports: A={ $shl$../rtl/core/aes_isa_ext.v:54$1500_Y [4:1] 1'0 }, B={ $auto$opt_expr.cc:206:group_cell_inputs$5495 [2:1] $shl$../rtl/core/aes_isa_ext.v:54$1500_Y [2] $auto$opt_expr.cc:206:group_cell_inputs$5495 [0] 1'1 }, Y=$ternary$../rtl/core/aes_isa_ext.v:54$1503_Y [4:0]
      New ports: A={ $shl$../rtl/core/aes_isa_ext.v:54$1500_Y [4:3] $shl$../rtl/core/aes_isa_ext.v:54$1500_Y [1] 1'0 }, B={ $auto$opt_expr.cc:206:group_cell_inputs$5495 1'1 }, Y={ $ternary$../rtl/core/aes_isa_ext.v:54$1503_Y [4:3] $ternary$../rtl/core/aes_isa_ext.v:54$1503_Y [1:0] }
      New connections: $ternary$../rtl/core/aes_isa_ext.v:54$1503_Y [2] = $shl$../rtl/core/aes_isa_ext.v:54$1500_Y [2]
    Consolidated identical input bits for $mux cell $ternary$../rtl/core/aes_isa_ext.v:54$1594:
      Old ports: A={ \custom_rs1 [3:0] 1'0 }, B={ $auto$opt_expr.cc:206:group_cell_inputs$5467 [2:1] \custom_rs1 [1] $auto$opt_expr.cc:206:group_cell_inputs$5467 [0] 1'1 }, Y=$shl$../rtl/core/aes_isa_ext.v:54$1538_Y [5:1]
      New ports: A={ \custom_rs1 [3:2] \custom_rs1 [0] 1'0 }, B={ $auto$opt_expr.cc:206:group_cell_inputs$5467 1'1 }, Y={ $shl$../rtl/core/aes_isa_ext.v:54$1538_Y [5:4] $shl$../rtl/core/aes_isa_ext.v:54$1538_Y [2:1] }
      New connections: $shl$../rtl/core/aes_isa_ext.v:54$1538_Y [3] = \custom_rs1 [1]
    Consolidated identical input bits for $mux cell $ternary$../rtl/core/aes_isa_ext.v:54$1541:
      Old ports: A={ $shl$../rtl/core/aes_isa_ext.v:54$1538_Y [4:1] 1'0 }, B={ $auto$opt_expr.cc:206:group_cell_inputs$5471 [2:1] $shl$../rtl/core/aes_isa_ext.v:54$1538_Y [2] $auto$opt_expr.cc:206:group_cell_inputs$5471 [0] 1'1 }, Y=$shl$../rtl/core/aes_isa_ext.v:54$1542_Y [5:1]
      New ports: A={ $shl$../rtl/core/aes_isa_ext.v:54$1538_Y [4:3] $shl$../rtl/core/aes_isa_ext.v:54$1538_Y [1] 1'0 }, B={ $auto$opt_expr.cc:206:group_cell_inputs$5471 1'1 }, Y={ $shl$../rtl/core/aes_isa_ext.v:54$1542_Y [5:4] $shl$../rtl/core/aes_isa_ext.v:54$1542_Y [2:1] }
      New connections: $shl$../rtl/core/aes_isa_ext.v:54$1542_Y [3] = $shl$../rtl/core/aes_isa_ext.v:54$1538_Y [2]
    Consolidated identical input bits for $mux cell $ternary$../rtl/core/aes_isa_ext.v:54$1457:
      Old ports: A={ $0$unnamed_block$1.tmp[31:0]$415 [19:16] 1'0 }, B={ $auto$opt_expr.cc:206:group_cell_inputs$5507 [2:1] $0$unnamed_block$1.tmp[31:0]$415 [17] $auto$opt_expr.cc:206:group_cell_inputs$5507 [0] 1'1 }, Y=$ternary$../rtl/core/aes_isa_ext.v:54$1449_Y [4:0]
      New ports: A={ $0$unnamed_block$1.tmp[31:0]$415 [19:18] $0$unnamed_block$1.tmp[31:0]$415 [16] 1'0 }, B={ $auto$opt_expr.cc:206:group_cell_inputs$5507 1'1 }, Y={ $ternary$../rtl/core/aes_isa_ext.v:54$1449_Y [4:3] $ternary$../rtl/core/aes_isa_ext.v:54$1449_Y [1:0] }
      New connections: $ternary$../rtl/core/aes_isa_ext.v:54$1449_Y [2] = $0$unnamed_block$1.tmp[31:0]$415 [17]
    Consolidated identical input bits for $mux cell $ternary$../rtl/core/aes_isa_ext.v:54$1602:
      Old ports: A={ $shl$../rtl/core/aes_isa_ext.v:54$1542_Y [4:1] 1'0 }, B={ $auto$opt_expr.cc:206:group_cell_inputs$5475 [2:1] $shl$../rtl/core/aes_isa_ext.v:54$1542_Y [2] $auto$opt_expr.cc:206:group_cell_inputs$5475 [0] 1'1 }, Y=$ternary$../rtl/core/aes_isa_ext.v:54$1545_Y [4:0]
      New ports: A={ $shl$../rtl/core/aes_isa_ext.v:54$1542_Y [4:3] $shl$../rtl/core/aes_isa_ext.v:54$1542_Y [1] 1'0 }, B={ $auto$opt_expr.cc:206:group_cell_inputs$5475 1'1 }, Y={ $ternary$../rtl/core/aes_isa_ext.v:54$1545_Y [4:3] $ternary$../rtl/core/aes_isa_ext.v:54$1545_Y [1:0] }
      New connections: $ternary$../rtl/core/aes_isa_ext.v:54$1545_Y [2] = $shl$../rtl/core/aes_isa_ext.v:54$1542_Y [2]
    Consolidated identical input bits for $mux cell $ternary$../rtl/core/aes_isa_ext.v:54$1499:
      Old ports: A={ $shl$../rtl/core/aes_isa_ext.v:54$1496_Y [4:1] 1'0 }, B={ $auto$opt_expr.cc:206:group_cell_inputs$5491 [2:1] $shl$../rtl/core/aes_isa_ext.v:54$1496_Y [2] $auto$opt_expr.cc:206:group_cell_inputs$5491 [0] 1'1 }, Y=$shl$../rtl/core/aes_isa_ext.v:54$1500_Y [5:1]
      New ports: A={ $shl$../rtl/core/aes_isa_ext.v:54$1496_Y [4:3] $shl$../rtl/core/aes_isa_ext.v:54$1496_Y [1] 1'0 }, B={ $auto$opt_expr.cc:206:group_cell_inputs$5491 1'1 }, Y={ $shl$../rtl/core/aes_isa_ext.v:54$1500_Y [5:4] $shl$../rtl/core/aes_isa_ext.v:54$1500_Y [2:1] }
      New connections: $shl$../rtl/core/aes_isa_ext.v:54$1500_Y [3] = $shl$../rtl/core/aes_isa_ext.v:54$1496_Y [2]
    Consolidated identical input bits for $mux cell $ternary$../rtl/core/aes_isa_ext.v:54$1580:
      Old ports: A={ \custom_rs1 [11:8] 1'0 }, B={ $auto$opt_expr.cc:206:group_cell_inputs$5451 [2:1] \custom_rs1 [9] $auto$opt_expr.cc:206:group_cell_inputs$5451 [0] 1'1 }, Y=$shl$../rtl/core/aes_isa_ext.v:54$1524_Y [5:1]
      New ports: A={ \custom_rs1 [11:10] \custom_rs1 [8] 1'0 }, B={ $auto$opt_expr.cc:206:group_cell_inputs$5451 1'1 }, Y={ $shl$../rtl/core/aes_isa_ext.v:54$1524_Y [5:4] $shl$../rtl/core/aes_isa_ext.v:54$1524_Y [2:1] }
      New connections: $shl$../rtl/core/aes_isa_ext.v:54$1524_Y [3] = \custom_rs1 [9]
    Consolidated identical input bits for $mux cell $ternary$../rtl/core/aes_isa_ext.v:54$1486:
      Old ports: A={ $0$unnamed_block$1.tmp[31:0]$415 [3:0] 1'0 }, B={ $auto$opt_expr.cc:206:group_cell_inputs$5499 [2:1] $0$unnamed_block$1.tmp[31:0]$415 [1] $auto$opt_expr.cc:206:group_cell_inputs$5499 [0] 1'1 }, Y=$ternary$../rtl/core/aes_isa_ext.v:54$1473_Y [4:0]
      New ports: A={ $0$unnamed_block$1.tmp[31:0]$415 [3:2] $0$unnamed_block$1.tmp[31:0]$415 [0] 1'0 }, B={ $auto$opt_expr.cc:206:group_cell_inputs$5499 1'1 }, Y={ $ternary$../rtl/core/aes_isa_ext.v:54$1473_Y [4:3] $ternary$../rtl/core/aes_isa_ext.v:54$1473_Y [1:0] }
      New connections: $ternary$../rtl/core/aes_isa_ext.v:54$1473_Y [2] = $0$unnamed_block$1.tmp[31:0]$415 [1]
    Consolidated identical input bits for $mux cell $ternary$../rtl/core/aes_isa_ext.v:54$1611:
      Old ports: A={ \custom_rs1 [27:24] 1'0 }, B={ $auto$opt_expr.cc:206:group_cell_inputs$5487 [2:1] \custom_rs1 [25] $auto$opt_expr.cc:206:group_cell_inputs$5487 [0] 1'1 }, Y=$shl$../rtl/core/aes_isa_ext.v:54$1496_Y [5:1]
      New ports: A={ \custom_rs1 [27:26] \custom_rs1 [24] 1'0 }, B={ $auto$opt_expr.cc:206:group_cell_inputs$5487 1'1 }, Y={ $shl$../rtl/core/aes_isa_ext.v:54$1496_Y [5:4] $shl$../rtl/core/aes_isa_ext.v:54$1496_Y [2:1] }
      New connections: $shl$../rtl/core/aes_isa_ext.v:54$1496_Y [3] = \custom_rs1 [25]
    Consolidated identical input bits for $mux cell $memory$auto$proc_rom.cc:155:do_switch$1739$rdmux[0][7][127]$6277:
      Old ports: A=8'00001100, B=8'01111101, Y=$memory$auto$proc_rom.cc:155:do_switch$1739$rdmux[0][6][63]$b$5895
      New ports: A=1'0, B=1'1, Y=$memory$auto$proc_rom.cc:155:do_switch$1739$rdmux[0][6][63]$b$5895 [0]
      New connections: $memory$auto$proc_rom.cc:155:do_switch$1739$rdmux[0][6][63]$b$5895 [7:1] = { 1'0 $memory$auto$proc_rom.cc:155:do_switch$1739$rdmux[0][6][63]$b$5895 [0] $memory$auto$proc_rom.cc:155:do_switch$1739$rdmux[0][6][63]$b$5895 [0] $memory$auto$proc_rom.cc:155:do_switch$1739$rdmux[0][6][63]$b$5895 [0] 3'110 }
    Consolidated identical input bits for $mux cell $memory$auto$proc_rom.cc:155:do_switch$1735$rdmux[0][7][127]$7042:
      Old ports: A=8'10111011, B=8'00010110, Y=$memory$auto$proc_rom.cc:155:do_switch$1735$rdmux[0][6][63]$b$6660
      New ports: A=2'01, B=2'10, Y={ $memory$auto$proc_rom.cc:155:do_switch$1735$rdmux[0][6][63]$b$6660 [2] $memory$auto$proc_rom.cc:155:do_switch$1735$rdmux[0][6][63]$b$6660 [0] }
      New connections: { $memory$auto$proc_rom.cc:155:do_switch$1735$rdmux[0][6][63]$b$6660 [7:3] $memory$auto$proc_rom.cc:155:do_switch$1735$rdmux[0][6][63]$b$6660 [1] } = { $memory$auto$proc_rom.cc:155:do_switch$1735$rdmux[0][6][63]$b$6660 [0] 1'0 $memory$auto$proc_rom.cc:155:do_switch$1735$rdmux[0][6][63]$b$6660 [0] 1'1 $memory$auto$proc_rom.cc:155:do_switch$1735$rdmux[0][6][63]$b$6660 [0] 1'1 }
    Consolidated identical input bits for $mux cell $ternary$../rtl/core/aes_isa_ext.v:54$1481:
      Old ports: A={ $0$unnamed_block$1.tmp[31:0]$415 [27:24] 1'0 }, B={ $auto$opt_expr.cc:206:group_cell_inputs$5511 [2:1] $0$unnamed_block$1.tmp[31:0]$415 [25] $auto$opt_expr.cc:206:group_cell_inputs$5511 [0] 1'1 }, Y=$ternary$../rtl/core/aes_isa_ext.v:54$1445_Y [4:0]
      New ports: A={ $0$unnamed_block$1.tmp[31:0]$415 [27:26] $0$unnamed_block$1.tmp[31:0]$415 [24] 1'0 }, B={ $auto$opt_expr.cc:206:group_cell_inputs$5511 1'1 }, Y={ $ternary$../rtl/core/aes_isa_ext.v:54$1445_Y [4:3] $ternary$../rtl/core/aes_isa_ext.v:54$1445_Y [1:0] }
      New connections: $ternary$../rtl/core/aes_isa_ext.v:54$1445_Y [2] = $0$unnamed_block$1.tmp[31:0]$415 [25]
    Consolidated identical input bits for $mux cell $memory$auto$proc_rom.cc:155:do_switch$1743$rdmux[0][3][7]$7087:
      Old ports: A=8'01001101, B=8'10011010, Y=$memory$auto$proc_rom.cc:155:do_switch$1743$rdmux[0][2][3]$b$7065
      New ports: A=2'01, B=2'10, Y=$memory$auto$proc_rom.cc:155:do_switch$1743$rdmux[0][2][3]$b$7065 [1:0]
      New connections: $memory$auto$proc_rom.cc:155:do_switch$1743$rdmux[0][2][3]$b$7065 [7:2] = { $memory$auto$proc_rom.cc:155:do_switch$1743$rdmux[0][2][3]$b$7065 [1:0] 1'0 $memory$auto$proc_rom.cc:155:do_switch$1743$rdmux[0][2][3]$b$7065 [1] 1'1 $memory$auto$proc_rom.cc:155:do_switch$1743$rdmux[0][2][3]$b$7065 [0] }
    Consolidated identical input bits for $mux cell $ternary$../rtl/core/aes_isa_ext.v:54$1701:
      Old ports: A={ $shl$../rtl/core/aes_isa_ext.v:54$1524_Y [4:1] 1'0 }, B={ $auto$opt_expr.cc:206:group_cell_inputs$5455 [2:1] $shl$../rtl/core/aes_isa_ext.v:54$1524_Y [2] $auto$opt_expr.cc:206:group_cell_inputs$5455 [0] 1'1 }, Y=$shl$../rtl/core/aes_isa_ext.v:54$1528_Y [5:1]
      New ports: A={ $shl$../rtl/core/aes_isa_ext.v:54$1524_Y [4:3] $shl$../rtl/core/aes_isa_ext.v:54$1524_Y [1] 1'0 }, B={ $auto$opt_expr.cc:206:group_cell_inputs$5455 1'1 }, Y={ $shl$../rtl/core/aes_isa_ext.v:54$1528_Y [5:4] $shl$../rtl/core/aes_isa_ext.v:54$1528_Y [2:1] }
      New connections: $shl$../rtl/core/aes_isa_ext.v:54$1528_Y [3] = $shl$../rtl/core/aes_isa_ext.v:54$1524_Y [2]
    Consolidated identical input bits for $mux cell $memory$auto$proc_rom.cc:155:do_switch$1731$rdmux[0][7][127]$7852:
      Old ports: A=8'10111011, B=8'00010110, Y=$memory$auto$proc_rom.cc:155:do_switch$1731$rdmux[0][6][63]$b$7470
      New ports: A=2'01, B=2'10, Y={ $memory$auto$proc_rom.cc:155:do_switch$1731$rdmux[0][6][63]$b$7470 [2] $memory$auto$proc_rom.cc:155:do_switch$1731$rdmux[0][6][63]$b$7470 [0] }
      New connections: { $memory$auto$proc_rom.cc:155:do_switch$1731$rdmux[0][6][63]$b$7470 [7:3] $memory$auto$proc_rom.cc:155:do_switch$1731$rdmux[0][6][63]$b$7470 [1] } = { $memory$auto$proc_rom.cc:155:do_switch$1731$rdmux[0][6][63]$b$7470 [0] 1'0 $memory$auto$proc_rom.cc:155:do_switch$1731$rdmux[0][6][63]$b$7470 [0] 1'1 $memory$auto$proc_rom.cc:155:do_switch$1731$rdmux[0][6][63]$b$7470 [0] 1'1 }
  Optimizing cells in module \aes_isa_ext.
    Consolidated identical input bits for $mux cell $memory$auto$proc_rom.cc:155:do_switch$1731$rdmux[0][6][63]$7468:
      Old ports: A=$memory$auto$proc_rom.cc:155:do_switch$1731$rdmux[0][6][63]$a$7469, B=$memory$auto$proc_rom.cc:155:do_switch$1731$rdmux[0][6][63]$b$7470, Y=$memory$auto$proc_rom.cc:155:do_switch$1731$rdmux[0][5][31]$b$7278
      New ports: A={ $memory$auto$proc_rom.cc:155:do_switch$1731$rdmux[0][6][63]$a$7469 [2] $memory$auto$proc_rom.cc:155:do_switch$1731$rdmux[0][6][63]$a$7469 [5] $memory$auto$proc_rom.cc:155:do_switch$1731$rdmux[0][6][63]$a$7469 [2] 2'00 }, B={ 1'0 $memory$auto$proc_rom.cc:155:do_switch$1731$rdmux[0][6][63]$b$7470 [0] $memory$auto$proc_rom.cc:155:do_switch$1731$rdmux[0][6][63]$b$7470 [2] 1'1 $memory$auto$proc_rom.cc:155:do_switch$1731$rdmux[0][6][63]$b$7470 [0] }, Y={ $memory$auto$proc_rom.cc:155:do_switch$1731$rdmux[0][5][31]$b$7278 [6:5] $memory$auto$proc_rom.cc:155:do_switch$1731$rdmux[0][5][31]$b$7278 [2:0] }
      New connections: { $memory$auto$proc_rom.cc:155:do_switch$1731$rdmux[0][5][31]$b$7278 [7] $memory$auto$proc_rom.cc:155:do_switch$1731$rdmux[0][5][31]$b$7278 [4:3] } = { $memory$auto$proc_rom.cc:155:do_switch$1731$rdmux[0][5][31]$b$7278 [5] 1'1 $memory$auto$proc_rom.cc:155:do_switch$1731$rdmux[0][5][31]$b$7278 [0] }
    Consolidated identical input bits for $mux cell $memory$auto$proc_rom.cc:155:do_switch$1731$rdmux[0][6][62]$7465:
      Old ports: A=$memory$auto$proc_rom.cc:155:do_switch$1731$rdmux[0][6][62]$a$7466, B=$memory$auto$proc_rom.cc:155:do_switch$1731$rdmux[0][6][62]$b$7467, Y=$memory$auto$proc_rom.cc:155:do_switch$1731$rdmux[0][5][31]$a$7277
      New ports: A={ $memory$auto$proc_rom.cc:155:do_switch$1731$rdmux[0][6][62]$a$7466 [6] 1'0 $memory$auto$proc_rom.cc:155:do_switch$1731$rdmux[0][6][62]$a$7466 [3] $memory$auto$proc_rom.cc:155:do_switch$1731$rdmux[0][6][62]$a$7466 [3] 2'00 }, B={ 1'0 $memory$auto$proc_rom.cc:155:do_switch$1731$rdmux[0][6][62]$b$7467 [5] 3'011 $memory$auto$proc_rom.cc:155:do_switch$1731$rdmux[0][6][62]$b$7467 [1] }, Y=$memory$auto$proc_rom.cc:155:do_switch$1731$rdmux[0][5][31]$a$7277 [6:1]
      New connections: { $memory$auto$proc_rom.cc:155:do_switch$1731$rdmux[0][5][31]$a$7277 [7] $memory$auto$proc_rom.cc:155:do_switch$1731$rdmux[0][5][31]$a$7277 [0] } = { $memory$auto$proc_rom.cc:155:do_switch$1731$rdmux[0][5][31]$a$7277 [4] 1'1 }
    Consolidated identical input bits for $mux cell $memory$auto$proc_rom.cc:155:do_switch$1731$rdmux[0][6][61]$7462:
      Old ports: A=$memory$auto$proc_rom.cc:155:do_switch$1731$rdmux[0][6][61]$a$7463, B=$memory$auto$proc_rom.cc:155:do_switch$1731$rdmux[0][6][61]$b$7464, Y=$memory$auto$proc_rom.cc:155:do_switch$1731$rdmux[0][5][30]$b$7275
      New ports: A={ $memory$auto$proc_rom.cc:155:do_switch$1731$rdmux[0][6][61]$a$7463 [6] 1'1 $memory$auto$proc_rom.cc:155:do_switch$1731$rdmux[0][6][61]$a$7463 [0] 2'11 $memory$auto$proc_rom.cc:155:do_switch$1731$rdmux[0][6][61]$a$7463 [0] }, B={ 1'1 $memory$auto$proc_rom.cc:155:do_switch$1731$rdmux[0][6][61]$b$7464 [3] $memory$auto$proc_rom.cc:155:do_switch$1731$rdmux[0][6][61]$b$7464 [3] 1'0 $memory$auto$proc_rom.cc:155:do_switch$1731$rdmux[0][6][61]$b$7464 [1] 1'0 }, Y={ $memory$auto$proc_rom.cc:155:do_switch$1731$rdmux[0][5][30]$b$7275 [6:5] $memory$auto$proc_rom.cc:155:do_switch$1731$rdmux[0][5][30]$b$7275 [3:0] }
      New connections: { $memory$auto$proc_rom.cc:155:do_switch$1731$rdmux[0][5][30]$b$7275 [7] $memory$auto$proc_rom.cc:155:do_switch$1731$rdmux[0][5][30]$b$7275 [4] } = { $memory$auto$proc_rom.cc:155:do_switch$1731$rdmux[0][5][30]$b$7275 [2] $memory$auto$proc_rom.cc:155:do_switch$1731$rdmux[0][5][30]$b$7275 [0] }
    Consolidated identical input bits for $mux cell $memory$auto$proc_rom.cc:155:do_switch$1731$rdmux[0][6][60]$7459:
      Old ports: A=$memory$auto$proc_rom.cc:155:do_switch$1731$rdmux[0][6][60]$a$7460, B=$memory$auto$proc_rom.cc:155:do_switch$1731$rdmux[0][6][60]$b$7461, Y=$memory$auto$proc_rom.cc:155:do_switch$1731$rdmux[0][5][30]$a$7274
      New ports: A={ 1'1 $memory$auto$proc_rom.cc:155:do_switch$1731$rdmux[0][6][60]$a$7460 [0] $memory$auto$proc_rom.cc:155:do_switch$1731$rdmux[0][6][60]$a$7460 [2] $memory$auto$proc_rom.cc:155:do_switch$1731$rdmux[0][6][60]$a$7460 [2] $memory$auto$proc_rom.cc:155:do_switch$1731$rdmux[0][6][60]$a$7460 [0] }, B={ $memory$auto$proc_rom.cc:155:do_switch$1731$rdmux[0][6][60]$b$7461 [7] 2'01 $memory$auto$proc_rom.cc:155:do_switch$1731$rdmux[0][6][60]$b$7461 [2] 1'1 }, Y={ $memory$auto$proc_rom.cc:155:do_switch$1731$rdmux[0][5][30]$a$7274 [7] $memory$auto$proc_rom.cc:155:do_switch$1731$rdmux[0][5][30]$a$7274 [5] $memory$auto$proc_rom.cc:155:do_switch$1731$rdmux[0][5][30]$a$7274 [3:2] $memory$auto$proc_rom.cc:155:do_switch$1731$rdmux[0][5][30]$a$7274 [0] }
      New connections: { $memory$auto$proc_rom.cc:155:do_switch$1731$rdmux[0][5][30]$a$7274 [6] $memory$auto$proc_rom.cc:155:do_switch$1731$rdmux[0][5][30]$a$7274 [4] $memory$auto$proc_rom.cc:155:do_switch$1731$rdmux[0][5][30]$a$7274 [1] } = 3'000
    Consolidated identical input bits for $mux cell $memory$auto$proc_rom.cc:155:do_switch$1731$rdmux[0][6][59]$7456:
      Old ports: A=$memory$auto$proc_rom.cc:155:do_switch$1731$rdmux[0][6][59]$a$7457, B=$memory$auto$proc_rom.cc:155:do_switch$1731$rdmux[0][6][59]$b$7458, Y=$memory$auto$proc_rom.cc:155:do_switch$1731$rdmux[0][5][29]$b$7272
      New ports: A={ 1'0 $memory$auto$proc_rom.cc:155:do_switch$1731$rdmux[0][6][59]$a$7457 [1] 1'1 $memory$auto$proc_rom.cc:155:do_switch$1731$rdmux[0][6][59]$a$7457 [1:0] }, B={ $memory$auto$proc_rom.cc:155:do_switch$1731$rdmux[0][6][59]$b$7458 [5] 1'1 $memory$auto$proc_rom.cc:155:do_switch$1731$rdmux[0][6][59]$b$7458 [0] $memory$auto$proc_rom.cc:155:do_switch$1731$rdmux[0][6][59]$b$7458 [0] $memory$auto$proc_rom.cc:155:do_switch$1731$rdmux[0][6][59]$b$7458 [0] }, Y={ $memory$auto$proc_rom.cc:155:do_switch$1731$rdmux[0][5][29]$b$7272 [5] $memory$auto$proc_rom.cc:155:do_switch$1731$rdmux[0][5][29]$b$7272 [3:0] }
      New connections: { $memory$auto$proc_rom.cc:155:do_switch$1731$rdmux[0][5][29]$b$7272 [7:6] $memory$auto$proc_rom.cc:155:do_switch$1731$rdmux[0][5][29]$b$7272 [4] } = { $memory$auto$proc_rom.cc:155:do_switch$1731$rdmux[0][5][29]$b$7272 [1] $memory$auto$proc_rom.cc:155:do_switch$1731$rdmux[0][5][29]$b$7272 [2] $memory$auto$proc_rom.cc:155:do_switch$1731$rdmux[0][5][29]$b$7272 [0] }
    Consolidated identical input bits for $mux cell $memory$auto$proc_rom.cc:155:do_switch$1731$rdmux[0][6][58]$7453:
      Old ports: A=$memory$auto$proc_rom.cc:155:do_switch$1731$rdmux[0][6][58]$a$7454, B=$memory$auto$proc_rom.cc:155:do_switch$1731$rdmux[0][6][58]$b$7455, Y=$memory$auto$proc_rom.cc:155:do_switch$1731$rdmux[0][5][29]$a$7271
      New ports: A={ 3'011 $memory$auto$proc_rom.cc:155:do_switch$1731$rdmux[0][6][58]$a$7454 [2] 1'1 $memory$auto$proc_rom.cc:155:do_switch$1731$rdmux[0][6][58]$a$7454 [0] }, B={ $memory$auto$proc_rom.cc:155:do_switch$1731$rdmux[0][6][58]$b$7455 [3] 1'0 $memory$auto$proc_rom.cc:155:do_switch$1731$rdmux[0][6][58]$b$7455 [3] $memory$auto$proc_rom.cc:155:do_switch$1731$rdmux[0][6][58]$b$7455 [1] $memory$auto$proc_rom.cc:155:do_switch$1731$rdmux[0][6][58]$b$7455 [1] 1'1 }, Y=$memory$auto$proc_rom.cc:155:do_switch$1731$rdmux[0][5][29]$a$7271 [5:0]
      New connections: $memory$auto$proc_rom.cc:155:do_switch$1731$rdmux[0][5][29]$a$7271 [7:6] = { $memory$auto$proc_rom.cc:155:do_switch$1731$rdmux[0][5][29]$a$7271 [0] $memory$auto$proc_rom.cc:155:do_switch$1731$rdmux[0][5][29]$a$7271 [5] }
    Consolidated identical input bits for $mux cell $memory$auto$proc_rom.cc:155:do_switch$1731$rdmux[0][6][57]$7450:
      Old ports: A=$memory$auto$proc_rom.cc:155:do_switch$1731$rdmux[0][6][57]$a$7451, B=$memory$auto$proc_rom.cc:155:do_switch$1731$rdmux[0][6][57]$b$7452, Y=$memory$auto$proc_rom.cc:155:do_switch$1731$rdmux[0][5][28]$b$7269
      New ports: A={ $memory$auto$proc_rom.cc:155:do_switch$1731$rdmux[0][6][57]$a$7451 [4] $memory$auto$proc_rom.cc:155:do_switch$1731$rdmux[0][6][57]$a$7451 [5:4] 4'1001 }, B={ 2'10 $memory$auto$proc_rom.cc:155:do_switch$1731$rdmux[0][6][57]$b$7452 [4] $memory$auto$proc_rom.cc:155:do_switch$1731$rdmux[0][6][57]$b$7452 [1] 1'1 $memory$auto$proc_rom.cc:155:do_switch$1731$rdmux[0][6][57]$b$7452 [1] 1'0 }, Y={ $memory$auto$proc_rom.cc:155:do_switch$1731$rdmux[0][5][28]$b$7269 [7] $memory$auto$proc_rom.cc:155:do_switch$1731$rdmux[0][5][28]$b$7269 [5:0] }
      New connections: $memory$auto$proc_rom.cc:155:do_switch$1731$rdmux[0][5][28]$b$7269 [6] = $memory$auto$proc_rom.cc:155:do_switch$1731$rdmux[0][5][28]$b$7269 [0]
    Consolidated identical input bits for $mux cell $memory$auto$proc_rom.cc:155:do_switch$1731$rdmux[0][6][56]$7447:
      Old ports: A=$memory$auto$proc_rom.cc:155:do_switch$1731$rdmux[0][6][56]$a$7448, B=$memory$auto$proc_rom.cc:155:do_switch$1731$rdmux[0][6][56]$b$7449, Y=$memory$auto$proc_rom.cc:155:do_switch$1731$rdmux[0][5][28]$a$7268
      New ports: A={ 2'11 $memory$auto$proc_rom.cc:155:do_switch$1731$rdmux[0][6][56]$a$7448 [3] $memory$auto$proc_rom.cc:155:do_switch$1731$rdmux[0][6][56]$a$7448 [3] $memory$auto$proc_rom.cc:155:do_switch$1731$rdmux[0][6][56]$a$7448 [0] }, B={ $memory$auto$proc_rom.cc:155:do_switch$1731$rdmux[0][6][56]$b$7449 [3] 2'01 $memory$auto$proc_rom.cc:155:do_switch$1731$rdmux[0][6][56]$b$7449 [3] $memory$auto$proc_rom.cc:155:do_switch$1731$rdmux[0][6][56]$b$7449 [0] }, Y={ $memory$auto$proc_rom.cc:155:do_switch$1731$rdmux[0][5][28]$a$7268 [7] $memory$auto$proc_rom.cc:155:do_switch$1731$rdmux[0][5][28]$a$7268 [5:3] $memory$auto$proc_rom.cc:155:do_switch$1731$rdmux[0][5][28]$a$7268 [0] }
      New connections: { $memory$auto$proc_rom.cc:155:do_switch$1731$rdmux[0][5][28]$a$7268 [6] $memory$auto$proc_rom.cc:155:do_switch$1731$rdmux[0][5][28]$a$7268 [2:1] } = { $memory$auto$proc_rom.cc:155:do_switch$1731$rdmux[0][5][28]$a$7268 [5] 2'00 }
    Consolidated identical input bits for $mux cell $memory$auto$proc_rom.cc:155:do_switch$1731$rdmux[0][6][55]$7444:
      Old ports: A=$memory$auto$proc_rom.cc:155:do_switch$1731$rdmux[0][6][55]$a$7445, B=$memory$auto$proc_rom.cc:155:do_switch$1731$rdmux[0][6][55]$b$7446, Y=$memory$auto$proc_rom.cc:155:do_switch$1731$rdmux[0][5][27]$b$7266
      New ports: A={ 1'1 $memory$auto$proc_rom.cc:155:do_switch$1731$rdmux[0][6][55]$a$7445 [0] 1'0 $memory$auto$proc_rom.cc:155:do_switch$1731$rdmux[0][6][55]$a$7445 [1] $memory$auto$proc_rom.cc:155:do_switch$1731$rdmux[0][6][55]$a$7445 [1:0] }, B={ $memory$auto$proc_rom.cc:155:do_switch$1731$rdmux[0][6][55]$b$7446 [1] 3'011 $memory$auto$proc_rom.cc:155:do_switch$1731$rdmux[0][6][55]$b$7446 [1:0] }, Y={ $memory$auto$proc_rom.cc:155:do_switch$1731$rdmux[0][5][27]$b$7266 [7:6] $memory$auto$proc_rom.cc:155:do_switch$1731$rdmux[0][5][27]$b$7266 [3:0] }
      New connections: $memory$auto$proc_rom.cc:155:do_switch$1731$rdmux[0][5][27]$b$7266 [5:4] = { 1'0 $memory$auto$proc_rom.cc:155:do_switch$1731$rdmux[0][5][27]$b$7266 [3] }
    Consolidated identical input bits for $mux cell $memory$auto$proc_rom.cc:155:do_switch$1731$rdmux[0][6][54]$7441:
      Old ports: A=$memory$auto$proc_rom.cc:155:do_switch$1731$rdmux[0][6][54]$a$7442, B=$memory$auto$proc_rom.cc:155:do_switch$1731$rdmux[0][6][54]$b$7443, Y=$memory$auto$proc_rom.cc:155:do_switch$1731$rdmux[0][5][27]$a$7265
      New ports: A={ $memory$auto$proc_rom.cc:155:do_switch$1731$rdmux[0][6][54]$a$7442 [6] 1'1 $memory$auto$proc_rom.cc:155:do_switch$1731$rdmux[0][6][54]$a$7442 [2] 1'0 $memory$auto$proc_rom.cc:155:do_switch$1731$rdmux[0][6][54]$a$7442 [2] 1'0 }, B={ $memory$auto$proc_rom.cc:155:do_switch$1731$rdmux[0][6][54]$b$7443 [1] $memory$auto$proc_rom.cc:155:do_switch$1731$rdmux[0][6][54]$b$7443 [3] 1'1 $memory$auto$proc_rom.cc:155:do_switch$1731$rdmux[0][6][54]$b$7443 [3] $memory$auto$proc_rom.cc:155:do_switch$1731$rdmux[0][6][54]$b$7443 [1] $memory$auto$proc_rom.cc:155:do_switch$1731$rdmux[0][6][54]$b$7443 [1] }, Y=$memory$auto$proc_rom.cc:155:do_switch$1731$rdmux[0][5][27]$a$7265 [6:1]
      New connections: { $memory$auto$proc_rom.cc:155:do_switch$1731$rdmux[0][5][27]$a$7265 [7] $memory$auto$proc_rom.cc:155:do_switch$1731$rdmux[0][5][27]$a$7265 [0] } = { $memory$auto$proc_rom.cc:155:do_switch$1731$rdmux[0][5][27]$a$7265 [3] 1'1 }
    Consolidated identical input bits for $mux cell $memory$auto$proc_rom.cc:155:do_switch$1731$rdmux[0][6][53]$7438:
      Old ports: A=$memory$auto$proc_rom.cc:155:do_switch$1731$rdmux[0][6][53]$a$7439, B=$memory$auto$proc_rom.cc:155:do_switch$1731$rdmux[0][6][53]$b$7440, Y=$memory$auto$proc_rom.cc:155:do_switch$1731$rdmux[0][5][26]$b$7263
      New ports: A={ $memory$auto$proc_rom.cc:155:do_switch$1731$rdmux[0][6][53]$a$7439 [3] 1'0 $memory$auto$proc_rom.cc:155:do_switch$1731$rdmux[0][6][53]$a$7439 [3] 1'0 $memory$auto$proc_rom.cc:155:do_switch$1731$rdmux[0][6][53]$a$7439 [0] $memory$auto$proc_rom.cc:155:do_switch$1731$rdmux[0][6][53]$a$7439 [0] }, B={ $memory$auto$proc_rom.cc:155:do_switch$1731$rdmux[0][6][53]$b$7440 [4] $memory$auto$proc_rom.cc:155:do_switch$1731$rdmux[0][6][53]$b$7440 [4:3] 3'110 }, Y={ $memory$auto$proc_rom.cc:155:do_switch$1731$rdmux[0][5][26]$b$7263 [6] $memory$auto$proc_rom.cc:155:do_switch$1731$rdmux[0][5][26]$b$7263 [4:0] }
      New connections: { $memory$auto$proc_rom.cc:155:do_switch$1731$rdmux[0][5][26]$b$7263 [7] $memory$auto$proc_rom.cc:155:do_switch$1731$rdmux[0][5][26]$b$7263 [5] } = { $memory$auto$proc_rom.cc:155:do_switch$1731$rdmux[0][5][26]$b$7263 [4] $memory$auto$proc_rom.cc:155:do_switch$1731$rdmux[0][5][26]$b$7263 [4] }
    Consolidated identical input bits for $mux cell $memory$auto$proc_rom.cc:155:do_switch$1731$rdmux[0][6][52]$7435:
      Old ports: A=$memory$auto$proc_rom.cc:155:do_switch$1731$rdmux[0][6][52]$a$7436, B=$memory$auto$proc_rom.cc:155:do_switch$1731$rdmux[0][6][52]$b$7437, Y=$memory$auto$proc_rom.cc:155:do_switch$1731$rdmux[0][5][26]$a$7262
      New ports: A={ $memory$auto$proc_rom.cc:155:do_switch$1731$rdmux[0][6][52]$a$7436 [6] 1'1 $memory$auto$proc_rom.cc:155:do_switch$1731$rdmux[0][6][52]$a$7436 [1] $memory$auto$proc_rom.cc:155:do_switch$1731$rdmux[0][6][52]$a$7436 [1] $memory$auto$proc_rom.cc:155:do_switch$1731$rdmux[0][6][52]$a$7436 [1] 1'0 }, B={ $memory$auto$proc_rom.cc:155:do_switch$1731$rdmux[0][6][52]$b$7437 [1:0] 2'01 $memory$auto$proc_rom.cc:155:do_switch$1731$rdmux[0][6][52]$b$7437 [1:0] }, Y={ $memory$auto$proc_rom.cc:155:do_switch$1731$rdmux[0][5][26]$a$7262 [6] $memory$auto$proc_rom.cc:155:do_switch$1731$rdmux[0][5][26]$a$7262 [4:0] }
      New connections: { $memory$auto$proc_rom.cc:155:do_switch$1731$rdmux[0][5][26]$a$7262 [7] $memory$auto$proc_rom.cc:155:do_switch$1731$rdmux[0][5][26]$a$7262 [5] } = { $memory$auto$proc_rom.cc:155:do_switch$1731$rdmux[0][5][26]$a$7262 [0] 1'1 }
    Consolidated identical input bits for $mux cell $memory$auto$proc_rom.cc:155:do_switch$1731$rdmux[0][6][51]$7432:
      Old ports: A=$memory$auto$proc_rom.cc:155:do_switch$1731$rdmux[0][6][51]$a$7433, B=$memory$auto$proc_rom.cc:155:do_switch$1731$rdmux[0][6][51]$b$7434, Y=$memory$auto$proc_rom.cc:155:do_switch$1731$rdmux[0][5][25]$b$7260
      New ports: A={ $memory$auto$proc_rom.cc:155:do_switch$1731$rdmux[0][6][51]$a$7433 [2:1] $memory$auto$proc_rom.cc:155:do_switch$1731$rdmux[0][6][51]$a$7433 [2:1] 1'1 }, B={ 4'1001 $memory$auto$proc_rom.cc:155:do_switch$1731$rdmux[0][6][51]$b$7434 [0] }, Y={ $memory$auto$proc_rom.cc:155:do_switch$1731$rdmux[0][5][25]$b$7260 [7:6] $memory$auto$proc_rom.cc:155:do_switch$1731$rdmux[0][5][25]$b$7260 [2:0] }
      New connections: $memory$auto$proc_rom.cc:155:do_switch$1731$rdmux[0][5][25]$b$7260 [5:3] = { $memory$auto$proc_rom.cc:155:do_switch$1731$rdmux[0][5][25]$b$7260 [2] $memory$auto$proc_rom.cc:155:do_switch$1731$rdmux[0][5][25]$b$7260 [2] 1'1 }
    Consolidated identical input bits for $mux cell $memory$auto$proc_rom.cc:155:do_switch$1731$rdmux[0][6][50]$7429:
      Old ports: A=$memory$auto$proc_rom.cc:155:do_switch$1731$rdmux[0][6][50]$a$7430, B=$memory$auto$proc_rom.cc:155:do_switch$1731$rdmux[0][6][50]$b$7431, Y=$memory$auto$proc_rom.cc:155:do_switch$1731$rdmux[0][5][25]$a$7259
      New ports: A={ 2'11 $memory$auto$proc_rom.cc:155:do_switch$1731$rdmux[0][6][50]$a$7430 [5] 1'1 $memory$auto$proc_rom.cc:155:do_switch$1731$rdmux[0][6][50]$a$7430 [0] 1'0 $memory$auto$proc_rom.cc:155:do_switch$1731$rdmux[0][6][50]$a$7430 [0] }, B={ 1'0 $memory$auto$proc_rom.cc:155:do_switch$1731$rdmux[0][6][50]$b$7431 [5] $memory$auto$proc_rom.cc:155:do_switch$1731$rdmux[0][6][50]$b$7431 [5] $memory$auto$proc_rom.cc:155:do_switch$1731$rdmux[0][6][50]$b$7431 [0] 1'1 $memory$auto$proc_rom.cc:155:do_switch$1731$rdmux[0][6][50]$b$7431 [0] $memory$auto$proc_rom.cc:155:do_switch$1731$rdmux[0][6][50]$b$7431 [0] }, Y={ $memory$auto$proc_rom.cc:155:do_switch$1731$rdmux[0][5][25]$a$7259 [7:5] $memory$auto$proc_rom.cc:155:do_switch$1731$rdmux[0][5][25]$a$7259 [3:0] }
      New connections: $memory$auto$proc_rom.cc:155:do_switch$1731$rdmux[0][5][25]$a$7259 [4] = $memory$auto$proc_rom.cc:155:do_switch$1731$rdmux[0][5][25]$a$7259 [2]
    Consolidated identical input bits for $mux cell $memory$auto$proc_rom.cc:155:do_switch$1731$rdmux[0][6][49]$7426:
      Old ports: A=$memory$auto$proc_rom.cc:155:do_switch$1731$rdmux[0][6][49]$a$7427, B=$memory$auto$proc_rom.cc:155:do_switch$1731$rdmux[0][6][49]$b$7428, Y=$memory$auto$proc_rom.cc:155:do_switch$1731$rdmux[0][5][24]$b$7257
      New ports: A={ $memory$auto$proc_rom.cc:155:do_switch$1731$rdmux[0][6][49]$a$7427 [1] 1'0 $memory$auto$proc_rom.cc:155:do_switch$1731$rdmux[0][6][49]$a$7427 [1] $memory$auto$proc_rom.cc:155:do_switch$1731$rdmux[0][6][49]$a$7427 [3] $memory$auto$proc_rom.cc:155:do_switch$1731$rdmux[0][6][49]$a$7427 [3] $memory$auto$proc_rom.cc:155:do_switch$1731$rdmux[0][6][49]$a$7427 [1] }, B={ 1'1 $memory$auto$proc_rom.cc:155:do_switch$1731$rdmux[0][6][49]$b$7428 [1] $memory$auto$proc_rom.cc:155:do_switch$1731$rdmux[0][6][49]$b$7428 [4] $memory$auto$proc_rom.cc:155:do_switch$1731$rdmux[0][6][49]$b$7428 [4] 1'0 $memory$auto$proc_rom.cc:155:do_switch$1731$rdmux[0][6][49]$b$7428 [1] }, Y={ $memory$auto$proc_rom.cc:155:do_switch$1731$rdmux[0][5][24]$b$7257 [7:3] $memory$auto$proc_rom.cc:155:do_switch$1731$rdmux[0][5][24]$b$7257 [1] }
      New connections: { $memory$auto$proc_rom.cc:155:do_switch$1731$rdmux[0][5][24]$b$7257 [2] $memory$auto$proc_rom.cc:155:do_switch$1731$rdmux[0][5][24]$b$7257 [0] } = 2'10
    Consolidated identical input bits for $mux cell $memory$auto$proc_rom.cc:155:do_switch$1731$rdmux[0][6][48]$7423:
      Old ports: A=$memory$auto$proc_rom.cc:155:do_switch$1731$rdmux[0][6][48]$a$7424, B=$memory$auto$proc_rom.cc:155:do_switch$1731$rdmux[0][6][48]$b$7425, Y=$memory$auto$proc_rom.cc:155:do_switch$1731$rdmux[0][5][24]$a$7256
      New ports: A={ $memory$auto$proc_rom.cc:155:do_switch$1731$rdmux[0][6][48]$a$7424 [1] $memory$auto$proc_rom.cc:155:do_switch$1731$rdmux[0][6][48]$a$7424 [6] 3'110 $memory$auto$proc_rom.cc:155:do_switch$1731$rdmux[0][6][48]$a$7424 [1] 1'0 }, B={ 3'000 $memory$auto$proc_rom.cc:155:do_switch$1731$rdmux[0][6][48]$b$7425 [1] 1'1 $memory$auto$proc_rom.cc:155:do_switch$1731$rdmux[0][6][48]$b$7425 [1:0] }, Y={ $memory$auto$proc_rom.cc:155:do_switch$1731$rdmux[0][5][24]$a$7256 [7:6] $memory$auto$proc_rom.cc:155:do_switch$1731$rdmux[0][5][24]$a$7256 [4:0] }
      New connections: $memory$auto$proc_rom.cc:155:do_switch$1731$rdmux[0][5][24]$a$7256 [5] = 1'1
    Consolidated identical input bits for $mux cell $memory$auto$proc_rom.cc:155:do_switch$1731$rdmux[0][6][46]$7417:
      Old ports: A=$memory$auto$proc_rom.cc:155:do_switch$1731$rdmux[0][6][46]$a$7418, B=$memory$auto$proc_rom.cc:155:do_switch$1731$rdmux[0][6][46]$b$7419, Y=$memory$auto$proc_rom.cc:155:do_switch$1731$rdmux[0][5][23]$a$7253
      New ports: A={ 1'0 $memory$auto$proc_rom.cc:155:do_switch$1731$rdmux[0][6][46]$a$7418 [3] $memory$auto$proc_rom.cc:155:do_switch$1731$rdmux[0][6][46]$a$7418 [1] $memory$auto$proc_rom.cc:155:do_switch$1731$rdmux[0][6][46]$a$7418 [3] 1'1 $memory$auto$proc_rom.cc:155:do_switch$1731$rdmux[0][6][46]$a$7418 [1] }, B={ 2'11 $memory$auto$proc_rom.cc:155:do_switch$1731$rdmux[0][6][46]$b$7419 [2:1] $memory$auto$proc_rom.cc:155:do_switch$1731$rdmux[0][6][46]$b$7419 [2:1] }, Y={ $memory$auto$proc_rom.cc:155:do_switch$1731$rdmux[0][5][23]$a$7253 [7] $memory$auto$proc_rom.cc:155:do_switch$1731$rdmux[0][5][23]$a$7253 [5:1] }
      New connections: { $memory$auto$proc_rom.cc:155:do_switch$1731$rdmux[0][5][23]$a$7253 [6] $memory$auto$proc_rom.cc:155:do_switch$1731$rdmux[0][5][23]$a$7253 [0] } = 2'10
    Consolidated identical input bits for $mux cell $memory$auto$proc_rom.cc:155:do_switch$1731$rdmux[0][6][45]$7414:
      Old ports: A=$memory$auto$proc_rom.cc:155:do_switch$1731$rdmux[0][6][45]$a$7415, B=$memory$auto$proc_rom.cc:155:do_switch$1731$rdmux[0][6][45]$b$7416, Y=$memory$auto$proc_rom.cc:155:do_switch$1731$rdmux[0][5][22]$b$7251
      New ports: A={ $memory$auto$proc_rom.cc:155:do_switch$1731$rdmux[0][6][45]$a$7415 [4] 1'0 $memory$auto$proc_rom.cc:155:do_switch$1731$rdmux[0][6][45]$a$7415 [4:3] 3'101 }, B={ $memory$auto$proc_rom.cc:155:do_switch$1731$rdmux[0][6][45]$b$7416 [1:0] 2'01 $memory$auto$proc_rom.cc:155:do_switch$1731$rdmux[0][6][45]$b$7416 [1] $memory$auto$proc_rom.cc:155:do_switch$1731$rdmux[0][6][45]$b$7416 [1:0] }, Y=$memory$auto$proc_rom.cc:155:do_switch$1731$rdmux[0][5][22]$b$7251 [6:0]
      New connections: $memory$auto$proc_rom.cc:155:do_switch$1731$rdmux[0][5][22]$b$7251 [7] = $memory$auto$proc_rom.cc:155:do_switch$1731$rdmux[0][5][22]$b$7251 [0]
    Consolidated identical input bits for $mux cell $memory$auto$proc_rom.cc:155:do_switch$1731$rdmux[0][6][44]$7411:
      Old ports: A=$memory$auto$proc_rom.cc:155:do_switch$1731$rdmux[0][6][44]$a$7412, B=$memory$auto$proc_rom.cc:155:do_switch$1731$rdmux[0][6][44]$b$7413, Y=$memory$auto$proc_rom.cc:155:do_switch$1731$rdmux[0][5][22]$a$7250
      New ports: A={ 3'110 $memory$auto$proc_rom.cc:155:do_switch$1731$rdmux[0][6][44]$a$7412 [3] $memory$auto$proc_rom.cc:155:do_switch$1731$rdmux[0][6][44]$a$7412 [0] $memory$auto$proc_rom.cc:155:do_switch$1731$rdmux[0][6][44]$a$7412 [0] }, B={ 1'0 $memory$auto$proc_rom.cc:155:do_switch$1731$rdmux[0][6][44]$b$7413 [3] $memory$auto$proc_rom.cc:155:do_switch$1731$rdmux[0][6][44]$b$7413 [1] $memory$auto$proc_rom.cc:155:do_switch$1731$rdmux[0][6][44]$b$7413 [3] $memory$auto$proc_rom.cc:155:do_switch$1731$rdmux[0][6][44]$b$7413 [1] 1'1 }, Y={ $memory$auto$proc_rom.cc:155:do_switch$1731$rdmux[0][5][22]$a$7250 [7:6] $memory$auto$proc_rom.cc:155:do_switch$1731$rdmux[0][5][22]$a$7250 [4:3] $memory$auto$proc_rom.cc:155:do_switch$1731$rdmux[0][5][22]$a$7250 [1:0] }
      New connections: { $memory$auto$proc_rom.cc:155:do_switch$1731$rdmux[0][5][22]$a$7250 [5] $memory$auto$proc_rom.cc:155:do_switch$1731$rdmux[0][5][22]$a$7250 [2] } = { $memory$auto$proc_rom.cc:155:do_switch$1731$rdmux[0][5][22]$a$7250 [0] $memory$auto$proc_rom.cc:155:do_switch$1731$rdmux[0][5][22]$a$7250 [0] }
    Consolidated identical input bits for $mux cell $memory$auto$proc_rom.cc:155:do_switch$1731$rdmux[0][6][43]$7408:
      Old ports: A=$memory$auto$proc_rom.cc:155:do_switch$1731$rdmux[0][6][43]$a$7409, B=$memory$auto$proc_rom.cc:155:do_switch$1731$rdmux[0][6][43]$b$7410, Y=$memory$auto$proc_rom.cc:155:do_switch$1731$rdmux[0][5][21]$b$7248
      New ports: A={ 3'100 $memory$auto$proc_rom.cc:155:do_switch$1731$rdmux[0][6][43]$a$7409 [2] 1'1 }, B={ $memory$auto$proc_rom.cc:155:do_switch$1731$rdmux[0][6][43]$b$7410 [2] 1'1 $memory$auto$proc_rom.cc:155:do_switch$1731$rdmux[0][6][43]$b$7410 [0] $memory$auto$proc_rom.cc:155:do_switch$1731$rdmux[0][6][43]$b$7410 [2] $memory$auto$proc_rom.cc:155:do_switch$1731$rdmux[0][6][43]$b$7410 [0] }, Y={ $memory$auto$proc_rom.cc:155:do_switch$1731$rdmux[0][5][21]$b$7248 [7] $memory$auto$proc_rom.cc:155:do_switch$1731$rdmux[0][5][21]$b$7248 [5] $memory$auto$proc_rom.cc:155:do_switch$1731$rdmux[0][5][21]$b$7248 [3:2] $memory$auto$proc_rom.cc:155:do_switch$1731$rdmux[0][5][21]$b$7248 [0] }
      New connections: { $memory$auto$proc_rom.cc:155:do_switch$1731$rdmux[0][5][21]$b$7248 [6] $memory$auto$proc_rom.cc:155:do_switch$1731$rdmux[0][5][21]$b$7248 [4] $memory$auto$proc_rom.cc:155:do_switch$1731$rdmux[0][5][21]$b$7248 [1] } = { $memory$auto$proc_rom.cc:155:do_switch$1731$rdmux[0][5][21]$b$7248 [5] $memory$auto$proc_rom.cc:155:do_switch$1731$rdmux[0][5][21]$b$7248 [0] 1'0 }
    Consolidated identical input bits for $mux cell $memory$auto$proc_rom.cc:155:do_switch$1731$rdmux[0][6][42]$7405:
      Old ports: A=$memory$auto$proc_rom.cc:155:do_switch$1731$rdmux[0][6][42]$a$7406, B=$memory$auto$proc_rom.cc:155:do_switch$1731$rdmux[0][6][42]$b$7407, Y=$memory$auto$proc_rom.cc:155:do_switch$1731$rdmux[0][5][21]$a$7247
      New ports: A={ 4'1001 $memory$auto$proc_rom.cc:155:do_switch$1731$rdmux[0][6][42]$a$7406 [0] }, B={ $memory$auto$proc_rom.cc:155:do_switch$1731$rdmux[0][6][42]$b$7407 [2] 1'1 $memory$auto$proc_rom.cc:155:do_switch$1731$rdmux[0][6][42]$b$7407 [2:1] 1'0 }, Y={ $memory$auto$proc_rom.cc:155:do_switch$1731$rdmux[0][5][21]$a$7247 [7] $memory$auto$proc_rom.cc:155:do_switch$1731$rdmux[0][5][21]$a$7247 [5] $memory$auto$proc_rom.cc:155:do_switch$1731$rdmux[0][5][21]$a$7247 [2:0] }
      New connections: { $memory$auto$proc_rom.cc:155:do_switch$1731$rdmux[0][5][21]$a$7247 [6] $memory$auto$proc_rom.cc:155:do_switch$1731$rdmux[0][5][21]$a$7247 [4:3] } = { $memory$auto$proc_rom.cc:155:do_switch$1731$rdmux[0][5][21]$a$7247 [1:0] $memory$auto$proc_rom.cc:155:do_switch$1731$rdmux[0][5][21]$a$7247 [2] }
    Consolidated identical input bits for $mux cell $memory$auto$proc_rom.cc:155:do_switch$1731$rdmux[0][6][41]$7402:
      Old ports: A=$memory$auto$proc_rom.cc:155:do_switch$1731$rdmux[0][6][41]$a$7403, B=$memory$auto$proc_rom.cc:155:do_switch$1731$rdmux[0][6][41]$b$7404, Y=$memory$auto$proc_rom.cc:155:do_switch$1731$rdmux[0][5][20]$b$7245
      New ports: A={ 2'00 $memory$auto$proc_rom.cc:155:do_switch$1731$rdmux[0][6][41]$a$7403 [0] $memory$auto$proc_rom.cc:155:do_switch$1731$rdmux[0][6][41]$a$7403 [1] $memory$auto$proc_rom.cc:155:do_switch$1731$rdmux[0][6][41]$a$7403 [1:0] }, B={ $memory$auto$proc_rom.cc:155:do_switch$1731$rdmux[0][6][41]$b$7404 [5] $memory$auto$proc_rom.cc:155:do_switch$1731$rdmux[0][6][41]$b$7404 [3] $memory$auto$proc_rom.cc:155:do_switch$1731$rdmux[0][6][41]$b$7404 [3] 3'100 }, Y=$memory$auto$proc_rom.cc:155:do_switch$1731$rdmux[0][5][20]$b$7245 [5:0]
      New connections: $memory$auto$proc_rom.cc:155:do_switch$1731$rdmux[0][5][20]$b$7245 [7:6] = { 1'0 $memory$auto$proc_rom.cc:155:do_switch$1731$rdmux[0][5][20]$b$7245 [3] }
    Consolidated identical input bits for $mux cell $memory$auto$proc_rom.cc:155:do_switch$1731$rdmux[0][6][40]$7399:
      Old ports: A=$memory$auto$proc_rom.cc:155:do_switch$1731$rdmux[0][6][40]$a$7400, B=$memory$auto$proc_rom.cc:155:do_switch$1731$rdmux[0][6][40]$b$7401, Y=$memory$auto$proc_rom.cc:155:do_switch$1731$rdmux[0][5][20]$a$7244
      New ports: A={ $memory$auto$proc_rom.cc:155:do_switch$1731$rdmux[0][6][40]$a$7400 [6] 1'1 $memory$auto$proc_rom.cc:155:do_switch$1731$rdmux[0][6][40]$a$7400 [1] 1'0 $memory$auto$proc_rom.cc:155:do_switch$1731$rdmux[0][6][40]$a$7400 [1] }, B={ 1'0 $memory$auto$proc_rom.cc:155:do_switch$1731$rdmux[0][6][40]$b$7401 [4] $memory$auto$proc_rom.cc:155:do_switch$1731$rdmux[0][6][40]$b$7401 [4] 2'11 }, Y={ $memory$auto$proc_rom.cc:155:do_switch$1731$rdmux[0][5][20]$a$7244 [6:3] $memory$auto$proc_rom.cc:155:do_switch$1731$rdmux[0][5][20]$a$7244 [1] }
      New connections: { $memory$auto$proc_rom.cc:155:do_switch$1731$rdmux[0][5][20]$a$7244 [7] $memory$auto$proc_rom.cc:155:do_switch$1731$rdmux[0][5][20]$a$7244 [2] $memory$auto$proc_rom.cc:155:do_switch$1731$rdmux[0][5][20]$a$7244 [0] } = { $memory$auto$proc_rom.cc:155:do_switch$1731$rdmux[0][5][20]$a$7244 [6] 2'00 }
    Consolidated identical input bits for $mux cell $memory$auto$proc_rom.cc:155:do_switch$1731$rdmux[0][6][39]$7396:
      Old ports: A=$memory$auto$proc_rom.cc:155:do_switch$1731$rdmux[0][6][39]$a$7397, B=$memory$auto$proc_rom.cc:155:do_switch$1731$rdmux[0][6][39]$b$7398, Y=$memory$auto$proc_rom.cc:155:do_switch$1731$rdmux[0][5][19]$b$7242
      New ports: A={ $memory$auto$proc_rom.cc:155:do_switch$1731$rdmux[0][6][39]$a$7397 [7] 3'110 }, B={ $memory$auto$proc_rom.cc:155:do_switch$1731$rdmux[0][6][39]$b$7398 [4] $memory$auto$proc_rom.cc:155:do_switch$1731$rdmux[0][6][39]$b$7398 [4] 2'01 }, Y={ $memory$auto$proc_rom.cc:155:do_switch$1731$rdmux[0][5][19]$b$7242 [7] $memory$auto$proc_rom.cc:155:do_switch$1731$rdmux[0][5][19]$b$7242 [4] $memory$auto$proc_rom.cc:155:do_switch$1731$rdmux[0][5][19]$b$7242 [2] $memory$auto$proc_rom.cc:155:do_switch$1731$rdmux[0][5][19]$b$7242 [0] }
      New connections: { $memory$auto$proc_rom.cc:155:do_switch$1731$rdmux[0][5][19]$b$7242 [6:5] $memory$auto$proc_rom.cc:155:do_switch$1731$rdmux[0][5][19]$b$7242 [3] $memory$auto$proc_rom.cc:155:do_switch$1731$rdmux[0][5][19]$b$7242 [1] } = { $memory$auto$proc_rom.cc:155:do_switch$1731$rdmux[0][5][19]$b$7242 [4] 3'011 }
    Consolidated identical input bits for $mux cell $memory$auto$proc_rom.cc:155:do_switch$1731$rdmux[0][6][38]$7393:
      Old ports: A=$memory$auto$proc_rom.cc:155:do_switch$1731$rdmux[0][6][38]$a$7394, B=$memory$auto$proc_rom.cc:155:do_switch$1731$rdmux[0][6][38]$b$7395, Y=$memory$auto$proc_rom.cc:155:do_switch$1731$rdmux[0][5][19]$a$7241
      New ports: A={ 1'0 $memory$auto$proc_rom.cc:155:do_switch$1731$rdmux[0][6][38]$a$7394 [3] 2'11 }, B={ 1'1 $memory$auto$proc_rom.cc:155:do_switch$1731$rdmux[0][6][38]$b$7395 [3:2] 1'0 }, Y=$memory$auto$proc_rom.cc:155:do_switch$1731$rdmux[0][5][19]$a$7241 [4:1]
      New connections: { $memory$auto$proc_rom.cc:155:do_switch$1731$rdmux[0][5][19]$a$7241 [7:5] $memory$auto$proc_rom.cc:155:do_switch$1731$rdmux[0][5][19]$a$7241 [0] } = { $memory$auto$proc_rom.cc:155:do_switch$1731$rdmux[0][5][19]$a$7241 [3] $memory$auto$proc_rom.cc:155:do_switch$1731$rdmux[0][5][19]$a$7241 [1] $memory$auto$proc_rom.cc:155:do_switch$1731$rdmux[0][5][19]$a$7241 [3] 1'0 }
    Consolidated identical input bits for $mux cell $memory$auto$proc_rom.cc:155:do_switch$1731$rdmux[0][6][37]$7390:
      Old ports: A=$memory$auto$proc_rom.cc:155:do_switch$1731$rdmux[0][6][37]$a$7391, B=$memory$auto$proc_rom.cc:155:do_switch$1731$rdmux[0][6][37]$b$7392, Y=$memory$auto$proc_rom.cc:155:do_switch$1731$rdmux[0][5][18]$b$7239
      New ports: A={ 2'00 $memory$auto$proc_rom.cc:155:do_switch$1731$rdmux[0][6][37]$a$7391 [3] 1'1 }, B={ 1'1 $memory$auto$proc_rom.cc:155:do_switch$1731$rdmux[0][6][37]$b$7392 [4:3] 1'0 }, Y={ $memory$auto$proc_rom.cc:155:do_switch$1731$rdmux[0][5][18]$b$7239 [7] $memory$auto$proc_rom.cc:155:do_switch$1731$rdmux[0][5][18]$b$7239 [4:3] $memory$auto$proc_rom.cc:155:do_switch$1731$rdmux[0][5][18]$b$7239 [1] }
      New connections: { $memory$auto$proc_rom.cc:155:do_switch$1731$rdmux[0][5][18]$b$7239 [6:5] $memory$auto$proc_rom.cc:155:do_switch$1731$rdmux[0][5][18]$b$7239 [2] $memory$auto$proc_rom.cc:155:do_switch$1731$rdmux[0][5][18]$b$7239 [0] } = { 1'0 $memory$auto$proc_rom.cc:155:do_switch$1731$rdmux[0][5][18]$b$7239 [1] 2'00 }
    Consolidated identical input bits for $mux cell $memory$auto$proc_rom.cc:155:do_switch$1731$rdmux[0][6][36]$7387:
      Old ports: A=$memory$auto$proc_rom.cc:155:do_switch$1731$rdmux[0][6][36]$a$7388, B=$memory$auto$proc_rom.cc:155:do_switch$1731$rdmux[0][6][36]$b$7389, Y=$memory$auto$proc_rom.cc:155:do_switch$1731$rdmux[0][5][18]$a$7238
      New ports: A={ $memory$auto$proc_rom.cc:155:do_switch$1731$rdmux[0][6][36]$a$7388 [0] $memory$auto$proc_rom.cc:155:do_switch$1731$rdmux[0][6][36]$a$7388 [5] $memory$auto$proc_rom.cc:155:do_switch$1731$rdmux[0][6][36]$a$7388 [5] 3'000 $memory$auto$proc_rom.cc:155:do_switch$1731$rdmux[0][6][36]$a$7388 [0] }, B={ $memory$auto$proc_rom.cc:155:do_switch$1731$rdmux[0][6][36]$b$7389 [4] 2'10 $memory$auto$proc_rom.cc:155:do_switch$1731$rdmux[0][6][36]$b$7389 [4] 1'1 $memory$auto$proc_rom.cc:155:do_switch$1731$rdmux[0][6][36]$b$7389 [0] $memory$auto$proc_rom.cc:155:do_switch$1731$rdmux[0][6][36]$b$7389 [0] }, Y={ $memory$auto$proc_rom.cc:155:do_switch$1731$rdmux[0][5][18]$a$7238 [7:4] $memory$auto$proc_rom.cc:155:do_switch$1731$rdmux[0][5][18]$a$7238 [2:0] }
      New connections: $memory$auto$proc_rom.cc:155:do_switch$1731$rdmux[0][5][18]$a$7238 [3] = $memory$auto$proc_rom.cc:155:do_switch$1731$rdmux[0][5][18]$a$7238 [2]
    Consolidated identical input bits for $mux cell $memory$auto$proc_rom.cc:155:do_switch$1731$rdmux[0][6][35]$7384:
      Old ports: A=$memory$auto$proc_rom.cc:155:do_switch$1731$rdmux[0][6][35]$a$7385, B=$memory$auto$proc_rom.cc:155:do_switch$1731$rdmux[0][6][35]$b$7386, Y=$memory$auto$proc_rom.cc:155:do_switch$1731$rdmux[0][5][17]$b$7236
      New ports: A={ 1'1 $memory$auto$proc_rom.cc:155:do_switch$1731$rdmux[0][6][35]$a$7385 [5] $memory$auto$proc_rom.cc:155:do_switch$1731$rdmux[0][6][35]$a$7385 [0] 2'10 $memory$auto$proc_rom.cc:155:do_switch$1731$rdmux[0][6][35]$a$7385 [0] }, B={ $memory$auto$proc_rom.cc:155:do_switch$1731$rdmux[0][6][35]$b$7386 [1] $memory$auto$proc_rom.cc:155:do_switch$1731$rdmux[0][6][35]$b$7386 [1] $memory$auto$proc_rom.cc:155:do_switch$1731$rdmux[0][6][35]$b$7386 [3] 1'0 $memory$auto$proc_rom.cc:155:do_switch$1731$rdmux[0][6][35]$b$7386 [1] 1'1 }, Y={ $memory$auto$proc_rom.cc:155:do_switch$1731$rdmux[0][5][17]$b$7236 [6:5] $memory$auto$proc_rom.cc:155:do_switch$1731$rdmux[0][5][17]$b$7236 [3:0] }
      New connections: { $memory$auto$proc_rom.cc:155:do_switch$1731$rdmux[0][5][17]$b$7236 [7] $memory$auto$proc_rom.cc:155:do_switch$1731$rdmux[0][5][17]$b$7236 [4] } = { 1'0 $memory$auto$proc_rom.cc:155:do_switch$1731$rdmux[0][5][17]$b$7236 [0] }
    Consolidated identical input bits for $mux cell $memory$auto$proc_rom.cc:155:do_switch$1731$rdmux[0][6][34]$7381:
      Old ports: A=$memory$auto$proc_rom.cc:155:do_switch$1731$rdmux[0][6][34]$a$7382, B=$memory$auto$proc_rom.cc:155:do_switch$1731$rdmux[0][6][34]$b$7383, Y=$memory$auto$proc_rom.cc:155:do_switch$1731$rdmux[0][5][17]$a$7235
      New ports: A={ 1'1 $memory$auto$proc_rom.cc:155:do_switch$1731$rdmux[0][6][34]$a$7382 [6] $memory$auto$proc_rom.cc:155:do_switch$1731$rdmux[0][6][34]$a$7382 [0] 1'0 $memory$auto$proc_rom.cc:155:do_switch$1731$rdmux[0][6][34]$a$7382 [0] $memory$auto$proc_rom.cc:155:do_switch$1731$rdmux[0][6][34]$a$7382 [0] }, B={ 1'0 $memory$auto$proc_rom.cc:155:do_switch$1731$rdmux[0][6][34]$b$7383 [1] 2'11 $memory$auto$proc_rom.cc:155:do_switch$1731$rdmux[0][6][34]$b$7383 [1:0] }, Y={ $memory$auto$proc_rom.cc:155:do_switch$1731$rdmux[0][5][17]$a$7235 [7:5] $memory$auto$proc_rom.cc:155:do_switch$1731$rdmux[0][5][17]$a$7235 [3] $memory$auto$proc_rom.cc:155:do_switch$1731$rdmux[0][5][17]$a$7235 [1:0] }
      New connections: { $memory$auto$proc_rom.cc:155:do_switch$1731$rdmux[0][5][17]$a$7235 [4] $memory$auto$proc_rom.cc:155:do_switch$1731$rdmux[0][5][17]$a$7235 [2] } = { $memory$auto$proc_rom.cc:155:do_switch$1731$rdmux[0][5][17]$a$7235 [3] 1'1 }
    Consolidated identical input bits for $mux cell $memory$auto$proc_rom.cc:155:do_switch$1731$rdmux[0][6][33]$7378:
      Old ports: A=$memory$auto$proc_rom.cc:155:do_switch$1731$rdmux[0][6][33]$a$7379, B=$memory$auto$proc_rom.cc:155:do_switch$1731$rdmux[0][6][33]$b$7380, Y=$memory$auto$proc_rom.cc:155:do_switch$1731$rdmux[0][5][16]$b$7233
      New ports: A={ $memory$auto$proc_rom.cc:155:do_switch$1731$rdmux[0][6][33]$a$7379 [7] $memory$auto$proc_rom.cc:155:do_switch$1731$rdmux[0][6][33]$a$7379 [3] $memory$auto$proc_rom.cc:155:do_switch$1731$rdmux[0][6][33]$a$7379 [3] 1'1 }, B={ 1'0 $memory$auto$proc_rom.cc:155:do_switch$1731$rdmux[0][6][33]$b$7380 [6] 1'0 $memory$auto$proc_rom.cc:155:do_switch$1731$rdmux[0][6][33]$b$7380 [0] }, Y={ $memory$auto$proc_rom.cc:155:do_switch$1731$rdmux[0][5][16]$b$7233 [7:6] $memory$auto$proc_rom.cc:155:do_switch$1731$rdmux[0][5][16]$b$7233 [3] $memory$auto$proc_rom.cc:155:do_switch$1731$rdmux[0][5][16]$b$7233 [0] }
      New connections: { $memory$auto$proc_rom.cc:155:do_switch$1731$rdmux[0][5][16]$b$7233 [5:4] $memory$auto$proc_rom.cc:155:do_switch$1731$rdmux[0][5][16]$b$7233 [2:1] } = { 1'0 $memory$auto$proc_rom.cc:155:do_switch$1731$rdmux[0][5][16]$b$7233 [0] 1'1 $memory$auto$proc_rom.cc:155:do_switch$1731$rdmux[0][5][16]$b$7233 [0] }
    Consolidated identical input bits for $mux cell $memory$auto$proc_rom.cc:155:do_switch$1731$rdmux[0][6][32]$7375:
      Old ports: A=$memory$auto$proc_rom.cc:155:do_switch$1731$rdmux[0][6][32]$a$7376, B=$memory$auto$proc_rom.cc:155:do_switch$1731$rdmux[0][6][32]$b$7377, Y=$memory$auto$proc_rom.cc:155:do_switch$1731$rdmux[0][5][16]$a$7232
      New ports: A={ $memory$auto$proc_rom.cc:155:do_switch$1731$rdmux[0][6][32]$a$7376 [0] 3'010 $memory$auto$proc_rom.cc:155:do_switch$1731$rdmux[0][6][32]$a$7376 [0] }, B={ $memory$auto$proc_rom.cc:155:do_switch$1731$rdmux[0][6][32]$b$7377 [2] $memory$auto$proc_rom.cc:155:do_switch$1731$rdmux[0][6][32]$b$7377 [2] $memory$auto$proc_rom.cc:155:do_switch$1731$rdmux[0][6][32]$b$7377 [2] $memory$auto$proc_rom.cc:155:do_switch$1731$rdmux[0][6][32]$b$7377 [0] $memory$auto$proc_rom.cc:155:do_switch$1731$rdmux[0][6][32]$b$7377 [0] }, Y={ $memory$auto$proc_rom.cc:155:do_switch$1731$rdmux[0][5][16]$a$7232 [6:5] $memory$auto$proc_rom.cc:155:do_switch$1731$rdmux[0][5][16]$a$7232 [2:0] }
      New connections: { $memory$auto$proc_rom.cc:155:do_switch$1731$rdmux[0][5][16]$a$7232 [7] $memory$auto$proc_rom.cc:155:do_switch$1731$rdmux[0][5][16]$a$7232 [4:3] } = { $memory$auto$proc_rom.cc:155:do_switch$1731$rdmux[0][5][16]$a$7232 [6] $memory$auto$proc_rom.cc:155:do_switch$1731$rdmux[0][5][16]$a$7232 [1] $memory$auto$proc_rom.cc:155:do_switch$1731$rdmux[0][5][16]$a$7232 [2] }
    Consolidated identical input bits for $mux cell $memory$auto$proc_rom.cc:155:do_switch$1731$rdmux[0][6][31]$7372:
      Old ports: A=$memory$auto$proc_rom.cc:155:do_switch$1731$rdmux[0][6][31]$a$7373, B=$memory$auto$proc_rom.cc:155:do_switch$1731$rdmux[0][6][31]$b$7374, Y=$memory$auto$proc_rom.cc:155:do_switch$1731$rdmux[0][5][15]$b$7230
      New ports: A={ $memory$auto$proc_rom.cc:155:do_switch$1731$rdmux[0][6][31]$a$7373 [0] $memory$auto$proc_rom.cc:155:do_switch$1731$rdmux[0][6][31]$a$7373 [0] $memory$auto$proc_rom.cc:155:do_switch$1731$rdmux[0][6][31]$a$7373 [0] }, B={ 2'01 $memory$auto$proc_rom.cc:155:do_switch$1731$rdmux[0][6][31]$b$7374 [0] }, Y=$memory$auto$proc_rom.cc:155:do_switch$1731$rdmux[0][5][15]$b$7230 [2:0]
      New connections: $memory$auto$proc_rom.cc:155:do_switch$1731$rdmux[0][5][15]$b$7230 [7:3] = { $memory$auto$proc_rom.cc:155:do_switch$1731$rdmux[0][5][15]$b$7230 [1] $memory$auto$proc_rom.cc:155:do_switch$1731$rdmux[0][5][15]$b$7230 [1:0] 1'1 $memory$auto$proc_rom.cc:155:do_switch$1731$rdmux[0][5][15]$b$7230 [2] }
    Consolidated identical input bits for $mux cell $memory$auto$proc_rom.cc:155:do_switch$1731$rdmux[0][6][30]$7369:
      Old ports: A=$memory$auto$proc_rom.cc:155:do_switch$1731$rdmux[0][6][30]$a$7370, B=$memory$auto$proc_rom.cc:155:do_switch$1731$rdmux[0][6][30]$b$7371, Y=$memory$auto$proc_rom.cc:155:do_switch$1731$rdmux[0][5][15]$a$7229
      New ports: A={ 3'011 $memory$auto$proc_rom.cc:155:do_switch$1731$rdmux[0][6][30]$a$7370 [3] 1'1 $memory$auto$proc_rom.cc:155:do_switch$1731$rdmux[0][6][30]$a$7370 [1] 1'0 }, B={ $memory$auto$proc_rom.cc:155:do_switch$1731$rdmux[0][6][30]$b$7371 [1:0] $memory$auto$proc_rom.cc:155:do_switch$1731$rdmux[0][6][30]$b$7371 [1] $memory$auto$proc_rom.cc:155:do_switch$1731$rdmux[0][6][30]$b$7371 [1] 1'0 $memory$auto$proc_rom.cc:155:do_switch$1731$rdmux[0][6][30]$b$7371 [1:0] }, Y=$memory$auto$proc_rom.cc:155:do_switch$1731$rdmux[0][5][15]$a$7229 [6:0]
      New connections: $memory$auto$proc_rom.cc:155:do_switch$1731$rdmux[0][5][15]$a$7229 [7] = $memory$auto$proc_rom.cc:155:do_switch$1731$rdmux[0][5][15]$a$7229 [4]
    Consolidated identical input bits for $mux cell $memory$auto$proc_rom.cc:155:do_switch$1731$rdmux[0][6][29]$7366:
      Old ports: A=$memory$auto$proc_rom.cc:155:do_switch$1731$rdmux[0][6][29]$a$7367, B=$memory$auto$proc_rom.cc:155:do_switch$1731$rdmux[0][6][29]$b$7368, Y=$memory$auto$proc_rom.cc:155:do_switch$1731$rdmux[0][5][14]$b$7227
      New ports: A={ 3'100 $memory$auto$proc_rom.cc:155:do_switch$1731$rdmux[0][6][29]$a$7367 [0] $memory$auto$proc_rom.cc:155:do_switch$1731$rdmux[0][6][29]$a$7367 [1:0] }, B={ $memory$auto$proc_rom.cc:155:do_switch$1731$rdmux[0][6][29]$b$7368 [0] $memory$auto$proc_rom.cc:155:do_switch$1731$rdmux[0][6][29]$b$7368 [0] 1'1 $memory$auto$proc_rom.cc:155:do_switch$1731$rdmux[0][6][29]$b$7368 [3] 1'0 $memory$auto$proc_rom.cc:155:do_switch$1731$rdmux[0][6][29]$b$7368 [0] }, Y={ $memory$auto$proc_rom.cc:155:do_switch$1731$rdmux[0][5][14]$b$7227 [7:5] $memory$auto$proc_rom.cc:155:do_switch$1731$rdmux[0][5][14]$b$7227 [3] $memory$auto$proc_rom.cc:155:do_switch$1731$rdmux[0][5][14]$b$7227 [1:0] }
      New connections: { $memory$auto$proc_rom.cc:155:do_switch$1731$rdmux[0][5][14]$b$7227 [4] $memory$auto$proc_rom.cc:155:do_switch$1731$rdmux[0][5][14]$b$7227 [2] } = { 1'1 $memory$auto$proc_rom.cc:155:do_switch$1731$rdmux[0][5][14]$b$7227 [0] }
    Consolidated identical input bits for $mux cell $memory$auto$proc_rom.cc:155:do_switch$1731$rdmux[0][6][28]$7363:
      Old ports: A=$memory$auto$proc_rom.cc:155:do_switch$1731$rdmux[0][6][28]$a$7364, B=$memory$auto$proc_rom.cc:155:do_switch$1731$rdmux[0][6][28]$b$7365, Y=$memory$auto$proc_rom.cc:155:do_switch$1731$rdmux[0][5][14]$a$7226
      New ports: A={ $memory$auto$proc_rom.cc:155:do_switch$1731$rdmux[0][6][28]$a$7364 [4] $memory$auto$proc_rom.cc:155:do_switch$1731$rdmux[0][6][28]$a$7364 [1] $memory$auto$proc_rom.cc:155:do_switch$1731$rdmux[0][6][28]$a$7364 [4] 1'0 $memory$auto$proc_rom.cc:155:do_switch$1731$rdmux[0][6][28]$a$7364 [1] 1'1 }, B={ $memory$auto$proc_rom.cc:155:do_switch$1731$rdmux[0][6][28]$b$7365 [6] 2'00 $memory$auto$proc_rom.cc:155:do_switch$1731$rdmux[0][6][28]$b$7365 [0] $memory$auto$proc_rom.cc:155:do_switch$1731$rdmux[0][6][28]$b$7365 [0] $memory$auto$proc_rom.cc:155:do_switch$1731$rdmux[0][6][28]$b$7365 [0] }, Y={ $memory$auto$proc_rom.cc:155:do_switch$1731$rdmux[0][5][14]$a$7226 [6:4] $memory$auto$proc_rom.cc:155:do_switch$1731$rdmux[0][5][14]$a$7226 [2:0] }
      New connections: { $memory$auto$proc_rom.cc:155:do_switch$1731$rdmux[0][5][14]$a$7226 [7] $memory$auto$proc_rom.cc:155:do_switch$1731$rdmux[0][5][14]$a$7226 [3] } = { $memory$auto$proc_rom.cc:155:do_switch$1731$rdmux[0][5][14]$a$7226 [1] $memory$auto$proc_rom.cc:155:do_switch$1731$rdmux[0][5][14]$a$7226 [2] }
    Consolidated identical input bits for $mux cell $memory$auto$proc_rom.cc:155:do_switch$1731$rdmux[0][6][27]$7360:
      Old ports: A=$memory$auto$proc_rom.cc:155:do_switch$1731$rdmux[0][6][27]$a$7361, B=$memory$auto$proc_rom.cc:155:do_switch$1731$rdmux[0][6][27]$b$7362, Y=$memory$auto$proc_rom.cc:155:do_switch$1731$rdmux[0][5][13]$b$7224
      New ports: A={ 1'0 $memory$auto$proc_rom.cc:155:do_switch$1731$rdmux[0][6][27]$a$7361 [6] $memory$auto$proc_rom.cc:155:do_switch$1731$rdmux[0][6][27]$a$7361 [2] 1'1 $memory$auto$proc_rom.cc:155:do_switch$1731$rdmux[0][6][27]$a$7361 [2] $memory$auto$proc_rom.cc:155:do_switch$1731$rdmux[0][6][27]$a$7361 [2] 1'0 }, B={ 2'10 $memory$auto$proc_rom.cc:155:do_switch$1731$rdmux[0][6][27]$b$7362 [5] $memory$auto$proc_rom.cc:155:do_switch$1731$rdmux[0][6][27]$b$7362 [0] 1'1 $memory$auto$proc_rom.cc:155:do_switch$1731$rdmux[0][6][27]$b$7362 [0] $memory$auto$proc_rom.cc:155:do_switch$1731$rdmux[0][6][27]$b$7362 [0] }, Y={ $memory$auto$proc_rom.cc:155:do_switch$1731$rdmux[0][5][13]$b$7224 [7:2] $memory$auto$proc_rom.cc:155:do_switch$1731$rdmux[0][5][13]$b$7224 [0] }
      New connections: $memory$auto$proc_rom.cc:155:do_switch$1731$rdmux[0][5][13]$b$7224 [1] = $memory$auto$proc_rom.cc:155:do_switch$1731$rdmux[0][5][13]$b$7224 [0]
    Consolidated identical input bits for $mux cell $memory$auto$proc_rom.cc:155:do_switch$1731$rdmux[0][6][26]$7357:
      Old ports: A=$memory$auto$proc_rom.cc:155:do_switch$1731$rdmux[0][6][26]$a$7358, B=$memory$auto$proc_rom.cc:155:do_switch$1731$rdmux[0][6][26]$b$7359, Y=$memory$auto$proc_rom.cc:155:do_switch$1731$rdmux[0][5][13]$a$7223
      New ports: A={ $memory$auto$proc_rom.cc:155:do_switch$1731$rdmux[0][6][26]$a$7358 [3] $memory$auto$proc_rom.cc:155:do_switch$1731$rdmux[0][6][26]$a$7358 [3:2] 2'01 }, B={ 1'0 $memory$auto$proc_rom.cc:155:do_switch$1731$rdmux[0][6][26]$b$7359 [0] $memory$auto$proc_rom.cc:155:do_switch$1731$rdmux[0][6][26]$b$7359 [0] 1'1 $memory$auto$proc_rom.cc:155:do_switch$1731$rdmux[0][6][26]$b$7359 [0] }, Y={ $memory$auto$proc_rom.cc:155:do_switch$1731$rdmux[0][5][13]$a$7223 [7] $memory$auto$proc_rom.cc:155:do_switch$1731$rdmux[0][5][13]$a$7223 [3:0] }
      New connections: $memory$auto$proc_rom.cc:155:do_switch$1731$rdmux[0][5][13]$a$7223 [6:4] = { $memory$auto$proc_rom.cc:155:do_switch$1731$rdmux[0][5][13]$a$7223 [0] $memory$auto$proc_rom.cc:155:do_switch$1731$rdmux[0][5][13]$a$7223 [3] $memory$auto$proc_rom.cc:155:do_switch$1731$rdmux[0][5][13]$a$7223 [3] }
    Consolidated identical input bits for $mux cell $memory$auto$proc_rom.cc:155:do_switch$1731$rdmux[0][6][25]$7354:
      Old ports: A=$memory$auto$proc_rom.cc:155:do_switch$1731$rdmux[0][6][25]$a$7355, B=$memory$auto$proc_rom.cc:155:do_switch$1731$rdmux[0][6][25]$b$7356, Y=$memory$auto$proc_rom.cc:155:do_switch$1731$rdmux[0][5][12]$b$7221
      New ports: A={ 3'010 $memory$auto$proc_rom.cc:155:do_switch$1731$rdmux[0][6][25]$a$7355 [2] $memory$auto$proc_rom.cc:155:do_switch$1731$rdmux[0][6][25]$a$7355 [2:1] }, B={ $memory$auto$proc_rom.cc:155:do_switch$1731$rdmux[0][6][25]$b$7356 [2] 1'0 $memory$auto$proc_rom.cc:155:do_switch$1731$rdmux[0][6][25]$b$7356 [1] 1'0 $memory$auto$proc_rom.cc:155:do_switch$1731$rdmux[0][6][25]$b$7356 [2:1] }, Y={ $memory$auto$proc_rom.cc:155:do_switch$1731$rdmux[0][5][12]$b$7221 [7:6] $memory$auto$proc_rom.cc:155:do_switch$1731$rdmux[0][5][12]$b$7221 [4:1] }
      New connections: { $memory$auto$proc_rom.cc:155:do_switch$1731$rdmux[0][5][12]$b$7221 [5] $memory$auto$proc_rom.cc:155:do_switch$1731$rdmux[0][5][12]$b$7221 [0] } = { $memory$auto$proc_rom.cc:155:do_switch$1731$rdmux[0][5][12]$b$7221 [4] 1'1 }
    Consolidated identical input bits for $mux cell $memory$auto$proc_rom.cc:155:do_switch$1731$rdmux[0][6][24]$7351:
      Old ports: A=$memory$auto$proc_rom.cc:155:do_switch$1731$rdmux[0][6][24]$a$7352, B=$memory$auto$proc_rom.cc:155:do_switch$1731$rdmux[0][6][24]$b$7353, Y=$memory$auto$proc_rom.cc:155:do_switch$1731$rdmux[0][5][12]$a$7220
      New ports: A={ 1'1 $memory$auto$proc_rom.cc:155:do_switch$1731$rdmux[0][6][24]$a$7352 [4] $memory$auto$proc_rom.cc:155:do_switch$1731$rdmux[0][6][24]$a$7352 [0] $memory$auto$proc_rom.cc:155:do_switch$1731$rdmux[0][6][24]$a$7352 [0] $memory$auto$proc_rom.cc:155:do_switch$1731$rdmux[0][6][24]$a$7352 [0] }, B={ $memory$auto$proc_rom.cc:155:do_switch$1731$rdmux[0][6][24]$b$7353 [0] $memory$auto$proc_rom.cc:155:do_switch$1731$rdmux[0][6][24]$b$7353 [0] 2'01 $memory$auto$proc_rom.cc:155:do_switch$1731$rdmux[0][6][24]$b$7353 [0] }, Y={ $memory$auto$proc_rom.cc:155:do_switch$1731$rdmux[0][5][12]$a$7220 [6] $memory$auto$proc_rom.cc:155:do_switch$1731$rdmux[0][5][12]$a$7220 [4] $memory$auto$proc_rom.cc:155:do_switch$1731$rdmux[0][5][12]$a$7220 [2:0] }
      New connections: { $memory$auto$proc_rom.cc:155:do_switch$1731$rdmux[0][5][12]$a$7220 [7] $memory$auto$proc_rom.cc:155:do_switch$1731$rdmux[0][5][12]$a$7220 [5] $memory$auto$proc_rom.cc:155:do_switch$1731$rdmux[0][5][12]$a$7220 [3] } = { 1'1 $memory$auto$proc_rom.cc:155:do_switch$1731$rdmux[0][5][12]$a$7220 [1] $memory$auto$proc_rom.cc:155:do_switch$1731$rdmux[0][5][12]$a$7220 [1] }
    Consolidated identical input bits for $mux cell $memory$auto$proc_rom.cc:155:do_switch$1731$rdmux[0][6][23]$7348:
      Old ports: A=$memory$auto$proc_rom.cc:155:do_switch$1731$rdmux[0][6][23]$a$7349, B=$memory$auto$proc_rom.cc:155:do_switch$1731$rdmux[0][6][23]$b$7350, Y=$memory$auto$proc_rom.cc:155:do_switch$1731$rdmux[0][5][11]$b$7218
      New ports: A={ 1'0 $memory$auto$proc_rom.cc:155:do_switch$1731$rdmux[0][6][23]$a$7349 [2:1] 1'0 }, B={ $memory$auto$proc_rom.cc:155:do_switch$1731$rdmux[0][6][23]$b$7350 [4] $memory$auto$proc_rom.cc:155:do_switch$1731$rdmux[0][6][23]$b$7350 [0] $memory$auto$proc_rom.cc:155:do_switch$1731$rdmux[0][6][23]$b$7350 [0] $memory$auto$proc_rom.cc:155:do_switch$1731$rdmux[0][6][23]$b$7350 [0] }, Y={ $memory$auto$proc_rom.cc:155:do_switch$1731$rdmux[0][5][11]$b$7218 [4] $memory$auto$proc_rom.cc:155:do_switch$1731$rdmux[0][5][11]$b$7218 [2:0] }
      New connections: { $memory$auto$proc_rom.cc:155:do_switch$1731$rdmux[0][5][11]$b$7218 [7:5] $memory$auto$proc_rom.cc:155:do_switch$1731$rdmux[0][5][11]$b$7218 [3] } = { $memory$auto$proc_rom.cc:155:do_switch$1731$rdmux[0][5][11]$b$7218 [0] 3'101 }
    Consolidated identical input bits for $mux cell $memory$auto$proc_rom.cc:155:do_switch$1731$rdmux[0][6][22]$7345:
      Old ports: A=$memory$auto$proc_rom.cc:155:do_switch$1731$rdmux[0][6][22]$a$7346, B=$memory$auto$proc_rom.cc:155:do_switch$1731$rdmux[0][6][22]$b$7347, Y=$memory$auto$proc_rom.cc:155:do_switch$1731$rdmux[0][5][11]$a$7217
      New ports: A={ $memory$auto$proc_rom.cc:155:do_switch$1731$rdmux[0][6][22]$a$7346 [0] 1'1 $memory$auto$proc_rom.cc:155:do_switch$1731$rdmux[0][6][22]$a$7346 [5] 3'001 $memory$auto$proc_rom.cc:155:do_switch$1731$rdmux[0][6][22]$a$7346 [0] }, B={ $memory$auto$proc_rom.cc:155:do_switch$1731$rdmux[0][6][22]$b$7347 [1] 3'011 $memory$auto$proc_rom.cc:155:do_switch$1731$rdmux[0][6][22]$b$7347 [1] $memory$auto$proc_rom.cc:155:do_switch$1731$rdmux[0][6][22]$b$7347 [1:0] }, Y={ $memory$auto$proc_rom.cc:155:do_switch$1731$rdmux[0][5][11]$a$7217 [7:4] $memory$auto$proc_rom.cc:155:do_switch$1731$rdmux[0][5][11]$a$7217 [2:0] }
      New connections: $memory$auto$proc_rom.cc:155:do_switch$1731$rdmux[0][5][11]$a$7217 [3] = 1'1
    Consolidated identical input bits for $mux cell $memory$auto$proc_rom.cc:155:do_switch$1731$rdmux[0][6][21]$7342:
      Old ports: A=$memory$auto$proc_rom.cc:155:do_switch$1731$rdmux[0][6][21]$a$7343, B=$memory$auto$proc_rom.cc:155:do_switch$1731$rdmux[0][6][21]$b$7344, Y=$memory$auto$proc_rom.cc:155:do_switch$1731$rdmux[0][5][10]$b$7215
      New ports: A={ $memory$auto$proc_rom.cc:155:do_switch$1731$rdmux[0][6][21]$a$7343 [2] 1'1 $memory$auto$proc_rom.cc:155:do_switch$1731$rdmux[0][6][21]$a$7343 [2] $memory$auto$proc_rom.cc:155:do_switch$1731$rdmux[0][6][21]$a$7343 [2] $memory$auto$proc_rom.cc:155:do_switch$1731$rdmux[0][6][21]$a$7343 [2] 2'00 }, B={ $memory$auto$proc_rom.cc:155:do_switch$1731$rdmux[0][6][21]$b$7344 [5] $memory$auto$proc_rom.cc:155:do_switch$1731$rdmux[0][6][21]$b$7344 [5] 1'1 $memory$auto$proc_rom.cc:155:do_switch$1731$rdmux[0][6][21]$b$7344 [1] 1'0 $memory$auto$proc_rom.cc:155:do_switch$1731$rdmux[0][6][21]$b$7344 [1] 1'1 }, Y={ $memory$auto$proc_rom.cc:155:do_switch$1731$rdmux[0][5][10]$b$7215 [7] $memory$auto$proc_rom.cc:155:do_switch$1731$rdmux[0][5][10]$b$7215 [5:0] }
      New connections: $memory$auto$proc_rom.cc:155:do_switch$1731$rdmux[0][5][10]$b$7215 [6] = $memory$auto$proc_rom.cc:155:do_switch$1731$rdmux[0][5][10]$b$7215 [3]
    Consolidated identical input bits for $mux cell $memory$auto$proc_rom.cc:155:do_switch$1731$rdmux[0][6][20]$7339:
      Old ports: A=$memory$auto$proc_rom.cc:155:do_switch$1731$rdmux[0][6][20]$a$7340, B=$memory$auto$proc_rom.cc:155:do_switch$1731$rdmux[0][6][20]$b$7341, Y=$memory$auto$proc_rom.cc:155:do_switch$1731$rdmux[0][5][10]$a$7214
      New ports: A={ $memory$auto$proc_rom.cc:155:do_switch$1731$rdmux[0][6][20]$a$7340 [7] 2'10 $memory$auto$proc_rom.cc:155:do_switch$1731$rdmux[0][6][20]$a$7340 [1] 1'1 }, B={ $memory$auto$proc_rom.cc:155:do_switch$1731$rdmux[0][6][20]$b$7341 [0] 1'0 $memory$auto$proc_rom.cc:155:do_switch$1731$rdmux[0][6][20]$b$7341 [0] 1'0 $memory$auto$proc_rom.cc:155:do_switch$1731$rdmux[0][6][20]$b$7341 [0] }, Y={ $memory$auto$proc_rom.cc:155:do_switch$1731$rdmux[0][5][10]$a$7214 [7] $memory$auto$proc_rom.cc:155:do_switch$1731$rdmux[0][5][10]$a$7214 [4] $memory$auto$proc_rom.cc:155:do_switch$1731$rdmux[0][5][10]$a$7214 [2:0] }
      New connections: { $memory$auto$proc_rom.cc:155:do_switch$1731$rdmux[0][5][10]$a$7214 [6:5] $memory$auto$proc_rom.cc:155:do_switch$1731$rdmux[0][5][10]$a$7214 [3] } = { $memory$auto$proc_rom.cc:155:do_switch$1731$rdmux[0][5][10]$a$7214 [0] $memory$auto$proc_rom.cc:155:do_switch$1731$rdmux[0][5][10]$a$7214 [2] $memory$auto$proc_rom.cc:155:do_switch$1731$rdmux[0][5][10]$a$7214 [2] }
    Consolidated identical input bits for $mux cell $memory$auto$proc_rom.cc:155:do_switch$1731$rdmux[0][6][19]$7336:
      Old ports: A=$memory$auto$proc_rom.cc:155:do_switch$1731$rdmux[0][6][19]$a$7337, B=$memory$auto$proc_rom.cc:155:do_switch$1731$rdmux[0][6][19]$b$7338, Y=$memory$auto$proc_rom.cc:155:do_switch$1731$rdmux[0][5][9]$b$7212
      New ports: A={ $memory$auto$proc_rom.cc:155:do_switch$1731$rdmux[0][6][19]$a$7337 [1] $memory$auto$proc_rom.cc:155:do_switch$1731$rdmux[0][6][19]$a$7337 [1] $memory$auto$proc_rom.cc:155:do_switch$1731$rdmux[0][6][19]$a$7337 [3] 1'0 $memory$auto$proc_rom.cc:155:do_switch$1731$rdmux[0][6][19]$a$7337 [1] 1'1 }, B={ $memory$auto$proc_rom.cc:155:do_switch$1731$rdmux[0][6][19]$b$7338 [7] 1'0 $memory$auto$proc_rom.cc:155:do_switch$1731$rdmux[0][6][19]$b$7338 [0] 1'1 $memory$auto$proc_rom.cc:155:do_switch$1731$rdmux[0][6][19]$b$7338 [0] $memory$auto$proc_rom.cc:155:do_switch$1731$rdmux[0][6][19]$b$7338 [0] }, Y={ $memory$auto$proc_rom.cc:155:do_switch$1731$rdmux[0][5][9]$b$7212 [7:6] $memory$auto$proc_rom.cc:155:do_switch$1731$rdmux[0][5][9]$b$7212 [3:0] }
      New connections: $memory$auto$proc_rom.cc:155:do_switch$1731$rdmux[0][5][9]$b$7212 [5:4] = { $memory$auto$proc_rom.cc:155:do_switch$1731$rdmux[0][5][9]$b$7212 [0] 1'0 }
    Consolidated identical input bits for $mux cell $memory$auto$proc_rom.cc:155:do_switch$1731$rdmux[0][6][18]$7333:
      Old ports: A=$memory$auto$proc_rom.cc:155:do_switch$1731$rdmux[0][6][18]$a$7334, B=$memory$auto$proc_rom.cc:155:do_switch$1731$rdmux[0][6][18]$b$7335, Y=$memory$auto$proc_rom.cc:155:do_switch$1731$rdmux[0][5][9]$a$7211
      New ports: A={ 1'0 $memory$auto$proc_rom.cc:155:do_switch$1731$rdmux[0][6][18]$a$7334 [6] $memory$auto$proc_rom.cc:155:do_switch$1731$rdmux[0][6][18]$a$7334 [0] 1'0 $memory$auto$proc_rom.cc:155:do_switch$1731$rdmux[0][6][18]$a$7334 [0] }, B={ 1'1 $memory$auto$proc_rom.cc:155:do_switch$1731$rdmux[0][6][18]$b$7335 [2] 1'0 $memory$auto$proc_rom.cc:155:do_switch$1731$rdmux[0][6][18]$b$7335 [2] $memory$auto$proc_rom.cc:155:do_switch$1731$rdmux[0][6][18]$b$7335 [0] }, Y={ $memory$auto$proc_rom.cc:155:do_switch$1731$rdmux[0][5][9]$a$7211 [7:6] $memory$auto$proc_rom.cc:155:do_switch$1731$rdmux[0][5][9]$a$7211 [3:2] $memory$auto$proc_rom.cc:155:do_switch$1731$rdmux[0][5][9]$a$7211 [0] }
      New connections: { $memory$auto$proc_rom.cc:155:do_switch$1731$rdmux[0][5][9]$a$7211 [5:4] $memory$auto$proc_rom.cc:155:do_switch$1731$rdmux[0][5][9]$a$7211 [1] } = { $memory$auto$proc_rom.cc:155:do_switch$1731$rdmux[0][5][9]$a$7211 [0] 2'11 }
    Consolidated identical input bits for $mux cell $memory$auto$proc_rom.cc:155:do_switch$1731$rdmux[0][6][17]$7330:
      Old ports: A=$memory$auto$proc_rom.cc:155:do_switch$1731$rdmux[0][6][17]$a$7331, B=$memory$auto$proc_rom.cc:155:do_switch$1731$rdmux[0][6][17]$b$7332, Y=$memory$auto$proc_rom.cc:155:do_switch$1731$rdmux[0][5][8]$b$7209
      New ports: A={ 1'0 $memory$auto$proc_rom.cc:155:do_switch$1731$rdmux[0][6][17]$a$7331 [2] $memory$auto$proc_rom.cc:155:do_switch$1731$rdmux[0][6][17]$a$7331 [2] $memory$auto$proc_rom.cc:155:do_switch$1731$rdmux[0][6][17]$a$7331 [0] $memory$auto$proc_rom.cc:155:do_switch$1731$rdmux[0][6][17]$a$7331 [2] 1'1 $memory$auto$proc_rom.cc:155:do_switch$1731$rdmux[0][6][17]$a$7331 [0] }, B={ $memory$auto$proc_rom.cc:155:do_switch$1731$rdmux[0][6][17]$b$7332 [5] $memory$auto$proc_rom.cc:155:do_switch$1731$rdmux[0][6][17]$b$7332 [1] $memory$auto$proc_rom.cc:155:do_switch$1731$rdmux[0][6][17]$b$7332 [5] $memory$auto$proc_rom.cc:155:do_switch$1731$rdmux[0][6][17]$b$7332 [1] 1'0 $memory$auto$proc_rom.cc:155:do_switch$1731$rdmux[0][6][17]$b$7332 [1] 1'0 }, Y={ $memory$auto$proc_rom.cc:155:do_switch$1731$rdmux[0][5][8]$b$7209 [7:4] $memory$auto$proc_rom.cc:155:do_switch$1731$rdmux[0][5][8]$b$7209 [2:0] }
      New connections: $memory$auto$proc_rom.cc:155:do_switch$1731$rdmux[0][5][8]$b$7209 [3] = $memory$auto$proc_rom.cc:155:do_switch$1731$rdmux[0][5][8]$b$7209 [1]
    Consolidated identical input bits for $mux cell $memory$auto$proc_rom.cc:155:do_switch$1731$rdmux[0][6][16]$7327:
      Old ports: A=$memory$auto$proc_rom.cc:155:do_switch$1731$rdmux[0][6][16]$a$7328, B=$memory$auto$proc_rom.cc:155:do_switch$1731$rdmux[0][6][16]$b$7329, Y=$memory$auto$proc_rom.cc:155:do_switch$1731$rdmux[0][5][8]$a$7208
      New ports: A={ $memory$auto$proc_rom.cc:155:do_switch$1731$rdmux[0][6][16]$a$7328 [1] 1'0 $memory$auto$proc_rom.cc:155:do_switch$1731$rdmux[0][6][16]$a$7328 [3] 1'0 $memory$auto$proc_rom.cc:155:do_switch$1731$rdmux[0][6][16]$a$7328 [1] 1'1 }, B={ 1'0 $memory$auto$proc_rom.cc:155:do_switch$1731$rdmux[0][6][16]$b$7329 [1] 1'1 $memory$auto$proc_rom.cc:155:do_switch$1731$rdmux[0][6][16]$b$7329 [2:1] 1'0 }, Y={ $memory$auto$proc_rom.cc:155:do_switch$1731$rdmux[0][5][8]$a$7208 [7] $memory$auto$proc_rom.cc:155:do_switch$1731$rdmux[0][5][8]$a$7208 [4:0] }
      New connections: $memory$auto$proc_rom.cc:155:do_switch$1731$rdmux[0][5][8]$a$7208 [6:5] = { 1'0 $memory$auto$proc_rom.cc:155:do_switch$1731$rdmux[0][5][8]$a$7208 [2] }
    Consolidated identical input bits for $mux cell $memory$auto$proc_rom.cc:155:do_switch$1731$rdmux[0][6][15]$7324:
      Old ports: A=$memory$auto$proc_rom.cc:155:do_switch$1731$rdmux[0][6][15]$a$7325, B=$memory$auto$proc_rom.cc:155:do_switch$1731$rdmux[0][6][15]$b$7326, Y=$memory$auto$proc_rom.cc:155:do_switch$1731$rdmux[0][5][7]$b$7206
      New ports: A={ $memory$auto$proc_rom.cc:155:do_switch$1731$rdmux[0][6][15]$a$7325 [3] $memory$auto$proc_rom.cc:155:do_switch$1731$rdmux[0][6][15]$a$7325 [3] 1'0 $memory$auto$proc_rom.cc:155:do_switch$1731$rdmux[0][6][15]$a$7325 [3:2] 2'11 }, B={ $memory$auto$proc_rom.cc:155:do_switch$1731$rdmux[0][6][15]$b$7326 [1:0] 2'10 $memory$auto$proc_rom.cc:155:do_switch$1731$rdmux[0][6][15]$b$7326 [0] $memory$auto$proc_rom.cc:155:do_switch$1731$rdmux[0][6][15]$b$7326 [1:0] }, Y={ $memory$auto$proc_rom.cc:155:do_switch$1731$rdmux[0][5][7]$b$7206 [7:6] $memory$auto$proc_rom.cc:155:do_switch$1731$rdmux[0][5][7]$b$7206 [4:0] }
      New connections: $memory$auto$proc_rom.cc:155:do_switch$1731$rdmux[0][5][7]$b$7206 [5] = 1'1
    Consolidated identical input bits for $mux cell $memory$auto$proc_rom.cc:155:do_switch$1731$rdmux[0][6][14]$7321:
      Old ports: A=$memory$auto$proc_rom.cc:155:do_switch$1731$rdmux[0][6][14]$a$7322, B=$memory$auto$proc_rom.cc:155:do_switch$1731$rdmux[0][6][14]$b$7323, Y=$memory$auto$proc_rom.cc:155:do_switch$1731$rdmux[0][5][7]$a$7205
      New ports: A={ 2'00 $memory$auto$proc_rom.cc:155:do_switch$1731$rdmux[0][6][14]$a$7322 [4] 1'1 $memory$auto$proc_rom.cc:155:do_switch$1731$rdmux[0][6][14]$a$7322 [0] }, B={ 1'1 $memory$auto$proc_rom.cc:155:do_switch$1731$rdmux[0][6][14]$b$7323 [1] 1'0 $memory$auto$proc_rom.cc:155:do_switch$1731$rdmux[0][6][14]$b$7323 [1] 1'0 }, Y={ $memory$auto$proc_rom.cc:155:do_switch$1731$rdmux[0][5][7]$a$7205 [7] $memory$auto$proc_rom.cc:155:do_switch$1731$rdmux[0][5][7]$a$7205 [5:4] $memory$auto$proc_rom.cc:155:do_switch$1731$rdmux[0][5][7]$a$7205 [1:0] }
      New connections: { $memory$auto$proc_rom.cc:155:do_switch$1731$rdmux[0][5][7]$a$7205 [6] $memory$auto$proc_rom.cc:155:do_switch$1731$rdmux[0][5][7]$a$7205 [3:2] } = { $memory$auto$proc_rom.cc:155:do_switch$1731$rdmux[0][5][7]$a$7205 [5] 1'0 $memory$auto$proc_rom.cc:155:do_switch$1731$rdmux[0][5][7]$a$7205 [0] }
    Consolidated identical input bits for $mux cell $memory$auto$proc_rom.cc:155:do_switch$1731$rdmux[0][6][13]$7318:
      Old ports: A=$memory$auto$proc_rom.cc:155:do_switch$1731$rdmux[0][6][13]$a$7319, B=$memory$auto$proc_rom.cc:155:do_switch$1731$rdmux[0][6][13]$b$7320, Y=$memory$auto$proc_rom.cc:155:do_switch$1731$rdmux[0][5][6]$b$7203
      New ports: A={ 1'1 $memory$auto$proc_rom.cc:155:do_switch$1731$rdmux[0][6][13]$a$7319 [3] $memory$auto$proc_rom.cc:155:do_switch$1731$rdmux[0][6][13]$a$7319 [1] $memory$auto$proc_rom.cc:155:do_switch$1731$rdmux[0][6][13]$a$7319 [1] 1'0 }, B={ $memory$auto$proc_rom.cc:155:do_switch$1731$rdmux[0][6][13]$b$7320 [1] $memory$auto$proc_rom.cc:155:do_switch$1731$rdmux[0][6][13]$b$7320 [1:0] $memory$auto$proc_rom.cc:155:do_switch$1731$rdmux[0][6][13]$b$7320 [1:0] }, Y=$memory$auto$proc_rom.cc:155:do_switch$1731$rdmux[0][5][6]$b$7203 [4:0]
      New connections: $memory$auto$proc_rom.cc:155:do_switch$1731$rdmux[0][5][6]$b$7203 [7:5] = { $memory$auto$proc_rom.cc:155:do_switch$1731$rdmux[0][5][6]$b$7203 [1] 2'00 }
    Consolidated identical input bits for $mux cell $memory$auto$proc_rom.cc:155:do_switch$1731$rdmux[0][6][12]$7315:
      Old ports: A=$memory$auto$proc_rom.cc:155:do_switch$1731$rdmux[0][6][12]$a$7316, B=$memory$auto$proc_rom.cc:155:do_switch$1731$rdmux[0][6][12]$b$7317, Y=$memory$auto$proc_rom.cc:155:do_switch$1731$rdmux[0][5][6]$a$7202
      New ports: A={ $memory$auto$proc_rom.cc:155:do_switch$1731$rdmux[0][6][12]$a$7316 [0] 2'01 $memory$auto$proc_rom.cc:155:do_switch$1731$rdmux[0][6][12]$a$7316 [0] }, B={ $memory$auto$proc_rom.cc:155:do_switch$1731$rdmux[0][6][12]$b$7317 [6:5] 2'01 }, Y={ $memory$auto$proc_rom.cc:155:do_switch$1731$rdmux[0][5][6]$a$7202 [6:5] $memory$auto$proc_rom.cc:155:do_switch$1731$rdmux[0][5][6]$a$7202 [2] $memory$auto$proc_rom.cc:155:do_switch$1731$rdmux[0][5][6]$a$7202 [0] }
      New connections: { $memory$auto$proc_rom.cc:155:do_switch$1731$rdmux[0][5][6]$a$7202 [7] $memory$auto$proc_rom.cc:155:do_switch$1731$rdmux[0][5][6]$a$7202 [4:3] $memory$auto$proc_rom.cc:155:do_switch$1731$rdmux[0][5][6]$a$7202 [1] } = { $memory$auto$proc_rom.cc:155:do_switch$1731$rdmux[0][5][6]$a$7202 [6] 2'00 $memory$auto$proc_rom.cc:155:do_switch$1731$rdmux[0][5][6]$a$7202 [0] }
    Consolidated identical input bits for $mux cell $memory$auto$proc_rom.cc:155:do_switch$1731$rdmux[0][6][11]$7312:
      Old ports: A=$memory$auto$proc_rom.cc:155:do_switch$1731$rdmux[0][6][11]$a$7313, B=$memory$auto$proc_rom.cc:155:do_switch$1731$rdmux[0][6][11]$b$7314, Y=$memory$auto$proc_rom.cc:155:do_switch$1731$rdmux[0][5][5]$b$7200
      New ports: A={ 1'1 $memory$auto$proc_rom.cc:155:do_switch$1731$rdmux[0][6][11]$a$7313 [0] $memory$auto$proc_rom.cc:155:do_switch$1731$rdmux[0][6][11]$a$7313 [3] 1'0 $memory$auto$proc_rom.cc:155:do_switch$1731$rdmux[0][6][11]$a$7313 [0] }, B={ 1'0 $memory$auto$proc_rom.cc:155:do_switch$1731$rdmux[0][6][11]$b$7314 [5] 1'0 $memory$auto$proc_rom.cc:155:do_switch$1731$rdmux[0][6][11]$b$7314 [2] 1'1 }, Y={ $memory$auto$proc_rom.cc:155:do_switch$1731$rdmux[0][5][5]$b$7200 [6:5] $memory$auto$proc_rom.cc:155:do_switch$1731$rdmux[0][5][5]$b$7200 [3:2] $memory$auto$proc_rom.cc:155:do_switch$1731$rdmux[0][5][5]$b$7200 [0] }
      New connections: { $memory$auto$proc_rom.cc:155:do_switch$1731$rdmux[0][5][5]$b$7200 [7] $memory$auto$proc_rom.cc:155:do_switch$1731$rdmux[0][5][5]$b$7200 [4] $memory$auto$proc_rom.cc:155:do_switch$1731$rdmux[0][5][5]$b$7200 [1] } = { $memory$auto$proc_rom.cc:155:do_switch$1731$rdmux[0][5][5]$b$7200 [3] 2'10 }
    Consolidated identical input bits for $mux cell $memory$auto$proc_rom.cc:155:do_switch$1731$rdmux[0][6][10]$7309:
      Old ports: A=$memory$auto$proc_rom.cc:155:do_switch$1731$rdmux[0][6][10]$a$7310, B=$memory$auto$proc_rom.cc:155:do_switch$1731$rdmux[0][6][10]$b$7311, Y=$memory$auto$proc_rom.cc:155:do_switch$1731$rdmux[0][5][5]$a$7199
      New ports: A={ 1'0 $memory$auto$proc_rom.cc:155:do_switch$1731$rdmux[0][6][10]$a$7310 [4] 1'1 $memory$auto$proc_rom.cc:155:do_switch$1731$rdmux[0][6][10]$a$7310 [0] }, B={ 1'1 $memory$auto$proc_rom.cc:155:do_switch$1731$rdmux[0][6][10]$b$7311 [4] $memory$auto$proc_rom.cc:155:do_switch$1731$rdmux[0][6][10]$b$7311 [2] 1'1 }, Y={ $memory$auto$proc_rom.cc:155:do_switch$1731$rdmux[0][5][5]$a$7199 [6] $memory$auto$proc_rom.cc:155:do_switch$1731$rdmux[0][5][5]$a$7199 [4] $memory$auto$proc_rom.cc:155:do_switch$1731$rdmux[0][5][5]$a$7199 [2] $memory$auto$proc_rom.cc:155:do_switch$1731$rdmux[0][5][5]$a$7199 [0] }
      New connections: { $memory$auto$proc_rom.cc:155:do_switch$1731$rdmux[0][5][5]$a$7199 [7] $memory$auto$proc_rom.cc:155:do_switch$1731$rdmux[0][5][5]$a$7199 [5] $memory$auto$proc_rom.cc:155:do_switch$1731$rdmux[0][5][5]$a$7199 [3] $memory$auto$proc_rom.cc:155:do_switch$1731$rdmux[0][5][5]$a$7199 [1] } = { $memory$auto$proc_rom.cc:155:do_switch$1731$rdmux[0][5][5]$a$7199 [0] 3'100 }
    Consolidated identical input bits for $mux cell $memory$auto$proc_rom.cc:155:do_switch$1731$rdmux[0][6][9]$7306:
      Old ports: A=$memory$auto$proc_rom.cc:155:do_switch$1731$rdmux[0][6][9]$a$7307, B=$memory$auto$proc_rom.cc:155:do_switch$1731$rdmux[0][6][9]$b$7308, Y=$memory$auto$proc_rom.cc:155:do_switch$1731$rdmux[0][5][4]$b$7197
      New ports: A={ 1'0 $memory$auto$proc_rom.cc:155:do_switch$1731$rdmux[0][6][9]$a$7307 [0] 1'1 $memory$auto$proc_rom.cc:155:do_switch$1731$rdmux[0][6][9]$a$7307 [0] }, B={ 1'1 $memory$auto$proc_rom.cc:155:do_switch$1731$rdmux[0][6][9]$b$7308 [3] $memory$auto$proc_rom.cc:155:do_switch$1731$rdmux[0][6][9]$b$7308 [0] $memory$auto$proc_rom.cc:155:do_switch$1731$rdmux[0][6][9]$b$7308 [0] }, Y={ $memory$auto$proc_rom.cc:155:do_switch$1731$rdmux[0][5][4]$b$7197 [6] $memory$auto$proc_rom.cc:155:do_switch$1731$rdmux[0][5][4]$b$7197 [3] $memory$auto$proc_rom.cc:155:do_switch$1731$rdmux[0][5][4]$b$7197 [1:0] }
      New connections: { $memory$auto$proc_rom.cc:155:do_switch$1731$rdmux[0][5][4]$b$7197 [7] $memory$auto$proc_rom.cc:155:do_switch$1731$rdmux[0][5][4]$b$7197 [5:4] $memory$auto$proc_rom.cc:155:do_switch$1731$rdmux[0][5][4]$b$7197 [2] } = { $memory$auto$proc_rom.cc:155:do_switch$1731$rdmux[0][5][4]$b$7197 [6] $memory$auto$proc_rom.cc:155:do_switch$1731$rdmux[0][5][4]$b$7197 [1] $memory$auto$proc_rom.cc:155:do_switch$1731$rdmux[0][5][4]$b$7197 [1] 1'1 }
    Consolidated identical input bits for $mux cell $memory$auto$proc_rom.cc:155:do_switch$1731$rdmux[0][6][8]$7303:
      Old ports: A=$memory$auto$proc_rom.cc:155:do_switch$1731$rdmux[0][6][8]$a$7304, B=$memory$auto$proc_rom.cc:155:do_switch$1731$rdmux[0][6][8]$b$7305, Y=$memory$auto$proc_rom.cc:155:do_switch$1731$rdmux[0][5][4]$a$7196
      New ports: A={ $memory$auto$proc_rom.cc:155:do_switch$1731$rdmux[0][6][8]$a$7304 [3] 1'1 $memory$auto$proc_rom.cc:155:do_switch$1731$rdmux[0][6][8]$a$7304 [1] 1'1 }, B={ 1'0 $memory$auto$proc_rom.cc:155:do_switch$1731$rdmux[0][6][8]$b$7305 [2] 1'1 $memory$auto$proc_rom.cc:155:do_switch$1731$rdmux[0][6][8]$b$7305 [0] }, Y=$memory$auto$proc_rom.cc:155:do_switch$1731$rdmux[0][5][4]$a$7196 [3:0]
      New connections: $memory$auto$proc_rom.cc:155:do_switch$1731$rdmux[0][5][4]$a$7196 [7:4] = { $memory$auto$proc_rom.cc:155:do_switch$1731$rdmux[0][5][4]$a$7196 [0] $memory$auto$proc_rom.cc:155:do_switch$1731$rdmux[0][5][4]$a$7196 [3:2] $memory$auto$proc_rom.cc:155:do_switch$1731$rdmux[0][5][4]$a$7196 [0] }
    Consolidated identical input bits for $mux cell $memory$auto$proc_rom.cc:155:do_switch$1731$rdmux[0][6][7]$7300:
      Old ports: A=$memory$auto$proc_rom.cc:155:do_switch$1731$rdmux[0][6][7]$a$7301, B=$memory$auto$proc_rom.cc:155:do_switch$1731$rdmux[0][6][7]$b$7302, Y=$memory$auto$proc_rom.cc:155:do_switch$1731$rdmux[0][5][3]$b$7194
      New ports: A={ 2'10 $memory$auto$proc_rom.cc:155:do_switch$1731$rdmux[0][6][7]$a$7301 [5] $memory$auto$proc_rom.cc:155:do_switch$1731$rdmux[0][6][7]$a$7301 [3] $memory$auto$proc_rom.cc:155:do_switch$1731$rdmux[0][6][7]$a$7301 [3] 2'10 }, B={ $memory$auto$proc_rom.cc:155:do_switch$1731$rdmux[0][6][7]$b$7302 [7] 1'1 $memory$auto$proc_rom.cc:155:do_switch$1731$rdmux[0][6][7]$b$7302 [1] $memory$auto$proc_rom.cc:155:do_switch$1731$rdmux[0][6][7]$b$7302 [1] 2'00 $memory$auto$proc_rom.cc:155:do_switch$1731$rdmux[0][6][7]$b$7302 [1] }, Y=$memory$auto$proc_rom.cc:155:do_switch$1731$rdmux[0][5][3]$b$7194 [7:1]
      New connections: $memory$auto$proc_rom.cc:155:do_switch$1731$rdmux[0][5][3]$b$7194 [0] = 1'0
    Consolidated identical input bits for $mux cell $memory$auto$proc_rom.cc:155:do_switch$1731$rdmux[0][6][6]$7297:
      Old ports: A=$memory$auto$proc_rom.cc:155:do_switch$1731$rdmux[0][6][6]$a$7298, B=$memory$auto$proc_rom.cc:155:do_switch$1731$rdmux[0][6][6]$b$7299, Y=$memory$auto$proc_rom.cc:155:do_switch$1731$rdmux[0][5][3]$a$7193
      New ports: A={ $memory$auto$proc_rom.cc:155:do_switch$1731$rdmux[0][6][6]$a$7298 [0] $memory$auto$proc_rom.cc:155:do_switch$1731$rdmux[0][6][6]$a$7298 [4] 2'10 $memory$auto$proc_rom.cc:155:do_switch$1731$rdmux[0][6][6]$a$7298 [0] }, B={ 2'10 $memory$auto$proc_rom.cc:155:do_switch$1731$rdmux[0][6][6]$b$7299 [0] 1'1 $memory$auto$proc_rom.cc:155:do_switch$1731$rdmux[0][6][6]$b$7299 [0] }, Y={ $memory$auto$proc_rom.cc:155:do_switch$1731$rdmux[0][5][3]$a$7193 [5:4] $memory$auto$proc_rom.cc:155:do_switch$1731$rdmux[0][5][3]$a$7193 [2:0] }
      New connections: { $memory$auto$proc_rom.cc:155:do_switch$1731$rdmux[0][5][3]$a$7193 [7:6] $memory$auto$proc_rom.cc:155:do_switch$1731$rdmux[0][5][3]$a$7193 [3] } = { 1'1 $memory$auto$proc_rom.cc:155:do_switch$1731$rdmux[0][5][3]$a$7193 [4] $memory$auto$proc_rom.cc:155:do_switch$1731$rdmux[0][5][3]$a$7193 [0] }
    Consolidated identical input bits for $mux cell $memory$auto$proc_rom.cc:155:do_switch$1731$rdmux[0][6][5]$7294:
      Old ports: A=$memory$auto$proc_rom.cc:155:do_switch$1731$rdmux[0][6][5]$a$7295, B=$memory$auto$proc_rom.cc:155:do_switch$1731$rdmux[0][6][5]$b$7296, Y=$memory$auto$proc_rom.cc:155:do_switch$1731$rdmux[0][5][2]$b$7191
      New ports: A={ $memory$auto$proc_rom.cc:155:do_switch$1731$rdmux[0][6][5]$a$7295 [1] 3'110 $memory$auto$proc_rom.cc:155:do_switch$1731$rdmux[0][6][5]$a$7295 [1:0] }, B={ $memory$auto$proc_rom.cc:155:do_switch$1731$rdmux[0][6][5]$b$7296 [4] $memory$auto$proc_rom.cc:155:do_switch$1731$rdmux[0][6][5]$b$7296 [4] 1'0 $memory$auto$proc_rom.cc:155:do_switch$1731$rdmux[0][6][5]$b$7296 [0] $memory$auto$proc_rom.cc:155:do_switch$1731$rdmux[0][6][5]$b$7296 [0] $memory$auto$proc_rom.cc:155:do_switch$1731$rdmux[0][6][5]$b$7296 [0] }, Y=$memory$auto$proc_rom.cc:155:do_switch$1731$rdmux[0][5][2]$b$7191 [5:0]
      New connections: $memory$auto$proc_rom.cc:155:do_switch$1731$rdmux[0][5][2]$b$7191 [7:6] = { $memory$auto$proc_rom.cc:155:do_switch$1731$rdmux[0][5][2]$b$7191 [5] 1'1 }
    Consolidated identical input bits for $mux cell $memory$auto$proc_rom.cc:155:do_switch$1731$rdmux[0][6][4]$7291:
      Old ports: A=$memory$auto$proc_rom.cc:155:do_switch$1731$rdmux[0][6][4]$a$7292, B=$memory$auto$proc_rom.cc:155:do_switch$1731$rdmux[0][6][4]$b$7293, Y=$memory$auto$proc_rom.cc:155:do_switch$1731$rdmux[0][5][2]$a$7190
      New ports: A={ 1'1 $memory$auto$proc_rom.cc:155:do_switch$1731$rdmux[0][6][4]$a$7292 [3] 3'010 }, B={ $memory$auto$proc_rom.cc:155:do_switch$1731$rdmux[0][6][4]$b$7293 [7] 1'1 $memory$auto$proc_rom.cc:155:do_switch$1731$rdmux[0][6][4]$b$7293 [2] 2'01 }, Y={ $memory$auto$proc_rom.cc:155:do_switch$1731$rdmux[0][5][2]$a$7190 [7] $memory$auto$proc_rom.cc:155:do_switch$1731$rdmux[0][5][2]$a$7190 [3:0] }
      New connections: $memory$auto$proc_rom.cc:155:do_switch$1731$rdmux[0][5][2]$a$7190 [6:4] = { $memory$auto$proc_rom.cc:155:do_switch$1731$rdmux[0][5][2]$a$7190 [3:2] $memory$auto$proc_rom.cc:155:do_switch$1731$rdmux[0][5][2]$a$7190 [2] }
    Consolidated identical input bits for $mux cell $memory$auto$proc_rom.cc:155:do_switch$1731$rdmux[0][6][3]$7288:
      Old ports: A=$memory$auto$proc_rom.cc:155:do_switch$1731$rdmux[0][6][3]$a$7289, B=$memory$auto$proc_rom.cc:155:do_switch$1731$rdmux[0][6][3]$b$7290, Y=$memory$auto$proc_rom.cc:155:do_switch$1731$rdmux[0][5][1]$b$7188
      New ports: A={ 1'1 $memory$auto$proc_rom.cc:155:do_switch$1731$rdmux[0][6][3]$a$7289 [3] $memory$auto$proc_rom.cc:155:do_switch$1731$rdmux[0][6][3]$a$7289 [3] 1'1 $memory$auto$proc_rom.cc:155:do_switch$1731$rdmux[0][6][3]$a$7289 [0] }, B={ $memory$auto$proc_rom.cc:155:do_switch$1731$rdmux[0][6][3]$b$7290 [0] 1'1 $memory$auto$proc_rom.cc:155:do_switch$1731$rdmux[0][6][3]$b$7290 [0] $memory$auto$proc_rom.cc:155:do_switch$1731$rdmux[0][6][3]$b$7290 [2] $memory$auto$proc_rom.cc:155:do_switch$1731$rdmux[0][6][3]$b$7290 [0] }, Y={ $memory$auto$proc_rom.cc:155:do_switch$1731$rdmux[0][5][1]$b$7188 [7] $memory$auto$proc_rom.cc:155:do_switch$1731$rdmux[0][5][1]$b$7188 [5] $memory$auto$proc_rom.cc:155:do_switch$1731$rdmux[0][5][1]$b$7188 [3:2] $memory$auto$proc_rom.cc:155:do_switch$1731$rdmux[0][5][1]$b$7188 [0] }
      New connections: { $memory$auto$proc_rom.cc:155:do_switch$1731$rdmux[0][5][1]$b$7188 [6] $memory$auto$proc_rom.cc:155:do_switch$1731$rdmux[0][5][1]$b$7188 [4] $memory$auto$proc_rom.cc:155:do_switch$1731$rdmux[0][5][1]$b$7188 [1] } = { $memory$auto$proc_rom.cc:155:do_switch$1731$rdmux[0][5][1]$b$7188 [2] $memory$auto$proc_rom.cc:155:do_switch$1731$rdmux[0][5][1]$b$7188 [2] 1'1 }
    Consolidated identical input bits for $mux cell $memory$auto$proc_rom.cc:155:do_switch$1731$rdmux[0][6][2]$7285:
      Old ports: A=$memory$auto$proc_rom.cc:155:do_switch$1731$rdmux[0][6][2]$a$7286, B=$memory$auto$proc_rom.cc:155:do_switch$1731$rdmux[0][6][2]$b$7287, Y=$memory$auto$proc_rom.cc:155:do_switch$1731$rdmux[0][5][1]$a$7187
      New ports: A={ $memory$auto$proc_rom.cc:155:do_switch$1731$rdmux[0][6][2]$a$7286 [4] $memory$auto$proc_rom.cc:155:do_switch$1731$rdmux[0][6][2]$a$7286 [4] 3'000 $memory$auto$proc_rom.cc:155:do_switch$1731$rdmux[0][6][2]$a$7286 [0] }, B={ 2'10 $memory$auto$proc_rom.cc:155:do_switch$1731$rdmux[0][6][2]$b$7287 [3:2] 2'11 }, Y=$memory$auto$proc_rom.cc:155:do_switch$1731$rdmux[0][5][1]$a$7187 [5:0]
      New connections: $memory$auto$proc_rom.cc:155:do_switch$1731$rdmux[0][5][1]$a$7187 [7:6] = { 1'0 $memory$auto$proc_rom.cc:155:do_switch$1731$rdmux[0][5][1]$a$7187 [2] }
    Consolidated identical input bits for $mux cell $memory$auto$proc_rom.cc:155:do_switch$1731$rdmux[0][6][1]$7282:
      Old ports: A=$memory$auto$proc_rom.cc:155:do_switch$1731$rdmux[0][6][1]$a$7283, B=$memory$auto$proc_rom.cc:155:do_switch$1731$rdmux[0][6][1]$b$7284, Y=$memory$auto$proc_rom.cc:155:do_switch$1731$rdmux[0][5][0]$b$7185
      New ports: A={ $memory$auto$proc_rom.cc:155:do_switch$1731$rdmux[0][6][1]$a$7283 [4] $memory$auto$proc_rom.cc:155:do_switch$1731$rdmux[0][6][1]$a$7283 [4] $memory$auto$proc_rom.cc:155:do_switch$1731$rdmux[0][6][1]$a$7283 [0] 2'01 $memory$auto$proc_rom.cc:155:do_switch$1731$rdmux[0][6][1]$a$7283 [0] }, B={ $memory$auto$proc_rom.cc:155:do_switch$1731$rdmux[0][6][1]$b$7284 [7] 1'0 $memory$auto$proc_rom.cc:155:do_switch$1731$rdmux[0][6][1]$b$7284 [1] 1'1 $memory$auto$proc_rom.cc:155:do_switch$1731$rdmux[0][6][1]$b$7284 [1] 1'1 }, Y={ $memory$auto$proc_rom.cc:155:do_switch$1731$rdmux[0][5][0]$b$7185 [7] $memory$auto$proc_rom.cc:155:do_switch$1731$rdmux[0][5][0]$b$7185 [4:0] }
      New connections: $memory$auto$proc_rom.cc:155:do_switch$1731$rdmux[0][5][0]$b$7185 [6:5] = { 1'1 $memory$auto$proc_rom.cc:155:do_switch$1731$rdmux[0][5][0]$b$7185 [1] }
    Consolidated identical input bits for $mux cell $memory$auto$proc_rom.cc:155:do_switch$1731$rdmux[0][6][0]$7279:
      Old ports: A=$memory$auto$proc_rom.cc:155:do_switch$1731$rdmux[0][6][0]$a$7280, B=$memory$auto$proc_rom.cc:155:do_switch$1731$rdmux[0][6][0]$b$7281, Y=$memory$auto$proc_rom.cc:155:do_switch$1731$rdmux[0][5][0]$a$7184
      New ports: A={ $memory$auto$proc_rom.cc:155:do_switch$1731$rdmux[0][6][0]$a$7280 [2] $memory$auto$proc_rom.cc:155:do_switch$1731$rdmux[0][6][0]$a$7280 [2] $memory$auto$proc_rom.cc:155:do_switch$1731$rdmux[0][6][0]$a$7280 [2] $memory$auto$proc_rom.cc:155:do_switch$1731$rdmux[0][6][0]$a$7280 [0] }, B={ 1'1 $memory$auto$proc_rom.cc:155:do_switch$1731$rdmux[0][6][0]$b$7281 [3:2] 1'1 }, Y={ $memory$auto$proc_rom.cc:155:do_switch$1731$rdmux[0][5][0]$a$7184 [4:2] $memory$auto$proc_rom.cc:155:do_switch$1731$rdmux[0][5][0]$a$7184 [0] }
      New connections: { $memory$auto$proc_rom.cc:155:do_switch$1731$rdmux[0][5][0]$a$7184 [7:5] $memory$auto$proc_rom.cc:155:do_switch$1731$rdmux[0][5][0]$a$7184 [1] } = { 3'011 $memory$auto$proc_rom.cc:155:do_switch$1731$rdmux[0][5][0]$a$7184 [0] }
    Consolidated identical input bits for $mux cell $memory$auto$proc_rom.cc:155:do_switch$1743$rdmux[0][2][3]$7063:
      Old ports: A=$memory$auto$proc_rom.cc:155:do_switch$1743$rdmux[0][2][3]$a$7064, B=$memory$auto$proc_rom.cc:155:do_switch$1743$rdmux[0][2][3]$b$7065, Y=$memory$auto$proc_rom.cc:155:do_switch$1743$rdmux[0][1][1]$b$7053
      New ports: A={ 1'1 $memory$auto$proc_rom.cc:155:do_switch$1743$rdmux[0][2][3]$a$7064 [4] $memory$auto$proc_rom.cc:155:do_switch$1743$rdmux[0][2][3]$a$7064 [0] $memory$auto$proc_rom.cc:155:do_switch$1743$rdmux[0][2][3]$a$7064 [4] 1'0 $memory$auto$proc_rom.cc:155:do_switch$1743$rdmux[0][2][3]$a$7064 [0] $memory$auto$proc_rom.cc:155:do_switch$1743$rdmux[0][2][3]$a$7064 [0] }, B={ $memory$auto$proc_rom.cc:155:do_switch$1743$rdmux[0][2][3]$b$7065 [1:0] 1'0 $memory$auto$proc_rom.cc:155:do_switch$1743$rdmux[0][2][3]$b$7065 [1:0] $memory$auto$proc_rom.cc:155:do_switch$1743$rdmux[0][2][3]$b$7065 [1:0] }, Y={ $memory$auto$proc_rom.cc:155:do_switch$1743$rdmux[0][1][1]$b$7053 [7:4] $memory$auto$proc_rom.cc:155:do_switch$1743$rdmux[0][1][1]$b$7053 [2:0] }
      New connections: $memory$auto$proc_rom.cc:155:do_switch$1743$rdmux[0][1][1]$b$7053 [3] = 1'1
    Consolidated identical input bits for $mux cell $memory$auto$proc_rom.cc:155:do_switch$1743$rdmux[0][2][2]$7060:
      Old ports: A=$memory$auto$proc_rom.cc:155:do_switch$1743$rdmux[0][2][2]$a$7061, B=$memory$auto$proc_rom.cc:155:do_switch$1743$rdmux[0][2][2]$b$7062, Y=$memory$auto$proc_rom.cc:155:do_switch$1743$rdmux[0][1][1]$a$7052
      New ports: A={ $memory$auto$proc_rom.cc:155:do_switch$1743$rdmux[0][2][2]$a$7061 [7] 1'0 $memory$auto$proc_rom.cc:155:do_switch$1743$rdmux[0][2][2]$a$7061 [0] 1'0 $memory$auto$proc_rom.cc:155:do_switch$1743$rdmux[0][2][2]$a$7061 [0] $memory$auto$proc_rom.cc:155:do_switch$1743$rdmux[0][2][2]$a$7061 [0] }, B={ 1'0 $memory$auto$proc_rom.cc:155:do_switch$1743$rdmux[0][2][2]$b$7062 [3] $memory$auto$proc_rom.cc:155:do_switch$1743$rdmux[0][2][2]$b$7062 [3] 1'1 $memory$auto$proc_rom.cc:155:do_switch$1743$rdmux[0][2][2]$b$7062 [1] 1'0 }, Y={ $memory$auto$proc_rom.cc:155:do_switch$1743$rdmux[0][1][1]$a$7052 [7:6] $memory$auto$proc_rom.cc:155:do_switch$1743$rdmux[0][1][1]$a$7052 [3:0] }
      New connections: $memory$auto$proc_rom.cc:155:do_switch$1743$rdmux[0][1][1]$a$7052 [5:4] = $memory$auto$proc_rom.cc:155:do_switch$1743$rdmux[0][1][1]$a$7052 [2:1]
    Consolidated identical input bits for $mux cell $memory$auto$proc_rom.cc:155:do_switch$1743$rdmux[0][2][1]$7057:
      Old ports: A=$memory$auto$proc_rom.cc:155:do_switch$1743$rdmux[0][2][1]$a$7058, B=$memory$auto$proc_rom.cc:155:do_switch$1743$rdmux[0][2][1]$b$7059, Y=$memory$auto$proc_rom.cc:155:do_switch$1743$rdmux[0][1][0]$b$7050
      New ports: A={ 2'00 $memory$auto$proc_rom.cc:155:do_switch$1743$rdmux[0][2][1]$a$7058 [4:3] }, B={ $memory$auto$proc_rom.cc:155:do_switch$1743$rdmux[0][2][1]$b$7059 [6:5] 2'00 }, Y=$memory$auto$proc_rom.cc:155:do_switch$1743$rdmux[0][1][0]$b$7050 [6:3]
      New connections: { $memory$auto$proc_rom.cc:155:do_switch$1743$rdmux[0][1][0]$b$7050 [7] $memory$auto$proc_rom.cc:155:do_switch$1743$rdmux[0][1][0]$b$7050 [2:0] } = 4'0000
    Consolidated identical input bits for $mux cell $memory$auto$proc_rom.cc:155:do_switch$1743$rdmux[0][2][0]$7054:
      Old ports: A=$memory$auto$proc_rom.cc:155:do_switch$1743$rdmux[0][2][0]$a$7055, B=$memory$auto$proc_rom.cc:155:do_switch$1743$rdmux[0][2][0]$b$7056, Y=$memory$auto$proc_rom.cc:155:do_switch$1743$rdmux[0][1][0]$a$7049
      New ports: A={ $memory$auto$proc_rom.cc:155:do_switch$1743$rdmux[0][2][0]$a$7055 [2] $memory$auto$proc_rom.cc:155:do_switch$1743$rdmux[0][2][0]$a$7055 [2] 2'01 }, B={ 1'0 $memory$auto$proc_rom.cc:155:do_switch$1743$rdmux[0][2][0]$b$7056 [2:1] 1'0 }, Y=$memory$auto$proc_rom.cc:155:do_switch$1743$rdmux[0][1][0]$a$7049 [3:0]
      New connections: $memory$auto$proc_rom.cc:155:do_switch$1743$rdmux[0][1][0]$a$7049 [7:4] = { $memory$auto$proc_rom.cc:155:do_switch$1743$rdmux[0][1][0]$a$7049 [3] 3'000 }
    Consolidated identical input bits for $mux cell $memory$auto$proc_rom.cc:155:do_switch$1735$rdmux[0][6][63]$6658:
      Old ports: A=$memory$auto$proc_rom.cc:155:do_switch$1735$rdmux[0][6][63]$a$6659, B=$memory$auto$proc_rom.cc:155:do_switch$1735$rdmux[0][6][63]$b$6660, Y=$memory$auto$proc_rom.cc:155:do_switch$1735$rdmux[0][5][31]$b$6468
      New ports: A={ $memory$auto$proc_rom.cc:155:do_switch$1735$rdmux[0][6][63]$a$6659 [2] $memory$auto$proc_rom.cc:155:do_switch$1735$rdmux[0][6][63]$a$6659 [5] $memory$auto$proc_rom.cc:155:do_switch$1735$rdmux[0][6][63]$a$6659 [2] 2'00 }, B={ 1'0 $memory$auto$proc_rom.cc:155:do_switch$1735$rdmux[0][6][63]$b$6660 [0] $memory$auto$proc_rom.cc:155:do_switch$1735$rdmux[0][6][63]$b$6660 [2] 1'1 $memory$auto$proc_rom.cc:155:do_switch$1735$rdmux[0][6][63]$b$6660 [0] }, Y={ $memory$auto$proc_rom.cc:155:do_switch$1735$rdmux[0][5][31]$b$6468 [6:5] $memory$auto$proc_rom.cc:155:do_switch$1735$rdmux[0][5][31]$b$6468 [2:0] }
      New connections: { $memory$auto$proc_rom.cc:155:do_switch$1735$rdmux[0][5][31]$b$6468 [7] $memory$auto$proc_rom.cc:155:do_switch$1735$rdmux[0][5][31]$b$6468 [4:3] } = { $memory$auto$proc_rom.cc:155:do_switch$1735$rdmux[0][5][31]$b$6468 [5] 1'1 $memory$auto$proc_rom.cc:155:do_switch$1735$rdmux[0][5][31]$b$6468 [0] }
    Consolidated identical input bits for $mux cell $memory$auto$proc_rom.cc:155:do_switch$1735$rdmux[0][6][62]$6655:
      Old ports: A=$memory$auto$proc_rom.cc:155:do_switch$1735$rdmux[0][6][62]$a$6656, B=$memory$auto$proc_rom.cc:155:do_switch$1735$rdmux[0][6][62]$b$6657, Y=$memory$auto$proc_rom.cc:155:do_switch$1735$rdmux[0][5][31]$a$6467
      New ports: A={ $memory$auto$proc_rom.cc:155:do_switch$1735$rdmux[0][6][62]$a$6656 [6] 1'0 $memory$auto$proc_rom.cc:155:do_switch$1735$rdmux[0][6][62]$a$6656 [3] $memory$auto$proc_rom.cc:155:do_switch$1735$rdmux[0][6][62]$a$6656 [3] 2'00 }, B={ 1'0 $memory$auto$proc_rom.cc:155:do_switch$1735$rdmux[0][6][62]$b$6657 [5] 3'011 $memory$auto$proc_rom.cc:155:do_switch$1735$rdmux[0][6][62]$b$6657 [1] }, Y=$memory$auto$proc_rom.cc:155:do_switch$1735$rdmux[0][5][31]$a$6467 [6:1]
      New connections: { $memory$auto$proc_rom.cc:155:do_switch$1735$rdmux[0][5][31]$a$6467 [7] $memory$auto$proc_rom.cc:155:do_switch$1735$rdmux[0][5][31]$a$6467 [0] } = { $memory$auto$proc_rom.cc:155:do_switch$1735$rdmux[0][5][31]$a$6467 [4] 1'1 }
    Consolidated identical input bits for $mux cell $memory$auto$proc_rom.cc:155:do_switch$1735$rdmux[0][6][61]$6652:
      Old ports: A=$memory$auto$proc_rom.cc:155:do_switch$1735$rdmux[0][6][61]$a$6653, B=$memory$auto$proc_rom.cc:155:do_switch$1735$rdmux[0][6][61]$b$6654, Y=$memory$auto$proc_rom.cc:155:do_switch$1735$rdmux[0][5][30]$b$6465
      New ports: A={ $memory$auto$proc_rom.cc:155:do_switch$1735$rdmux[0][6][61]$a$6653 [6] 1'1 $memory$auto$proc_rom.cc:155:do_switch$1735$rdmux[0][6][61]$a$6653 [0] 2'11 $memory$auto$proc_rom.cc:155:do_switch$1735$rdmux[0][6][61]$a$6653 [0] }, B={ 1'1 $memory$auto$proc_rom.cc:155:do_switch$1735$rdmux[0][6][61]$b$6654 [3] $memory$auto$proc_rom.cc:155:do_switch$1735$rdmux[0][6][61]$b$6654 [3] 1'0 $memory$auto$proc_rom.cc:155:do_switch$1735$rdmux[0][6][61]$b$6654 [1] 1'0 }, Y={ $memory$auto$proc_rom.cc:155:do_switch$1735$rdmux[0][5][30]$b$6465 [6:5] $memory$auto$proc_rom.cc:155:do_switch$1735$rdmux[0][5][30]$b$6465 [3:0] }
      New connections: { $memory$auto$proc_rom.cc:155:do_switch$1735$rdmux[0][5][30]$b$6465 [7] $memory$auto$proc_rom.cc:155:do_switch$1735$rdmux[0][5][30]$b$6465 [4] } = { $memory$auto$proc_rom.cc:155:do_switch$1735$rdmux[0][5][30]$b$6465 [2] $memory$auto$proc_rom.cc:155:do_switch$1735$rdmux[0][5][30]$b$6465 [0] }
    Consolidated identical input bits for $mux cell $memory$auto$proc_rom.cc:155:do_switch$1735$rdmux[0][6][60]$6649:
      Old ports: A=$memory$auto$proc_rom.cc:155:do_switch$1735$rdmux[0][6][60]$a$6650, B=$memory$auto$proc_rom.cc:155:do_switch$1735$rdmux[0][6][60]$b$6651, Y=$memory$auto$proc_rom.cc:155:do_switch$1735$rdmux[0][5][30]$a$6464
      New ports: A={ 1'1 $memory$auto$proc_rom.cc:155:do_switch$1735$rdmux[0][6][60]$a$6650 [0] $memory$auto$proc_rom.cc:155:do_switch$1735$rdmux[0][6][60]$a$6650 [2] $memory$auto$proc_rom.cc:155:do_switch$1735$rdmux[0][6][60]$a$6650 [2] $memory$auto$proc_rom.cc:155:do_switch$1735$rdmux[0][6][60]$a$6650 [0] }, B={ $memory$auto$proc_rom.cc:155:do_switch$1735$rdmux[0][6][60]$b$6651 [7] 2'01 $memory$auto$proc_rom.cc:155:do_switch$1735$rdmux[0][6][60]$b$6651 [2] 1'1 }, Y={ $memory$auto$proc_rom.cc:155:do_switch$1735$rdmux[0][5][30]$a$6464 [7] $memory$auto$proc_rom.cc:155:do_switch$1735$rdmux[0][5][30]$a$6464 [5] $memory$auto$proc_rom.cc:155:do_switch$1735$rdmux[0][5][30]$a$6464 [3:2] $memory$auto$proc_rom.cc:155:do_switch$1735$rdmux[0][5][30]$a$6464 [0] }
      New connections: { $memory$auto$proc_rom.cc:155:do_switch$1735$rdmux[0][5][30]$a$6464 [6] $memory$auto$proc_rom.cc:155:do_switch$1735$rdmux[0][5][30]$a$6464 [4] $memory$auto$proc_rom.cc:155:do_switch$1735$rdmux[0][5][30]$a$6464 [1] } = 3'000
    Consolidated identical input bits for $mux cell $memory$auto$proc_rom.cc:155:do_switch$1735$rdmux[0][6][59]$6646:
      Old ports: A=$memory$auto$proc_rom.cc:155:do_switch$1735$rdmux[0][6][59]$a$6647, B=$memory$auto$proc_rom.cc:155:do_switch$1735$rdmux[0][6][59]$b$6648, Y=$memory$auto$proc_rom.cc:155:do_switch$1735$rdmux[0][5][29]$b$6462
      New ports: A={ 1'0 $memory$auto$proc_rom.cc:155:do_switch$1735$rdmux[0][6][59]$a$6647 [1] 1'1 $memory$auto$proc_rom.cc:155:do_switch$1735$rdmux[0][6][59]$a$6647 [1:0] }, B={ $memory$auto$proc_rom.cc:155:do_switch$1735$rdmux[0][6][59]$b$6648 [5] 1'1 $memory$auto$proc_rom.cc:155:do_switch$1735$rdmux[0][6][59]$b$6648 [0] $memory$auto$proc_rom.cc:155:do_switch$1735$rdmux[0][6][59]$b$6648 [0] $memory$auto$proc_rom.cc:155:do_switch$1735$rdmux[0][6][59]$b$6648 [0] }, Y={ $memory$auto$proc_rom.cc:155:do_switch$1735$rdmux[0][5][29]$b$6462 [5] $memory$auto$proc_rom.cc:155:do_switch$1735$rdmux[0][5][29]$b$6462 [3:0] }
      New connections: { $memory$auto$proc_rom.cc:155:do_switch$1735$rdmux[0][5][29]$b$6462 [7:6] $memory$auto$proc_rom.cc:155:do_switch$1735$rdmux[0][5][29]$b$6462 [4] } = { $memory$auto$proc_rom.cc:155:do_switch$1735$rdmux[0][5][29]$b$6462 [1] $memory$auto$proc_rom.cc:155:do_switch$1735$rdmux[0][5][29]$b$6462 [2] $memory$auto$proc_rom.cc:155:do_switch$1735$rdmux[0][5][29]$b$6462 [0] }
    Consolidated identical input bits for $mux cell $memory$auto$proc_rom.cc:155:do_switch$1735$rdmux[0][6][58]$6643:
      Old ports: A=$memory$auto$proc_rom.cc:155:do_switch$1735$rdmux[0][6][58]$a$6644, B=$memory$auto$proc_rom.cc:155:do_switch$1735$rdmux[0][6][58]$b$6645, Y=$memory$auto$proc_rom.cc:155:do_switch$1735$rdmux[0][5][29]$a$6461
      New ports: A={ 3'011 $memory$auto$proc_rom.cc:155:do_switch$1735$rdmux[0][6][58]$a$6644 [2] 1'1 $memory$auto$proc_rom.cc:155:do_switch$1735$rdmux[0][6][58]$a$6644 [0] }, B={ $memory$auto$proc_rom.cc:155:do_switch$1735$rdmux[0][6][58]$b$6645 [3] 1'0 $memory$auto$proc_rom.cc:155:do_switch$1735$rdmux[0][6][58]$b$6645 [3] $memory$auto$proc_rom.cc:155:do_switch$1735$rdmux[0][6][58]$b$6645 [1] $memory$auto$proc_rom.cc:155:do_switch$1735$rdmux[0][6][58]$b$6645 [1] 1'1 }, Y=$memory$auto$proc_rom.cc:155:do_switch$1735$rdmux[0][5][29]$a$6461 [5:0]
      New connections: $memory$auto$proc_rom.cc:155:do_switch$1735$rdmux[0][5][29]$a$6461 [7:6] = { $memory$auto$proc_rom.cc:155:do_switch$1735$rdmux[0][5][29]$a$6461 [0] $memory$auto$proc_rom.cc:155:do_switch$1735$rdmux[0][5][29]$a$6461 [5] }
    Consolidated identical input bits for $mux cell $memory$auto$proc_rom.cc:155:do_switch$1735$rdmux[0][6][57]$6640:
      Old ports: A=$memory$auto$proc_rom.cc:155:do_switch$1735$rdmux[0][6][57]$a$6641, B=$memory$auto$proc_rom.cc:155:do_switch$1735$rdmux[0][6][57]$b$6642, Y=$memory$auto$proc_rom.cc:155:do_switch$1735$rdmux[0][5][28]$b$6459
      New ports: A={ $memory$auto$proc_rom.cc:155:do_switch$1735$rdmux[0][6][57]$a$6641 [4] $memory$auto$proc_rom.cc:155:do_switch$1735$rdmux[0][6][57]$a$6641 [5:4] 4'1001 }, B={ 2'10 $memory$auto$proc_rom.cc:155:do_switch$1735$rdmux[0][6][57]$b$6642 [4] $memory$auto$proc_rom.cc:155:do_switch$1735$rdmux[0][6][57]$b$6642 [1] 1'1 $memory$auto$proc_rom.cc:155:do_switch$1735$rdmux[0][6][57]$b$6642 [1] 1'0 }, Y={ $memory$auto$proc_rom.cc:155:do_switch$1735$rdmux[0][5][28]$b$6459 [7] $memory$auto$proc_rom.cc:155:do_switch$1735$rdmux[0][5][28]$b$6459 [5:0] }
      New connections: $memory$auto$proc_rom.cc:155:do_switch$1735$rdmux[0][5][28]$b$6459 [6] = $memory$auto$proc_rom.cc:155:do_switch$1735$rdmux[0][5][28]$b$6459 [0]
    Consolidated identical input bits for $mux cell $memory$auto$proc_rom.cc:155:do_switch$1735$rdmux[0][6][56]$6637:
      Old ports: A=$memory$auto$proc_rom.cc:155:do_switch$1735$rdmux[0][6][56]$a$6638, B=$memory$auto$proc_rom.cc:155:do_switch$1735$rdmux[0][6][56]$b$6639, Y=$memory$auto$proc_rom.cc:155:do_switch$1735$rdmux[0][5][28]$a$6458
      New ports: A={ 2'11 $memory$auto$proc_rom.cc:155:do_switch$1735$rdmux[0][6][56]$a$6638 [3] $memory$auto$proc_rom.cc:155:do_switch$1735$rdmux[0][6][56]$a$6638 [3] $memory$auto$proc_rom.cc:155:do_switch$1735$rdmux[0][6][56]$a$6638 [0] }, B={ $memory$auto$proc_rom.cc:155:do_switch$1735$rdmux[0][6][56]$b$6639 [3] 2'01 $memory$auto$proc_rom.cc:155:do_switch$1735$rdmux[0][6][56]$b$6639 [3] $memory$auto$proc_rom.cc:155:do_switch$1735$rdmux[0][6][56]$b$6639 [0] }, Y={ $memory$auto$proc_rom.cc:155:do_switch$1735$rdmux[0][5][28]$a$6458 [7] $memory$auto$proc_rom.cc:155:do_switch$1735$rdmux[0][5][28]$a$6458 [5:3] $memory$auto$proc_rom.cc:155:do_switch$1735$rdmux[0][5][28]$a$6458 [0] }
      New connections: { $memory$auto$proc_rom.cc:155:do_switch$1735$rdmux[0][5][28]$a$6458 [6] $memory$auto$proc_rom.cc:155:do_switch$1735$rdmux[0][5][28]$a$6458 [2:1] } = { $memory$auto$proc_rom.cc:155:do_switch$1735$rdmux[0][5][28]$a$6458 [5] 2'00 }
    Consolidated identical input bits for $mux cell $memory$auto$proc_rom.cc:155:do_switch$1735$rdmux[0][6][55]$6634:
      Old ports: A=$memory$auto$proc_rom.cc:155:do_switch$1735$rdmux[0][6][55]$a$6635, B=$memory$auto$proc_rom.cc:155:do_switch$1735$rdmux[0][6][55]$b$6636, Y=$memory$auto$proc_rom.cc:155:do_switch$1735$rdmux[0][5][27]$b$6456
      New ports: A={ 1'1 $memory$auto$proc_rom.cc:155:do_switch$1735$rdmux[0][6][55]$a$6635 [0] 1'0 $memory$auto$proc_rom.cc:155:do_switch$1735$rdmux[0][6][55]$a$6635 [1] $memory$auto$proc_rom.cc:155:do_switch$1735$rdmux[0][6][55]$a$6635 [1:0] }, B={ $memory$auto$proc_rom.cc:155:do_switch$1735$rdmux[0][6][55]$b$6636 [1] 3'011 $memory$auto$proc_rom.cc:155:do_switch$1735$rdmux[0][6][55]$b$6636 [1:0] }, Y={ $memory$auto$proc_rom.cc:155:do_switch$1735$rdmux[0][5][27]$b$6456 [7:6] $memory$auto$proc_rom.cc:155:do_switch$1735$rdmux[0][5][27]$b$6456 [3:0] }
      New connections: $memory$auto$proc_rom.cc:155:do_switch$1735$rdmux[0][5][27]$b$6456 [5:4] = { 1'0 $memory$auto$proc_rom.cc:155:do_switch$1735$rdmux[0][5][27]$b$6456 [3] }
    Consolidated identical input bits for $mux cell $memory$auto$proc_rom.cc:155:do_switch$1735$rdmux[0][6][54]$6631:
      Old ports: A=$memory$auto$proc_rom.cc:155:do_switch$1735$rdmux[0][6][54]$a$6632, B=$memory$auto$proc_rom.cc:155:do_switch$1735$rdmux[0][6][54]$b$6633, Y=$memory$auto$proc_rom.cc:155:do_switch$1735$rdmux[0][5][27]$a$6455
      New ports: A={ $memory$auto$proc_rom.cc:155:do_switch$1735$rdmux[0][6][54]$a$6632 [6] 1'1 $memory$auto$proc_rom.cc:155:do_switch$1735$rdmux[0][6][54]$a$6632 [2] 1'0 $memory$auto$proc_rom.cc:155:do_switch$1735$rdmux[0][6][54]$a$6632 [2] 1'0 }, B={ $memory$auto$proc_rom.cc:155:do_switch$1735$rdmux[0][6][54]$b$6633 [1] $memory$auto$proc_rom.cc:155:do_switch$1735$rdmux[0][6][54]$b$6633 [3] 1'1 $memory$auto$proc_rom.cc:155:do_switch$1735$rdmux[0][6][54]$b$6633 [3] $memory$auto$proc_rom.cc:155:do_switch$1735$rdmux[0][6][54]$b$6633 [1] $memory$auto$proc_rom.cc:155:do_switch$1735$rdmux[0][6][54]$b$6633 [1] }, Y=$memory$auto$proc_rom.cc:155:do_switch$1735$rdmux[0][5][27]$a$6455 [6:1]
      New connections: { $memory$auto$proc_rom.cc:155:do_switch$1735$rdmux[0][5][27]$a$6455 [7] $memory$auto$proc_rom.cc:155:do_switch$1735$rdmux[0][5][27]$a$6455 [0] } = { $memory$auto$proc_rom.cc:155:do_switch$1735$rdmux[0][5][27]$a$6455 [3] 1'1 }
    Consolidated identical input bits for $mux cell $memory$auto$proc_rom.cc:155:do_switch$1735$rdmux[0][6][53]$6628:
      Old ports: A=$memory$auto$proc_rom.cc:155:do_switch$1735$rdmux[0][6][53]$a$6629, B=$memory$auto$proc_rom.cc:155:do_switch$1735$rdmux[0][6][53]$b$6630, Y=$memory$auto$proc_rom.cc:155:do_switch$1735$rdmux[0][5][26]$b$6453
      New ports: A={ $memory$auto$proc_rom.cc:155:do_switch$1735$rdmux[0][6][53]$a$6629 [3] 1'0 $memory$auto$proc_rom.cc:155:do_switch$1735$rdmux[0][6][53]$a$6629 [3] 1'0 $memory$auto$proc_rom.cc:155:do_switch$1735$rdmux[0][6][53]$a$6629 [0] $memory$auto$proc_rom.cc:155:do_switch$1735$rdmux[0][6][53]$a$6629 [0] }, B={ $memory$auto$proc_rom.cc:155:do_switch$1735$rdmux[0][6][53]$b$6630 [4] $memory$auto$proc_rom.cc:155:do_switch$1735$rdmux[0][6][53]$b$6630 [4:3] 3'110 }, Y={ $memory$auto$proc_rom.cc:155:do_switch$1735$rdmux[0][5][26]$b$6453 [6] $memory$auto$proc_rom.cc:155:do_switch$1735$rdmux[0][5][26]$b$6453 [4:0] }
      New connections: { $memory$auto$proc_rom.cc:155:do_switch$1735$rdmux[0][5][26]$b$6453 [7] $memory$auto$proc_rom.cc:155:do_switch$1735$rdmux[0][5][26]$b$6453 [5] } = { $memory$auto$proc_rom.cc:155:do_switch$1735$rdmux[0][5][26]$b$6453 [4] $memory$auto$proc_rom.cc:155:do_switch$1735$rdmux[0][5][26]$b$6453 [4] }
    Consolidated identical input bits for $mux cell $memory$auto$proc_rom.cc:155:do_switch$1735$rdmux[0][6][52]$6625:
      Old ports: A=$memory$auto$proc_rom.cc:155:do_switch$1735$rdmux[0][6][52]$a$6626, B=$memory$auto$proc_rom.cc:155:do_switch$1735$rdmux[0][6][52]$b$6627, Y=$memory$auto$proc_rom.cc:155:do_switch$1735$rdmux[0][5][26]$a$6452
      New ports: A={ $memory$auto$proc_rom.cc:155:do_switch$1735$rdmux[0][6][52]$a$6626 [6] 1'1 $memory$auto$proc_rom.cc:155:do_switch$1735$rdmux[0][6][52]$a$6626 [1] $memory$auto$proc_rom.cc:155:do_switch$1735$rdmux[0][6][52]$a$6626 [1] $memory$auto$proc_rom.cc:155:do_switch$1735$rdmux[0][6][52]$a$6626 [1] 1'0 }, B={ $memory$auto$proc_rom.cc:155:do_switch$1735$rdmux[0][6][52]$b$6627 [1:0] 2'01 $memory$auto$proc_rom.cc:155:do_switch$1735$rdmux[0][6][52]$b$6627 [1:0] }, Y={ $memory$auto$proc_rom.cc:155:do_switch$1735$rdmux[0][5][26]$a$6452 [6] $memory$auto$proc_rom.cc:155:do_switch$1735$rdmux[0][5][26]$a$6452 [4:0] }
      New connections: { $memory$auto$proc_rom.cc:155:do_switch$1735$rdmux[0][5][26]$a$6452 [7] $memory$auto$proc_rom.cc:155:do_switch$1735$rdmux[0][5][26]$a$6452 [5] } = { $memory$auto$proc_rom.cc:155:do_switch$1735$rdmux[0][5][26]$a$6452 [0] 1'1 }
    Consolidated identical input bits for $mux cell $memory$auto$proc_rom.cc:155:do_switch$1735$rdmux[0][6][51]$6622:
      Old ports: A=$memory$auto$proc_rom.cc:155:do_switch$1735$rdmux[0][6][51]$a$6623, B=$memory$auto$proc_rom.cc:155:do_switch$1735$rdmux[0][6][51]$b$6624, Y=$memory$auto$proc_rom.cc:155:do_switch$1735$rdmux[0][5][25]$b$6450
      New ports: A={ $memory$auto$proc_rom.cc:155:do_switch$1735$rdmux[0][6][51]$a$6623 [2:1] $memory$auto$proc_rom.cc:155:do_switch$1735$rdmux[0][6][51]$a$6623 [2:1] 1'1 }, B={ 4'1001 $memory$auto$proc_rom.cc:155:do_switch$1735$rdmux[0][6][51]$b$6624 [0] }, Y={ $memory$auto$proc_rom.cc:155:do_switch$1735$rdmux[0][5][25]$b$6450 [7:6] $memory$auto$proc_rom.cc:155:do_switch$1735$rdmux[0][5][25]$b$6450 [2:0] }
      New connections: $memory$auto$proc_rom.cc:155:do_switch$1735$rdmux[0][5][25]$b$6450 [5:3] = { $memory$auto$proc_rom.cc:155:do_switch$1735$rdmux[0][5][25]$b$6450 [2] $memory$auto$proc_rom.cc:155:do_switch$1735$rdmux[0][5][25]$b$6450 [2] 1'1 }
    Consolidated identical input bits for $mux cell $memory$auto$proc_rom.cc:155:do_switch$1735$rdmux[0][6][50]$6619:
      Old ports: A=$memory$auto$proc_rom.cc:155:do_switch$1735$rdmux[0][6][50]$a$6620, B=$memory$auto$proc_rom.cc:155:do_switch$1735$rdmux[0][6][50]$b$6621, Y=$memory$auto$proc_rom.cc:155:do_switch$1735$rdmux[0][5][25]$a$6449
      New ports: A={ 2'11 $memory$auto$proc_rom.cc:155:do_switch$1735$rdmux[0][6][50]$a$6620 [5] 1'1 $memory$auto$proc_rom.cc:155:do_switch$1735$rdmux[0][6][50]$a$6620 [0] 1'0 $memory$auto$proc_rom.cc:155:do_switch$1735$rdmux[0][6][50]$a$6620 [0] }, B={ 1'0 $memory$auto$proc_rom.cc:155:do_switch$1735$rdmux[0][6][50]$b$6621 [5] $memory$auto$proc_rom.cc:155:do_switch$1735$rdmux[0][6][50]$b$6621 [5] $memory$auto$proc_rom.cc:155:do_switch$1735$rdmux[0][6][50]$b$6621 [0] 1'1 $memory$auto$proc_rom.cc:155:do_switch$1735$rdmux[0][6][50]$b$6621 [0] $memory$auto$proc_rom.cc:155:do_switch$1735$rdmux[0][6][50]$b$6621 [0] }, Y={ $memory$auto$proc_rom.cc:155:do_switch$1735$rdmux[0][5][25]$a$6449 [7:5] $memory$auto$proc_rom.cc:155:do_switch$1735$rdmux[0][5][25]$a$6449 [3:0] }
      New connections: $memory$auto$proc_rom.cc:155:do_switch$1735$rdmux[0][5][25]$a$6449 [4] = $memory$auto$proc_rom.cc:155:do_switch$1735$rdmux[0][5][25]$a$6449 [2]
    Consolidated identical input bits for $mux cell $memory$auto$proc_rom.cc:155:do_switch$1735$rdmux[0][6][49]$6616:
      Old ports: A=$memory$auto$proc_rom.cc:155:do_switch$1735$rdmux[0][6][49]$a$6617, B=$memory$auto$proc_rom.cc:155:do_switch$1735$rdmux[0][6][49]$b$6618, Y=$memory$auto$proc_rom.cc:155:do_switch$1735$rdmux[0][5][24]$b$6447
      New ports: A={ $memory$auto$proc_rom.cc:155:do_switch$1735$rdmux[0][6][49]$a$6617 [1] 1'0 $memory$auto$proc_rom.cc:155:do_switch$1735$rdmux[0][6][49]$a$6617 [1] $memory$auto$proc_rom.cc:155:do_switch$1735$rdmux[0][6][49]$a$6617 [3] $memory$auto$proc_rom.cc:155:do_switch$1735$rdmux[0][6][49]$a$6617 [3] $memory$auto$proc_rom.cc:155:do_switch$1735$rdmux[0][6][49]$a$6617 [1] }, B={ 1'1 $memory$auto$proc_rom.cc:155:do_switch$1735$rdmux[0][6][49]$b$6618 [1] $memory$auto$proc_rom.cc:155:do_switch$1735$rdmux[0][6][49]$b$6618 [4] $memory$auto$proc_rom.cc:155:do_switch$1735$rdmux[0][6][49]$b$6618 [4] 1'0 $memory$auto$proc_rom.cc:155:do_switch$1735$rdmux[0][6][49]$b$6618 [1] }, Y={ $memory$auto$proc_rom.cc:155:do_switch$1735$rdmux[0][5][24]$b$6447 [7:3] $memory$auto$proc_rom.cc:155:do_switch$1735$rdmux[0][5][24]$b$6447 [1] }
      New connections: { $memory$auto$proc_rom.cc:155:do_switch$1735$rdmux[0][5][24]$b$6447 [2] $memory$auto$proc_rom.cc:155:do_switch$1735$rdmux[0][5][24]$b$6447 [0] } = 2'10
    Consolidated identical input bits for $mux cell $memory$auto$proc_rom.cc:155:do_switch$1735$rdmux[0][6][48]$6613:
      Old ports: A=$memory$auto$proc_rom.cc:155:do_switch$1735$rdmux[0][6][48]$a$6614, B=$memory$auto$proc_rom.cc:155:do_switch$1735$rdmux[0][6][48]$b$6615, Y=$memory$auto$proc_rom.cc:155:do_switch$1735$rdmux[0][5][24]$a$6446
      New ports: A={ $memory$auto$proc_rom.cc:155:do_switch$1735$rdmux[0][6][48]$a$6614 [1] $memory$auto$proc_rom.cc:155:do_switch$1735$rdmux[0][6][48]$a$6614 [6] 3'110 $memory$auto$proc_rom.cc:155:do_switch$1735$rdmux[0][6][48]$a$6614 [1] 1'0 }, B={ 3'000 $memory$auto$proc_rom.cc:155:do_switch$1735$rdmux[0][6][48]$b$6615 [1] 1'1 $memory$auto$proc_rom.cc:155:do_switch$1735$rdmux[0][6][48]$b$6615 [1:0] }, Y={ $memory$auto$proc_rom.cc:155:do_switch$1735$rdmux[0][5][24]$a$6446 [7:6] $memory$auto$proc_rom.cc:155:do_switch$1735$rdmux[0][5][24]$a$6446 [4:0] }
      New connections: $memory$auto$proc_rom.cc:155:do_switch$1735$rdmux[0][5][24]$a$6446 [5] = 1'1
    Consolidated identical input bits for $mux cell $memory$auto$proc_rom.cc:155:do_switch$1735$rdmux[0][6][46]$6607:
      Old ports: A=$memory$auto$proc_rom.cc:155:do_switch$1735$rdmux[0][6][46]$a$6608, B=$memory$auto$proc_rom.cc:155:do_switch$1735$rdmux[0][6][46]$b$6609, Y=$memory$auto$proc_rom.cc:155:do_switch$1735$rdmux[0][5][23]$a$6443
      New ports: A={ 1'0 $memory$auto$proc_rom.cc:155:do_switch$1735$rdmux[0][6][46]$a$6608 [3] $memory$auto$proc_rom.cc:155:do_switch$1735$rdmux[0][6][46]$a$6608 [1] $memory$auto$proc_rom.cc:155:do_switch$1735$rdmux[0][6][46]$a$6608 [3] 1'1 $memory$auto$proc_rom.cc:155:do_switch$1735$rdmux[0][6][46]$a$6608 [1] }, B={ 2'11 $memory$auto$proc_rom.cc:155:do_switch$1735$rdmux[0][6][46]$b$6609 [2:1] $memory$auto$proc_rom.cc:155:do_switch$1735$rdmux[0][6][46]$b$6609 [2:1] }, Y={ $memory$auto$proc_rom.cc:155:do_switch$1735$rdmux[0][5][23]$a$6443 [7] $memory$auto$proc_rom.cc:155:do_switch$1735$rdmux[0][5][23]$a$6443 [5:1] }
      New connections: { $memory$auto$proc_rom.cc:155:do_switch$1735$rdmux[0][5][23]$a$6443 [6] $memory$auto$proc_rom.cc:155:do_switch$1735$rdmux[0][5][23]$a$6443 [0] } = 2'10
    Consolidated identical input bits for $mux cell $memory$auto$proc_rom.cc:155:do_switch$1735$rdmux[0][6][45]$6604:
      Old ports: A=$memory$auto$proc_rom.cc:155:do_switch$1735$rdmux[0][6][45]$a$6605, B=$memory$auto$proc_rom.cc:155:do_switch$1735$rdmux[0][6][45]$b$6606, Y=$memory$auto$proc_rom.cc:155:do_switch$1735$rdmux[0][5][22]$b$6441
      New ports: A={ $memory$auto$proc_rom.cc:155:do_switch$1735$rdmux[0][6][45]$a$6605 [4] 1'0 $memory$auto$proc_rom.cc:155:do_switch$1735$rdmux[0][6][45]$a$6605 [4:3] 3'101 }, B={ $memory$auto$proc_rom.cc:155:do_switch$1735$rdmux[0][6][45]$b$6606 [1:0] 2'01 $memory$auto$proc_rom.cc:155:do_switch$1735$rdmux[0][6][45]$b$6606 [1] $memory$auto$proc_rom.cc:155:do_switch$1735$rdmux[0][6][45]$b$6606 [1:0] }, Y=$memory$auto$proc_rom.cc:155:do_switch$1735$rdmux[0][5][22]$b$6441 [6:0]
      New connections: $memory$auto$proc_rom.cc:155:do_switch$1735$rdmux[0][5][22]$b$6441 [7] = $memory$auto$proc_rom.cc:155:do_switch$1735$rdmux[0][5][22]$b$6441 [0]
    Consolidated identical input bits for $mux cell $memory$auto$proc_rom.cc:155:do_switch$1735$rdmux[0][6][44]$6601:
      Old ports: A=$memory$auto$proc_rom.cc:155:do_switch$1735$rdmux[0][6][44]$a$6602, B=$memory$auto$proc_rom.cc:155:do_switch$1735$rdmux[0][6][44]$b$6603, Y=$memory$auto$proc_rom.cc:155:do_switch$1735$rdmux[0][5][22]$a$6440
      New ports: A={ 3'110 $memory$auto$proc_rom.cc:155:do_switch$1735$rdmux[0][6][44]$a$6602 [3] $memory$auto$proc_rom.cc:155:do_switch$1735$rdmux[0][6][44]$a$6602 [0] $memory$auto$proc_rom.cc:155:do_switch$1735$rdmux[0][6][44]$a$6602 [0] }, B={ 1'0 $memory$auto$proc_rom.cc:155:do_switch$1735$rdmux[0][6][44]$b$6603 [3] $memory$auto$proc_rom.cc:155:do_switch$1735$rdmux[0][6][44]$b$6603 [1] $memory$auto$proc_rom.cc:155:do_switch$1735$rdmux[0][6][44]$b$6603 [3] $memory$auto$proc_rom.cc:155:do_switch$1735$rdmux[0][6][44]$b$6603 [1] 1'1 }, Y={ $memory$auto$proc_rom.cc:155:do_switch$1735$rdmux[0][5][22]$a$6440 [7:6] $memory$auto$proc_rom.cc:155:do_switch$1735$rdmux[0][5][22]$a$6440 [4:3] $memory$auto$proc_rom.cc:155:do_switch$1735$rdmux[0][5][22]$a$6440 [1:0] }
      New connections: { $memory$auto$proc_rom.cc:155:do_switch$1735$rdmux[0][5][22]$a$6440 [5] $memory$auto$proc_rom.cc:155:do_switch$1735$rdmux[0][5][22]$a$6440 [2] } = { $memory$auto$proc_rom.cc:155:do_switch$1735$rdmux[0][5][22]$a$6440 [0] $memory$auto$proc_rom.cc:155:do_switch$1735$rdmux[0][5][22]$a$6440 [0] }
    Consolidated identical input bits for $mux cell $memory$auto$proc_rom.cc:155:do_switch$1735$rdmux[0][6][43]$6598:
      Old ports: A=$memory$auto$proc_rom.cc:155:do_switch$1735$rdmux[0][6][43]$a$6599, B=$memory$auto$proc_rom.cc:155:do_switch$1735$rdmux[0][6][43]$b$6600, Y=$memory$auto$proc_rom.cc:155:do_switch$1735$rdmux[0][5][21]$b$6438
      New ports: A={ 3'100 $memory$auto$proc_rom.cc:155:do_switch$1735$rdmux[0][6][43]$a$6599 [2] 1'1 }, B={ $memory$auto$proc_rom.cc:155:do_switch$1735$rdmux[0][6][43]$b$6600 [2] 1'1 $memory$auto$proc_rom.cc:155:do_switch$1735$rdmux[0][6][43]$b$6600 [0] $memory$auto$proc_rom.cc:155:do_switch$1735$rdmux[0][6][43]$b$6600 [2] $memory$auto$proc_rom.cc:155:do_switch$1735$rdmux[0][6][43]$b$6600 [0] }, Y={ $memory$auto$proc_rom.cc:155:do_switch$1735$rdmux[0][5][21]$b$6438 [7] $memory$auto$proc_rom.cc:155:do_switch$1735$rdmux[0][5][21]$b$6438 [5] $memory$auto$proc_rom.cc:155:do_switch$1735$rdmux[0][5][21]$b$6438 [3:2] $memory$auto$proc_rom.cc:155:do_switch$1735$rdmux[0][5][21]$b$6438 [0] }
      New connections: { $memory$auto$proc_rom.cc:155:do_switch$1735$rdmux[0][5][21]$b$6438 [6] $memory$auto$proc_rom.cc:155:do_switch$1735$rdmux[0][5][21]$b$6438 [4] $memory$auto$proc_rom.cc:155:do_switch$1735$rdmux[0][5][21]$b$6438 [1] } = { $memory$auto$proc_rom.cc:155:do_switch$1735$rdmux[0][5][21]$b$6438 [5] $memory$auto$proc_rom.cc:155:do_switch$1735$rdmux[0][5][21]$b$6438 [0] 1'0 }
    Consolidated identical input bits for $mux cell $memory$auto$proc_rom.cc:155:do_switch$1735$rdmux[0][6][42]$6595:
      Old ports: A=$memory$auto$proc_rom.cc:155:do_switch$1735$rdmux[0][6][42]$a$6596, B=$memory$auto$proc_rom.cc:155:do_switch$1735$rdmux[0][6][42]$b$6597, Y=$memory$auto$proc_rom.cc:155:do_switch$1735$rdmux[0][5][21]$a$6437
      New ports: A={ 4'1001 $memory$auto$proc_rom.cc:155:do_switch$1735$rdmux[0][6][42]$a$6596 [0] }, B={ $memory$auto$proc_rom.cc:155:do_switch$1735$rdmux[0][6][42]$b$6597 [2] 1'1 $memory$auto$proc_rom.cc:155:do_switch$1735$rdmux[0][6][42]$b$6597 [2:1] 1'0 }, Y={ $memory$auto$proc_rom.cc:155:do_switch$1735$rdmux[0][5][21]$a$6437 [7] $memory$auto$proc_rom.cc:155:do_switch$1735$rdmux[0][5][21]$a$6437 [5] $memory$auto$proc_rom.cc:155:do_switch$1735$rdmux[0][5][21]$a$6437 [2:0] }
      New connections: { $memory$auto$proc_rom.cc:155:do_switch$1735$rdmux[0][5][21]$a$6437 [6] $memory$auto$proc_rom.cc:155:do_switch$1735$rdmux[0][5][21]$a$6437 [4:3] } = { $memory$auto$proc_rom.cc:155:do_switch$1735$rdmux[0][5][21]$a$6437 [1:0] $memory$auto$proc_rom.cc:155:do_switch$1735$rdmux[0][5][21]$a$6437 [2] }
    Consolidated identical input bits for $mux cell $memory$auto$proc_rom.cc:155:do_switch$1735$rdmux[0][6][41]$6592:
      Old ports: A=$memory$auto$proc_rom.cc:155:do_switch$1735$rdmux[0][6][41]$a$6593, B=$memory$auto$proc_rom.cc:155:do_switch$1735$rdmux[0][6][41]$b$6594, Y=$memory$auto$proc_rom.cc:155:do_switch$1735$rdmux[0][5][20]$b$6435
      New ports: A={ 2'00 $memory$auto$proc_rom.cc:155:do_switch$1735$rdmux[0][6][41]$a$6593 [0] $memory$auto$proc_rom.cc:155:do_switch$1735$rdmux[0][6][41]$a$6593 [1] $memory$auto$proc_rom.cc:155:do_switch$1735$rdmux[0][6][41]$a$6593 [1:0] }, B={ $memory$auto$proc_rom.cc:155:do_switch$1735$rdmux[0][6][41]$b$6594 [5] $memory$auto$proc_rom.cc:155:do_switch$1735$rdmux[0][6][41]$b$6594 [3] $memory$auto$proc_rom.cc:155:do_switch$1735$rdmux[0][6][41]$b$6594 [3] 3'100 }, Y=$memory$auto$proc_rom.cc:155:do_switch$1735$rdmux[0][5][20]$b$6435 [5:0]
      New connections: $memory$auto$proc_rom.cc:155:do_switch$1735$rdmux[0][5][20]$b$6435 [7:6] = { 1'0 $memory$auto$proc_rom.cc:155:do_switch$1735$rdmux[0][5][20]$b$6435 [3] }
    Consolidated identical input bits for $mux cell $memory$auto$proc_rom.cc:155:do_switch$1735$rdmux[0][6][40]$6589:
      Old ports: A=$memory$auto$proc_rom.cc:155:do_switch$1735$rdmux[0][6][40]$a$6590, B=$memory$auto$proc_rom.cc:155:do_switch$1735$rdmux[0][6][40]$b$6591, Y=$memory$auto$proc_rom.cc:155:do_switch$1735$rdmux[0][5][20]$a$6434
      New ports: A={ $memory$auto$proc_rom.cc:155:do_switch$1735$rdmux[0][6][40]$a$6590 [6] 1'1 $memory$auto$proc_rom.cc:155:do_switch$1735$rdmux[0][6][40]$a$6590 [1] 1'0 $memory$auto$proc_rom.cc:155:do_switch$1735$rdmux[0][6][40]$a$6590 [1] }, B={ 1'0 $memory$auto$proc_rom.cc:155:do_switch$1735$rdmux[0][6][40]$b$6591 [4] $memory$auto$proc_rom.cc:155:do_switch$1735$rdmux[0][6][40]$b$6591 [4] 2'11 }, Y={ $memory$auto$proc_rom.cc:155:do_switch$1735$rdmux[0][5][20]$a$6434 [6:3] $memory$auto$proc_rom.cc:155:do_switch$1735$rdmux[0][5][20]$a$6434 [1] }
      New connections: { $memory$auto$proc_rom.cc:155:do_switch$1735$rdmux[0][5][20]$a$6434 [7] $memory$auto$proc_rom.cc:155:do_switch$1735$rdmux[0][5][20]$a$6434 [2] $memory$auto$proc_rom.cc:155:do_switch$1735$rdmux[0][5][20]$a$6434 [0] } = { $memory$auto$proc_rom.cc:155:do_switch$1735$rdmux[0][5][20]$a$6434 [6] 2'00 }
    Consolidated identical input bits for $mux cell $memory$auto$proc_rom.cc:155:do_switch$1735$rdmux[0][6][39]$6586:
      Old ports: A=$memory$auto$proc_rom.cc:155:do_switch$1735$rdmux[0][6][39]$a$6587, B=$memory$auto$proc_rom.cc:155:do_switch$1735$rdmux[0][6][39]$b$6588, Y=$memory$auto$proc_rom.cc:155:do_switch$1735$rdmux[0][5][19]$b$6432
      New ports: A={ $memory$auto$proc_rom.cc:155:do_switch$1735$rdmux[0][6][39]$a$6587 [7] 3'110 }, B={ $memory$auto$proc_rom.cc:155:do_switch$1735$rdmux[0][6][39]$b$6588 [4] $memory$auto$proc_rom.cc:155:do_switch$1735$rdmux[0][6][39]$b$6588 [4] 2'01 }, Y={ $memory$auto$proc_rom.cc:155:do_switch$1735$rdmux[0][5][19]$b$6432 [7] $memory$auto$proc_rom.cc:155:do_switch$1735$rdmux[0][5][19]$b$6432 [4] $memory$auto$proc_rom.cc:155:do_switch$1735$rdmux[0][5][19]$b$6432 [2] $memory$auto$proc_rom.cc:155:do_switch$1735$rdmux[0][5][19]$b$6432 [0] }
      New connections: { $memory$auto$proc_rom.cc:155:do_switch$1735$rdmux[0][5][19]$b$6432 [6:5] $memory$auto$proc_rom.cc:155:do_switch$1735$rdmux[0][5][19]$b$6432 [3] $memory$auto$proc_rom.cc:155:do_switch$1735$rdmux[0][5][19]$b$6432 [1] } = { $memory$auto$proc_rom.cc:155:do_switch$1735$rdmux[0][5][19]$b$6432 [4] 3'011 }
    Consolidated identical input bits for $mux cell $memory$auto$proc_rom.cc:155:do_switch$1735$rdmux[0][6][38]$6583:
      Old ports: A=$memory$auto$proc_rom.cc:155:do_switch$1735$rdmux[0][6][38]$a$6584, B=$memory$auto$proc_rom.cc:155:do_switch$1735$rdmux[0][6][38]$b$6585, Y=$memory$auto$proc_rom.cc:155:do_switch$1735$rdmux[0][5][19]$a$6431
      New ports: A={ 1'0 $memory$auto$proc_rom.cc:155:do_switch$1735$rdmux[0][6][38]$a$6584 [3] 2'11 }, B={ 1'1 $memory$auto$proc_rom.cc:155:do_switch$1735$rdmux[0][6][38]$b$6585 [3:2] 1'0 }, Y=$memory$auto$proc_rom.cc:155:do_switch$1735$rdmux[0][5][19]$a$6431 [4:1]
      New connections: { $memory$auto$proc_rom.cc:155:do_switch$1735$rdmux[0][5][19]$a$6431 [7:5] $memory$auto$proc_rom.cc:155:do_switch$1735$rdmux[0][5][19]$a$6431 [0] } = { $memory$auto$proc_rom.cc:155:do_switch$1735$rdmux[0][5][19]$a$6431 [3] $memory$auto$proc_rom.cc:155:do_switch$1735$rdmux[0][5][19]$a$6431 [1] $memory$auto$proc_rom.cc:155:do_switch$1735$rdmux[0][5][19]$a$6431 [3] 1'0 }
    Consolidated identical input bits for $mux cell $memory$auto$proc_rom.cc:155:do_switch$1735$rdmux[0][6][37]$6580:
      Old ports: A=$memory$auto$proc_rom.cc:155:do_switch$1735$rdmux[0][6][37]$a$6581, B=$memory$auto$proc_rom.cc:155:do_switch$1735$rdmux[0][6][37]$b$6582, Y=$memory$auto$proc_rom.cc:155:do_switch$1735$rdmux[0][5][18]$b$6429
      New ports: A={ 2'00 $memory$auto$proc_rom.cc:155:do_switch$1735$rdmux[0][6][37]$a$6581 [3] 1'1 }, B={ 1'1 $memory$auto$proc_rom.cc:155:do_switch$1735$rdmux[0][6][37]$b$6582 [4:3] 1'0 }, Y={ $memory$auto$proc_rom.cc:155:do_switch$1735$rdmux[0][5][18]$b$6429 [7] $memory$auto$proc_rom.cc:155:do_switch$1735$rdmux[0][5][18]$b$6429 [4:3] $memory$auto$proc_rom.cc:155:do_switch$1735$rdmux[0][5][18]$b$6429 [1] }
      New connections: { $memory$auto$proc_rom.cc:155:do_switch$1735$rdmux[0][5][18]$b$6429 [6:5] $memory$auto$proc_rom.cc:155:do_switch$1735$rdmux[0][5][18]$b$6429 [2] $memory$auto$proc_rom.cc:155:do_switch$1735$rdmux[0][5][18]$b$6429 [0] } = { 1'0 $memory$auto$proc_rom.cc:155:do_switch$1735$rdmux[0][5][18]$b$6429 [1] 2'00 }
    Consolidated identical input bits for $mux cell $memory$auto$proc_rom.cc:155:do_switch$1735$rdmux[0][6][36]$6577:
      Old ports: A=$memory$auto$proc_rom.cc:155:do_switch$1735$rdmux[0][6][36]$a$6578, B=$memory$auto$proc_rom.cc:155:do_switch$1735$rdmux[0][6][36]$b$6579, Y=$memory$auto$proc_rom.cc:155:do_switch$1735$rdmux[0][5][18]$a$6428
      New ports: A={ $memory$auto$proc_rom.cc:155:do_switch$1735$rdmux[0][6][36]$a$6578 [0] $memory$auto$proc_rom.cc:155:do_switch$1735$rdmux[0][6][36]$a$6578 [5] $memory$auto$proc_rom.cc:155:do_switch$1735$rdmux[0][6][36]$a$6578 [5] 3'000 $memory$auto$proc_rom.cc:155:do_switch$1735$rdmux[0][6][36]$a$6578 [0] }, B={ $memory$auto$proc_rom.cc:155:do_switch$1735$rdmux[0][6][36]$b$6579 [4] 2'10 $memory$auto$proc_rom.cc:155:do_switch$1735$rdmux[0][6][36]$b$6579 [4] 1'1 $memory$auto$proc_rom.cc:155:do_switch$1735$rdmux[0][6][36]$b$6579 [0] $memory$auto$proc_rom.cc:155:do_switch$1735$rdmux[0][6][36]$b$6579 [0] }, Y={ $memory$auto$proc_rom.cc:155:do_switch$1735$rdmux[0][5][18]$a$6428 [7:4] $memory$auto$proc_rom.cc:155:do_switch$1735$rdmux[0][5][18]$a$6428 [2:0] }
      New connections: $memory$auto$proc_rom.cc:155:do_switch$1735$rdmux[0][5][18]$a$6428 [3] = $memory$auto$proc_rom.cc:155:do_switch$1735$rdmux[0][5][18]$a$6428 [2]
    Consolidated identical input bits for $mux cell $memory$auto$proc_rom.cc:155:do_switch$1735$rdmux[0][6][35]$6574:
      Old ports: A=$memory$auto$proc_rom.cc:155:do_switch$1735$rdmux[0][6][35]$a$6575, B=$memory$auto$proc_rom.cc:155:do_switch$1735$rdmux[0][6][35]$b$6576, Y=$memory$auto$proc_rom.cc:155:do_switch$1735$rdmux[0][5][17]$b$6426
      New ports: A={ 1'1 $memory$auto$proc_rom.cc:155:do_switch$1735$rdmux[0][6][35]$a$6575 [5] $memory$auto$proc_rom.cc:155:do_switch$1735$rdmux[0][6][35]$a$6575 [0] 2'10 $memory$auto$proc_rom.cc:155:do_switch$1735$rdmux[0][6][35]$a$6575 [0] }, B={ $memory$auto$proc_rom.cc:155:do_switch$1735$rdmux[0][6][35]$b$6576 [1] $memory$auto$proc_rom.cc:155:do_switch$1735$rdmux[0][6][35]$b$6576 [1] $memory$auto$proc_rom.cc:155:do_switch$1735$rdmux[0][6][35]$b$6576 [3] 1'0 $memory$auto$proc_rom.cc:155:do_switch$1735$rdmux[0][6][35]$b$6576 [1] 1'1 }, Y={ $memory$auto$proc_rom.cc:155:do_switch$1735$rdmux[0][5][17]$b$6426 [6:5] $memory$auto$proc_rom.cc:155:do_switch$1735$rdmux[0][5][17]$b$6426 [3:0] }
      New connections: { $memory$auto$proc_rom.cc:155:do_switch$1735$rdmux[0][5][17]$b$6426 [7] $memory$auto$proc_rom.cc:155:do_switch$1735$rdmux[0][5][17]$b$6426 [4] } = { 1'0 $memory$auto$proc_rom.cc:155:do_switch$1735$rdmux[0][5][17]$b$6426 [0] }
    Consolidated identical input bits for $mux cell $memory$auto$proc_rom.cc:155:do_switch$1735$rdmux[0][6][34]$6571:
      Old ports: A=$memory$auto$proc_rom.cc:155:do_switch$1735$rdmux[0][6][34]$a$6572, B=$memory$auto$proc_rom.cc:155:do_switch$1735$rdmux[0][6][34]$b$6573, Y=$memory$auto$proc_rom.cc:155:do_switch$1735$rdmux[0][5][17]$a$6425
      New ports: A={ 1'1 $memory$auto$proc_rom.cc:155:do_switch$1735$rdmux[0][6][34]$a$6572 [6] $memory$auto$proc_rom.cc:155:do_switch$1735$rdmux[0][6][34]$a$6572 [0] 1'0 $memory$auto$proc_rom.cc:155:do_switch$1735$rdmux[0][6][34]$a$6572 [0] $memory$auto$proc_rom.cc:155:do_switch$1735$rdmux[0][6][34]$a$6572 [0] }, B={ 1'0 $memory$auto$proc_rom.cc:155:do_switch$1735$rdmux[0][6][34]$b$6573 [1] 2'11 $memory$auto$proc_rom.cc:155:do_switch$1735$rdmux[0][6][34]$b$6573 [1:0] }, Y={ $memory$auto$proc_rom.cc:155:do_switch$1735$rdmux[0][5][17]$a$6425 [7:5] $memory$auto$proc_rom.cc:155:do_switch$1735$rdmux[0][5][17]$a$6425 [3] $memory$auto$proc_rom.cc:155:do_switch$1735$rdmux[0][5][17]$a$6425 [1:0] }
      New connections: { $memory$auto$proc_rom.cc:155:do_switch$1735$rdmux[0][5][17]$a$6425 [4] $memory$auto$proc_rom.cc:155:do_switch$1735$rdmux[0][5][17]$a$6425 [2] } = { $memory$auto$proc_rom.cc:155:do_switch$1735$rdmux[0][5][17]$a$6425 [3] 1'1 }
    Consolidated identical input bits for $mux cell $memory$auto$proc_rom.cc:155:do_switch$1735$rdmux[0][6][33]$6568:
      Old ports: A=$memory$auto$proc_rom.cc:155:do_switch$1735$rdmux[0][6][33]$a$6569, B=$memory$auto$proc_rom.cc:155:do_switch$1735$rdmux[0][6][33]$b$6570, Y=$memory$auto$proc_rom.cc:155:do_switch$1735$rdmux[0][5][16]$b$6423
      New ports: A={ $memory$auto$proc_rom.cc:155:do_switch$1735$rdmux[0][6][33]$a$6569 [7] $memory$auto$proc_rom.cc:155:do_switch$1735$rdmux[0][6][33]$a$6569 [3] $memory$auto$proc_rom.cc:155:do_switch$1735$rdmux[0][6][33]$a$6569 [3] 1'1 }, B={ 1'0 $memory$auto$proc_rom.cc:155:do_switch$1735$rdmux[0][6][33]$b$6570 [6] 1'0 $memory$auto$proc_rom.cc:155:do_switch$1735$rdmux[0][6][33]$b$6570 [0] }, Y={ $memory$auto$proc_rom.cc:155:do_switch$1735$rdmux[0][5][16]$b$6423 [7:6] $memory$auto$proc_rom.cc:155:do_switch$1735$rdmux[0][5][16]$b$6423 [3] $memory$auto$proc_rom.cc:155:do_switch$1735$rdmux[0][5][16]$b$6423 [0] }
      New connections: { $memory$auto$proc_rom.cc:155:do_switch$1735$rdmux[0][5][16]$b$6423 [5:4] $memory$auto$proc_rom.cc:155:do_switch$1735$rdmux[0][5][16]$b$6423 [2:1] } = { 1'0 $memory$auto$proc_rom.cc:155:do_switch$1735$rdmux[0][5][16]$b$6423 [0] 1'1 $memory$auto$proc_rom.cc:155:do_switch$1735$rdmux[0][5][16]$b$6423 [0] }
    Consolidated identical input bits for $mux cell $memory$auto$proc_rom.cc:155:do_switch$1735$rdmux[0][6][32]$6565:
      Old ports: A=$memory$auto$proc_rom.cc:155:do_switch$1735$rdmux[0][6][32]$a$6566, B=$memory$auto$proc_rom.cc:155:do_switch$1735$rdmux[0][6][32]$b$6567, Y=$memory$auto$proc_rom.cc:155:do_switch$1735$rdmux[0][5][16]$a$6422
      New ports: A={ $memory$auto$proc_rom.cc:155:do_switch$1735$rdmux[0][6][32]$a$6566 [0] 3'010 $memory$auto$proc_rom.cc:155:do_switch$1735$rdmux[0][6][32]$a$6566 [0] }, B={ $memory$auto$proc_rom.cc:155:do_switch$1735$rdmux[0][6][32]$b$6567 [2] $memory$auto$proc_rom.cc:155:do_switch$1735$rdmux[0][6][32]$b$6567 [2] $memory$auto$proc_rom.cc:155:do_switch$1735$rdmux[0][6][32]$b$6567 [2] $memory$auto$proc_rom.cc:155:do_switch$1735$rdmux[0][6][32]$b$6567 [0] $memory$auto$proc_rom.cc:155:do_switch$1735$rdmux[0][6][32]$b$6567 [0] }, Y={ $memory$auto$proc_rom.cc:155:do_switch$1735$rdmux[0][5][16]$a$6422 [6:5] $memory$auto$proc_rom.cc:155:do_switch$1735$rdmux[0][5][16]$a$6422 [2:0] }
      New connections: { $memory$auto$proc_rom.cc:155:do_switch$1735$rdmux[0][5][16]$a$6422 [7] $memory$auto$proc_rom.cc:155:do_switch$1735$rdmux[0][5][16]$a$6422 [4:3] } = { $memory$auto$proc_rom.cc:155:do_switch$1735$rdmux[0][5][16]$a$6422 [6] $memory$auto$proc_rom.cc:155:do_switch$1735$rdmux[0][5][16]$a$6422 [1] $memory$auto$proc_rom.cc:155:do_switch$1735$rdmux[0][5][16]$a$6422 [2] }
    Consolidated identical input bits for $mux cell $memory$auto$proc_rom.cc:155:do_switch$1735$rdmux[0][6][31]$6562:
      Old ports: A=$memory$auto$proc_rom.cc:155:do_switch$1735$rdmux[0][6][31]$a$6563, B=$memory$auto$proc_rom.cc:155:do_switch$1735$rdmux[0][6][31]$b$6564, Y=$memory$auto$proc_rom.cc:155:do_switch$1735$rdmux[0][5][15]$b$6420
      New ports: A={ $memory$auto$proc_rom.cc:155:do_switch$1735$rdmux[0][6][31]$a$6563 [0] $memory$auto$proc_rom.cc:155:do_switch$1735$rdmux[0][6][31]$a$6563 [0] $memory$auto$proc_rom.cc:155:do_switch$1735$rdmux[0][6][31]$a$6563 [0] }, B={ 2'01 $memory$auto$proc_rom.cc:155:do_switch$1735$rdmux[0][6][31]$b$6564 [0] }, Y=$memory$auto$proc_rom.cc:155:do_switch$1735$rdmux[0][5][15]$b$6420 [2:0]
      New connections: $memory$auto$proc_rom.cc:155:do_switch$1735$rdmux[0][5][15]$b$6420 [7:3] = { $memory$auto$proc_rom.cc:155:do_switch$1735$rdmux[0][5][15]$b$6420 [1] $memory$auto$proc_rom.cc:155:do_switch$1735$rdmux[0][5][15]$b$6420 [1:0] 1'1 $memory$auto$proc_rom.cc:155:do_switch$1735$rdmux[0][5][15]$b$6420 [2] }
    Consolidated identical input bits for $mux cell $memory$auto$proc_rom.cc:155:do_switch$1735$rdmux[0][6][30]$6559:
      Old ports: A=$memory$auto$proc_rom.cc:155:do_switch$1735$rdmux[0][6][30]$a$6560, B=$memory$auto$proc_rom.cc:155:do_switch$1735$rdmux[0][6][30]$b$6561, Y=$memory$auto$proc_rom.cc:155:do_switch$1735$rdmux[0][5][15]$a$6419
      New ports: A={ 3'011 $memory$auto$proc_rom.cc:155:do_switch$1735$rdmux[0][6][30]$a$6560 [3] 1'1 $memory$auto$proc_rom.cc:155:do_switch$1735$rdmux[0][6][30]$a$6560 [1] 1'0 }, B={ $memory$auto$proc_rom.cc:155:do_switch$1735$rdmux[0][6][30]$b$6561 [1:0] $memory$auto$proc_rom.cc:155:do_switch$1735$rdmux[0][6][30]$b$6561 [1] $memory$auto$proc_rom.cc:155:do_switch$1735$rdmux[0][6][30]$b$6561 [1] 1'0 $memory$auto$proc_rom.cc:155:do_switch$1735$rdmux[0][6][30]$b$6561 [1:0] }, Y=$memory$auto$proc_rom.cc:155:do_switch$1735$rdmux[0][5][15]$a$6419 [6:0]
      New connections: $memory$auto$proc_rom.cc:155:do_switch$1735$rdmux[0][5][15]$a$6419 [7] = $memory$auto$proc_rom.cc:155:do_switch$1735$rdmux[0][5][15]$a$6419 [4]
    Consolidated identical input bits for $mux cell $memory$auto$proc_rom.cc:155:do_switch$1735$rdmux[0][6][29]$6556:
      Old ports: A=$memory$auto$proc_rom.cc:155:do_switch$1735$rdmux[0][6][29]$a$6557, B=$memory$auto$proc_rom.cc:155:do_switch$1735$rdmux[0][6][29]$b$6558, Y=$memory$auto$proc_rom.cc:155:do_switch$1735$rdmux[0][5][14]$b$6417
      New ports: A={ 3'100 $memory$auto$proc_rom.cc:155:do_switch$1735$rdmux[0][6][29]$a$6557 [0] $memory$auto$proc_rom.cc:155:do_switch$1735$rdmux[0][6][29]$a$6557 [1:0] }, B={ $memory$auto$proc_rom.cc:155:do_switch$1735$rdmux[0][6][29]$b$6558 [0] $memory$auto$proc_rom.cc:155:do_switch$1735$rdmux[0][6][29]$b$6558 [0] 1'1 $memory$auto$proc_rom.cc:155:do_switch$1735$rdmux[0][6][29]$b$6558 [3] 1'0 $memory$auto$proc_rom.cc:155:do_switch$1735$rdmux[0][6][29]$b$6558 [0] }, Y={ $memory$auto$proc_rom.cc:155:do_switch$1735$rdmux[0][5][14]$b$6417 [7:5] $memory$auto$proc_rom.cc:155:do_switch$1735$rdmux[0][5][14]$b$6417 [3] $memory$auto$proc_rom.cc:155:do_switch$1735$rdmux[0][5][14]$b$6417 [1:0] }
      New connections: { $memory$auto$proc_rom.cc:155:do_switch$1735$rdmux[0][5][14]$b$6417 [4] $memory$auto$proc_rom.cc:155:do_switch$1735$rdmux[0][5][14]$b$6417 [2] } = { 1'1 $memory$auto$proc_rom.cc:155:do_switch$1735$rdmux[0][5][14]$b$6417 [0] }
    Consolidated identical input bits for $mux cell $memory$auto$proc_rom.cc:155:do_switch$1735$rdmux[0][6][28]$6553:
      Old ports: A=$memory$auto$proc_rom.cc:155:do_switch$1735$rdmux[0][6][28]$a$6554, B=$memory$auto$proc_rom.cc:155:do_switch$1735$rdmux[0][6][28]$b$6555, Y=$memory$auto$proc_rom.cc:155:do_switch$1735$rdmux[0][5][14]$a$6416
      New ports: A={ $memory$auto$proc_rom.cc:155:do_switch$1735$rdmux[0][6][28]$a$6554 [4] $memory$auto$proc_rom.cc:155:do_switch$1735$rdmux[0][6][28]$a$6554 [1] $memory$auto$proc_rom.cc:155:do_switch$1735$rdmux[0][6][28]$a$6554 [4] 1'0 $memory$auto$proc_rom.cc:155:do_switch$1735$rdmux[0][6][28]$a$6554 [1] 1'1 }, B={ $memory$auto$proc_rom.cc:155:do_switch$1735$rdmux[0][6][28]$b$6555 [6] 2'00 $memory$auto$proc_rom.cc:155:do_switch$1735$rdmux[0][6][28]$b$6555 [0] $memory$auto$proc_rom.cc:155:do_switch$1735$rdmux[0][6][28]$b$6555 [0] $memory$auto$proc_rom.cc:155:do_switch$1735$rdmux[0][6][28]$b$6555 [0] }, Y={ $memory$auto$proc_rom.cc:155:do_switch$1735$rdmux[0][5][14]$a$6416 [6:4] $memory$auto$proc_rom.cc:155:do_switch$1735$rdmux[0][5][14]$a$6416 [2:0] }
      New connections: { $memory$auto$proc_rom.cc:155:do_switch$1735$rdmux[0][5][14]$a$6416 [7] $memory$auto$proc_rom.cc:155:do_switch$1735$rdmux[0][5][14]$a$6416 [3] } = { $memory$auto$proc_rom.cc:155:do_switch$1735$rdmux[0][5][14]$a$6416 [1] $memory$auto$proc_rom.cc:155:do_switch$1735$rdmux[0][5][14]$a$6416 [2] }
    Consolidated identical input bits for $mux cell $memory$auto$proc_rom.cc:155:do_switch$1735$rdmux[0][6][27]$6550:
      Old ports: A=$memory$auto$proc_rom.cc:155:do_switch$1735$rdmux[0][6][27]$a$6551, B=$memory$auto$proc_rom.cc:155:do_switch$1735$rdmux[0][6][27]$b$6552, Y=$memory$auto$proc_rom.cc:155:do_switch$1735$rdmux[0][5][13]$b$6414
      New ports: A={ 1'0 $memory$auto$proc_rom.cc:155:do_switch$1735$rdmux[0][6][27]$a$6551 [6] $memory$auto$proc_rom.cc:155:do_switch$1735$rdmux[0][6][27]$a$6551 [2] 1'1 $memory$auto$proc_rom.cc:155:do_switch$1735$rdmux[0][6][27]$a$6551 [2] $memory$auto$proc_rom.cc:155:do_switch$1735$rdmux[0][6][27]$a$6551 [2] 1'0 }, B={ 2'10 $memory$auto$proc_rom.cc:155:do_switch$1735$rdmux[0][6][27]$b$6552 [5] $memory$auto$proc_rom.cc:155:do_switch$1735$rdmux[0][6][27]$b$6552 [0] 1'1 $memory$auto$proc_rom.cc:155:do_switch$1735$rdmux[0][6][27]$b$6552 [0] $memory$auto$proc_rom.cc:155:do_switch$1735$rdmux[0][6][27]$b$6552 [0] }, Y={ $memory$auto$proc_rom.cc:155:do_switch$1735$rdmux[0][5][13]$b$6414 [7:2] $memory$auto$proc_rom.cc:155:do_switch$1735$rdmux[0][5][13]$b$6414 [0] }
      New connections: $memory$auto$proc_rom.cc:155:do_switch$1735$rdmux[0][5][13]$b$6414 [1] = $memory$auto$proc_rom.cc:155:do_switch$1735$rdmux[0][5][13]$b$6414 [0]
    Consolidated identical input bits for $mux cell $memory$auto$proc_rom.cc:155:do_switch$1735$rdmux[0][6][26]$6547:
      Old ports: A=$memory$auto$proc_rom.cc:155:do_switch$1735$rdmux[0][6][26]$a$6548, B=$memory$auto$proc_rom.cc:155:do_switch$1735$rdmux[0][6][26]$b$6549, Y=$memory$auto$proc_rom.cc:155:do_switch$1735$rdmux[0][5][13]$a$6413
      New ports: A={ $memory$auto$proc_rom.cc:155:do_switch$1735$rdmux[0][6][26]$a$6548 [3] $memory$auto$proc_rom.cc:155:do_switch$1735$rdmux[0][6][26]$a$6548 [3:2] 2'01 }, B={ 1'0 $memory$auto$proc_rom.cc:155:do_switch$1735$rdmux[0][6][26]$b$6549 [0] $memory$auto$proc_rom.cc:155:do_switch$1735$rdmux[0][6][26]$b$6549 [0] 1'1 $memory$auto$proc_rom.cc:155:do_switch$1735$rdmux[0][6][26]$b$6549 [0] }, Y={ $memory$auto$proc_rom.cc:155:do_switch$1735$rdmux[0][5][13]$a$6413 [7] $memory$auto$proc_rom.cc:155:do_switch$1735$rdmux[0][5][13]$a$6413 [3:0] }
      New connections: $memory$auto$proc_rom.cc:155:do_switch$1735$rdmux[0][5][13]$a$6413 [6:4] = { $memory$auto$proc_rom.cc:155:do_switch$1735$rdmux[0][5][13]$a$6413 [0] $memory$auto$proc_rom.cc:155:do_switch$1735$rdmux[0][5][13]$a$6413 [3] $memory$auto$proc_rom.cc:155:do_switch$1735$rdmux[0][5][13]$a$6413 [3] }
    Consolidated identical input bits for $mux cell $memory$auto$proc_rom.cc:155:do_switch$1735$rdmux[0][6][25]$6544:
      Old ports: A=$memory$auto$proc_rom.cc:155:do_switch$1735$rdmux[0][6][25]$a$6545, B=$memory$auto$proc_rom.cc:155:do_switch$1735$rdmux[0][6][25]$b$6546, Y=$memory$auto$proc_rom.cc:155:do_switch$1735$rdmux[0][5][12]$b$6411
      New ports: A={ 3'010 $memory$auto$proc_rom.cc:155:do_switch$1735$rdmux[0][6][25]$a$6545 [2] $memory$auto$proc_rom.cc:155:do_switch$1735$rdmux[0][6][25]$a$6545 [2:1] }, B={ $memory$auto$proc_rom.cc:155:do_switch$1735$rdmux[0][6][25]$b$6546 [2] 1'0 $memory$auto$proc_rom.cc:155:do_switch$1735$rdmux[0][6][25]$b$6546 [1] 1'0 $memory$auto$proc_rom.cc:155:do_switch$1735$rdmux[0][6][25]$b$6546 [2:1] }, Y={ $memory$auto$proc_rom.cc:155:do_switch$1735$rdmux[0][5][12]$b$6411 [7:6] $memory$auto$proc_rom.cc:155:do_switch$1735$rdmux[0][5][12]$b$6411 [4:1] }
      New connections: { $memory$auto$proc_rom.cc:155:do_switch$1735$rdmux[0][5][12]$b$6411 [5] $memory$auto$proc_rom.cc:155:do_switch$1735$rdmux[0][5][12]$b$6411 [0] } = { $memory$auto$proc_rom.cc:155:do_switch$1735$rdmux[0][5][12]$b$6411 [4] 1'1 }
    Consolidated identical input bits for $mux cell $memory$auto$proc_rom.cc:155:do_switch$1735$rdmux[0][6][24]$6541:
      Old ports: A=$memory$auto$proc_rom.cc:155:do_switch$1735$rdmux[0][6][24]$a$6542, B=$memory$auto$proc_rom.cc:155:do_switch$1735$rdmux[0][6][24]$b$6543, Y=$memory$auto$proc_rom.cc:155:do_switch$1735$rdmux[0][5][12]$a$6410
      New ports: A={ 1'1 $memory$auto$proc_rom.cc:155:do_switch$1735$rdmux[0][6][24]$a$6542 [4] $memory$auto$proc_rom.cc:155:do_switch$1735$rdmux[0][6][24]$a$6542 [0] $memory$auto$proc_rom.cc:155:do_switch$1735$rdmux[0][6][24]$a$6542 [0] $memory$auto$proc_rom.cc:155:do_switch$1735$rdmux[0][6][24]$a$6542 [0] }, B={ $memory$auto$proc_rom.cc:155:do_switch$1735$rdmux[0][6][24]$b$6543 [0] $memory$auto$proc_rom.cc:155:do_switch$1735$rdmux[0][6][24]$b$6543 [0] 2'01 $memory$auto$proc_rom.cc:155:do_switch$1735$rdmux[0][6][24]$b$6543 [0] }, Y={ $memory$auto$proc_rom.cc:155:do_switch$1735$rdmux[0][5][12]$a$6410 [6] $memory$auto$proc_rom.cc:155:do_switch$1735$rdmux[0][5][12]$a$6410 [4] $memory$auto$proc_rom.cc:155:do_switch$1735$rdmux[0][5][12]$a$6410 [2:0] }
      New connections: { $memory$auto$proc_rom.cc:155:do_switch$1735$rdmux[0][5][12]$a$6410 [7] $memory$auto$proc_rom.cc:155:do_switch$1735$rdmux[0][5][12]$a$6410 [5] $memory$auto$proc_rom.cc:155:do_switch$1735$rdmux[0][5][12]$a$6410 [3] } = { 1'1 $memory$auto$proc_rom.cc:155:do_switch$1735$rdmux[0][5][12]$a$6410 [1] $memory$auto$proc_rom.cc:155:do_switch$1735$rdmux[0][5][12]$a$6410 [1] }
    Consolidated identical input bits for $mux cell $memory$auto$proc_rom.cc:155:do_switch$1735$rdmux[0][6][23]$6538:
      Old ports: A=$memory$auto$proc_rom.cc:155:do_switch$1735$rdmux[0][6][23]$a$6539, B=$memory$auto$proc_rom.cc:155:do_switch$1735$rdmux[0][6][23]$b$6540, Y=$memory$auto$proc_rom.cc:155:do_switch$1735$rdmux[0][5][11]$b$6408
      New ports: A={ 1'0 $memory$auto$proc_rom.cc:155:do_switch$1735$rdmux[0][6][23]$a$6539 [2:1] 1'0 }, B={ $memory$auto$proc_rom.cc:155:do_switch$1735$rdmux[0][6][23]$b$6540 [4] $memory$auto$proc_rom.cc:155:do_switch$1735$rdmux[0][6][23]$b$6540 [0] $memory$auto$proc_rom.cc:155:do_switch$1735$rdmux[0][6][23]$b$6540 [0] $memory$auto$proc_rom.cc:155:do_switch$1735$rdmux[0][6][23]$b$6540 [0] }, Y={ $memory$auto$proc_rom.cc:155:do_switch$1735$rdmux[0][5][11]$b$6408 [4] $memory$auto$proc_rom.cc:155:do_switch$1735$rdmux[0][5][11]$b$6408 [2:0] }
      New connections: { $memory$auto$proc_rom.cc:155:do_switch$1735$rdmux[0][5][11]$b$6408 [7:5] $memory$auto$proc_rom.cc:155:do_switch$1735$rdmux[0][5][11]$b$6408 [3] } = { $memory$auto$proc_rom.cc:155:do_switch$1735$rdmux[0][5][11]$b$6408 [0] 3'101 }
    Consolidated identical input bits for $mux cell $memory$auto$proc_rom.cc:155:do_switch$1735$rdmux[0][6][22]$6535:
      Old ports: A=$memory$auto$proc_rom.cc:155:do_switch$1735$rdmux[0][6][22]$a$6536, B=$memory$auto$proc_rom.cc:155:do_switch$1735$rdmux[0][6][22]$b$6537, Y=$memory$auto$proc_rom.cc:155:do_switch$1735$rdmux[0][5][11]$a$6407
      New ports: A={ $memory$auto$proc_rom.cc:155:do_switch$1735$rdmux[0][6][22]$a$6536 [0] 1'1 $memory$auto$proc_rom.cc:155:do_switch$1735$rdmux[0][6][22]$a$6536 [5] 3'001 $memory$auto$proc_rom.cc:155:do_switch$1735$rdmux[0][6][22]$a$6536 [0] }, B={ $memory$auto$proc_rom.cc:155:do_switch$1735$rdmux[0][6][22]$b$6537 [1] 3'011 $memory$auto$proc_rom.cc:155:do_switch$1735$rdmux[0][6][22]$b$6537 [1] $memory$auto$proc_rom.cc:155:do_switch$1735$rdmux[0][6][22]$b$6537 [1:0] }, Y={ $memory$auto$proc_rom.cc:155:do_switch$1735$rdmux[0][5][11]$a$6407 [7:4] $memory$auto$proc_rom.cc:155:do_switch$1735$rdmux[0][5][11]$a$6407 [2:0] }
      New connections: $memory$auto$proc_rom.cc:155:do_switch$1735$rdmux[0][5][11]$a$6407 [3] = 1'1
    Consolidated identical input bits for $mux cell $memory$auto$proc_rom.cc:155:do_switch$1735$rdmux[0][6][21]$6532:
      Old ports: A=$memory$auto$proc_rom.cc:155:do_switch$1735$rdmux[0][6][21]$a$6533, B=$memory$auto$proc_rom.cc:155:do_switch$1735$rdmux[0][6][21]$b$6534, Y=$memory$auto$proc_rom.cc:155:do_switch$1735$rdmux[0][5][10]$b$6405
      New ports: A={ $memory$auto$proc_rom.cc:155:do_switch$1735$rdmux[0][6][21]$a$6533 [2] 1'1 $memory$auto$proc_rom.cc:155:do_switch$1735$rdmux[0][6][21]$a$6533 [2] $memory$auto$proc_rom.cc:155:do_switch$1735$rdmux[0][6][21]$a$6533 [2] $memory$auto$proc_rom.cc:155:do_switch$1735$rdmux[0][6][21]$a$6533 [2] 2'00 }, B={ $memory$auto$proc_rom.cc:155:do_switch$1735$rdmux[0][6][21]$b$6534 [5] $memory$auto$proc_rom.cc:155:do_switch$1735$rdmux[0][6][21]$b$6534 [5] 1'1 $memory$auto$proc_rom.cc:155:do_switch$1735$rdmux[0][6][21]$b$6534 [1] 1'0 $memory$auto$proc_rom.cc:155:do_switch$1735$rdmux[0][6][21]$b$6534 [1] 1'1 }, Y={ $memory$auto$proc_rom.cc:155:do_switch$1735$rdmux[0][5][10]$b$6405 [7] $memory$auto$proc_rom.cc:155:do_switch$1735$rdmux[0][5][10]$b$6405 [5:0] }
      New connections: $memory$auto$proc_rom.cc:155:do_switch$1735$rdmux[0][5][10]$b$6405 [6] = $memory$auto$proc_rom.cc:155:do_switch$1735$rdmux[0][5][10]$b$6405 [3]
    Consolidated identical input bits for $mux cell $memory$auto$proc_rom.cc:155:do_switch$1735$rdmux[0][6][20]$6529:
      Old ports: A=$memory$auto$proc_rom.cc:155:do_switch$1735$rdmux[0][6][20]$a$6530, B=$memory$auto$proc_rom.cc:155:do_switch$1735$rdmux[0][6][20]$b$6531, Y=$memory$auto$proc_rom.cc:155:do_switch$1735$rdmux[0][5][10]$a$6404
      New ports: A={ $memory$auto$proc_rom.cc:155:do_switch$1735$rdmux[0][6][20]$a$6530 [7] 2'10 $memory$auto$proc_rom.cc:155:do_switch$1735$rdmux[0][6][20]$a$6530 [1] 1'1 }, B={ $memory$auto$proc_rom.cc:155:do_switch$1735$rdmux[0][6][20]$b$6531 [0] 1'0 $memory$auto$proc_rom.cc:155:do_switch$1735$rdmux[0][6][20]$b$6531 [0] 1'0 $memory$auto$proc_rom.cc:155:do_switch$1735$rdmux[0][6][20]$b$6531 [0] }, Y={ $memory$auto$proc_rom.cc:155:do_switch$1735$rdmux[0][5][10]$a$6404 [7] $memory$auto$proc_rom.cc:155:do_switch$1735$rdmux[0][5][10]$a$6404 [4] $memory$auto$proc_rom.cc:155:do_switch$1735$rdmux[0][5][10]$a$6404 [2:0] }
      New connections: { $memory$auto$proc_rom.cc:155:do_switch$1735$rdmux[0][5][10]$a$6404 [6:5] $memory$auto$proc_rom.cc:155:do_switch$1735$rdmux[0][5][10]$a$6404 [3] } = { $memory$auto$proc_rom.cc:155:do_switch$1735$rdmux[0][5][10]$a$6404 [0] $memory$auto$proc_rom.cc:155:do_switch$1735$rdmux[0][5][10]$a$6404 [2] $memory$auto$proc_rom.cc:155:do_switch$1735$rdmux[0][5][10]$a$6404 [2] }
    Consolidated identical input bits for $mux cell $memory$auto$proc_rom.cc:155:do_switch$1735$rdmux[0][6][19]$6526:
      Old ports: A=$memory$auto$proc_rom.cc:155:do_switch$1735$rdmux[0][6][19]$a$6527, B=$memory$auto$proc_rom.cc:155:do_switch$1735$rdmux[0][6][19]$b$6528, Y=$memory$auto$proc_rom.cc:155:do_switch$1735$rdmux[0][5][9]$b$6402
      New ports: A={ $memory$auto$proc_rom.cc:155:do_switch$1735$rdmux[0][6][19]$a$6527 [1] $memory$auto$proc_rom.cc:155:do_switch$1735$rdmux[0][6][19]$a$6527 [1] $memory$auto$proc_rom.cc:155:do_switch$1735$rdmux[0][6][19]$a$6527 [3] 1'0 $memory$auto$proc_rom.cc:155:do_switch$1735$rdmux[0][6][19]$a$6527 [1] 1'1 }, B={ $memory$auto$proc_rom.cc:155:do_switch$1735$rdmux[0][6][19]$b$6528 [7] 1'0 $memory$auto$proc_rom.cc:155:do_switch$1735$rdmux[0][6][19]$b$6528 [0] 1'1 $memory$auto$proc_rom.cc:155:do_switch$1735$rdmux[0][6][19]$b$6528 [0] $memory$auto$proc_rom.cc:155:do_switch$1735$rdmux[0][6][19]$b$6528 [0] }, Y={ $memory$auto$proc_rom.cc:155:do_switch$1735$rdmux[0][5][9]$b$6402 [7:6] $memory$auto$proc_rom.cc:155:do_switch$1735$rdmux[0][5][9]$b$6402 [3:0] }
      New connections: $memory$auto$proc_rom.cc:155:do_switch$1735$rdmux[0][5][9]$b$6402 [5:4] = { $memory$auto$proc_rom.cc:155:do_switch$1735$rdmux[0][5][9]$b$6402 [0] 1'0 }
    Consolidated identical input bits for $mux cell $memory$auto$proc_rom.cc:155:do_switch$1735$rdmux[0][6][18]$6523:
      Old ports: A=$memory$auto$proc_rom.cc:155:do_switch$1735$rdmux[0][6][18]$a$6524, B=$memory$auto$proc_rom.cc:155:do_switch$1735$rdmux[0][6][18]$b$6525, Y=$memory$auto$proc_rom.cc:155:do_switch$1735$rdmux[0][5][9]$a$6401
      New ports: A={ 1'0 $memory$auto$proc_rom.cc:155:do_switch$1735$rdmux[0][6][18]$a$6524 [6] $memory$auto$proc_rom.cc:155:do_switch$1735$rdmux[0][6][18]$a$6524 [0] 1'0 $memory$auto$proc_rom.cc:155:do_switch$1735$rdmux[0][6][18]$a$6524 [0] }, B={ 1'1 $memory$auto$proc_rom.cc:155:do_switch$1735$rdmux[0][6][18]$b$6525 [2] 1'0 $memory$auto$proc_rom.cc:155:do_switch$1735$rdmux[0][6][18]$b$6525 [2] $memory$auto$proc_rom.cc:155:do_switch$1735$rdmux[0][6][18]$b$6525 [0] }, Y={ $memory$auto$proc_rom.cc:155:do_switch$1735$rdmux[0][5][9]$a$6401 [7:6] $memory$auto$proc_rom.cc:155:do_switch$1735$rdmux[0][5][9]$a$6401 [3:2] $memory$auto$proc_rom.cc:155:do_switch$1735$rdmux[0][5][9]$a$6401 [0] }
      New connections: { $memory$auto$proc_rom.cc:155:do_switch$1735$rdmux[0][5][9]$a$6401 [5:4] $memory$auto$proc_rom.cc:155:do_switch$1735$rdmux[0][5][9]$a$6401 [1] } = { $memory$auto$proc_rom.cc:155:do_switch$1735$rdmux[0][5][9]$a$6401 [0] 2'11 }
    Consolidated identical input bits for $mux cell $memory$auto$proc_rom.cc:155:do_switch$1735$rdmux[0][6][17]$6520:
      Old ports: A=$memory$auto$proc_rom.cc:155:do_switch$1735$rdmux[0][6][17]$a$6521, B=$memory$auto$proc_rom.cc:155:do_switch$1735$rdmux[0][6][17]$b$6522, Y=$memory$auto$proc_rom.cc:155:do_switch$1735$rdmux[0][5][8]$b$6399
      New ports: A={ 1'0 $memory$auto$proc_rom.cc:155:do_switch$1735$rdmux[0][6][17]$a$6521 [2] $memory$auto$proc_rom.cc:155:do_switch$1735$rdmux[0][6][17]$a$6521 [2] $memory$auto$proc_rom.cc:155:do_switch$1735$rdmux[0][6][17]$a$6521 [0] $memory$auto$proc_rom.cc:155:do_switch$1735$rdmux[0][6][17]$a$6521 [2] 1'1 $memory$auto$proc_rom.cc:155:do_switch$1735$rdmux[0][6][17]$a$6521 [0] }, B={ $memory$auto$proc_rom.cc:155:do_switch$1735$rdmux[0][6][17]$b$6522 [5] $memory$auto$proc_rom.cc:155:do_switch$1735$rdmux[0][6][17]$b$6522 [1] $memory$auto$proc_rom.cc:155:do_switch$1735$rdmux[0][6][17]$b$6522 [5] $memory$auto$proc_rom.cc:155:do_switch$1735$rdmux[0][6][17]$b$6522 [1] 1'0 $memory$auto$proc_rom.cc:155:do_switch$1735$rdmux[0][6][17]$b$6522 [1] 1'0 }, Y={ $memory$auto$proc_rom.cc:155:do_switch$1735$rdmux[0][5][8]$b$6399 [7:4] $memory$auto$proc_rom.cc:155:do_switch$1735$rdmux[0][5][8]$b$6399 [2:0] }
      New connections: $memory$auto$proc_rom.cc:155:do_switch$1735$rdmux[0][5][8]$b$6399 [3] = $memory$auto$proc_rom.cc:155:do_switch$1735$rdmux[0][5][8]$b$6399 [1]
    Consolidated identical input bits for $mux cell $memory$auto$proc_rom.cc:155:do_switch$1735$rdmux[0][6][16]$6517:
      Old ports: A=$memory$auto$proc_rom.cc:155:do_switch$1735$rdmux[0][6][16]$a$6518, B=$memory$auto$proc_rom.cc:155:do_switch$1735$rdmux[0][6][16]$b$6519, Y=$memory$auto$proc_rom.cc:155:do_switch$1735$rdmux[0][5][8]$a$6398
      New ports: A={ $memory$auto$proc_rom.cc:155:do_switch$1735$rdmux[0][6][16]$a$6518 [1] 1'0 $memory$auto$proc_rom.cc:155:do_switch$1735$rdmux[0][6][16]$a$6518 [3] 1'0 $memory$auto$proc_rom.cc:155:do_switch$1735$rdmux[0][6][16]$a$6518 [1] 1'1 }, B={ 1'0 $memory$auto$proc_rom.cc:155:do_switch$1735$rdmux[0][6][16]$b$6519 [1] 1'1 $memory$auto$proc_rom.cc:155:do_switch$1735$rdmux[0][6][16]$b$6519 [2:1] 1'0 }, Y={ $memory$auto$proc_rom.cc:155:do_switch$1735$rdmux[0][5][8]$a$6398 [7] $memory$auto$proc_rom.cc:155:do_switch$1735$rdmux[0][5][8]$a$6398 [4:0] }
      New connections: $memory$auto$proc_rom.cc:155:do_switch$1735$rdmux[0][5][8]$a$6398 [6:5] = { 1'0 $memory$auto$proc_rom.cc:155:do_switch$1735$rdmux[0][5][8]$a$6398 [2] }
    Consolidated identical input bits for $mux cell $memory$auto$proc_rom.cc:155:do_switch$1735$rdmux[0][6][15]$6514:
      Old ports: A=$memory$auto$proc_rom.cc:155:do_switch$1735$rdmux[0][6][15]$a$6515, B=$memory$auto$proc_rom.cc:155:do_switch$1735$rdmux[0][6][15]$b$6516, Y=$memory$auto$proc_rom.cc:155:do_switch$1735$rdmux[0][5][7]$b$6396
      New ports: A={ $memory$auto$proc_rom.cc:155:do_switch$1735$rdmux[0][6][15]$a$6515 [3] $memory$auto$proc_rom.cc:155:do_switch$1735$rdmux[0][6][15]$a$6515 [3] 1'0 $memory$auto$proc_rom.cc:155:do_switch$1735$rdmux[0][6][15]$a$6515 [3:2] 2'11 }, B={ $memory$auto$proc_rom.cc:155:do_switch$1735$rdmux[0][6][15]$b$6516 [1:0] 2'10 $memory$auto$proc_rom.cc:155:do_switch$1735$rdmux[0][6][15]$b$6516 [0] $memory$auto$proc_rom.cc:155:do_switch$1735$rdmux[0][6][15]$b$6516 [1:0] }, Y={ $memory$auto$proc_rom.cc:155:do_switch$1735$rdmux[0][5][7]$b$6396 [7:6] $memory$auto$proc_rom.cc:155:do_switch$1735$rdmux[0][5][7]$b$6396 [4:0] }
      New connections: $memory$auto$proc_rom.cc:155:do_switch$1735$rdmux[0][5][7]$b$6396 [5] = 1'1
    Consolidated identical input bits for $mux cell $memory$auto$proc_rom.cc:155:do_switch$1735$rdmux[0][6][14]$6511:
      Old ports: A=$memory$auto$proc_rom.cc:155:do_switch$1735$rdmux[0][6][14]$a$6512, B=$memory$auto$proc_rom.cc:155:do_switch$1735$rdmux[0][6][14]$b$6513, Y=$memory$auto$proc_rom.cc:155:do_switch$1735$rdmux[0][5][7]$a$6395
      New ports: A={ 2'00 $memory$auto$proc_rom.cc:155:do_switch$1735$rdmux[0][6][14]$a$6512 [4] 1'1 $memory$auto$proc_rom.cc:155:do_switch$1735$rdmux[0][6][14]$a$6512 [0] }, B={ 1'1 $memory$auto$proc_rom.cc:155:do_switch$1735$rdmux[0][6][14]$b$6513 [1] 1'0 $memory$auto$proc_rom.cc:155:do_switch$1735$rdmux[0][6][14]$b$6513 [1] 1'0 }, Y={ $memory$auto$proc_rom.cc:155:do_switch$1735$rdmux[0][5][7]$a$6395 [7] $memory$auto$proc_rom.cc:155:do_switch$1735$rdmux[0][5][7]$a$6395 [5:4] $memory$auto$proc_rom.cc:155:do_switch$1735$rdmux[0][5][7]$a$6395 [1:0] }
      New connections: { $memory$auto$proc_rom.cc:155:do_switch$1735$rdmux[0][5][7]$a$6395 [6] $memory$auto$proc_rom.cc:155:do_switch$1735$rdmux[0][5][7]$a$6395 [3:2] } = { $memory$auto$proc_rom.cc:155:do_switch$1735$rdmux[0][5][7]$a$6395 [5] 1'0 $memory$auto$proc_rom.cc:155:do_switch$1735$rdmux[0][5][7]$a$6395 [0] }
    Consolidated identical input bits for $mux cell $memory$auto$proc_rom.cc:155:do_switch$1735$rdmux[0][6][13]$6508:
      Old ports: A=$memory$auto$proc_rom.cc:155:do_switch$1735$rdmux[0][6][13]$a$6509, B=$memory$auto$proc_rom.cc:155:do_switch$1735$rdmux[0][6][13]$b$6510, Y=$memory$auto$proc_rom.cc:155:do_switch$1735$rdmux[0][5][6]$b$6393
      New ports: A={ 1'1 $memory$auto$proc_rom.cc:155:do_switch$1735$rdmux[0][6][13]$a$6509 [3] $memory$auto$proc_rom.cc:155:do_switch$1735$rdmux[0][6][13]$a$6509 [1] $memory$auto$proc_rom.cc:155:do_switch$1735$rdmux[0][6][13]$a$6509 [1] 1'0 }, B={ $memory$auto$proc_rom.cc:155:do_switch$1735$rdmux[0][6][13]$b$6510 [1] $memory$auto$proc_rom.cc:155:do_switch$1735$rdmux[0][6][13]$b$6510 [1:0] $memory$auto$proc_rom.cc:155:do_switch$1735$rdmux[0][6][13]$b$6510 [1:0] }, Y=$memory$auto$proc_rom.cc:155:do_switch$1735$rdmux[0][5][6]$b$6393 [4:0]
      New connections: $memory$auto$proc_rom.cc:155:do_switch$1735$rdmux[0][5][6]$b$6393 [7:5] = { $memory$auto$proc_rom.cc:155:do_switch$1735$rdmux[0][5][6]$b$6393 [1] 2'00 }
    Consolidated identical input bits for $mux cell $memory$auto$proc_rom.cc:155:do_switch$1735$rdmux[0][6][12]$6505:
      Old ports: A=$memory$auto$proc_rom.cc:155:do_switch$1735$rdmux[0][6][12]$a$6506, B=$memory$auto$proc_rom.cc:155:do_switch$1735$rdmux[0][6][12]$b$6507, Y=$memory$auto$proc_rom.cc:155:do_switch$1735$rdmux[0][5][6]$a$6392
      New ports: A={ $memory$auto$proc_rom.cc:155:do_switch$1735$rdmux[0][6][12]$a$6506 [0] 2'01 $memory$auto$proc_rom.cc:155:do_switch$1735$rdmux[0][6][12]$a$6506 [0] }, B={ $memory$auto$proc_rom.cc:155:do_switch$1735$rdmux[0][6][12]$b$6507 [6:5] 2'01 }, Y={ $memory$auto$proc_rom.cc:155:do_switch$1735$rdmux[0][5][6]$a$6392 [6:5] $memory$auto$proc_rom.cc:155:do_switch$1735$rdmux[0][5][6]$a$6392 [2] $memory$auto$proc_rom.cc:155:do_switch$1735$rdmux[0][5][6]$a$6392 [0] }
      New connections: { $memory$auto$proc_rom.cc:155:do_switch$1735$rdmux[0][5][6]$a$6392 [7] $memory$auto$proc_rom.cc:155:do_switch$1735$rdmux[0][5][6]$a$6392 [4:3] $memory$auto$proc_rom.cc:155:do_switch$1735$rdmux[0][5][6]$a$6392 [1] } = { $memory$auto$proc_rom.cc:155:do_switch$1735$rdmux[0][5][6]$a$6392 [6] 2'00 $memory$auto$proc_rom.cc:155:do_switch$1735$rdmux[0][5][6]$a$6392 [0] }
    Consolidated identical input bits for $mux cell $memory$auto$proc_rom.cc:155:do_switch$1735$rdmux[0][6][11]$6502:
      Old ports: A=$memory$auto$proc_rom.cc:155:do_switch$1735$rdmux[0][6][11]$a$6503, B=$memory$auto$proc_rom.cc:155:do_switch$1735$rdmux[0][6][11]$b$6504, Y=$memory$auto$proc_rom.cc:155:do_switch$1735$rdmux[0][5][5]$b$6390
      New ports: A={ 1'1 $memory$auto$proc_rom.cc:155:do_switch$1735$rdmux[0][6][11]$a$6503 [0] $memory$auto$proc_rom.cc:155:do_switch$1735$rdmux[0][6][11]$a$6503 [3] 1'0 $memory$auto$proc_rom.cc:155:do_switch$1735$rdmux[0][6][11]$a$6503 [0] }, B={ 1'0 $memory$auto$proc_rom.cc:155:do_switch$1735$rdmux[0][6][11]$b$6504 [5] 1'0 $memory$auto$proc_rom.cc:155:do_switch$1735$rdmux[0][6][11]$b$6504 [2] 1'1 }, Y={ $memory$auto$proc_rom.cc:155:do_switch$1735$rdmux[0][5][5]$b$6390 [6:5] $memory$auto$proc_rom.cc:155:do_switch$1735$rdmux[0][5][5]$b$6390 [3:2] $memory$auto$proc_rom.cc:155:do_switch$1735$rdmux[0][5][5]$b$6390 [0] }
      New connections: { $memory$auto$proc_rom.cc:155:do_switch$1735$rdmux[0][5][5]$b$6390 [7] $memory$auto$proc_rom.cc:155:do_switch$1735$rdmux[0][5][5]$b$6390 [4] $memory$auto$proc_rom.cc:155:do_switch$1735$rdmux[0][5][5]$b$6390 [1] } = { $memory$auto$proc_rom.cc:155:do_switch$1735$rdmux[0][5][5]$b$6390 [3] 2'10 }
    Consolidated identical input bits for $mux cell $memory$auto$proc_rom.cc:155:do_switch$1735$rdmux[0][6][10]$6499:
      Old ports: A=$memory$auto$proc_rom.cc:155:do_switch$1735$rdmux[0][6][10]$a$6500, B=$memory$auto$proc_rom.cc:155:do_switch$1735$rdmux[0][6][10]$b$6501, Y=$memory$auto$proc_rom.cc:155:do_switch$1735$rdmux[0][5][5]$a$6389
      New ports: A={ 1'0 $memory$auto$proc_rom.cc:155:do_switch$1735$rdmux[0][6][10]$a$6500 [4] 1'1 $memory$auto$proc_rom.cc:155:do_switch$1735$rdmux[0][6][10]$a$6500 [0] }, B={ 1'1 $memory$auto$proc_rom.cc:155:do_switch$1735$rdmux[0][6][10]$b$6501 [4] $memory$auto$proc_rom.cc:155:do_switch$1735$rdmux[0][6][10]$b$6501 [2] 1'1 }, Y={ $memory$auto$proc_rom.cc:155:do_switch$1735$rdmux[0][5][5]$a$6389 [6] $memory$auto$proc_rom.cc:155:do_switch$1735$rdmux[0][5][5]$a$6389 [4] $memory$auto$proc_rom.cc:155:do_switch$1735$rdmux[0][5][5]$a$6389 [2] $memory$auto$proc_rom.cc:155:do_switch$1735$rdmux[0][5][5]$a$6389 [0] }
      New connections: { $memory$auto$proc_rom.cc:155:do_switch$1735$rdmux[0][5][5]$a$6389 [7] $memory$auto$proc_rom.cc:155:do_switch$1735$rdmux[0][5][5]$a$6389 [5] $memory$auto$proc_rom.cc:155:do_switch$1735$rdmux[0][5][5]$a$6389 [3] $memory$auto$proc_rom.cc:155:do_switch$1735$rdmux[0][5][5]$a$6389 [1] } = { $memory$auto$proc_rom.cc:155:do_switch$1735$rdmux[0][5][5]$a$6389 [0] 3'100 }
    Consolidated identical input bits for $mux cell $memory$auto$proc_rom.cc:155:do_switch$1735$rdmux[0][6][9]$6496:
      Old ports: A=$memory$auto$proc_rom.cc:155:do_switch$1735$rdmux[0][6][9]$a$6497, B=$memory$auto$proc_rom.cc:155:do_switch$1735$rdmux[0][6][9]$b$6498, Y=$memory$auto$proc_rom.cc:155:do_switch$1735$rdmux[0][5][4]$b$6387
      New ports: A={ 1'0 $memory$auto$proc_rom.cc:155:do_switch$1735$rdmux[0][6][9]$a$6497 [0] 1'1 $memory$auto$proc_rom.cc:155:do_switch$1735$rdmux[0][6][9]$a$6497 [0] }, B={ 1'1 $memory$auto$proc_rom.cc:155:do_switch$1735$rdmux[0][6][9]$b$6498 [3] $memory$auto$proc_rom.cc:155:do_switch$1735$rdmux[0][6][9]$b$6498 [0] $memory$auto$proc_rom.cc:155:do_switch$1735$rdmux[0][6][9]$b$6498 [0] }, Y={ $memory$auto$proc_rom.cc:155:do_switch$1735$rdmux[0][5][4]$b$6387 [6] $memory$auto$proc_rom.cc:155:do_switch$1735$rdmux[0][5][4]$b$6387 [3] $memory$auto$proc_rom.cc:155:do_switch$1735$rdmux[0][5][4]$b$6387 [1:0] }
      New connections: { $memory$auto$proc_rom.cc:155:do_switch$1735$rdmux[0][5][4]$b$6387 [7] $memory$auto$proc_rom.cc:155:do_switch$1735$rdmux[0][5][4]$b$6387 [5:4] $memory$auto$proc_rom.cc:155:do_switch$1735$rdmux[0][5][4]$b$6387 [2] } = { $memory$auto$proc_rom.cc:155:do_switch$1735$rdmux[0][5][4]$b$6387 [6] $memory$auto$proc_rom.cc:155:do_switch$1735$rdmux[0][5][4]$b$6387 [1] $memory$auto$proc_rom.cc:155:do_switch$1735$rdmux[0][5][4]$b$6387 [1] 1'1 }
    Consolidated identical input bits for $mux cell $memory$auto$proc_rom.cc:155:do_switch$1735$rdmux[0][6][8]$6493:
      Old ports: A=$memory$auto$proc_rom.cc:155:do_switch$1735$rdmux[0][6][8]$a$6494, B=$memory$auto$proc_rom.cc:155:do_switch$1735$rdmux[0][6][8]$b$6495, Y=$memory$auto$proc_rom.cc:155:do_switch$1735$rdmux[0][5][4]$a$6386
      New ports: A={ $memory$auto$proc_rom.cc:155:do_switch$1735$rdmux[0][6][8]$a$6494 [3] 1'1 $memory$auto$proc_rom.cc:155:do_switch$1735$rdmux[0][6][8]$a$6494 [1] 1'1 }, B={ 1'0 $memory$auto$proc_rom.cc:155:do_switch$1735$rdmux[0][6][8]$b$6495 [2] 1'1 $memory$auto$proc_rom.cc:155:do_switch$1735$rdmux[0][6][8]$b$6495 [0] }, Y=$memory$auto$proc_rom.cc:155:do_switch$1735$rdmux[0][5][4]$a$6386 [3:0]
      New connections: $memory$auto$proc_rom.cc:155:do_switch$1735$rdmux[0][5][4]$a$6386 [7:4] = { $memory$auto$proc_rom.cc:155:do_switch$1735$rdmux[0][5][4]$a$6386 [0] $memory$auto$proc_rom.cc:155:do_switch$1735$rdmux[0][5][4]$a$6386 [3:2] $memory$auto$proc_rom.cc:155:do_switch$1735$rdmux[0][5][4]$a$6386 [0] }
    Consolidated identical input bits for $mux cell $memory$auto$proc_rom.cc:155:do_switch$1735$rdmux[0][6][7]$6490:
      Old ports: A=$memory$auto$proc_rom.cc:155:do_switch$1735$rdmux[0][6][7]$a$6491, B=$memory$auto$proc_rom.cc:155:do_switch$1735$rdmux[0][6][7]$b$6492, Y=$memory$auto$proc_rom.cc:155:do_switch$1735$rdmux[0][5][3]$b$6384
      New ports: A={ 2'10 $memory$auto$proc_rom.cc:155:do_switch$1735$rdmux[0][6][7]$a$6491 [5] $memory$auto$proc_rom.cc:155:do_switch$1735$rdmux[0][6][7]$a$6491 [3] $memory$auto$proc_rom.cc:155:do_switch$1735$rdmux[0][6][7]$a$6491 [3] 2'10 }, B={ $memory$auto$proc_rom.cc:155:do_switch$1735$rdmux[0][6][7]$b$6492 [7] 1'1 $memory$auto$proc_rom.cc:155:do_switch$1735$rdmux[0][6][7]$b$6492 [1] $memory$auto$proc_rom.cc:155:do_switch$1735$rdmux[0][6][7]$b$6492 [1] 2'00 $memory$auto$proc_rom.cc:155:do_switch$1735$rdmux[0][6][7]$b$6492 [1] }, Y=$memory$auto$proc_rom.cc:155:do_switch$1735$rdmux[0][5][3]$b$6384 [7:1]
      New connections: $memory$auto$proc_rom.cc:155:do_switch$1735$rdmux[0][5][3]$b$6384 [0] = 1'0
    Consolidated identical input bits for $mux cell $memory$auto$proc_rom.cc:155:do_switch$1735$rdmux[0][6][6]$6487:
      Old ports: A=$memory$auto$proc_rom.cc:155:do_switch$1735$rdmux[0][6][6]$a$6488, B=$memory$auto$proc_rom.cc:155:do_switch$1735$rdmux[0][6][6]$b$6489, Y=$memory$auto$proc_rom.cc:155:do_switch$1735$rdmux[0][5][3]$a$6383
      New ports: A={ $memory$auto$proc_rom.cc:155:do_switch$1735$rdmux[0][6][6]$a$6488 [0] $memory$auto$proc_rom.cc:155:do_switch$1735$rdmux[0][6][6]$a$6488 [4] 2'10 $memory$auto$proc_rom.cc:155:do_switch$1735$rdmux[0][6][6]$a$6488 [0] }, B={ 2'10 $memory$auto$proc_rom.cc:155:do_switch$1735$rdmux[0][6][6]$b$6489 [0] 1'1 $memory$auto$proc_rom.cc:155:do_switch$1735$rdmux[0][6][6]$b$6489 [0] }, Y={ $memory$auto$proc_rom.cc:155:do_switch$1735$rdmux[0][5][3]$a$6383 [5:4] $memory$auto$proc_rom.cc:155:do_switch$1735$rdmux[0][5][3]$a$6383 [2:0] }
      New connections: { $memory$auto$proc_rom.cc:155:do_switch$1735$rdmux[0][5][3]$a$6383 [7:6] $memory$auto$proc_rom.cc:155:do_switch$1735$rdmux[0][5][3]$a$6383 [3] } = { 1'1 $memory$auto$proc_rom.cc:155:do_switch$1735$rdmux[0][5][3]$a$6383 [4] $memory$auto$proc_rom.cc:155:do_switch$1735$rdmux[0][5][3]$a$6383 [0] }
    Consolidated identical input bits for $mux cell $memory$auto$proc_rom.cc:155:do_switch$1735$rdmux[0][6][5]$6484:
      Old ports: A=$memory$auto$proc_rom.cc:155:do_switch$1735$rdmux[0][6][5]$a$6485, B=$memory$auto$proc_rom.cc:155:do_switch$1735$rdmux[0][6][5]$b$6486, Y=$memory$auto$proc_rom.cc:155:do_switch$1735$rdmux[0][5][2]$b$6381
      New ports: A={ $memory$auto$proc_rom.cc:155:do_switch$1735$rdmux[0][6][5]$a$6485 [1] 3'110 $memory$auto$proc_rom.cc:155:do_switch$1735$rdmux[0][6][5]$a$6485 [1:0] }, B={ $memory$auto$proc_rom.cc:155:do_switch$1735$rdmux[0][6][5]$b$6486 [4] $memory$auto$proc_rom.cc:155:do_switch$1735$rdmux[0][6][5]$b$6486 [4] 1'0 $memory$auto$proc_rom.cc:155:do_switch$1735$rdmux[0][6][5]$b$6486 [0] $memory$auto$proc_rom.cc:155:do_switch$1735$rdmux[0][6][5]$b$6486 [0] $memory$auto$proc_rom.cc:155:do_switch$1735$rdmux[0][6][5]$b$6486 [0] }, Y=$memory$auto$proc_rom.cc:155:do_switch$1735$rdmux[0][5][2]$b$6381 [5:0]
      New connections: $memory$auto$proc_rom.cc:155:do_switch$1735$rdmux[0][5][2]$b$6381 [7:6] = { $memory$auto$proc_rom.cc:155:do_switch$1735$rdmux[0][5][2]$b$6381 [5] 1'1 }
    Consolidated identical input bits for $mux cell $memory$auto$proc_rom.cc:155:do_switch$1735$rdmux[0][6][4]$6481:
      Old ports: A=$memory$auto$proc_rom.cc:155:do_switch$1735$rdmux[0][6][4]$a$6482, B=$memory$auto$proc_rom.cc:155:do_switch$1735$rdmux[0][6][4]$b$6483, Y=$memory$auto$proc_rom.cc:155:do_switch$1735$rdmux[0][5][2]$a$6380
      New ports: A={ 1'1 $memory$auto$proc_rom.cc:155:do_switch$1735$rdmux[0][6][4]$a$6482 [3] 3'010 }, B={ $memory$auto$proc_rom.cc:155:do_switch$1735$rdmux[0][6][4]$b$6483 [7] 1'1 $memory$auto$proc_rom.cc:155:do_switch$1735$rdmux[0][6][4]$b$6483 [2] 2'01 }, Y={ $memory$auto$proc_rom.cc:155:do_switch$1735$rdmux[0][5][2]$a$6380 [7] $memory$auto$proc_rom.cc:155:do_switch$1735$rdmux[0][5][2]$a$6380 [3:0] }
      New connections: $memory$auto$proc_rom.cc:155:do_switch$1735$rdmux[0][5][2]$a$6380 [6:4] = { $memory$auto$proc_rom.cc:155:do_switch$1735$rdmux[0][5][2]$a$6380 [3:2] $memory$auto$proc_rom.cc:155:do_switch$1735$rdmux[0][5][2]$a$6380 [2] }
    Consolidated identical input bits for $mux cell $memory$auto$proc_rom.cc:155:do_switch$1735$rdmux[0][6][3]$6478:
      Old ports: A=$memory$auto$proc_rom.cc:155:do_switch$1735$rdmux[0][6][3]$a$6479, B=$memory$auto$proc_rom.cc:155:do_switch$1735$rdmux[0][6][3]$b$6480, Y=$memory$auto$proc_rom.cc:155:do_switch$1735$rdmux[0][5][1]$b$6378
      New ports: A={ 1'1 $memory$auto$proc_rom.cc:155:do_switch$1735$rdmux[0][6][3]$a$6479 [3] $memory$auto$proc_rom.cc:155:do_switch$1735$rdmux[0][6][3]$a$6479 [3] 1'1 $memory$auto$proc_rom.cc:155:do_switch$1735$rdmux[0][6][3]$a$6479 [0] }, B={ $memory$auto$proc_rom.cc:155:do_switch$1735$rdmux[0][6][3]$b$6480 [0] 1'1 $memory$auto$proc_rom.cc:155:do_switch$1735$rdmux[0][6][3]$b$6480 [0] $memory$auto$proc_rom.cc:155:do_switch$1735$rdmux[0][6][3]$b$6480 [2] $memory$auto$proc_rom.cc:155:do_switch$1735$rdmux[0][6][3]$b$6480 [0] }, Y={ $memory$auto$proc_rom.cc:155:do_switch$1735$rdmux[0][5][1]$b$6378 [7] $memory$auto$proc_rom.cc:155:do_switch$1735$rdmux[0][5][1]$b$6378 [5] $memory$auto$proc_rom.cc:155:do_switch$1735$rdmux[0][5][1]$b$6378 [3:2] $memory$auto$proc_rom.cc:155:do_switch$1735$rdmux[0][5][1]$b$6378 [0] }
      New connections: { $memory$auto$proc_rom.cc:155:do_switch$1735$rdmux[0][5][1]$b$6378 [6] $memory$auto$proc_rom.cc:155:do_switch$1735$rdmux[0][5][1]$b$6378 [4] $memory$auto$proc_rom.cc:155:do_switch$1735$rdmux[0][5][1]$b$6378 [1] } = { $memory$auto$proc_rom.cc:155:do_switch$1735$rdmux[0][5][1]$b$6378 [2] $memory$auto$proc_rom.cc:155:do_switch$1735$rdmux[0][5][1]$b$6378 [2] 1'1 }
    Consolidated identical input bits for $mux cell $memory$auto$proc_rom.cc:155:do_switch$1735$rdmux[0][6][2]$6475:
      Old ports: A=$memory$auto$proc_rom.cc:155:do_switch$1735$rdmux[0][6][2]$a$6476, B=$memory$auto$proc_rom.cc:155:do_switch$1735$rdmux[0][6][2]$b$6477, Y=$memory$auto$proc_rom.cc:155:do_switch$1735$rdmux[0][5][1]$a$6377
      New ports: A={ $memory$auto$proc_rom.cc:155:do_switch$1735$rdmux[0][6][2]$a$6476 [4] $memory$auto$proc_rom.cc:155:do_switch$1735$rdmux[0][6][2]$a$6476 [4] 3'000 $memory$auto$proc_rom.cc:155:do_switch$1735$rdmux[0][6][2]$a$6476 [0] }, B={ 2'10 $memory$auto$proc_rom.cc:155:do_switch$1735$rdmux[0][6][2]$b$6477 [3:2] 2'11 }, Y=$memory$auto$proc_rom.cc:155:do_switch$1735$rdmux[0][5][1]$a$6377 [5:0]
      New connections: $memory$auto$proc_rom.cc:155:do_switch$1735$rdmux[0][5][1]$a$6377 [7:6] = { 1'0 $memory$auto$proc_rom.cc:155:do_switch$1735$rdmux[0][5][1]$a$6377 [2] }
    Consolidated identical input bits for $mux cell $memory$auto$proc_rom.cc:155:do_switch$1735$rdmux[0][6][1]$6472:
      Old ports: A=$memory$auto$proc_rom.cc:155:do_switch$1735$rdmux[0][6][1]$a$6473, B=$memory$auto$proc_rom.cc:155:do_switch$1735$rdmux[0][6][1]$b$6474, Y=$memory$auto$proc_rom.cc:155:do_switch$1735$rdmux[0][5][0]$b$6375
      New ports: A={ $memory$auto$proc_rom.cc:155:do_switch$1735$rdmux[0][6][1]$a$6473 [4] $memory$auto$proc_rom.cc:155:do_switch$1735$rdmux[0][6][1]$a$6473 [4] $memory$auto$proc_rom.cc:155:do_switch$1735$rdmux[0][6][1]$a$6473 [0] 2'01 $memory$auto$proc_rom.cc:155:do_switch$1735$rdmux[0][6][1]$a$6473 [0] }, B={ $memory$auto$proc_rom.cc:155:do_switch$1735$rdmux[0][6][1]$b$6474 [7] 1'0 $memory$auto$proc_rom.cc:155:do_switch$1735$rdmux[0][6][1]$b$6474 [1] 1'1 $memory$auto$proc_rom.cc:155:do_switch$1735$rdmux[0][6][1]$b$6474 [1] 1'1 }, Y={ $memory$auto$proc_rom.cc:155:do_switch$1735$rdmux[0][5][0]$b$6375 [7] $memory$auto$proc_rom.cc:155:do_switch$1735$rdmux[0][5][0]$b$6375 [4:0] }
      New connections: $memory$auto$proc_rom.cc:155:do_switch$1735$rdmux[0][5][0]$b$6375 [6:5] = { 1'1 $memory$auto$proc_rom.cc:155:do_switch$1735$rdmux[0][5][0]$b$6375 [1] }
    Consolidated identical input bits for $mux cell $memory$auto$proc_rom.cc:155:do_switch$1735$rdmux[0][6][0]$6469:
      Old ports: A=$memory$auto$proc_rom.cc:155:do_switch$1735$rdmux[0][6][0]$a$6470, B=$memory$auto$proc_rom.cc:155:do_switch$1735$rdmux[0][6][0]$b$6471, Y=$memory$auto$proc_rom.cc:155:do_switch$1735$rdmux[0][5][0]$a$6374
      New ports: A={ $memory$auto$proc_rom.cc:155:do_switch$1735$rdmux[0][6][0]$a$6470 [2] $memory$auto$proc_rom.cc:155:do_switch$1735$rdmux[0][6][0]$a$6470 [2] $memory$auto$proc_rom.cc:155:do_switch$1735$rdmux[0][6][0]$a$6470 [2] $memory$auto$proc_rom.cc:155:do_switch$1735$rdmux[0][6][0]$a$6470 [0] }, B={ 1'1 $memory$auto$proc_rom.cc:155:do_switch$1735$rdmux[0][6][0]$b$6471 [3:2] 1'1 }, Y={ $memory$auto$proc_rom.cc:155:do_switch$1735$rdmux[0][5][0]$a$6374 [4:2] $memory$auto$proc_rom.cc:155:do_switch$1735$rdmux[0][5][0]$a$6374 [0] }
      New connections: { $memory$auto$proc_rom.cc:155:do_switch$1735$rdmux[0][5][0]$a$6374 [7:5] $memory$auto$proc_rom.cc:155:do_switch$1735$rdmux[0][5][0]$a$6374 [1] } = { 3'011 $memory$auto$proc_rom.cc:155:do_switch$1735$rdmux[0][5][0]$a$6374 [0] }
    Consolidated identical input bits for $mux cell $memory$auto$proc_rom.cc:155:do_switch$1739$rdmux[0][6][63]$5893:
      Old ports: A=$memory$auto$proc_rom.cc:155:do_switch$1739$rdmux[0][6][63]$a$5894, B=$memory$auto$proc_rom.cc:155:do_switch$1739$rdmux[0][6][63]$b$5895, Y=$memory$auto$proc_rom.cc:155:do_switch$1739$rdmux[0][5][31]$b$5703
      New ports: A={ $memory$auto$proc_rom.cc:155:do_switch$1739$rdmux[0][6][63]$a$5894 [5] $memory$auto$proc_rom.cc:155:do_switch$1739$rdmux[0][6][63]$a$5894 [2] 1'0 $memory$auto$proc_rom.cc:155:do_switch$1739$rdmux[0][6][63]$a$5894 [2] 1'1 }, B={ $memory$auto$proc_rom.cc:155:do_switch$1739$rdmux[0][6][63]$b$5895 [0] $memory$auto$proc_rom.cc:155:do_switch$1739$rdmux[0][6][63]$b$5895 [0] 2'11 $memory$auto$proc_rom.cc:155:do_switch$1739$rdmux[0][6][63]$b$5895 [0] }, Y={ $memory$auto$proc_rom.cc:155:do_switch$1739$rdmux[0][5][31]$b$5703 [5:2] $memory$auto$proc_rom.cc:155:do_switch$1739$rdmux[0][5][31]$b$5703 [0] }
      New connections: { $memory$auto$proc_rom.cc:155:do_switch$1739$rdmux[0][5][31]$b$5703 [7:6] $memory$auto$proc_rom.cc:155:do_switch$1739$rdmux[0][5][31]$b$5703 [1] } = { 1'0 $memory$auto$proc_rom.cc:155:do_switch$1739$rdmux[0][5][31]$b$5703 [4] 1'0 }
    Consolidated identical input bits for $mux cell $memory$auto$proc_rom.cc:155:do_switch$1739$rdmux[0][6][62]$5890:
      Old ports: A=$memory$auto$proc_rom.cc:155:do_switch$1739$rdmux[0][6][62]$a$5891, B=$memory$auto$proc_rom.cc:155:do_switch$1739$rdmux[0][6][62]$b$5892, Y=$memory$auto$proc_rom.cc:155:do_switch$1739$rdmux[0][5][31]$a$5702
      New ports: A={ $memory$auto$proc_rom.cc:155:do_switch$1739$rdmux[0][6][62]$a$5891 [7] $memory$auto$proc_rom.cc:155:do_switch$1739$rdmux[0][6][62]$a$5891 [3] 3'001 }, B={ 2'00 $memory$auto$proc_rom.cc:155:do_switch$1739$rdmux[0][6][62]$b$5892 [2] $memory$auto$proc_rom.cc:155:do_switch$1739$rdmux[0][6][62]$b$5892 [0] $memory$auto$proc_rom.cc:155:do_switch$1739$rdmux[0][6][62]$b$5892 [0] }, Y={ $memory$auto$proc_rom.cc:155:do_switch$1739$rdmux[0][5][31]$a$5702 [7] $memory$auto$proc_rom.cc:155:do_switch$1739$rdmux[0][5][31]$a$5702 [3:0] }
      New connections: $memory$auto$proc_rom.cc:155:do_switch$1739$rdmux[0][5][31]$a$5702 [6:4] = { $memory$auto$proc_rom.cc:155:do_switch$1739$rdmux[0][5][31]$a$5702 [0] $memory$auto$proc_rom.cc:155:do_switch$1739$rdmux[0][5][31]$a$5702 [0] $memory$auto$proc_rom.cc:155:do_switch$1739$rdmux[0][5][31]$a$5702 [2] }
    Consolidated identical input bits for $mux cell $memory$auto$proc_rom.cc:155:do_switch$1739$rdmux[0][6][61]$5887:
      Old ports: A=$memory$auto$proc_rom.cc:155:do_switch$1739$rdmux[0][6][61]$a$5888, B=$memory$auto$proc_rom.cc:155:do_switch$1739$rdmux[0][6][61]$b$5889, Y=$memory$auto$proc_rom.cc:155:do_switch$1739$rdmux[0][5][30]$b$5700
      New ports: A={ $memory$auto$proc_rom.cc:155:do_switch$1739$rdmux[0][6][61]$a$5888 [3] $memory$auto$proc_rom.cc:155:do_switch$1739$rdmux[0][6][61]$a$5888 [0] 2'11 $memory$auto$proc_rom.cc:155:do_switch$1739$rdmux[0][6][61]$a$5888 [3] $memory$auto$proc_rom.cc:155:do_switch$1739$rdmux[0][6][61]$a$5888 [0] $memory$auto$proc_rom.cc:155:do_switch$1739$rdmux[0][6][61]$a$5888 [0] }, B={ $memory$auto$proc_rom.cc:155:do_switch$1739$rdmux[0][6][61]$b$5889 [4] $memory$auto$proc_rom.cc:155:do_switch$1739$rdmux[0][6][61]$b$5889 [4] $memory$auto$proc_rom.cc:155:do_switch$1739$rdmux[0][6][61]$b$5889 [5:4] 3'010 }, Y={ $memory$auto$proc_rom.cc:155:do_switch$1739$rdmux[0][5][30]$b$5700 [7:2] $memory$auto$proc_rom.cc:155:do_switch$1739$rdmux[0][5][30]$b$5700 [0] }
      New connections: $memory$auto$proc_rom.cc:155:do_switch$1739$rdmux[0][5][30]$b$5700 [1] = 1'1
    Consolidated identical input bits for $mux cell $memory$auto$proc_rom.cc:155:do_switch$1739$rdmux[0][6][60]$5884:
      Old ports: A=$memory$auto$proc_rom.cc:155:do_switch$1739$rdmux[0][6][60]$a$5885, B=$memory$auto$proc_rom.cc:155:do_switch$1739$rdmux[0][6][60]$b$5886, Y=$memory$auto$proc_rom.cc:155:do_switch$1739$rdmux[0][5][30]$a$5699
      New ports: A={ 1'0 $memory$auto$proc_rom.cc:155:do_switch$1739$rdmux[0][6][60]$a$5885 [2] $memory$auto$proc_rom.cc:155:do_switch$1739$rdmux[0][6][60]$a$5885 [3:2] 2'11 }, B={ $memory$auto$proc_rom.cc:155:do_switch$1739$rdmux[0][6][60]$b$5886 [1] $memory$auto$proc_rom.cc:155:do_switch$1739$rdmux[0][6][60]$b$5886 [1] $memory$auto$proc_rom.cc:155:do_switch$1739$rdmux[0][6][60]$b$5886 [1] 1'1 $memory$auto$proc_rom.cc:155:do_switch$1739$rdmux[0][6][60]$b$5886 [1] 1'0 }, Y={ $memory$auto$proc_rom.cc:155:do_switch$1739$rdmux[0][5][30]$a$5699 [6] $memory$auto$proc_rom.cc:155:do_switch$1739$rdmux[0][5][30]$a$5699 [4:0] }
      New connections: { $memory$auto$proc_rom.cc:155:do_switch$1739$rdmux[0][5][30]$a$5699 [7] $memory$auto$proc_rom.cc:155:do_switch$1739$rdmux[0][5][30]$a$5699 [5] } = { 1'0 $memory$auto$proc_rom.cc:155:do_switch$1739$rdmux[0][5][30]$a$5699 [3] }
    Consolidated identical input bits for $mux cell $memory$auto$proc_rom.cc:155:do_switch$1739$rdmux[0][6][59]$5881:
      Old ports: A=$memory$auto$proc_rom.cc:155:do_switch$1739$rdmux[0][6][59]$a$5882, B=$memory$auto$proc_rom.cc:155:do_switch$1739$rdmux[0][6][59]$b$5883, Y=$memory$auto$proc_rom.cc:155:do_switch$1739$rdmux[0][5][29]$b$5697
      New ports: A={ $memory$auto$proc_rom.cc:155:do_switch$1739$rdmux[0][6][59]$a$5882 [7] $memory$auto$proc_rom.cc:155:do_switch$1739$rdmux[0][6][59]$a$5882 [4] 1'0 $memory$auto$proc_rom.cc:155:do_switch$1739$rdmux[0][6][59]$a$5882 [4] 2'01 }, B={ $memory$auto$proc_rom.cc:155:do_switch$1739$rdmux[0][6][59]$b$5883 [3] $memory$auto$proc_rom.cc:155:do_switch$1739$rdmux[0][6][59]$b$5883 [5] $memory$auto$proc_rom.cc:155:do_switch$1739$rdmux[0][6][59]$b$5883 [5] $memory$auto$proc_rom.cc:155:do_switch$1739$rdmux[0][6][59]$b$5883 [3] $memory$auto$proc_rom.cc:155:do_switch$1739$rdmux[0][6][59]$b$5883 [3] 1'0 }, Y={ $memory$auto$proc_rom.cc:155:do_switch$1739$rdmux[0][5][29]$b$5697 [7:3] $memory$auto$proc_rom.cc:155:do_switch$1739$rdmux[0][5][29]$b$5697 [1] }
      New connections: { $memory$auto$proc_rom.cc:155:do_switch$1739$rdmux[0][5][29]$b$5697 [2] $memory$auto$proc_rom.cc:155:do_switch$1739$rdmux[0][5][29]$b$5697 [0] } = 2'01
    Consolidated identical input bits for $mux cell $memory$auto$proc_rom.cc:155:do_switch$1739$rdmux[0][6][58]$5878:
      Old ports: A=$memory$auto$proc_rom.cc:155:do_switch$1739$rdmux[0][6][58]$a$5879, B=$memory$auto$proc_rom.cc:155:do_switch$1739$rdmux[0][6][58]$b$5880, Y=$memory$auto$proc_rom.cc:155:do_switch$1739$rdmux[0][5][29]$a$5696
      New ports: A={ 2'11 $memory$auto$proc_rom.cc:155:do_switch$1739$rdmux[0][6][58]$a$5879 [0] 2'00 $memory$auto$proc_rom.cc:155:do_switch$1739$rdmux[0][6][58]$a$5879 [0] }, B={ $memory$auto$proc_rom.cc:155:do_switch$1739$rdmux[0][6][58]$b$5880 [0] 3'011 $memory$auto$proc_rom.cc:155:do_switch$1739$rdmux[0][6][58]$b$5880 [2] $memory$auto$proc_rom.cc:155:do_switch$1739$rdmux[0][6][58]$b$5880 [0] }, Y={ $memory$auto$proc_rom.cc:155:do_switch$1739$rdmux[0][5][29]$a$5696 [7:4] $memory$auto$proc_rom.cc:155:do_switch$1739$rdmux[0][5][29]$a$5696 [2] $memory$auto$proc_rom.cc:155:do_switch$1739$rdmux[0][5][29]$a$5696 [0] }
      New connections: { $memory$auto$proc_rom.cc:155:do_switch$1739$rdmux[0][5][29]$a$5696 [3] $memory$auto$proc_rom.cc:155:do_switch$1739$rdmux[0][5][29]$a$5696 [1] } = { 1'1 $memory$auto$proc_rom.cc:155:do_switch$1739$rdmux[0][5][29]$a$5696 [0] }
    Consolidated identical input bits for $mux cell $memory$auto$proc_rom.cc:155:do_switch$1739$rdmux[0][6][57]$5875:
      Old ports: A=$memory$auto$proc_rom.cc:155:do_switch$1739$rdmux[0][6][57]$a$5876, B=$memory$auto$proc_rom.cc:155:do_switch$1739$rdmux[0][6][57]$b$5877, Y=$memory$auto$proc_rom.cc:155:do_switch$1739$rdmux[0][5][28]$b$5694
      New ports: A={ $memory$auto$proc_rom.cc:155:do_switch$1739$rdmux[0][6][57]$a$5876 [2] 1'0 $memory$auto$proc_rom.cc:155:do_switch$1739$rdmux[0][6][57]$a$5876 [2] 2'10 }, B={ 2'11 $memory$auto$proc_rom.cc:155:do_switch$1739$rdmux[0][6][57]$b$5877 [0] 1'0 $memory$auto$proc_rom.cc:155:do_switch$1739$rdmux[0][6][57]$b$5877 [0] }, Y={ $memory$auto$proc_rom.cc:155:do_switch$1739$rdmux[0][5][28]$b$5694 [7] $memory$auto$proc_rom.cc:155:do_switch$1739$rdmux[0][5][28]$b$5694 [4] $memory$auto$proc_rom.cc:155:do_switch$1739$rdmux[0][5][28]$b$5694 [2:0] }
      New connections: { $memory$auto$proc_rom.cc:155:do_switch$1739$rdmux[0][5][28]$b$5694 [6:5] $memory$auto$proc_rom.cc:155:do_switch$1739$rdmux[0][5][28]$b$5694 [3] } = { $memory$auto$proc_rom.cc:155:do_switch$1739$rdmux[0][5][28]$b$5694 [0] 1'1 $memory$auto$proc_rom.cc:155:do_switch$1739$rdmux[0][5][28]$b$5694 [1] }
    Consolidated identical input bits for $mux cell $memory$auto$proc_rom.cc:155:do_switch$1739$rdmux[0][6][56]$5872:
      Old ports: A=$memory$auto$proc_rom.cc:155:do_switch$1739$rdmux[0][6][56]$a$5873, B=$memory$auto$proc_rom.cc:155:do_switch$1739$rdmux[0][6][56]$b$5874, Y=$memory$auto$proc_rom.cc:155:do_switch$1739$rdmux[0][5][28]$a$5693
      New ports: A={ 1'1 $memory$auto$proc_rom.cc:155:do_switch$1739$rdmux[0][6][56]$a$5873 [6] 4'1000 }, B={ 1'0 $memory$auto$proc_rom.cc:155:do_switch$1739$rdmux[0][6][56]$b$5874 [2:1] $memory$auto$proc_rom.cc:155:do_switch$1739$rdmux[0][6][56]$b$5874 [2:1] 1'1 }, Y={ $memory$auto$proc_rom.cc:155:do_switch$1739$rdmux[0][5][28]$a$5693 [7:5] $memory$auto$proc_rom.cc:155:do_switch$1739$rdmux[0][5][28]$a$5693 [2:0] }
      New connections: $memory$auto$proc_rom.cc:155:do_switch$1739$rdmux[0][5][28]$a$5693 [4:3] = $memory$auto$proc_rom.cc:155:do_switch$1739$rdmux[0][5][28]$a$5693 [1:0]
    Consolidated identical input bits for $mux cell $memory$auto$proc_rom.cc:155:do_switch$1739$rdmux[0][6][55]$5869:
      Old ports: A=$memory$auto$proc_rom.cc:155:do_switch$1739$rdmux[0][6][55]$a$5870, B=$memory$auto$proc_rom.cc:155:do_switch$1739$rdmux[0][6][55]$b$5871, Y=$memory$auto$proc_rom.cc:155:do_switch$1739$rdmux[0][5][27]$b$5691
      New ports: A={ $memory$auto$proc_rom.cc:155:do_switch$1739$rdmux[0][6][55]$a$5870 [3] 1'0 $memory$auto$proc_rom.cc:155:do_switch$1739$rdmux[0][6][55]$a$5870 [1] $memory$auto$proc_rom.cc:155:do_switch$1739$rdmux[0][6][55]$a$5870 [3] 1'0 $memory$auto$proc_rom.cc:155:do_switch$1739$rdmux[0][6][55]$a$5870 [1] 1'1 }, B={ $memory$auto$proc_rom.cc:155:do_switch$1739$rdmux[0][6][55]$b$5871 [0] $memory$auto$proc_rom.cc:155:do_switch$1739$rdmux[0][6][55]$b$5871 [0] $memory$auto$proc_rom.cc:155:do_switch$1739$rdmux[0][6][55]$b$5871 [4] 2'11 $memory$auto$proc_rom.cc:155:do_switch$1739$rdmux[0][6][55]$b$5871 [0] $memory$auto$proc_rom.cc:155:do_switch$1739$rdmux[0][6][55]$b$5871 [0] }, Y=$memory$auto$proc_rom.cc:155:do_switch$1739$rdmux[0][5][27]$b$5691 [6:0]
      New connections: $memory$auto$proc_rom.cc:155:do_switch$1739$rdmux[0][5][27]$b$5691 [7] = 1'1
    Consolidated identical input bits for $mux cell $memory$auto$proc_rom.cc:155:do_switch$1739$rdmux[0][6][54]$5866:
      Old ports: A=$memory$auto$proc_rom.cc:155:do_switch$1739$rdmux[0][6][54]$a$5867, B=$memory$auto$proc_rom.cc:155:do_switch$1739$rdmux[0][6][54]$b$5868, Y=$memory$auto$proc_rom.cc:155:do_switch$1739$rdmux[0][5][27]$a$5690
      New ports: A={ $memory$auto$proc_rom.cc:155:do_switch$1739$rdmux[0][6][54]$a$5867 [6] $memory$auto$proc_rom.cc:155:do_switch$1739$rdmux[0][6][54]$a$5867 [6] 1'1 $memory$auto$proc_rom.cc:155:do_switch$1739$rdmux[0][6][54]$a$5867 [3] 2'01 }, B={ $memory$auto$proc_rom.cc:155:do_switch$1739$rdmux[0][6][54]$b$5868 [0] $memory$auto$proc_rom.cc:155:do_switch$1739$rdmux[0][6][54]$b$5868 [5] $memory$auto$proc_rom.cc:155:do_switch$1739$rdmux[0][6][54]$b$5868 [5] 2'11 $memory$auto$proc_rom.cc:155:do_switch$1739$rdmux[0][6][54]$b$5868 [0] }, Y={ $memory$auto$proc_rom.cc:155:do_switch$1739$rdmux[0][5][27]$a$5690 [7:5] $memory$auto$proc_rom.cc:155:do_switch$1739$rdmux[0][5][27]$a$5690 [3] $memory$auto$proc_rom.cc:155:do_switch$1739$rdmux[0][5][27]$a$5690 [1:0] }
      New connections: { $memory$auto$proc_rom.cc:155:do_switch$1739$rdmux[0][5][27]$a$5690 [4] $memory$auto$proc_rom.cc:155:do_switch$1739$rdmux[0][5][27]$a$5690 [2] } = $memory$auto$proc_rom.cc:155:do_switch$1739$rdmux[0][5][27]$a$5690 [1:0]
    Consolidated identical input bits for $mux cell $memory$auto$proc_rom.cc:155:do_switch$1739$rdmux[0][6][53]$5863:
      Old ports: A=$memory$auto$proc_rom.cc:155:do_switch$1739$rdmux[0][6][53]$a$5864, B=$memory$auto$proc_rom.cc:155:do_switch$1739$rdmux[0][6][53]$b$5865, Y=$memory$auto$proc_rom.cc:155:do_switch$1739$rdmux[0][5][26]$b$5688
      New ports: A={ $memory$auto$proc_rom.cc:155:do_switch$1739$rdmux[0][6][53]$a$5864 [2] 1'1 $memory$auto$proc_rom.cc:155:do_switch$1739$rdmux[0][6][53]$a$5864 [3:2] 2'01 }, B={ 3'001 $memory$auto$proc_rom.cc:155:do_switch$1739$rdmux[0][6][53]$b$5865 [0] $memory$auto$proc_rom.cc:155:do_switch$1739$rdmux[0][6][53]$b$5865 [1:0] }, Y=$memory$auto$proc_rom.cc:155:do_switch$1739$rdmux[0][5][26]$b$5688 [5:0]
      New connections: $memory$auto$proc_rom.cc:155:do_switch$1739$rdmux[0][5][26]$b$5688 [7:6] = { $memory$auto$proc_rom.cc:155:do_switch$1739$rdmux[0][5][26]$b$5688 [5] $memory$auto$proc_rom.cc:155:do_switch$1739$rdmux[0][5][26]$b$5688 [1] }
    Consolidated identical input bits for $mux cell $memory$auto$proc_rom.cc:155:do_switch$1739$rdmux[0][6][52]$5860:
      Old ports: A=$memory$auto$proc_rom.cc:155:do_switch$1739$rdmux[0][6][52]$a$5861, B=$memory$auto$proc_rom.cc:155:do_switch$1739$rdmux[0][6][52]$b$5862, Y=$memory$auto$proc_rom.cc:155:do_switch$1739$rdmux[0][5][26]$a$5687
      New ports: A={ 2'01 $memory$auto$proc_rom.cc:155:do_switch$1739$rdmux[0][6][52]$a$5861 [5] $memory$auto$proc_rom.cc:155:do_switch$1739$rdmux[0][6][52]$a$5861 [0] 2'00 $memory$auto$proc_rom.cc:155:do_switch$1739$rdmux[0][6][52]$a$5861 [0] }, B={ $memory$auto$proc_rom.cc:155:do_switch$1739$rdmux[0][6][52]$b$5862 [7] $memory$auto$proc_rom.cc:155:do_switch$1739$rdmux[0][6][52]$b$5862 [1] 1'1 $memory$auto$proc_rom.cc:155:do_switch$1739$rdmux[0][6][52]$b$5862 [1] 1'1 $memory$auto$proc_rom.cc:155:do_switch$1739$rdmux[0][6][52]$b$5862 [1] 1'1 }, Y={ $memory$auto$proc_rom.cc:155:do_switch$1739$rdmux[0][5][26]$a$5687 [7:3] $memory$auto$proc_rom.cc:155:do_switch$1739$rdmux[0][5][26]$a$5687 [1:0] }
      New connections: $memory$auto$proc_rom.cc:155:do_switch$1739$rdmux[0][5][26]$a$5687 [2] = $memory$auto$proc_rom.cc:155:do_switch$1739$rdmux[0][5][26]$a$5687 [1]
    Consolidated identical input bits for $mux cell $memory$auto$proc_rom.cc:155:do_switch$1739$rdmux[0][6][51]$5857:
      Old ports: A=$memory$auto$proc_rom.cc:155:do_switch$1739$rdmux[0][6][51]$a$5858, B=$memory$auto$proc_rom.cc:155:do_switch$1739$rdmux[0][6][51]$b$5859, Y=$memory$auto$proc_rom.cc:155:do_switch$1739$rdmux[0][5][25]$b$5685
      New ports: A={ $memory$auto$proc_rom.cc:155:do_switch$1739$rdmux[0][6][51]$a$5858 [7] $memory$auto$proc_rom.cc:155:do_switch$1739$rdmux[0][6][51]$a$5858 [0] 2'00 $memory$auto$proc_rom.cc:155:do_switch$1739$rdmux[0][6][51]$a$5858 [0] $memory$auto$proc_rom.cc:155:do_switch$1739$rdmux[0][6][51]$a$5858 [0] }, B={ $memory$auto$proc_rom.cc:155:do_switch$1739$rdmux[0][6][51]$b$5859 [5] $memory$auto$proc_rom.cc:155:do_switch$1739$rdmux[0][6][51]$b$5859 [5] $memory$auto$proc_rom.cc:155:do_switch$1739$rdmux[0][6][51]$b$5859 [0] 2'11 $memory$auto$proc_rom.cc:155:do_switch$1739$rdmux[0][6][51]$b$5859 [0] }, Y={ $memory$auto$proc_rom.cc:155:do_switch$1739$rdmux[0][5][25]$b$5685 [7] $memory$auto$proc_rom.cc:155:do_switch$1739$rdmux[0][5][25]$b$5685 [5:2] $memory$auto$proc_rom.cc:155:do_switch$1739$rdmux[0][5][25]$b$5685 [0] }
      New connections: { $memory$auto$proc_rom.cc:155:do_switch$1739$rdmux[0][5][25]$b$5685 [6] $memory$auto$proc_rom.cc:155:do_switch$1739$rdmux[0][5][25]$b$5685 [1] } = { $memory$auto$proc_rom.cc:155:do_switch$1739$rdmux[0][5][25]$b$5685 [3] $memory$auto$proc_rom.cc:155:do_switch$1739$rdmux[0][5][25]$b$5685 [0] }
    Consolidated identical input bits for $mux cell $memory$auto$proc_rom.cc:155:do_switch$1739$rdmux[0][6][50]$5854:
      Old ports: A=$memory$auto$proc_rom.cc:155:do_switch$1739$rdmux[0][6][50]$a$5855, B=$memory$auto$proc_rom.cc:155:do_switch$1739$rdmux[0][6][50]$b$5856, Y=$memory$auto$proc_rom.cc:155:do_switch$1739$rdmux[0][5][25]$a$5684
      New ports: A={ $memory$auto$proc_rom.cc:155:do_switch$1739$rdmux[0][6][50]$a$5855 [0] 1'0 $memory$auto$proc_rom.cc:155:do_switch$1739$rdmux[0][6][50]$a$5855 [1:0] }, B={ 1'0 $memory$auto$proc_rom.cc:155:do_switch$1739$rdmux[0][6][50]$b$5856 [0] 1'0 $memory$auto$proc_rom.cc:155:do_switch$1739$rdmux[0][6][50]$b$5856 [0] }, Y={ $memory$auto$proc_rom.cc:155:do_switch$1739$rdmux[0][5][25]$a$5684 [5] $memory$auto$proc_rom.cc:155:do_switch$1739$rdmux[0][5][25]$a$5684 [3] $memory$auto$proc_rom.cc:155:do_switch$1739$rdmux[0][5][25]$a$5684 [1:0] }
      New connections: { $memory$auto$proc_rom.cc:155:do_switch$1739$rdmux[0][5][25]$a$5684 [7:6] $memory$auto$proc_rom.cc:155:do_switch$1739$rdmux[0][5][25]$a$5684 [4] $memory$auto$proc_rom.cc:155:do_switch$1739$rdmux[0][5][25]$a$5684 [2] } = { $memory$auto$proc_rom.cc:155:do_switch$1739$rdmux[0][5][25]$a$5684 [5] $memory$auto$proc_rom.cc:155:do_switch$1739$rdmux[0][5][25]$a$5684 [3] 2'10 }
    Consolidated identical input bits for $mux cell $memory$auto$proc_rom.cc:155:do_switch$1739$rdmux[0][6][49]$5851:
      Old ports: A=$memory$auto$proc_rom.cc:155:do_switch$1739$rdmux[0][6][49]$a$5852, B=$memory$auto$proc_rom.cc:155:do_switch$1739$rdmux[0][6][49]$b$5853, Y=$memory$auto$proc_rom.cc:155:do_switch$1739$rdmux[0][5][24]$b$5682
      New ports: A={ $memory$auto$proc_rom.cc:155:do_switch$1739$rdmux[0][6][49]$a$5852 [3] 2'00 $memory$auto$proc_rom.cc:155:do_switch$1739$rdmux[0][6][49]$a$5852 [3] $memory$auto$proc_rom.cc:155:do_switch$1739$rdmux[0][6][49]$a$5852 [0] $memory$auto$proc_rom.cc:155:do_switch$1739$rdmux[0][6][49]$a$5852 [0] }, B={ $memory$auto$proc_rom.cc:155:do_switch$1739$rdmux[0][6][49]$b$5853 [1] $memory$auto$proc_rom.cc:155:do_switch$1739$rdmux[0][6][49]$b$5853 [1] $memory$auto$proc_rom.cc:155:do_switch$1739$rdmux[0][6][49]$b$5853 [4] 1'0 $memory$auto$proc_rom.cc:155:do_switch$1739$rdmux[0][6][49]$b$5853 [1] 1'1 }, Y={ $memory$auto$proc_rom.cc:155:do_switch$1739$rdmux[0][5][24]$b$5682 [7:6] $memory$auto$proc_rom.cc:155:do_switch$1739$rdmux[0][5][24]$b$5682 [4:3] $memory$auto$proc_rom.cc:155:do_switch$1739$rdmux[0][5][24]$b$5682 [1:0] }
      New connections: { $memory$auto$proc_rom.cc:155:do_switch$1739$rdmux[0][5][24]$b$5682 [5] $memory$auto$proc_rom.cc:155:do_switch$1739$rdmux[0][5][24]$b$5682 [2] } = { $memory$auto$proc_rom.cc:155:do_switch$1739$rdmux[0][5][24]$b$5682 [4] $memory$auto$proc_rom.cc:155:do_switch$1739$rdmux[0][5][24]$b$5682 [1] }
    Consolidated identical input bits for $mux cell $memory$auto$proc_rom.cc:155:do_switch$1739$rdmux[0][6][48]$5848:
      Old ports: A=$memory$auto$proc_rom.cc:155:do_switch$1739$rdmux[0][6][48]$a$5849, B=$memory$auto$proc_rom.cc:155:do_switch$1739$rdmux[0][6][48]$b$5850, Y=$memory$auto$proc_rom.cc:155:do_switch$1739$rdmux[0][5][24]$a$5681
      New ports: A={ $memory$auto$proc_rom.cc:155:do_switch$1739$rdmux[0][6][48]$a$5849 [6] $memory$auto$proc_rom.cc:155:do_switch$1739$rdmux[0][6][48]$a$5849 [6] 3'011 $memory$auto$proc_rom.cc:155:do_switch$1739$rdmux[0][6][48]$a$5849 [1] 1'1 }, B={ $memory$auto$proc_rom.cc:155:do_switch$1739$rdmux[0][6][48]$b$5850 [3] 2'01 $memory$auto$proc_rom.cc:155:do_switch$1739$rdmux[0][6][48]$b$5850 [3] 1'0 $memory$auto$proc_rom.cc:155:do_switch$1739$rdmux[0][6][48]$b$5850 [0] $memory$auto$proc_rom.cc:155:do_switch$1739$rdmux[0][6][48]$b$5850 [0] }, Y={ $memory$auto$proc_rom.cc:155:do_switch$1739$rdmux[0][5][24]$a$5681 [7:5] $memory$auto$proc_rom.cc:155:do_switch$1739$rdmux[0][5][24]$a$5681 [3:0] }
      New connections: $memory$auto$proc_rom.cc:155:do_switch$1739$rdmux[0][5][24]$a$5681 [4] = $memory$auto$proc_rom.cc:155:do_switch$1739$rdmux[0][5][24]$a$5681 [0]
    Consolidated identical input bits for $mux cell $memory$auto$proc_rom.cc:155:do_switch$1739$rdmux[0][6][47]$5845:
      Old ports: A=$memory$auto$proc_rom.cc:155:do_switch$1739$rdmux[0][6][47]$a$5846, B=$memory$auto$proc_rom.cc:155:do_switch$1739$rdmux[0][6][47]$b$5847, Y=$memory$auto$proc_rom.cc:155:do_switch$1739$rdmux[0][5][23]$b$5679
      New ports: A={ $memory$auto$proc_rom.cc:155:do_switch$1739$rdmux[0][6][47]$a$5846 [4] $memory$auto$proc_rom.cc:155:do_switch$1739$rdmux[0][6][47]$a$5846 [4] 1'1 $memory$auto$proc_rom.cc:155:do_switch$1739$rdmux[0][6][47]$a$5846 [0] 1'0 $memory$auto$proc_rom.cc:155:do_switch$1739$rdmux[0][6][47]$a$5846 [0] }, B={ $memory$auto$proc_rom.cc:155:do_switch$1739$rdmux[0][6][47]$b$5847 [2] 1'1 $memory$auto$proc_rom.cc:155:do_switch$1739$rdmux[0][6][47]$b$5847 [1] $memory$auto$proc_rom.cc:155:do_switch$1739$rdmux[0][6][47]$b$5847 [2:1] 1'0 }, Y=$memory$auto$proc_rom.cc:155:do_switch$1739$rdmux[0][5][23]$b$5679 [5:0]
      New connections: $memory$auto$proc_rom.cc:155:do_switch$1739$rdmux[0][5][23]$b$5679 [7:6] = { $memory$auto$proc_rom.cc:155:do_switch$1739$rdmux[0][5][23]$b$5679 [2] 1'1 }
    Consolidated identical input bits for $mux cell $memory$auto$proc_rom.cc:155:do_switch$1739$rdmux[0][6][46]$5842:
      Old ports: A=$memory$auto$proc_rom.cc:155:do_switch$1739$rdmux[0][6][46]$a$5843, B=$memory$auto$proc_rom.cc:155:do_switch$1739$rdmux[0][6][46]$b$5844, Y=$memory$auto$proc_rom.cc:155:do_switch$1739$rdmux[0][5][23]$a$5678
      New ports: A={ $memory$auto$proc_rom.cc:155:do_switch$1739$rdmux[0][6][46]$a$5843 [0] 2'01 $memory$auto$proc_rom.cc:155:do_switch$1739$rdmux[0][6][46]$a$5843 [0] }, B={ 1'1 $memory$auto$proc_rom.cc:155:do_switch$1739$rdmux[0][6][46]$b$5844 [1] $memory$auto$proc_rom.cc:155:do_switch$1739$rdmux[0][6][46]$b$5844 [1] 1'0 }, Y={ $memory$auto$proc_rom.cc:155:do_switch$1739$rdmux[0][5][23]$a$5678 [6] $memory$auto$proc_rom.cc:155:do_switch$1739$rdmux[0][5][23]$a$5678 [2:0] }
      New connections: { $memory$auto$proc_rom.cc:155:do_switch$1739$rdmux[0][5][23]$a$5678 [7] $memory$auto$proc_rom.cc:155:do_switch$1739$rdmux[0][5][23]$a$5678 [5:3] } = { 1'1 $memory$auto$proc_rom.cc:155:do_switch$1739$rdmux[0][5][23]$a$5678 [2:1] $memory$auto$proc_rom.cc:155:do_switch$1739$rdmux[0][5][23]$a$5678 [1] }
    Consolidated identical input bits for $mux cell $memory$auto$proc_rom.cc:155:do_switch$1739$rdmux[0][6][45]$5839:
      Old ports: A=$memory$auto$proc_rom.cc:155:do_switch$1739$rdmux[0][6][45]$a$5840, B=$memory$auto$proc_rom.cc:155:do_switch$1739$rdmux[0][6][45]$b$5841, Y=$memory$auto$proc_rom.cc:155:do_switch$1739$rdmux[0][5][22]$b$5676
      New ports: A={ 2'10 $memory$auto$proc_rom.cc:155:do_switch$1739$rdmux[0][6][45]$a$5840 [4] $memory$auto$proc_rom.cc:155:do_switch$1739$rdmux[0][6][45]$a$5840 [2] 2'10 }, B={ $memory$auto$proc_rom.cc:155:do_switch$1739$rdmux[0][6][45]$b$5841 [0] 1'1 $memory$auto$proc_rom.cc:155:do_switch$1739$rdmux[0][6][45]$b$5841 [0] 2'00 $memory$auto$proc_rom.cc:155:do_switch$1739$rdmux[0][6][45]$b$5841 [0] }, Y={ $memory$auto$proc_rom.cc:155:do_switch$1739$rdmux[0][5][22]$b$5676 [6:4] $memory$auto$proc_rom.cc:155:do_switch$1739$rdmux[0][5][22]$b$5676 [2:0] }
      New connections: { $memory$auto$proc_rom.cc:155:do_switch$1739$rdmux[0][5][22]$b$5676 [7] $memory$auto$proc_rom.cc:155:do_switch$1739$rdmux[0][5][22]$b$5676 [3] } = $memory$auto$proc_rom.cc:155:do_switch$1739$rdmux[0][5][22]$b$5676 [1:0]
    Consolidated identical input bits for $mux cell $memory$auto$proc_rom.cc:155:do_switch$1739$rdmux[0][6][44]$5836:
      Old ports: A=$memory$auto$proc_rom.cc:155:do_switch$1739$rdmux[0][6][44]$a$5837, B=$memory$auto$proc_rom.cc:155:do_switch$1739$rdmux[0][6][44]$b$5838, Y=$memory$auto$proc_rom.cc:155:do_switch$1739$rdmux[0][5][22]$a$5675
      New ports: A={ $memory$auto$proc_rom.cc:155:do_switch$1739$rdmux[0][6][44]$a$5837 [3] 1'1 $memory$auto$proc_rom.cc:155:do_switch$1739$rdmux[0][6][44]$a$5837 [3] $memory$auto$proc_rom.cc:155:do_switch$1739$rdmux[0][6][44]$a$5837 [3] 1'1 $memory$auto$proc_rom.cc:155:do_switch$1739$rdmux[0][6][44]$a$5837 [1] 1'0 }, B={ 1'0 $memory$auto$proc_rom.cc:155:do_switch$1739$rdmux[0][6][44]$b$5838 [0] $memory$auto$proc_rom.cc:155:do_switch$1739$rdmux[0][6][44]$b$5838 [2] 1'1 $memory$auto$proc_rom.cc:155:do_switch$1739$rdmux[0][6][44]$b$5838 [2] 1'1 $memory$auto$proc_rom.cc:155:do_switch$1739$rdmux[0][6][44]$b$5838 [0] }, Y={ $memory$auto$proc_rom.cc:155:do_switch$1739$rdmux[0][5][22]$a$5675 [7:5] $memory$auto$proc_rom.cc:155:do_switch$1739$rdmux[0][5][22]$a$5675 [3:0] }
      New connections: $memory$auto$proc_rom.cc:155:do_switch$1739$rdmux[0][5][22]$a$5675 [4] = $memory$auto$proc_rom.cc:155:do_switch$1739$rdmux[0][5][22]$a$5675 [2]
    Consolidated identical input bits for $mux cell $memory$auto$proc_rom.cc:155:do_switch$1739$rdmux[0][6][43]$5833:
      Old ports: A=$memory$auto$proc_rom.cc:155:do_switch$1739$rdmux[0][6][43]$a$5834, B=$memory$auto$proc_rom.cc:155:do_switch$1739$rdmux[0][6][43]$b$5835, Y=$memory$auto$proc_rom.cc:155:do_switch$1739$rdmux[0][5][21]$b$5673
      New ports: A={ $memory$auto$proc_rom.cc:155:do_switch$1739$rdmux[0][6][43]$a$5834 [1] $memory$auto$proc_rom.cc:155:do_switch$1739$rdmux[0][6][43]$a$5834 [4] 1'0 $memory$auto$proc_rom.cc:155:do_switch$1739$rdmux[0][6][43]$a$5834 [1] 1'0 }, B={ $memory$auto$proc_rom.cc:155:do_switch$1739$rdmux[0][6][43]$b$5835 [2] 1'1 $memory$auto$proc_rom.cc:155:do_switch$1739$rdmux[0][6][43]$b$5835 [2] 1'1 $memory$auto$proc_rom.cc:155:do_switch$1739$rdmux[0][6][43]$b$5835 [0] }, Y={ $memory$auto$proc_rom.cc:155:do_switch$1739$rdmux[0][5][21]$b$5673 [5:4] $memory$auto$proc_rom.cc:155:do_switch$1739$rdmux[0][5][21]$b$5673 [2:0] }
      New connections: { $memory$auto$proc_rom.cc:155:do_switch$1739$rdmux[0][5][21]$b$5673 [7:6] $memory$auto$proc_rom.cc:155:do_switch$1739$rdmux[0][5][21]$b$5673 [3] } = { $memory$auto$proc_rom.cc:155:do_switch$1739$rdmux[0][5][21]$b$5673 [5] 2'01 }
    Consolidated identical input bits for $mux cell $memory$auto$proc_rom.cc:155:do_switch$1739$rdmux[0][6][42]$5830:
      Old ports: A=$memory$auto$proc_rom.cc:155:do_switch$1739$rdmux[0][6][42]$a$5831, B=$memory$auto$proc_rom.cc:155:do_switch$1739$rdmux[0][6][42]$b$5832, Y=$memory$auto$proc_rom.cc:155:do_switch$1739$rdmux[0][5][21]$a$5672
      New ports: A={ $memory$auto$proc_rom.cc:155:do_switch$1739$rdmux[0][6][42]$a$5831 [3] 1'1 $memory$auto$proc_rom.cc:155:do_switch$1739$rdmux[0][6][42]$a$5831 [4:3] 2'11 }, B={ $memory$auto$proc_rom.cc:155:do_switch$1739$rdmux[0][6][42]$b$5832 [5] $memory$auto$proc_rom.cc:155:do_switch$1739$rdmux[0][6][42]$b$5832 [5] 1'0 $memory$auto$proc_rom.cc:155:do_switch$1739$rdmux[0][6][42]$b$5832 [2] $memory$auto$proc_rom.cc:155:do_switch$1739$rdmux[0][6][42]$b$5832 [2] 1'0 }, Y={ $memory$auto$proc_rom.cc:155:do_switch$1739$rdmux[0][5][21]$a$5672 [6:2] $memory$auto$proc_rom.cc:155:do_switch$1739$rdmux[0][5][21]$a$5672 [0] }
      New connections: { $memory$auto$proc_rom.cc:155:do_switch$1739$rdmux[0][5][21]$a$5672 [7] $memory$auto$proc_rom.cc:155:do_switch$1739$rdmux[0][5][21]$a$5672 [1] } = { $memory$auto$proc_rom.cc:155:do_switch$1739$rdmux[0][5][21]$a$5672 [4] 1'1 }
    Consolidated identical input bits for $mux cell $memory$auto$proc_rom.cc:155:do_switch$1739$rdmux[0][6][41]$5827:
      Old ports: A=$memory$auto$proc_rom.cc:155:do_switch$1739$rdmux[0][6][41]$a$5828, B=$memory$auto$proc_rom.cc:155:do_switch$1739$rdmux[0][6][41]$b$5829, Y=$memory$auto$proc_rom.cc:155:do_switch$1739$rdmux[0][5][20]$b$5670
      New ports: A={ 2'00 $memory$auto$proc_rom.cc:155:do_switch$1739$rdmux[0][6][41]$a$5828 [5] $memory$auto$proc_rom.cc:155:do_switch$1739$rdmux[0][6][41]$a$5828 [2] 1'1 $memory$auto$proc_rom.cc:155:do_switch$1739$rdmux[0][6][41]$a$5828 [2] }, B={ 1'1 $memory$auto$proc_rom.cc:155:do_switch$1739$rdmux[0][6][41]$b$5829 [2] 2'00 $memory$auto$proc_rom.cc:155:do_switch$1739$rdmux[0][6][41]$b$5829 [3:2] }, Y=$memory$auto$proc_rom.cc:155:do_switch$1739$rdmux[0][5][20]$b$5670 [7:2]
      New connections: $memory$auto$proc_rom.cc:155:do_switch$1739$rdmux[0][5][20]$b$5670 [1:0] = 2'01
    Consolidated identical input bits for $mux cell $memory$auto$proc_rom.cc:155:do_switch$1739$rdmux[0][6][40]$5824:
      Old ports: A=$memory$auto$proc_rom.cc:155:do_switch$1739$rdmux[0][6][40]$a$5825, B=$memory$auto$proc_rom.cc:155:do_switch$1739$rdmux[0][6][40]$b$5826, Y=$memory$auto$proc_rom.cc:155:do_switch$1739$rdmux[0][5][20]$a$5669
      New ports: A={ $memory$auto$proc_rom.cc:155:do_switch$1739$rdmux[0][6][40]$a$5825 [4] $memory$auto$proc_rom.cc:155:do_switch$1739$rdmux[0][6][40]$a$5825 [4] $memory$auto$proc_rom.cc:155:do_switch$1739$rdmux[0][6][40]$a$5825 [4] 1'0 $memory$auto$proc_rom.cc:155:do_switch$1739$rdmux[0][6][40]$a$5825 [1] $memory$auto$proc_rom.cc:155:do_switch$1739$rdmux[0][6][40]$a$5825 [1] 1'1 }, B={ 1'0 $memory$auto$proc_rom.cc:155:do_switch$1739$rdmux[0][6][40]$b$5826 [0] 1'1 $memory$auto$proc_rom.cc:155:do_switch$1739$rdmux[0][6][40]$b$5826 [1] 1'0 $memory$auto$proc_rom.cc:155:do_switch$1739$rdmux[0][6][40]$b$5826 [1:0] }, Y={ $memory$auto$proc_rom.cc:155:do_switch$1739$rdmux[0][5][20]$a$5669 [7] $memory$auto$proc_rom.cc:155:do_switch$1739$rdmux[0][5][20]$a$5669 [5:0] }
      New connections: $memory$auto$proc_rom.cc:155:do_switch$1739$rdmux[0][5][20]$a$5669 [6] = $memory$auto$proc_rom.cc:155:do_switch$1739$rdmux[0][5][20]$a$5669 [0]
    Consolidated identical input bits for $mux cell $memory$auto$proc_rom.cc:155:do_switch$1739$rdmux[0][6][39]$5821:
      Old ports: A=$memory$auto$proc_rom.cc:155:do_switch$1739$rdmux[0][6][39]$a$5822, B=$memory$auto$proc_rom.cc:155:do_switch$1739$rdmux[0][6][39]$b$5823, Y=$memory$auto$proc_rom.cc:155:do_switch$1739$rdmux[0][5][19]$b$5667
      New ports: A={ 1'0 $memory$auto$proc_rom.cc:155:do_switch$1739$rdmux[0][6][39]$a$5822 [0] $memory$auto$proc_rom.cc:155:do_switch$1739$rdmux[0][6][39]$a$5822 [0] 1'1 $memory$auto$proc_rom.cc:155:do_switch$1739$rdmux[0][6][39]$a$5822 [3] 1'0 $memory$auto$proc_rom.cc:155:do_switch$1739$rdmux[0][6][39]$a$5822 [0] }, B={ $memory$auto$proc_rom.cc:155:do_switch$1739$rdmux[0][6][39]$b$5823 [0] 1'1 $memory$auto$proc_rom.cc:155:do_switch$1739$rdmux[0][6][39]$b$5823 [5] $memory$auto$proc_rom.cc:155:do_switch$1739$rdmux[0][6][39]$b$5823 [0] 2'11 $memory$auto$proc_rom.cc:155:do_switch$1739$rdmux[0][6][39]$b$5823 [0] }, Y={ $memory$auto$proc_rom.cc:155:do_switch$1739$rdmux[0][5][19]$b$5667 [7:3] $memory$auto$proc_rom.cc:155:do_switch$1739$rdmux[0][5][19]$b$5667 [1:0] }
      New connections: $memory$auto$proc_rom.cc:155:do_switch$1739$rdmux[0][5][19]$b$5667 [2] = 1'1
    Consolidated identical input bits for $mux cell $memory$auto$proc_rom.cc:155:do_switch$1739$rdmux[0][6][38]$5818:
      Old ports: A=$memory$auto$proc_rom.cc:155:do_switch$1739$rdmux[0][6][38]$a$5819, B=$memory$auto$proc_rom.cc:155:do_switch$1739$rdmux[0][6][38]$b$5820, Y=$memory$auto$proc_rom.cc:155:do_switch$1739$rdmux[0][5][19]$a$5666
      New ports: A={ 1'1 $memory$auto$proc_rom.cc:155:do_switch$1739$rdmux[0][6][38]$a$5819 [0] 1'0 $memory$auto$proc_rom.cc:155:do_switch$1739$rdmux[0][6][38]$a$5819 [1:0] }, B={ $memory$auto$proc_rom.cc:155:do_switch$1739$rdmux[0][6][38]$b$5820 [3] $memory$auto$proc_rom.cc:155:do_switch$1739$rdmux[0][6][38]$b$5820 [3] $memory$auto$proc_rom.cc:155:do_switch$1739$rdmux[0][6][38]$b$5820 [0] $memory$auto$proc_rom.cc:155:do_switch$1739$rdmux[0][6][38]$b$5820 [0] $memory$auto$proc_rom.cc:155:do_switch$1739$rdmux[0][6][38]$b$5820 [0] }, Y={ $memory$auto$proc_rom.cc:155:do_switch$1739$rdmux[0][5][19]$a$5666 [6] $memory$auto$proc_rom.cc:155:do_switch$1739$rdmux[0][5][19]$a$5666 [3:0] }
      New connections: { $memory$auto$proc_rom.cc:155:do_switch$1739$rdmux[0][5][19]$a$5666 [7] $memory$auto$proc_rom.cc:155:do_switch$1739$rdmux[0][5][19]$a$5666 [5:4] } = { $memory$auto$proc_rom.cc:155:do_switch$1739$rdmux[0][5][19]$a$5666 [6] 1'1 $memory$auto$proc_rom.cc:155:do_switch$1739$rdmux[0][5][19]$a$5666 [0] }
    Consolidated identical input bits for $mux cell $memory$auto$proc_rom.cc:155:do_switch$1739$rdmux[0][6][37]$5815:
      Old ports: A=$memory$auto$proc_rom.cc:155:do_switch$1739$rdmux[0][6][37]$a$5816, B=$memory$auto$proc_rom.cc:155:do_switch$1739$rdmux[0][6][37]$b$5817, Y=$memory$auto$proc_rom.cc:155:do_switch$1739$rdmux[0][5][18]$b$5664
      New ports: A={ 3'110 $memory$auto$proc_rom.cc:155:do_switch$1739$rdmux[0][6][37]$a$5816 [3] $memory$auto$proc_rom.cc:155:do_switch$1739$rdmux[0][6][37]$a$5816 [1] }, B={ $memory$auto$proc_rom.cc:155:do_switch$1739$rdmux[0][6][37]$b$5817 [7] $memory$auto$proc_rom.cc:155:do_switch$1739$rdmux[0][6][37]$b$5817 [4] $memory$auto$proc_rom.cc:155:do_switch$1739$rdmux[0][6][37]$b$5817 [4] 2'00 }, Y={ $memory$auto$proc_rom.cc:155:do_switch$1739$rdmux[0][5][18]$b$5664 [7] $memory$auto$proc_rom.cc:155:do_switch$1739$rdmux[0][5][18]$b$5664 [5:3] $memory$auto$proc_rom.cc:155:do_switch$1739$rdmux[0][5][18]$b$5664 [1] }
      New connections: { $memory$auto$proc_rom.cc:155:do_switch$1739$rdmux[0][5][18]$b$5664 [6] $memory$auto$proc_rom.cc:155:do_switch$1739$rdmux[0][5][18]$b$5664 [2] $memory$auto$proc_rom.cc:155:do_switch$1739$rdmux[0][5][18]$b$5664 [0] } = { $memory$auto$proc_rom.cc:155:do_switch$1739$rdmux[0][5][18]$b$5664 [1] 2'11 }
    Consolidated identical input bits for $mux cell $memory$auto$proc_rom.cc:155:do_switch$1739$rdmux[0][6][36]$5812:
      Old ports: A=$memory$auto$proc_rom.cc:155:do_switch$1739$rdmux[0][6][36]$a$5813, B=$memory$auto$proc_rom.cc:155:do_switch$1739$rdmux[0][6][36]$b$5814, Y=$memory$auto$proc_rom.cc:155:do_switch$1739$rdmux[0][5][18]$a$5663
      New ports: A={ 2'10 $memory$auto$proc_rom.cc:155:do_switch$1739$rdmux[0][6][36]$a$5813 [3] $memory$auto$proc_rom.cc:155:do_switch$1739$rdmux[0][6][36]$a$5813 [1] $memory$auto$proc_rom.cc:155:do_switch$1739$rdmux[0][6][36]$a$5813 [3] 1'1 $memory$auto$proc_rom.cc:155:do_switch$1739$rdmux[0][6][36]$a$5813 [1] }, B={ 1'0 $memory$auto$proc_rom.cc:155:do_switch$1739$rdmux[0][6][36]$b$5814 [2] 1'1 $memory$auto$proc_rom.cc:155:do_switch$1739$rdmux[0][6][36]$b$5814 [2] 1'0 $memory$auto$proc_rom.cc:155:do_switch$1739$rdmux[0][6][36]$b$5814 [2:1] }, Y=$memory$auto$proc_rom.cc:155:do_switch$1739$rdmux[0][5][18]$a$5663 [7:1]
      New connections: $memory$auto$proc_rom.cc:155:do_switch$1739$rdmux[0][5][18]$a$5663 [0] = 1'0
    Consolidated identical input bits for $mux cell $memory$auto$proc_rom.cc:155:do_switch$1739$rdmux[0][6][35]$5809:
      Old ports: A=$memory$auto$proc_rom.cc:155:do_switch$1739$rdmux[0][6][35]$a$5810, B=$memory$auto$proc_rom.cc:155:do_switch$1739$rdmux[0][6][35]$b$5811, Y=$memory$auto$proc_rom.cc:155:do_switch$1739$rdmux[0][5][17]$b$5661
      New ports: A={ 1'1 $memory$auto$proc_rom.cc:155:do_switch$1739$rdmux[0][6][35]$a$5810 [6] 1'1 $memory$auto$proc_rom.cc:155:do_switch$1739$rdmux[0][6][35]$a$5810 [2] 2'00 }, B={ $memory$auto$proc_rom.cc:155:do_switch$1739$rdmux[0][6][35]$b$5811 [2] 1'1 $memory$auto$proc_rom.cc:155:do_switch$1739$rdmux[0][6][35]$b$5811 [0] $memory$auto$proc_rom.cc:155:do_switch$1739$rdmux[0][6][35]$b$5811 [2] 1'1 $memory$auto$proc_rom.cc:155:do_switch$1739$rdmux[0][6][35]$b$5811 [0] }, Y={ $memory$auto$proc_rom.cc:155:do_switch$1739$rdmux[0][5][17]$b$5661 [7:6] $memory$auto$proc_rom.cc:155:do_switch$1739$rdmux[0][5][17]$b$5661 [4] $memory$auto$proc_rom.cc:155:do_switch$1739$rdmux[0][5][17]$b$5661 [2:0] }
      New connections: { $memory$auto$proc_rom.cc:155:do_switch$1739$rdmux[0][5][17]$b$5661 [5] $memory$auto$proc_rom.cc:155:do_switch$1739$rdmux[0][5][17]$b$5661 [3] } = 2'10
    Consolidated identical input bits for $mux cell $memory$auto$proc_rom.cc:155:do_switch$1739$rdmux[0][6][34]$5806:
      Old ports: A=$memory$auto$proc_rom.cc:155:do_switch$1739$rdmux[0][6][34]$a$5807, B=$memory$auto$proc_rom.cc:155:do_switch$1739$rdmux[0][6][34]$b$5808, Y=$memory$auto$proc_rom.cc:155:do_switch$1739$rdmux[0][5][17]$a$5660
      New ports: A={ $memory$auto$proc_rom.cc:155:do_switch$1739$rdmux[0][6][34]$a$5807 [5] $memory$auto$proc_rom.cc:155:do_switch$1739$rdmux[0][6][34]$a$5807 [5] 2'10 $memory$auto$proc_rom.cc:155:do_switch$1739$rdmux[0][6][34]$a$5807 [0] $memory$auto$proc_rom.cc:155:do_switch$1739$rdmux[0][6][34]$a$5807 [0] }, B={ 5'10011 $memory$auto$proc_rom.cc:155:do_switch$1739$rdmux[0][6][34]$b$5808 [0] }, Y={ $memory$auto$proc_rom.cc:155:do_switch$1739$rdmux[0][5][17]$a$5660 [6:2] $memory$auto$proc_rom.cc:155:do_switch$1739$rdmux[0][5][17]$a$5660 [0] }
      New connections: { $memory$auto$proc_rom.cc:155:do_switch$1739$rdmux[0][5][17]$a$5660 [7] $memory$auto$proc_rom.cc:155:do_switch$1739$rdmux[0][5][17]$a$5660 [1] } = 2'11
    Consolidated identical input bits for $mux cell $memory$auto$proc_rom.cc:155:do_switch$1739$rdmux[0][6][33]$5803:
      Old ports: A=$memory$auto$proc_rom.cc:155:do_switch$1739$rdmux[0][6][33]$a$5804, B=$memory$auto$proc_rom.cc:155:do_switch$1739$rdmux[0][6][33]$b$5805, Y=$memory$auto$proc_rom.cc:155:do_switch$1739$rdmux[0][5][16]$b$5658
      New ports: A={ 1'0 $memory$auto$proc_rom.cc:155:do_switch$1739$rdmux[0][6][33]$a$5804 [5] 1'0 $memory$auto$proc_rom.cc:155:do_switch$1739$rdmux[0][6][33]$a$5804 [3] 3'111 }, B={ 1'1 $memory$auto$proc_rom.cc:155:do_switch$1739$rdmux[0][6][33]$b$5805 [1] $memory$auto$proc_rom.cc:155:do_switch$1739$rdmux[0][6][33]$b$5805 [2] 1'1 $memory$auto$proc_rom.cc:155:do_switch$1739$rdmux[0][6][33]$b$5805 [2:1] 1'0 }, Y={ $memory$auto$proc_rom.cc:155:do_switch$1739$rdmux[0][5][16]$b$5658 [7] $memory$auto$proc_rom.cc:155:do_switch$1739$rdmux[0][5][16]$b$5658 [5:0] }
      New connections: $memory$auto$proc_rom.cc:155:do_switch$1739$rdmux[0][5][16]$b$5658 [6] = 1'1
    Consolidated identical input bits for $mux cell $memory$auto$proc_rom.cc:155:do_switch$1739$rdmux[0][6][32]$5800:
      Old ports: A=$memory$auto$proc_rom.cc:155:do_switch$1739$rdmux[0][6][32]$a$5801, B=$memory$auto$proc_rom.cc:155:do_switch$1739$rdmux[0][6][32]$b$5802, Y=$memory$auto$proc_rom.cc:155:do_switch$1739$rdmux[0][5][16]$a$5657
      New ports: A={ $memory$auto$proc_rom.cc:155:do_switch$1739$rdmux[0][6][32]$a$5801 [0] 2'01 $memory$auto$proc_rom.cc:155:do_switch$1739$rdmux[0][6][32]$a$5801 [1:0] }, B={ 1'0 $memory$auto$proc_rom.cc:155:do_switch$1739$rdmux[0][6][32]$b$5802 [6] $memory$auto$proc_rom.cc:155:do_switch$1739$rdmux[0][6][32]$b$5802 [4] 2'01 }, Y={ $memory$auto$proc_rom.cc:155:do_switch$1739$rdmux[0][5][16]$a$5657 [7:6] $memory$auto$proc_rom.cc:155:do_switch$1739$rdmux[0][5][16]$a$5657 [4] $memory$auto$proc_rom.cc:155:do_switch$1739$rdmux[0][5][16]$a$5657 [1:0] }
      New connections: { $memory$auto$proc_rom.cc:155:do_switch$1739$rdmux[0][5][16]$a$5657 [5] $memory$auto$proc_rom.cc:155:do_switch$1739$rdmux[0][5][16]$a$5657 [3:2] } = { $memory$auto$proc_rom.cc:155:do_switch$1739$rdmux[0][5][16]$a$5657 [1] $memory$auto$proc_rom.cc:155:do_switch$1739$rdmux[0][5][16]$a$5657 [1] 1'0 }
    Consolidated identical input bits for $mux cell $memory$auto$proc_rom.cc:155:do_switch$1739$rdmux[0][6][31]$5797:
      Old ports: A=$memory$auto$proc_rom.cc:155:do_switch$1739$rdmux[0][6][31]$a$5798, B=$memory$auto$proc_rom.cc:155:do_switch$1739$rdmux[0][6][31]$b$5799, Y=$memory$auto$proc_rom.cc:155:do_switch$1739$rdmux[0][5][15]$b$5655
      New ports: A={ 2'00 $memory$auto$proc_rom.cc:155:do_switch$1739$rdmux[0][6][31]$a$5798 [1] 1'0 $memory$auto$proc_rom.cc:155:do_switch$1739$rdmux[0][6][31]$a$5798 [1] 1'1 }, B={ $memory$auto$proc_rom.cc:155:do_switch$1739$rdmux[0][6][31]$b$5799 [7] $memory$auto$proc_rom.cc:155:do_switch$1739$rdmux[0][6][31]$b$5799 [0] 3'011 $memory$auto$proc_rom.cc:155:do_switch$1739$rdmux[0][6][31]$b$5799 [0] }, Y={ $memory$auto$proc_rom.cc:155:do_switch$1739$rdmux[0][5][15]$b$5655 [7] $memory$auto$proc_rom.cc:155:do_switch$1739$rdmux[0][5][15]$b$5655 [5:3] $memory$auto$proc_rom.cc:155:do_switch$1739$rdmux[0][5][15]$b$5655 [1:0] }
      New connections: { $memory$auto$proc_rom.cc:155:do_switch$1739$rdmux[0][5][15]$b$5655 [6] $memory$auto$proc_rom.cc:155:do_switch$1739$rdmux[0][5][15]$b$5655 [2] } = { $memory$auto$proc_rom.cc:155:do_switch$1739$rdmux[0][5][15]$b$5655 [5] 1'0 }
    Consolidated identical input bits for $mux cell $memory$auto$proc_rom.cc:155:do_switch$1739$rdmux[0][6][30]$5794:
      Old ports: A=$memory$auto$proc_rom.cc:155:do_switch$1739$rdmux[0][6][30]$a$5795, B=$memory$auto$proc_rom.cc:155:do_switch$1739$rdmux[0][6][30]$b$5796, Y=$memory$auto$proc_rom.cc:155:do_switch$1739$rdmux[0][5][15]$a$5654
      New ports: A={ 1'1 $memory$auto$proc_rom.cc:155:do_switch$1739$rdmux[0][6][30]$a$5795 [6] 1'0 $memory$auto$proc_rom.cc:155:do_switch$1739$rdmux[0][6][30]$a$5795 [1] $memory$auto$proc_rom.cc:155:do_switch$1739$rdmux[0][6][30]$a$5795 [1] }, B={ $memory$auto$proc_rom.cc:155:do_switch$1739$rdmux[0][6][30]$b$5796 [2] 1'0 $memory$auto$proc_rom.cc:155:do_switch$1739$rdmux[0][6][30]$b$5796 [2] $memory$auto$proc_rom.cc:155:do_switch$1739$rdmux[0][6][30]$b$5796 [2:1] }, Y={ $memory$auto$proc_rom.cc:155:do_switch$1739$rdmux[0][5][15]$a$5654 [7:6] $memory$auto$proc_rom.cc:155:do_switch$1739$rdmux[0][5][15]$a$5654 [4] $memory$auto$proc_rom.cc:155:do_switch$1739$rdmux[0][5][15]$a$5654 [2:1] }
      New connections: { $memory$auto$proc_rom.cc:155:do_switch$1739$rdmux[0][5][15]$a$5654 [5] $memory$auto$proc_rom.cc:155:do_switch$1739$rdmux[0][5][15]$a$5654 [3] $memory$auto$proc_rom.cc:155:do_switch$1739$rdmux[0][5][15]$a$5654 [0] } = { $memory$auto$proc_rom.cc:155:do_switch$1739$rdmux[0][5][15]$a$5654 [2] $memory$auto$proc_rom.cc:155:do_switch$1739$rdmux[0][5][15]$a$5654 [2] 1'1 }
    Consolidated identical input bits for $mux cell $memory$auto$proc_rom.cc:155:do_switch$1739$rdmux[0][6][29]$5791:
      Old ports: A=$memory$auto$proc_rom.cc:155:do_switch$1739$rdmux[0][6][29]$a$5792, B=$memory$auto$proc_rom.cc:155:do_switch$1739$rdmux[0][6][29]$b$5793, Y=$memory$auto$proc_rom.cc:155:do_switch$1739$rdmux[0][5][14]$b$5652
      New ports: A={ $memory$auto$proc_rom.cc:155:do_switch$1739$rdmux[0][6][29]$a$5792 [6] $memory$auto$proc_rom.cc:155:do_switch$1739$rdmux[0][6][29]$a$5792 [0] 1'1 $memory$auto$proc_rom.cc:155:do_switch$1739$rdmux[0][6][29]$a$5792 [0] }, B={ 2'00 $memory$auto$proc_rom.cc:155:do_switch$1739$rdmux[0][6][29]$b$5793 [0] $memory$auto$proc_rom.cc:155:do_switch$1739$rdmux[0][6][29]$b$5793 [0] }, Y={ $memory$auto$proc_rom.cc:155:do_switch$1739$rdmux[0][5][14]$b$5652 [6] $memory$auto$proc_rom.cc:155:do_switch$1739$rdmux[0][5][14]$b$5652 [4:3] $memory$auto$proc_rom.cc:155:do_switch$1739$rdmux[0][5][14]$b$5652 [0] }
      New connections: { $memory$auto$proc_rom.cc:155:do_switch$1739$rdmux[0][5][14]$b$5652 [7] $memory$auto$proc_rom.cc:155:do_switch$1739$rdmux[0][5][14]$b$5652 [5] $memory$auto$proc_rom.cc:155:do_switch$1739$rdmux[0][5][14]$b$5652 [2:1] } = { $memory$auto$proc_rom.cc:155:do_switch$1739$rdmux[0][5][14]$b$5652 [6] $memory$auto$proc_rom.cc:155:do_switch$1739$rdmux[0][5][14]$b$5652 [4] $memory$auto$proc_rom.cc:155:do_switch$1739$rdmux[0][5][14]$b$5652 [0] 1'1 }
    Consolidated identical input bits for $mux cell $memory$auto$proc_rom.cc:155:do_switch$1739$rdmux[0][6][28]$5788:
      Old ports: A=$memory$auto$proc_rom.cc:155:do_switch$1739$rdmux[0][6][28]$a$5789, B=$memory$auto$proc_rom.cc:155:do_switch$1739$rdmux[0][6][28]$b$5790, Y=$memory$auto$proc_rom.cc:155:do_switch$1739$rdmux[0][5][14]$a$5651
      New ports: A={ $memory$auto$proc_rom.cc:155:do_switch$1739$rdmux[0][6][28]$a$5789 [4] $memory$auto$proc_rom.cc:155:do_switch$1739$rdmux[0][6][28]$a$5789 [4] $memory$auto$proc_rom.cc:155:do_switch$1739$rdmux[0][6][28]$a$5789 [2] $memory$auto$proc_rom.cc:155:do_switch$1739$rdmux[0][6][28]$a$5789 [4] $memory$auto$proc_rom.cc:155:do_switch$1739$rdmux[0][6][28]$a$5789 [2] 2'00 }, B={ $memory$auto$proc_rom.cc:155:do_switch$1739$rdmux[0][6][28]$b$5790 [0] 2'00 $memory$auto$proc_rom.cc:155:do_switch$1739$rdmux[0][6][28]$b$5790 [4] 2'11 $memory$auto$proc_rom.cc:155:do_switch$1739$rdmux[0][6][28]$b$5790 [0] }, Y={ $memory$auto$proc_rom.cc:155:do_switch$1739$rdmux[0][5][14]$a$5651 [7:4] $memory$auto$proc_rom.cc:155:do_switch$1739$rdmux[0][5][14]$a$5651 [2:0] }
      New connections: $memory$auto$proc_rom.cc:155:do_switch$1739$rdmux[0][5][14]$a$5651 [3] = $memory$auto$proc_rom.cc:155:do_switch$1739$rdmux[0][5][14]$a$5651 [2]
    Consolidated identical input bits for $mux cell $memory$auto$proc_rom.cc:155:do_switch$1739$rdmux[0][6][27]$5785:
      Old ports: A=$memory$auto$proc_rom.cc:155:do_switch$1739$rdmux[0][6][27]$a$5786, B=$memory$auto$proc_rom.cc:155:do_switch$1739$rdmux[0][6][27]$b$5787, Y=$memory$auto$proc_rom.cc:155:do_switch$1739$rdmux[0][5][13]$b$5649
      New ports: A={ 2'01 $memory$auto$proc_rom.cc:155:do_switch$1739$rdmux[0][6][27]$a$5786 [3] 1'0 $memory$auto$proc_rom.cc:155:do_switch$1739$rdmux[0][6][27]$a$5786 [0] $memory$auto$proc_rom.cc:155:do_switch$1739$rdmux[0][6][27]$a$5786 [0] }, B={ $memory$auto$proc_rom.cc:155:do_switch$1739$rdmux[0][6][27]$b$5787 [0] 3'001 $memory$auto$proc_rom.cc:155:do_switch$1739$rdmux[0][6][27]$b$5787 [1:0] }, Y={ $memory$auto$proc_rom.cc:155:do_switch$1739$rdmux[0][5][13]$b$5649 [6] $memory$auto$proc_rom.cc:155:do_switch$1739$rdmux[0][5][13]$b$5649 [4:0] }
      New connections: { $memory$auto$proc_rom.cc:155:do_switch$1739$rdmux[0][5][13]$b$5649 [7] $memory$auto$proc_rom.cc:155:do_switch$1739$rdmux[0][5][13]$b$5649 [5] } = { $memory$auto$proc_rom.cc:155:do_switch$1739$rdmux[0][5][13]$b$5649 [4] $memory$auto$proc_rom.cc:155:do_switch$1739$rdmux[0][5][13]$b$5649 [4] }
    Consolidated identical input bits for $mux cell $memory$auto$proc_rom.cc:155:do_switch$1739$rdmux[0][6][26]$5782:
      Old ports: A=$memory$auto$proc_rom.cc:155:do_switch$1739$rdmux[0][6][26]$a$5783, B=$memory$auto$proc_rom.cc:155:do_switch$1739$rdmux[0][6][26]$b$5784, Y=$memory$auto$proc_rom.cc:155:do_switch$1739$rdmux[0][5][13]$a$5648
      New ports: A={ 2'11 $memory$auto$proc_rom.cc:155:do_switch$1739$rdmux[0][6][26]$a$5783 [0] 2'01 $memory$auto$proc_rom.cc:155:do_switch$1739$rdmux[0][6][26]$a$5783 [0] $memory$auto$proc_rom.cc:155:do_switch$1739$rdmux[0][6][26]$a$5783 [0] }, B={ $memory$auto$proc_rom.cc:155:do_switch$1739$rdmux[0][6][26]$b$5784 [3] 1'0 $memory$auto$proc_rom.cc:155:do_switch$1739$rdmux[0][6][26]$b$5784 [3] $memory$auto$proc_rom.cc:155:do_switch$1739$rdmux[0][6][26]$b$5784 [3] $memory$auto$proc_rom.cc:155:do_switch$1739$rdmux[0][6][26]$b$5784 [0] 1'0 $memory$auto$proc_rom.cc:155:do_switch$1739$rdmux[0][6][26]$b$5784 [0] }, Y=$memory$auto$proc_rom.cc:155:do_switch$1739$rdmux[0][5][13]$a$5648 [6:0]
      New connections: $memory$auto$proc_rom.cc:155:do_switch$1739$rdmux[0][5][13]$a$5648 [7] = $memory$auto$proc_rom.cc:155:do_switch$1739$rdmux[0][5][13]$a$5648 [5]
    Consolidated identical input bits for $mux cell $memory$auto$proc_rom.cc:155:do_switch$1739$rdmux[0][6][25]$5779:
      Old ports: A=$memory$auto$proc_rom.cc:155:do_switch$1739$rdmux[0][6][25]$a$5780, B=$memory$auto$proc_rom.cc:155:do_switch$1739$rdmux[0][6][25]$b$5781, Y=$memory$auto$proc_rom.cc:155:do_switch$1739$rdmux[0][5][12]$b$5646
      New ports: A={ 1'1 $memory$auto$proc_rom.cc:155:do_switch$1739$rdmux[0][6][25]$a$5780 [4] $memory$auto$proc_rom.cc:155:do_switch$1739$rdmux[0][6][25]$a$5780 [4] 4'1100 }, B={ $memory$auto$proc_rom.cc:155:do_switch$1739$rdmux[0][6][25]$b$5781 [0] 1'0 $memory$auto$proc_rom.cc:155:do_switch$1739$rdmux[0][6][25]$b$5781 [0] $memory$auto$proc_rom.cc:155:do_switch$1739$rdmux[0][6][25]$b$5781 [3] 2'01 $memory$auto$proc_rom.cc:155:do_switch$1739$rdmux[0][6][25]$b$5781 [0] }, Y={ $memory$auto$proc_rom.cc:155:do_switch$1739$rdmux[0][5][12]$b$5646 [7] $memory$auto$proc_rom.cc:155:do_switch$1739$rdmux[0][5][12]$b$5646 [5:0] }
      New connections: $memory$auto$proc_rom.cc:155:do_switch$1739$rdmux[0][5][12]$b$5646 [6] = $memory$auto$proc_rom.cc:155:do_switch$1739$rdmux[0][5][12]$b$5646 [0]
    Consolidated identical input bits for $mux cell $memory$auto$proc_rom.cc:155:do_switch$1739$rdmux[0][6][24]$5776:
      Old ports: A=$memory$auto$proc_rom.cc:155:do_switch$1739$rdmux[0][6][24]$a$5777, B=$memory$auto$proc_rom.cc:155:do_switch$1739$rdmux[0][6][24]$b$5778, Y=$memory$auto$proc_rom.cc:155:do_switch$1739$rdmux[0][5][12]$a$5645
      New ports: A={ 1'1 $memory$auto$proc_rom.cc:155:do_switch$1739$rdmux[0][6][24]$a$5777 [3] 1'1 $memory$auto$proc_rom.cc:155:do_switch$1739$rdmux[0][6][24]$a$5777 [3] 1'0 }, B={ $memory$auto$proc_rom.cc:155:do_switch$1739$rdmux[0][6][24]$b$5778 [0] 2'00 $memory$auto$proc_rom.cc:155:do_switch$1739$rdmux[0][6][24]$b$5778 [0] $memory$auto$proc_rom.cc:155:do_switch$1739$rdmux[0][6][24]$b$5778 [0] }, Y={ $memory$auto$proc_rom.cc:155:do_switch$1739$rdmux[0][5][12]$a$5645 [7:6] $memory$auto$proc_rom.cc:155:do_switch$1739$rdmux[0][5][12]$a$5645 [4:3] $memory$auto$proc_rom.cc:155:do_switch$1739$rdmux[0][5][12]$a$5645 [0] }
      New connections: { $memory$auto$proc_rom.cc:155:do_switch$1739$rdmux[0][5][12]$a$5645 [5] $memory$auto$proc_rom.cc:155:do_switch$1739$rdmux[0][5][12]$a$5645 [2:1] } = { $memory$auto$proc_rom.cc:155:do_switch$1739$rdmux[0][5][12]$a$5645 [0] 1'0 $memory$auto$proc_rom.cc:155:do_switch$1739$rdmux[0][5][12]$a$5645 [0] }
    Consolidated identical input bits for $mux cell $memory$auto$proc_rom.cc:155:do_switch$1739$rdmux[0][6][23]$5773:
      Old ports: A=$memory$auto$proc_rom.cc:155:do_switch$1739$rdmux[0][6][23]$a$5774, B=$memory$auto$proc_rom.cc:155:do_switch$1739$rdmux[0][6][23]$b$5775, Y=$memory$auto$proc_rom.cc:155:do_switch$1739$rdmux[0][5][11]$b$5643
      New ports: A={ 1'0 $memory$auto$proc_rom.cc:155:do_switch$1739$rdmux[0][6][23]$a$5774 [3] $memory$auto$proc_rom.cc:155:do_switch$1739$rdmux[0][6][23]$a$5774 [1] 1'1 }, B={ $memory$auto$proc_rom.cc:155:do_switch$1739$rdmux[0][6][23]$b$5775 [0] $memory$auto$proc_rom.cc:155:do_switch$1739$rdmux[0][6][23]$b$5775 [0] 1'0 $memory$auto$proc_rom.cc:155:do_switch$1739$rdmux[0][6][23]$b$5775 [0] }, Y={ $memory$auto$proc_rom.cc:155:do_switch$1739$rdmux[0][5][11]$b$5643 [4:3] $memory$auto$proc_rom.cc:155:do_switch$1739$rdmux[0][5][11]$b$5643 [1:0] }
      New connections: { $memory$auto$proc_rom.cc:155:do_switch$1739$rdmux[0][5][11]$b$5643 [7:5] $memory$auto$proc_rom.cc:155:do_switch$1739$rdmux[0][5][11]$b$5643 [2] } = { 2'10 $memory$auto$proc_rom.cc:155:do_switch$1739$rdmux[0][5][11]$b$5643 [1] 1'1 }
    Consolidated identical input bits for $mux cell $memory$auto$proc_rom.cc:155:do_switch$1739$rdmux[0][6][22]$5770:
      Old ports: A=$memory$auto$proc_rom.cc:155:do_switch$1739$rdmux[0][6][22]$a$5771, B=$memory$auto$proc_rom.cc:155:do_switch$1739$rdmux[0][6][22]$b$5772, Y=$memory$auto$proc_rom.cc:155:do_switch$1739$rdmux[0][5][11]$a$5642
      New ports: A={ 1'1 $memory$auto$proc_rom.cc:155:do_switch$1739$rdmux[0][6][22]$a$5771 [1] $memory$auto$proc_rom.cc:155:do_switch$1739$rdmux[0][6][22]$a$5771 [1:0] }, B={ $memory$auto$proc_rom.cc:155:do_switch$1739$rdmux[0][6][22]$b$5772 [0] 2'01 $memory$auto$proc_rom.cc:155:do_switch$1739$rdmux[0][6][22]$b$5772 [0] }, Y={ $memory$auto$proc_rom.cc:155:do_switch$1739$rdmux[0][5][11]$a$5642 [4:3] $memory$auto$proc_rom.cc:155:do_switch$1739$rdmux[0][5][11]$a$5642 [1:0] }
      New connections: { $memory$auto$proc_rom.cc:155:do_switch$1739$rdmux[0][5][11]$a$5642 [7:5] $memory$auto$proc_rom.cc:155:do_switch$1739$rdmux[0][5][11]$a$5642 [2] } = { 1'0 $memory$auto$proc_rom.cc:155:do_switch$1739$rdmux[0][5][11]$a$5642 [1] 2'01 }
    Consolidated identical input bits for $mux cell $memory$auto$proc_rom.cc:155:do_switch$1739$rdmux[0][6][21]$5767:
      Old ports: A=$memory$auto$proc_rom.cc:155:do_switch$1739$rdmux[0][6][21]$a$5768, B=$memory$auto$proc_rom.cc:155:do_switch$1739$rdmux[0][6][21]$b$5769, Y=$memory$auto$proc_rom.cc:155:do_switch$1739$rdmux[0][5][10]$b$5640
      New ports: A={ 1'1 $memory$auto$proc_rom.cc:155:do_switch$1739$rdmux[0][6][21]$a$5768 [4] 3'101 }, B={ $memory$auto$proc_rom.cc:155:do_switch$1739$rdmux[0][6][21]$b$5769 [1] 2'10 $memory$auto$proc_rom.cc:155:do_switch$1739$rdmux[0][6][21]$b$5769 [1:0] }, Y={ $memory$auto$proc_rom.cc:155:do_switch$1739$rdmux[0][5][10]$b$5640 [6] $memory$auto$proc_rom.cc:155:do_switch$1739$rdmux[0][5][10]$b$5640 [4] $memory$auto$proc_rom.cc:155:do_switch$1739$rdmux[0][5][10]$b$5640 [2:0] }
      New connections: { $memory$auto$proc_rom.cc:155:do_switch$1739$rdmux[0][5][10]$b$5640 [7] $memory$auto$proc_rom.cc:155:do_switch$1739$rdmux[0][5][10]$b$5640 [5] $memory$auto$proc_rom.cc:155:do_switch$1739$rdmux[0][5][10]$b$5640 [3] } = { 1'1 $memory$auto$proc_rom.cc:155:do_switch$1739$rdmux[0][5][10]$b$5640 [0] 1'1 }
    Consolidated identical input bits for $mux cell $memory$auto$proc_rom.cc:155:do_switch$1739$rdmux[0][6][20]$5764:
      Old ports: A=$memory$auto$proc_rom.cc:155:do_switch$1739$rdmux[0][6][20]$a$5765, B=$memory$auto$proc_rom.cc:155:do_switch$1739$rdmux[0][6][20]$b$5766, Y=$memory$auto$proc_rom.cc:155:do_switch$1739$rdmux[0][5][10]$a$5639
      New ports: A={ 1'1 $memory$auto$proc_rom.cc:155:do_switch$1739$rdmux[0][6][20]$a$5765 [4] $memory$auto$proc_rom.cc:155:do_switch$1739$rdmux[0][6][20]$a$5765 [2] $memory$auto$proc_rom.cc:155:do_switch$1739$rdmux[0][6][20]$a$5765 [2] }, B={ 1'0 $memory$auto$proc_rom.cc:155:do_switch$1739$rdmux[0][6][20]$b$5766 [4:3] 1'0 }, Y=$memory$auto$proc_rom.cc:155:do_switch$1739$rdmux[0][5][10]$a$5639 [5:2]
      New connections: { $memory$auto$proc_rom.cc:155:do_switch$1739$rdmux[0][5][10]$a$5639 [7:6] $memory$auto$proc_rom.cc:155:do_switch$1739$rdmux[0][5][10]$a$5639 [1:0] } = 4'0100
    Consolidated identical input bits for $mux cell $memory$auto$proc_rom.cc:155:do_switch$1739$rdmux[0][6][19]$5761:
      Old ports: A=$memory$auto$proc_rom.cc:155:do_switch$1739$rdmux[0][6][19]$a$5762, B=$memory$auto$proc_rom.cc:155:do_switch$1739$rdmux[0][6][19]$b$5763, Y=$memory$auto$proc_rom.cc:155:do_switch$1739$rdmux[0][5][9]$b$5637
      New ports: A={ $memory$auto$proc_rom.cc:155:do_switch$1739$rdmux[0][6][19]$a$5762 [5] $memory$auto$proc_rom.cc:155:do_switch$1739$rdmux[0][6][19]$a$5762 [3] $memory$auto$proc_rom.cc:155:do_switch$1739$rdmux[0][6][19]$a$5762 [3] 3'101 }, B={ $memory$auto$proc_rom.cc:155:do_switch$1739$rdmux[0][6][19]$b$5763 [2] 2'10 $memory$auto$proc_rom.cc:155:do_switch$1739$rdmux[0][6][19]$b$5763 [2] 2'10 }, Y=$memory$auto$proc_rom.cc:155:do_switch$1739$rdmux[0][5][9]$b$5637 [5:0]
      New connections: $memory$auto$proc_rom.cc:155:do_switch$1739$rdmux[0][5][9]$b$5637 [7:6] = $memory$auto$proc_rom.cc:155:do_switch$1739$rdmux[0][5][9]$b$5637 [1:0]
    Consolidated identical input bits for $mux cell $memory$auto$proc_rom.cc:155:do_switch$1739$rdmux[0][6][18]$5758:
      Old ports: A=$memory$auto$proc_rom.cc:155:do_switch$1739$rdmux[0][6][18]$a$5759, B=$memory$auto$proc_rom.cc:155:do_switch$1739$rdmux[0][6][18]$b$5760, Y=$memory$auto$proc_rom.cc:155:do_switch$1739$rdmux[0][5][9]$a$5636
      New ports: A={ 1'1 $memory$auto$proc_rom.cc:155:do_switch$1739$rdmux[0][6][18]$a$5759 [4] $memory$auto$proc_rom.cc:155:do_switch$1739$rdmux[0][6][18]$a$5759 [5:4] 1'0 }, B={ $memory$auto$proc_rom.cc:155:do_switch$1739$rdmux[0][6][18]$b$5760 [7] 2'10 $memory$auto$proc_rom.cc:155:do_switch$1739$rdmux[0][6][18]$b$5760 [4] 1'1 }, Y=$memory$auto$proc_rom.cc:155:do_switch$1739$rdmux[0][5][9]$a$5636 [7:3]
      New connections: $memory$auto$proc_rom.cc:155:do_switch$1739$rdmux[0][5][9]$a$5636 [2:0] = 3'100
    Consolidated identical input bits for $mux cell $memory$auto$proc_rom.cc:155:do_switch$1739$rdmux[0][6][17]$5755:
      Old ports: A=$memory$auto$proc_rom.cc:155:do_switch$1739$rdmux[0][6][17]$a$5756, B=$memory$auto$proc_rom.cc:155:do_switch$1739$rdmux[0][6][17]$b$5757, Y=$memory$auto$proc_rom.cc:155:do_switch$1739$rdmux[0][5][8]$b$5634
      New ports: A={ $memory$auto$proc_rom.cc:155:do_switch$1739$rdmux[0][6][17]$a$5756 [1] $memory$auto$proc_rom.cc:155:do_switch$1739$rdmux[0][6][17]$a$5756 [3] 1'0 $memory$auto$proc_rom.cc:155:do_switch$1739$rdmux[0][6][17]$a$5756 [3] $memory$auto$proc_rom.cc:155:do_switch$1739$rdmux[0][6][17]$a$5756 [1] }, B={ $memory$auto$proc_rom.cc:155:do_switch$1739$rdmux[0][6][17]$b$5757 [3] 2'01 $memory$auto$proc_rom.cc:155:do_switch$1739$rdmux[0][6][17]$b$5757 [3] $memory$auto$proc_rom.cc:155:do_switch$1739$rdmux[0][6][17]$b$5757 [1] }, Y={ $memory$auto$proc_rom.cc:155:do_switch$1739$rdmux[0][5][8]$b$5634 [7] $memory$auto$proc_rom.cc:155:do_switch$1739$rdmux[0][5][8]$b$5634 [5:3] $memory$auto$proc_rom.cc:155:do_switch$1739$rdmux[0][5][8]$b$5634 [1] }
      New connections: { $memory$auto$proc_rom.cc:155:do_switch$1739$rdmux[0][5][8]$b$5634 [6] $memory$auto$proc_rom.cc:155:do_switch$1739$rdmux[0][5][8]$b$5634 [2] $memory$auto$proc_rom.cc:155:do_switch$1739$rdmux[0][5][8]$b$5634 [0] } = { $memory$auto$proc_rom.cc:155:do_switch$1739$rdmux[0][5][8]$b$5634 [5] $memory$auto$proc_rom.cc:155:do_switch$1739$rdmux[0][5][8]$b$5634 [1] 1'0 }
    Consolidated identical input bits for $mux cell $memory$auto$proc_rom.cc:155:do_switch$1739$rdmux[0][6][16]$5752:
      Old ports: A=$memory$auto$proc_rom.cc:155:do_switch$1739$rdmux[0][6][16]$a$5753, B=$memory$auto$proc_rom.cc:155:do_switch$1739$rdmux[0][6][16]$b$5754, Y=$memory$auto$proc_rom.cc:155:do_switch$1739$rdmux[0][5][8]$a$5633
      New ports: A={ $memory$auto$proc_rom.cc:155:do_switch$1739$rdmux[0][6][16]$a$5753 [3] 1'1 $memory$auto$proc_rom.cc:155:do_switch$1739$rdmux[0][6][16]$a$5753 [3] 1'0 $memory$auto$proc_rom.cc:155:do_switch$1739$rdmux[0][6][16]$a$5753 [1] }, B={ $memory$auto$proc_rom.cc:155:do_switch$1739$rdmux[0][6][16]$b$5754 [1] $memory$auto$proc_rom.cc:155:do_switch$1739$rdmux[0][6][16]$b$5754 [1] 2'01 $memory$auto$proc_rom.cc:155:do_switch$1739$rdmux[0][6][16]$b$5754 [1] }, Y={ $memory$auto$proc_rom.cc:155:do_switch$1739$rdmux[0][5][8]$a$5633 [7] $memory$auto$proc_rom.cc:155:do_switch$1739$rdmux[0][5][8]$a$5633 [4:1] }
      New connections: { $memory$auto$proc_rom.cc:155:do_switch$1739$rdmux[0][5][8]$a$5633 [6:5] $memory$auto$proc_rom.cc:155:do_switch$1739$rdmux[0][5][8]$a$5633 [0] } = 3'110
    Consolidated identical input bits for $mux cell $memory$auto$proc_rom.cc:155:do_switch$1739$rdmux[0][6][15]$5749:
      Old ports: A=$memory$auto$proc_rom.cc:155:do_switch$1739$rdmux[0][6][15]$a$5750, B=$memory$auto$proc_rom.cc:155:do_switch$1739$rdmux[0][6][15]$b$5751, Y=$memory$auto$proc_rom.cc:155:do_switch$1739$rdmux[0][5][7]$b$5631
      New ports: A={ $memory$auto$proc_rom.cc:155:do_switch$1739$rdmux[0][6][15]$a$5750 [1] $memory$auto$proc_rom.cc:155:do_switch$1739$rdmux[0][6][15]$a$5750 [2] 2'01 $memory$auto$proc_rom.cc:155:do_switch$1739$rdmux[0][6][15]$a$5750 [2:1] }, B={ $memory$auto$proc_rom.cc:155:do_switch$1739$rdmux[0][6][15]$b$5751 [4] $memory$auto$proc_rom.cc:155:do_switch$1739$rdmux[0][6][15]$b$5751 [4] $memory$auto$proc_rom.cc:155:do_switch$1739$rdmux[0][6][15]$b$5751 [4] 1'0 $memory$auto$proc_rom.cc:155:do_switch$1739$rdmux[0][6][15]$b$5751 [2] 1'0 }, Y={ $memory$auto$proc_rom.cc:155:do_switch$1739$rdmux[0][5][7]$b$5631 [7:6] $memory$auto$proc_rom.cc:155:do_switch$1739$rdmux[0][5][7]$b$5631 [4:1] }
      New connections: { $memory$auto$proc_rom.cc:155:do_switch$1739$rdmux[0][5][7]$b$5631 [5] $memory$auto$proc_rom.cc:155:do_switch$1739$rdmux[0][5][7]$b$5631 [0] } = { $memory$auto$proc_rom.cc:155:do_switch$1739$rdmux[0][5][7]$b$5631 [2] 1'1 }
    Consolidated identical input bits for $mux cell $memory$auto$proc_rom.cc:155:do_switch$1739$rdmux[0][6][14]$5746:
      Old ports: A=$memory$auto$proc_rom.cc:155:do_switch$1739$rdmux[0][6][14]$a$5747, B=$memory$auto$proc_rom.cc:155:do_switch$1739$rdmux[0][6][14]$b$5748, Y=$memory$auto$proc_rom.cc:155:do_switch$1739$rdmux[0][5][7]$a$5630
      New ports: A={ 2'01 $memory$auto$proc_rom.cc:155:do_switch$1739$rdmux[0][6][14]$a$5747 [2] 1'1 $memory$auto$proc_rom.cc:155:do_switch$1739$rdmux[0][6][14]$a$5747 [2] 1'1 $memory$auto$proc_rom.cc:155:do_switch$1739$rdmux[0][6][14]$a$5747 [0] }, B={ $memory$auto$proc_rom.cc:155:do_switch$1739$rdmux[0][6][14]$b$5748 [1:0] $memory$auto$proc_rom.cc:155:do_switch$1739$rdmux[0][6][14]$b$5748 [1] 2'00 $memory$auto$proc_rom.cc:155:do_switch$1739$rdmux[0][6][14]$b$5748 [1:0] }, Y={ $memory$auto$proc_rom.cc:155:do_switch$1739$rdmux[0][5][7]$a$5630 [7:4] $memory$auto$proc_rom.cc:155:do_switch$1739$rdmux[0][5][7]$a$5630 [2:0] }
      New connections: $memory$auto$proc_rom.cc:155:do_switch$1739$rdmux[0][5][7]$a$5630 [3] = $memory$auto$proc_rom.cc:155:do_switch$1739$rdmux[0][5][7]$a$5630 [0]
    Consolidated identical input bits for $mux cell $memory$auto$proc_rom.cc:155:do_switch$1739$rdmux[0][6][13]$5743:
      Old ports: A=$memory$auto$proc_rom.cc:155:do_switch$1739$rdmux[0][6][13]$a$5744, B=$memory$auto$proc_rom.cc:155:do_switch$1739$rdmux[0][6][13]$b$5745, Y=$memory$auto$proc_rom.cc:155:do_switch$1739$rdmux[0][5][6]$b$5628
      New ports: A={ $memory$auto$proc_rom.cc:155:do_switch$1739$rdmux[0][6][13]$a$5744 [5] $memory$auto$proc_rom.cc:155:do_switch$1739$rdmux[0][6][13]$a$5744 [0] 3'100 $memory$auto$proc_rom.cc:155:do_switch$1739$rdmux[0][6][13]$a$5744 [0] }, B={ 1'1 $memory$auto$proc_rom.cc:155:do_switch$1739$rdmux[0][6][13]$b$5745 [1] 1'0 $memory$auto$proc_rom.cc:155:do_switch$1739$rdmux[0][6][13]$b$5745 [2:1] 1'0 }, Y=$memory$auto$proc_rom.cc:155:do_switch$1739$rdmux[0][5][6]$b$5628 [5:0]
      New connections: $memory$auto$proc_rom.cc:155:do_switch$1739$rdmux[0][5][6]$b$5628 [7:6] = { $memory$auto$proc_rom.cc:155:do_switch$1739$rdmux[0][5][6]$b$5628 [4] $memory$auto$proc_rom.cc:155:do_switch$1739$rdmux[0][5][6]$b$5628 [0] }
    Consolidated identical input bits for $mux cell $memory$auto$proc_rom.cc:155:do_switch$1739$rdmux[0][6][12]$5740:
      Old ports: A=$memory$auto$proc_rom.cc:155:do_switch$1739$rdmux[0][6][12]$a$5741, B=$memory$auto$proc_rom.cc:155:do_switch$1739$rdmux[0][6][12]$b$5742, Y=$memory$auto$proc_rom.cc:155:do_switch$1739$rdmux[0][5][6]$a$5627
      New ports: A={ 1'0 $memory$auto$proc_rom.cc:155:do_switch$1739$rdmux[0][6][12]$a$5741 [1] 1'1 $memory$auto$proc_rom.cc:155:do_switch$1739$rdmux[0][6][12]$a$5741 [1] 1'0 }, B={ $memory$auto$proc_rom.cc:155:do_switch$1739$rdmux[0][6][12]$b$5742 [1] 2'10 $memory$auto$proc_rom.cc:155:do_switch$1739$rdmux[0][6][12]$b$5742 [1:0] }, Y={ $memory$auto$proc_rom.cc:155:do_switch$1739$rdmux[0][5][6]$a$5627 [6:5] $memory$auto$proc_rom.cc:155:do_switch$1739$rdmux[0][5][6]$a$5627 [3] $memory$auto$proc_rom.cc:155:do_switch$1739$rdmux[0][5][6]$a$5627 [1:0] }
      New connections: { $memory$auto$proc_rom.cc:155:do_switch$1739$rdmux[0][5][6]$a$5627 [7] $memory$auto$proc_rom.cc:155:do_switch$1739$rdmux[0][5][6]$a$5627 [4] $memory$auto$proc_rom.cc:155:do_switch$1739$rdmux[0][5][6]$a$5627 [2] } = { $memory$auto$proc_rom.cc:155:do_switch$1739$rdmux[0][5][6]$a$5627 [0] 1'0 $memory$auto$proc_rom.cc:155:do_switch$1739$rdmux[0][5][6]$a$5627 [1] }
    Consolidated identical input bits for $mux cell $memory$auto$proc_rom.cc:155:do_switch$1739$rdmux[0][6][11]$5737:
      Old ports: A=$memory$auto$proc_rom.cc:155:do_switch$1739$rdmux[0][6][11]$a$5738, B=$memory$auto$proc_rom.cc:155:do_switch$1739$rdmux[0][6][11]$b$5739, Y=$memory$auto$proc_rom.cc:155:do_switch$1739$rdmux[0][5][5]$b$5625
      New ports: A={ $memory$auto$proc_rom.cc:155:do_switch$1739$rdmux[0][6][11]$a$5738 [3] $memory$auto$proc_rom.cc:155:do_switch$1739$rdmux[0][6][11]$a$5738 [3] $memory$auto$proc_rom.cc:155:do_switch$1739$rdmux[0][6][11]$a$5738 [3] 2'00 }, B={ $memory$auto$proc_rom.cc:155:do_switch$1739$rdmux[0][6][11]$b$5739 [0] 1'0 $memory$auto$proc_rom.cc:155:do_switch$1739$rdmux[0][6][11]$b$5739 [2] $memory$auto$proc_rom.cc:155:do_switch$1739$rdmux[0][6][11]$b$5739 [2] $memory$auto$proc_rom.cc:155:do_switch$1739$rdmux[0][6][11]$b$5739 [0] }, Y={ $memory$auto$proc_rom.cc:155:do_switch$1739$rdmux[0][5][5]$b$5625 [7] $memory$auto$proc_rom.cc:155:do_switch$1739$rdmux[0][5][5]$b$5625 [4:2] $memory$auto$proc_rom.cc:155:do_switch$1739$rdmux[0][5][5]$b$5625 [0] }
      New connections: { $memory$auto$proc_rom.cc:155:do_switch$1739$rdmux[0][5][5]$b$5625 [6:5] $memory$auto$proc_rom.cc:155:do_switch$1739$rdmux[0][5][5]$b$5625 [1] } = { 1'1 $memory$auto$proc_rom.cc:155:do_switch$1739$rdmux[0][5][5]$b$5625 [4] 1'1 }
    Consolidated identical input bits for $mux cell $memory$auto$proc_rom.cc:155:do_switch$1739$rdmux[0][6][9]$5731:
      Old ports: A=$memory$auto$proc_rom.cc:155:do_switch$1739$rdmux[0][6][9]$a$5732, B=$memory$auto$proc_rom.cc:155:do_switch$1739$rdmux[0][6][9]$b$5733, Y=$memory$auto$proc_rom.cc:155:do_switch$1739$rdmux[0][5][4]$b$5622
      New ports: A={ 1'1 $memory$auto$proc_rom.cc:155:do_switch$1739$rdmux[0][6][9]$a$5732 [6] $memory$auto$proc_rom.cc:155:do_switch$1739$rdmux[0][6][9]$a$5732 [2] 1'0 $memory$auto$proc_rom.cc:155:do_switch$1739$rdmux[0][6][9]$a$5732 [2] 2'10 }, B={ 3'001 $memory$auto$proc_rom.cc:155:do_switch$1739$rdmux[0][6][9]$b$5733 [2] $memory$auto$proc_rom.cc:155:do_switch$1739$rdmux[0][6][9]$b$5733 [2:1] 1'1 }, Y={ $memory$auto$proc_rom.cc:155:do_switch$1739$rdmux[0][5][4]$b$5622 [7:5] $memory$auto$proc_rom.cc:155:do_switch$1739$rdmux[0][5][4]$b$5622 [3:0] }
      New connections: $memory$auto$proc_rom.cc:155:do_switch$1739$rdmux[0][5][4]$b$5622 [4] = $memory$auto$proc_rom.cc:155:do_switch$1739$rdmux[0][5][4]$b$5622 [3]
    Consolidated identical input bits for $mux cell $memory$auto$proc_rom.cc:155:do_switch$1739$rdmux[0][6][8]$5728:
      Old ports: A=$memory$auto$proc_rom.cc:155:do_switch$1739$rdmux[0][6][8]$a$5729, B=$memory$auto$proc_rom.cc:155:do_switch$1739$rdmux[0][6][8]$b$5730, Y=$memory$auto$proc_rom.cc:155:do_switch$1739$rdmux[0][5][4]$a$5621
      New ports: A={ 2'01 $memory$auto$proc_rom.cc:155:do_switch$1739$rdmux[0][6][8]$a$5729 [2] $memory$auto$proc_rom.cc:155:do_switch$1739$rdmux[0][6][8]$a$5729 [0] $memory$auto$proc_rom.cc:155:do_switch$1739$rdmux[0][6][8]$a$5729 [0] }, B={ $memory$auto$proc_rom.cc:155:do_switch$1739$rdmux[0][6][8]$b$5730 [2] 1'0 $memory$auto$proc_rom.cc:155:do_switch$1739$rdmux[0][6][8]$b$5730 [2:1] 1'0 }, Y={ $memory$auto$proc_rom.cc:155:do_switch$1739$rdmux[0][5][4]$a$5621 [7:6] $memory$auto$proc_rom.cc:155:do_switch$1739$rdmux[0][5][4]$a$5621 [2:0] }
      New connections: $memory$auto$proc_rom.cc:155:do_switch$1739$rdmux[0][5][4]$a$5621 [5:3] = { $memory$auto$proc_rom.cc:155:do_switch$1739$rdmux[0][5][4]$a$5621 [1] 1'1 $memory$auto$proc_rom.cc:155:do_switch$1739$rdmux[0][5][4]$a$5621 [0] }
    Consolidated identical input bits for $mux cell $memory$auto$proc_rom.cc:155:do_switch$1739$rdmux[0][6][7]$5725:
      Old ports: A=$memory$auto$proc_rom.cc:155:do_switch$1739$rdmux[0][6][7]$a$5726, B=$memory$auto$proc_rom.cc:155:do_switch$1739$rdmux[0][6][7]$b$5727, Y=$memory$auto$proc_rom.cc:155:do_switch$1739$rdmux[0][5][3]$b$5619
      New ports: A={ 1'0 $memory$auto$proc_rom.cc:155:do_switch$1739$rdmux[0][6][7]$a$5726 [1] $memory$auto$proc_rom.cc:155:do_switch$1739$rdmux[0][6][7]$a$5726 [1] 1'1 $memory$auto$proc_rom.cc:155:do_switch$1739$rdmux[0][6][7]$a$5726 [1] 1'0 }, B={ $memory$auto$proc_rom.cc:155:do_switch$1739$rdmux[0][6][7]$b$5727 [5] 3'010 $memory$auto$proc_rom.cc:155:do_switch$1739$rdmux[0][6][7]$b$5727 [1] 1'1 }, Y=$memory$auto$proc_rom.cc:155:do_switch$1739$rdmux[0][5][3]$b$5619 [5:0]
      New connections: $memory$auto$proc_rom.cc:155:do_switch$1739$rdmux[0][5][3]$b$5619 [7:6] = 2'11
    Consolidated identical input bits for $mux cell $memory$auto$proc_rom.cc:155:do_switch$1739$rdmux[0][6][6]$5722:
      Old ports: A=$memory$auto$proc_rom.cc:155:do_switch$1739$rdmux[0][6][6]$a$5723, B=$memory$auto$proc_rom.cc:155:do_switch$1739$rdmux[0][6][6]$b$5724, Y=$memory$auto$proc_rom.cc:155:do_switch$1739$rdmux[0][5][3]$a$5618
      New ports: A={ 1'0 $memory$auto$proc_rom.cc:155:do_switch$1739$rdmux[0][6][6]$a$5723 [4] $memory$auto$proc_rom.cc:155:do_switch$1739$rdmux[0][6][6]$a$5723 [1] 1'1 $memory$auto$proc_rom.cc:155:do_switch$1739$rdmux[0][6][6]$a$5723 [1] 1'0 }, B={ 3'100 $memory$auto$proc_rom.cc:155:do_switch$1739$rdmux[0][6][6]$b$5724 [2] $memory$auto$proc_rom.cc:155:do_switch$1739$rdmux[0][6][6]$b$5724 [0] $memory$auto$proc_rom.cc:155:do_switch$1739$rdmux[0][6][6]$b$5724 [0] }, Y={ $memory$auto$proc_rom.cc:155:do_switch$1739$rdmux[0][5][3]$a$5618 [6] $memory$auto$proc_rom.cc:155:do_switch$1739$rdmux[0][5][3]$a$5618 [4:0] }
      New connections: { $memory$auto$proc_rom.cc:155:do_switch$1739$rdmux[0][5][3]$a$5618 [7] $memory$auto$proc_rom.cc:155:do_switch$1739$rdmux[0][5][3]$a$5618 [5] } = { $memory$auto$proc_rom.cc:155:do_switch$1739$rdmux[0][5][3]$a$5618 [3] $memory$auto$proc_rom.cc:155:do_switch$1739$rdmux[0][5][3]$a$5618 [4] }
    Consolidated identical input bits for $mux cell $memory$auto$proc_rom.cc:155:do_switch$1739$rdmux[0][6][5]$5719:
      Old ports: A=$memory$auto$proc_rom.cc:155:do_switch$1739$rdmux[0][6][5]$a$5720, B=$memory$auto$proc_rom.cc:155:do_switch$1739$rdmux[0][6][5]$b$5721, Y=$memory$auto$proc_rom.cc:155:do_switch$1739$rdmux[0][5][2]$b$5616
      New ports: A={ $memory$auto$proc_rom.cc:155:do_switch$1739$rdmux[0][6][5]$a$5720 [4] 1'0 $memory$auto$proc_rom.cc:155:do_switch$1739$rdmux[0][6][5]$a$5720 [2] $memory$auto$proc_rom.cc:155:do_switch$1739$rdmux[0][6][5]$a$5720 [4] 1'1 $memory$auto$proc_rom.cc:155:do_switch$1739$rdmux[0][6][5]$a$5720 [2] }, B={ 1'1 $memory$auto$proc_rom.cc:155:do_switch$1739$rdmux[0][6][5]$b$5721 [3] $memory$auto$proc_rom.cc:155:do_switch$1739$rdmux[0][6][5]$b$5721 [3] $memory$auto$proc_rom.cc:155:do_switch$1739$rdmux[0][6][5]$b$5721 [3] $memory$auto$proc_rom.cc:155:do_switch$1739$rdmux[0][6][5]$b$5721 [3] 1'1 }, Y=$memory$auto$proc_rom.cc:155:do_switch$1739$rdmux[0][5][2]$b$5616 [7:2]
      New connections: $memory$auto$proc_rom.cc:155:do_switch$1739$rdmux[0][5][2]$b$5616 [1:0] = 2'11
    Consolidated identical input bits for $mux cell $memory$auto$proc_rom.cc:155:do_switch$1739$rdmux[0][6][4]$5716:
      Old ports: A=$memory$auto$proc_rom.cc:155:do_switch$1739$rdmux[0][6][4]$a$5717, B=$memory$auto$proc_rom.cc:155:do_switch$1739$rdmux[0][6][4]$b$5718, Y=$memory$auto$proc_rom.cc:155:do_switch$1739$rdmux[0][5][2]$a$5615
      New ports: A={ 2'11 $memory$auto$proc_rom.cc:155:do_switch$1739$rdmux[0][6][4]$a$5717 [2] $memory$auto$proc_rom.cc:155:do_switch$1739$rdmux[0][6][4]$a$5717 [2] $memory$auto$proc_rom.cc:155:do_switch$1739$rdmux[0][6][4]$a$5717 [0] $memory$auto$proc_rom.cc:155:do_switch$1739$rdmux[0][6][4]$a$5717 [0] }, B={ 1'0 $memory$auto$proc_rom.cc:155:do_switch$1739$rdmux[0][6][4]$b$5718 [0] $memory$auto$proc_rom.cc:155:do_switch$1739$rdmux[0][6][4]$b$5718 [0] 1'0 $memory$auto$proc_rom.cc:155:do_switch$1739$rdmux[0][6][4]$b$5718 [1:0] }, Y={ $memory$auto$proc_rom.cc:155:do_switch$1739$rdmux[0][5][2]$a$5615 [6:5] $memory$auto$proc_rom.cc:155:do_switch$1739$rdmux[0][5][2]$a$5615 [3:0] }
      New connections: { $memory$auto$proc_rom.cc:155:do_switch$1739$rdmux[0][5][2]$a$5615 [7] $memory$auto$proc_rom.cc:155:do_switch$1739$rdmux[0][5][2]$a$5615 [4] } = { $memory$auto$proc_rom.cc:155:do_switch$1739$rdmux[0][5][2]$a$5615 [1] $memory$auto$proc_rom.cc:155:do_switch$1739$rdmux[0][5][2]$a$5615 [3] }
    Consolidated identical input bits for $mux cell $memory$auto$proc_rom.cc:155:do_switch$1739$rdmux[0][6][3]$5713:
      Old ports: A=$memory$auto$proc_rom.cc:155:do_switch$1739$rdmux[0][6][3]$a$5714, B=$memory$auto$proc_rom.cc:155:do_switch$1739$rdmux[0][6][3]$b$5715, Y=$memory$auto$proc_rom.cc:155:do_switch$1739$rdmux[0][5][1]$b$5613
      New ports: A={ $memory$auto$proc_rom.cc:155:do_switch$1739$rdmux[0][6][3]$a$5714 [1] 2'00 $memory$auto$proc_rom.cc:155:do_switch$1739$rdmux[0][6][3]$a$5714 [1] }, B={ $memory$auto$proc_rom.cc:155:do_switch$1739$rdmux[0][6][3]$b$5715 [3] $memory$auto$proc_rom.cc:155:do_switch$1739$rdmux[0][6][3]$b$5715 [3:2] 1'1 }, Y={ $memory$auto$proc_rom.cc:155:do_switch$1739$rdmux[0][5][1]$b$5613 [5] $memory$auto$proc_rom.cc:155:do_switch$1739$rdmux[0][5][1]$b$5613 [3:1] }
      New connections: { $memory$auto$proc_rom.cc:155:do_switch$1739$rdmux[0][5][1]$b$5613 [7:6] $memory$auto$proc_rom.cc:155:do_switch$1739$rdmux[0][5][1]$b$5613 [4] $memory$auto$proc_rom.cc:155:do_switch$1739$rdmux[0][5][1]$b$5613 [0] } = { 1'1 $memory$auto$proc_rom.cc:155:do_switch$1739$rdmux[0][5][1]$b$5613 [1] $memory$auto$proc_rom.cc:155:do_switch$1739$rdmux[0][5][1]$b$5613 [1] 1'1 }
    Consolidated identical input bits for $mux cell $memory$auto$proc_rom.cc:155:do_switch$1739$rdmux[0][6][2]$5710:
      Old ports: A=$memory$auto$proc_rom.cc:155:do_switch$1739$rdmux[0][6][2]$a$5711, B=$memory$auto$proc_rom.cc:155:do_switch$1739$rdmux[0][6][2]$b$5712, Y=$memory$auto$proc_rom.cc:155:do_switch$1739$rdmux[0][5][1]$a$5612
      New ports: A={ $memory$auto$proc_rom.cc:155:do_switch$1739$rdmux[0][6][2]$a$5711 [6] $memory$auto$proc_rom.cc:155:do_switch$1739$rdmux[0][6][2]$a$5711 [0] $memory$auto$proc_rom.cc:155:do_switch$1739$rdmux[0][6][2]$a$5711 [0] $memory$auto$proc_rom.cc:155:do_switch$1739$rdmux[0][6][2]$a$5711 [0] }, B={ 1'0 $memory$auto$proc_rom.cc:155:do_switch$1739$rdmux[0][6][2]$b$5712 [2] 1'1 $memory$auto$proc_rom.cc:155:do_switch$1739$rdmux[0][6][2]$b$5712 [0] }, Y={ $memory$auto$proc_rom.cc:155:do_switch$1739$rdmux[0][5][1]$a$5612 [6] $memory$auto$proc_rom.cc:155:do_switch$1739$rdmux[0][5][1]$a$5612 [2:0] }
      New connections: { $memory$auto$proc_rom.cc:155:do_switch$1739$rdmux[0][5][1]$a$5612 [7] $memory$auto$proc_rom.cc:155:do_switch$1739$rdmux[0][5][1]$a$5612 [5:3] } = { $memory$auto$proc_rom.cc:155:do_switch$1739$rdmux[0][5][1]$a$5612 [1:0] $memory$auto$proc_rom.cc:155:do_switch$1739$rdmux[0][5][1]$a$5612 [2] $memory$auto$proc_rom.cc:155:do_switch$1739$rdmux[0][5][1]$a$5612 [2] }
    Consolidated identical input bits for $mux cell $memory$auto$proc_rom.cc:155:do_switch$1739$rdmux[0][6][1]$5707:
      Old ports: A=$memory$auto$proc_rom.cc:155:do_switch$1739$rdmux[0][6][1]$a$5708, B=$memory$auto$proc_rom.cc:155:do_switch$1739$rdmux[0][6][1]$b$5709, Y=$memory$auto$proc_rom.cc:155:do_switch$1739$rdmux[0][5][0]$b$5610
      New ports: A={ 2'10 $memory$auto$proc_rom.cc:155:do_switch$1739$rdmux[0][6][1]$a$5708 [1] $memory$auto$proc_rom.cc:155:do_switch$1739$rdmux[0][6][1]$a$5708 [1] 1'0 }, B={ $memory$auto$proc_rom.cc:155:do_switch$1739$rdmux[0][6][1]$b$5709 [3] $memory$auto$proc_rom.cc:155:do_switch$1739$rdmux[0][6][1]$b$5709 [3] $memory$auto$proc_rom.cc:155:do_switch$1739$rdmux[0][6][1]$b$5709 [0] 1'0 $memory$auto$proc_rom.cc:155:do_switch$1739$rdmux[0][6][1]$b$5709 [0] }, Y=$memory$auto$proc_rom.cc:155:do_switch$1739$rdmux[0][5][0]$b$5610 [4:0]
      New connections: $memory$auto$proc_rom.cc:155:do_switch$1739$rdmux[0][5][0]$b$5610 [7:5] = { $memory$auto$proc_rom.cc:155:do_switch$1739$rdmux[0][5][0]$b$5610 [0] 2'01 }
    Consolidated identical input bits for $mux cell $memory$auto$proc_rom.cc:155:do_switch$1739$rdmux[0][6][0]$5704:
      Old ports: A=$memory$auto$proc_rom.cc:155:do_switch$1739$rdmux[0][6][0]$a$5705, B=$memory$auto$proc_rom.cc:155:do_switch$1739$rdmux[0][6][0]$b$5706, Y=$memory$auto$proc_rom.cc:155:do_switch$1739$rdmux[0][5][0]$a$5609
      New ports: A={ $memory$auto$proc_rom.cc:155:do_switch$1739$rdmux[0][6][0]$a$5705 [1] 1'0 $memory$auto$proc_rom.cc:155:do_switch$1739$rdmux[0][6][0]$a$5705 [1:0] 1'0 $memory$auto$proc_rom.cc:155:do_switch$1739$rdmux[0][6][0]$a$5705 [1:0] }, B={ 1'1 $memory$auto$proc_rom.cc:155:do_switch$1739$rdmux[0][6][0]$b$5706 [1:0] $memory$auto$proc_rom.cc:155:do_switch$1739$rdmux[0][6][0]$b$5706 [1:0] $memory$auto$proc_rom.cc:155:do_switch$1739$rdmux[0][6][0]$b$5706 [1:0] }, Y=$memory$auto$proc_rom.cc:155:do_switch$1739$rdmux[0][5][0]$a$5609 [6:0]
      New connections: $memory$auto$proc_rom.cc:155:do_switch$1739$rdmux[0][5][0]$a$5609 [7] = $memory$auto$proc_rom.cc:155:do_switch$1739$rdmux[0][5][0]$a$5609 [2]
  Optimizing cells in module \aes_isa_ext.
    Consolidated identical input bits for $mux cell $memory$auto$proc_rom.cc:155:do_switch$1731$rdmux[0][5][25]$7258:
      Old ports: A=$memory$auto$proc_rom.cc:155:do_switch$1731$rdmux[0][5][25]$a$7259, B=$memory$auto$proc_rom.cc:155:do_switch$1731$rdmux[0][5][25]$b$7260, Y=$memory$auto$proc_rom.cc:155:do_switch$1731$rdmux[0][4][12]$b$7173
      New ports: A={ $memory$auto$proc_rom.cc:155:do_switch$1731$rdmux[0][5][25]$a$7259 [7:5] $memory$auto$proc_rom.cc:155:do_switch$1731$rdmux[0][5][25]$a$7259 [3:0] }, B={ $memory$auto$proc_rom.cc:155:do_switch$1731$rdmux[0][5][25]$b$7260 [7:6] $memory$auto$proc_rom.cc:155:do_switch$1731$rdmux[0][5][25]$b$7260 [2] 1'1 $memory$auto$proc_rom.cc:155:do_switch$1731$rdmux[0][5][25]$b$7260 [2:0] }, Y={ $memory$auto$proc_rom.cc:155:do_switch$1731$rdmux[0][4][12]$b$7173 [7:5] $memory$auto$proc_rom.cc:155:do_switch$1731$rdmux[0][4][12]$b$7173 [3:0] }
      New connections: $memory$auto$proc_rom.cc:155:do_switch$1731$rdmux[0][4][12]$b$7173 [4] = $memory$auto$proc_rom.cc:155:do_switch$1731$rdmux[0][4][12]$b$7173 [2]
    Consolidated identical input bits for $mux cell $memory$auto$proc_rom.cc:155:do_switch$1731$rdmux[0][5][21]$7246:
      Old ports: A=$memory$auto$proc_rom.cc:155:do_switch$1731$rdmux[0][5][21]$a$7247, B=$memory$auto$proc_rom.cc:155:do_switch$1731$rdmux[0][5][21]$b$7248, Y=$memory$auto$proc_rom.cc:155:do_switch$1731$rdmux[0][4][10]$b$7167
      New ports: A={ $memory$auto$proc_rom.cc:155:do_switch$1731$rdmux[0][5][21]$a$7247 [7] $memory$auto$proc_rom.cc:155:do_switch$1731$rdmux[0][5][21]$a$7247 [1] $memory$auto$proc_rom.cc:155:do_switch$1731$rdmux[0][5][21]$a$7247 [5] $memory$auto$proc_rom.cc:155:do_switch$1731$rdmux[0][5][21]$a$7247 [2] $memory$auto$proc_rom.cc:155:do_switch$1731$rdmux[0][5][21]$a$7247 [2:0] }, B={ $memory$auto$proc_rom.cc:155:do_switch$1731$rdmux[0][5][21]$b$7248 [7] $memory$auto$proc_rom.cc:155:do_switch$1731$rdmux[0][5][21]$b$7248 [5] $memory$auto$proc_rom.cc:155:do_switch$1731$rdmux[0][5][21]$b$7248 [5] $memory$auto$proc_rom.cc:155:do_switch$1731$rdmux[0][5][21]$b$7248 [3:2] 1'0 $memory$auto$proc_rom.cc:155:do_switch$1731$rdmux[0][5][21]$b$7248 [0] }, Y={ $memory$auto$proc_rom.cc:155:do_switch$1731$rdmux[0][4][10]$b$7167 [7:5] $memory$auto$proc_rom.cc:155:do_switch$1731$rdmux[0][4][10]$b$7167 [3:0] }
      New connections: $memory$auto$proc_rom.cc:155:do_switch$1731$rdmux[0][4][10]$b$7167 [4] = $memory$auto$proc_rom.cc:155:do_switch$1731$rdmux[0][4][10]$b$7167 [0]
    Consolidated identical input bits for $mux cell $memory$auto$proc_rom.cc:155:do_switch$1731$rdmux[0][5][16]$7231:
      Old ports: A=$memory$auto$proc_rom.cc:155:do_switch$1731$rdmux[0][5][16]$a$7232, B=$memory$auto$proc_rom.cc:155:do_switch$1731$rdmux[0][5][16]$b$7233, Y=$memory$auto$proc_rom.cc:155:do_switch$1731$rdmux[0][4][8]$a$7160
      New ports: A={ $memory$auto$proc_rom.cc:155:do_switch$1731$rdmux[0][5][16]$a$7232 [6] $memory$auto$proc_rom.cc:155:do_switch$1731$rdmux[0][5][16]$a$7232 [6:5] $memory$auto$proc_rom.cc:155:do_switch$1731$rdmux[0][5][16]$a$7232 [2] $memory$auto$proc_rom.cc:155:do_switch$1731$rdmux[0][5][16]$a$7232 [2:0] }, B={ $memory$auto$proc_rom.cc:155:do_switch$1731$rdmux[0][5][16]$b$7233 [7:6] 1'0 $memory$auto$proc_rom.cc:155:do_switch$1731$rdmux[0][5][16]$b$7233 [3] 1'1 $memory$auto$proc_rom.cc:155:do_switch$1731$rdmux[0][5][16]$b$7233 [0] $memory$auto$proc_rom.cc:155:do_switch$1731$rdmux[0][5][16]$b$7233 [0] }, Y={ $memory$auto$proc_rom.cc:155:do_switch$1731$rdmux[0][4][8]$a$7160 [7:5] $memory$auto$proc_rom.cc:155:do_switch$1731$rdmux[0][4][8]$a$7160 [3:0] }
      New connections: $memory$auto$proc_rom.cc:155:do_switch$1731$rdmux[0][4][8]$a$7160 [4] = $memory$auto$proc_rom.cc:155:do_switch$1731$rdmux[0][4][8]$a$7160 [1]
    Consolidated identical input bits for $mux cell $memory$auto$proc_rom.cc:155:do_switch$1731$rdmux[0][5][11]$7216:
      Old ports: A=$memory$auto$proc_rom.cc:155:do_switch$1731$rdmux[0][5][11]$a$7217, B=$memory$auto$proc_rom.cc:155:do_switch$1731$rdmux[0][5][11]$b$7218, Y=$memory$auto$proc_rom.cc:155:do_switch$1731$rdmux[0][4][5]$b$7152
      New ports: A={ $memory$auto$proc_rom.cc:155:do_switch$1731$rdmux[0][5][11]$a$7217 [7:4] $memory$auto$proc_rom.cc:155:do_switch$1731$rdmux[0][5][11]$a$7217 [2:0] }, B={ $memory$auto$proc_rom.cc:155:do_switch$1731$rdmux[0][5][11]$b$7218 [0] 2'10 $memory$auto$proc_rom.cc:155:do_switch$1731$rdmux[0][5][11]$b$7218 [4] $memory$auto$proc_rom.cc:155:do_switch$1731$rdmux[0][5][11]$b$7218 [2:0] }, Y={ $memory$auto$proc_rom.cc:155:do_switch$1731$rdmux[0][4][5]$b$7152 [7:4] $memory$auto$proc_rom.cc:155:do_switch$1731$rdmux[0][4][5]$b$7152 [2:0] }
      New connections: $memory$auto$proc_rom.cc:155:do_switch$1731$rdmux[0][4][5]$b$7152 [3] = 1'1
    Consolidated identical input bits for $mux cell $memory$auto$proc_rom.cc:155:do_switch$1731$rdmux[0][5][9]$7210:
      Old ports: A=$memory$auto$proc_rom.cc:155:do_switch$1731$rdmux[0][5][9]$a$7211, B=$memory$auto$proc_rom.cc:155:do_switch$1731$rdmux[0][5][9]$b$7212, Y=$memory$auto$proc_rom.cc:155:do_switch$1731$rdmux[0][4][4]$b$7149
      New ports: A={ $memory$auto$proc_rom.cc:155:do_switch$1731$rdmux[0][5][9]$a$7211 [7:6] 1'1 $memory$auto$proc_rom.cc:155:do_switch$1731$rdmux[0][5][9]$a$7211 [3:2] 1'1 $memory$auto$proc_rom.cc:155:do_switch$1731$rdmux[0][5][9]$a$7211 [0] }, B={ $memory$auto$proc_rom.cc:155:do_switch$1731$rdmux[0][5][9]$b$7212 [7:6] 1'0 $memory$auto$proc_rom.cc:155:do_switch$1731$rdmux[0][5][9]$b$7212 [3:0] }, Y={ $memory$auto$proc_rom.cc:155:do_switch$1731$rdmux[0][4][4]$b$7149 [7:6] $memory$auto$proc_rom.cc:155:do_switch$1731$rdmux[0][4][4]$b$7149 [4:0] }
      New connections: $memory$auto$proc_rom.cc:155:do_switch$1731$rdmux[0][4][4]$b$7149 [5] = $memory$auto$proc_rom.cc:155:do_switch$1731$rdmux[0][4][4]$b$7149 [0]
    Consolidated identical input bits for $mux cell $memory$auto$proc_rom.cc:155:do_switch$1731$rdmux[0][5][5]$7198:
      Old ports: A=$memory$auto$proc_rom.cc:155:do_switch$1731$rdmux[0][5][5]$a$7199, B=$memory$auto$proc_rom.cc:155:do_switch$1731$rdmux[0][5][5]$b$7200, Y=$memory$auto$proc_rom.cc:155:do_switch$1731$rdmux[0][4][2]$b$7143
      New ports: A={ $memory$auto$proc_rom.cc:155:do_switch$1731$rdmux[0][5][5]$a$7199 [0] $memory$auto$proc_rom.cc:155:do_switch$1731$rdmux[0][5][5]$a$7199 [6] 1'1 $memory$auto$proc_rom.cc:155:do_switch$1731$rdmux[0][5][5]$a$7199 [4] 1'0 $memory$auto$proc_rom.cc:155:do_switch$1731$rdmux[0][5][5]$a$7199 [2] $memory$auto$proc_rom.cc:155:do_switch$1731$rdmux[0][5][5]$a$7199 [0] }, B={ $memory$auto$proc_rom.cc:155:do_switch$1731$rdmux[0][5][5]$b$7200 [3] $memory$auto$proc_rom.cc:155:do_switch$1731$rdmux[0][5][5]$b$7200 [6:5] 1'1 $memory$auto$proc_rom.cc:155:do_switch$1731$rdmux[0][5][5]$b$7200 [3:2] $memory$auto$proc_rom.cc:155:do_switch$1731$rdmux[0][5][5]$b$7200 [0] }, Y={ $memory$auto$proc_rom.cc:155:do_switch$1731$rdmux[0][4][2]$b$7143 [7:2] $memory$auto$proc_rom.cc:155:do_switch$1731$rdmux[0][4][2]$b$7143 [0] }
      New connections: $memory$auto$proc_rom.cc:155:do_switch$1731$rdmux[0][4][2]$b$7143 [1] = 1'0
    Consolidated identical input bits for $mux cell $memory$auto$proc_rom.cc:155:do_switch$1731$rdmux[0][5][1]$7186:
      Old ports: A=$memory$auto$proc_rom.cc:155:do_switch$1731$rdmux[0][5][1]$a$7187, B=$memory$auto$proc_rom.cc:155:do_switch$1731$rdmux[0][5][1]$b$7188, Y=$memory$auto$proc_rom.cc:155:do_switch$1731$rdmux[0][4][0]$b$7137
      New ports: A={ 1'0 $memory$auto$proc_rom.cc:155:do_switch$1731$rdmux[0][5][1]$a$7187 [5:0] }, B={ $memory$auto$proc_rom.cc:155:do_switch$1731$rdmux[0][5][1]$b$7188 [7] $memory$auto$proc_rom.cc:155:do_switch$1731$rdmux[0][5][1]$b$7188 [5] $memory$auto$proc_rom.cc:155:do_switch$1731$rdmux[0][5][1]$b$7188 [2] $memory$auto$proc_rom.cc:155:do_switch$1731$rdmux[0][5][1]$b$7188 [3:2] 1'1 $memory$auto$proc_rom.cc:155:do_switch$1731$rdmux[0][5][1]$b$7188 [0] }, Y={ $memory$auto$proc_rom.cc:155:do_switch$1731$rdmux[0][4][0]$b$7137 [7] $memory$auto$proc_rom.cc:155:do_switch$1731$rdmux[0][4][0]$b$7137 [5:0] }
      New connections: $memory$auto$proc_rom.cc:155:do_switch$1731$rdmux[0][4][0]$b$7137 [6] = $memory$auto$proc_rom.cc:155:do_switch$1731$rdmux[0][4][0]$b$7137 [2]
    Consolidated identical input bits for $mux cell $memory$auto$proc_rom.cc:155:do_switch$1731$rdmux[0][5][0]$7183:
      Old ports: A=$memory$auto$proc_rom.cc:155:do_switch$1731$rdmux[0][5][0]$a$7184, B=$memory$auto$proc_rom.cc:155:do_switch$1731$rdmux[0][5][0]$b$7185, Y=$memory$auto$proc_rom.cc:155:do_switch$1731$rdmux[0][4][0]$a$7136
      New ports: A={ 2'01 $memory$auto$proc_rom.cc:155:do_switch$1731$rdmux[0][5][0]$a$7184 [4:2] $memory$auto$proc_rom.cc:155:do_switch$1731$rdmux[0][5][0]$a$7184 [0] $memory$auto$proc_rom.cc:155:do_switch$1731$rdmux[0][5][0]$a$7184 [0] }, B={ $memory$auto$proc_rom.cc:155:do_switch$1731$rdmux[0][5][0]$b$7185 [7] $memory$auto$proc_rom.cc:155:do_switch$1731$rdmux[0][5][0]$b$7185 [1] $memory$auto$proc_rom.cc:155:do_switch$1731$rdmux[0][5][0]$b$7185 [4:0] }, Y={ $memory$auto$proc_rom.cc:155:do_switch$1731$rdmux[0][4][0]$a$7136 [7] $memory$auto$proc_rom.cc:155:do_switch$1731$rdmux[0][4][0]$a$7136 [5:0] }
      New connections: $memory$auto$proc_rom.cc:155:do_switch$1731$rdmux[0][4][0]$a$7136 [6] = 1'1
    Consolidated identical input bits for $mux cell $memory$auto$proc_rom.cc:155:do_switch$1735$rdmux[0][5][25]$6448:
      Old ports: A=$memory$auto$proc_rom.cc:155:do_switch$1735$rdmux[0][5][25]$a$6449, B=$memory$auto$proc_rom.cc:155:do_switch$1735$rdmux[0][5][25]$b$6450, Y=$memory$auto$proc_rom.cc:155:do_switch$1735$rdmux[0][4][12]$b$6363
      New ports: A={ $memory$auto$proc_rom.cc:155:do_switch$1735$rdmux[0][5][25]$a$6449 [7:5] $memory$auto$proc_rom.cc:155:do_switch$1735$rdmux[0][5][25]$a$6449 [3:0] }, B={ $memory$auto$proc_rom.cc:155:do_switch$1735$rdmux[0][5][25]$b$6450 [7:6] $memory$auto$proc_rom.cc:155:do_switch$1735$rdmux[0][5][25]$b$6450 [2] 1'1 $memory$auto$proc_rom.cc:155:do_switch$1735$rdmux[0][5][25]$b$6450 [2:0] }, Y={ $memory$auto$proc_rom.cc:155:do_switch$1735$rdmux[0][4][12]$b$6363 [7:5] $memory$auto$proc_rom.cc:155:do_switch$1735$rdmux[0][4][12]$b$6363 [3:0] }
      New connections: $memory$auto$proc_rom.cc:155:do_switch$1735$rdmux[0][4][12]$b$6363 [4] = $memory$auto$proc_rom.cc:155:do_switch$1735$rdmux[0][4][12]$b$6363 [2]
    Consolidated identical input bits for $mux cell $memory$auto$proc_rom.cc:155:do_switch$1735$rdmux[0][5][21]$6436:
      Old ports: A=$memory$auto$proc_rom.cc:155:do_switch$1735$rdmux[0][5][21]$a$6437, B=$memory$auto$proc_rom.cc:155:do_switch$1735$rdmux[0][5][21]$b$6438, Y=$memory$auto$proc_rom.cc:155:do_switch$1735$rdmux[0][4][10]$b$6357
      New ports: A={ $memory$auto$proc_rom.cc:155:do_switch$1735$rdmux[0][5][21]$a$6437 [7] $memory$auto$proc_rom.cc:155:do_switch$1735$rdmux[0][5][21]$a$6437 [1] $memory$auto$proc_rom.cc:155:do_switch$1735$rdmux[0][5][21]$a$6437 [5] $memory$auto$proc_rom.cc:155:do_switch$1735$rdmux[0][5][21]$a$6437 [2] $memory$auto$proc_rom.cc:155:do_switch$1735$rdmux[0][5][21]$a$6437 [2:0] }, B={ $memory$auto$proc_rom.cc:155:do_switch$1735$rdmux[0][5][21]$b$6438 [7] $memory$auto$proc_rom.cc:155:do_switch$1735$rdmux[0][5][21]$b$6438 [5] $memory$auto$proc_rom.cc:155:do_switch$1735$rdmux[0][5][21]$b$6438 [5] $memory$auto$proc_rom.cc:155:do_switch$1735$rdmux[0][5][21]$b$6438 [3:2] 1'0 $memory$auto$proc_rom.cc:155:do_switch$1735$rdmux[0][5][21]$b$6438 [0] }, Y={ $memory$auto$proc_rom.cc:155:do_switch$1735$rdmux[0][4][10]$b$6357 [7:5] $memory$auto$proc_rom.cc:155:do_switch$1735$rdmux[0][4][10]$b$6357 [3:0] }
      New connections: $memory$auto$proc_rom.cc:155:do_switch$1735$rdmux[0][4][10]$b$6357 [4] = $memory$auto$proc_rom.cc:155:do_switch$1735$rdmux[0][4][10]$b$6357 [0]
    Consolidated identical input bits for $mux cell $memory$auto$proc_rom.cc:155:do_switch$1735$rdmux[0][5][16]$6421:
      Old ports: A=$memory$auto$proc_rom.cc:155:do_switch$1735$rdmux[0][5][16]$a$6422, B=$memory$auto$proc_rom.cc:155:do_switch$1735$rdmux[0][5][16]$b$6423, Y=$memory$auto$proc_rom.cc:155:do_switch$1735$rdmux[0][4][8]$a$6350
      New ports: A={ $memory$auto$proc_rom.cc:155:do_switch$1735$rdmux[0][5][16]$a$6422 [6] $memory$auto$proc_rom.cc:155:do_switch$1735$rdmux[0][5][16]$a$6422 [6:5] $memory$auto$proc_rom.cc:155:do_switch$1735$rdmux[0][5][16]$a$6422 [2] $memory$auto$proc_rom.cc:155:do_switch$1735$rdmux[0][5][16]$a$6422 [2:0] }, B={ $memory$auto$proc_rom.cc:155:do_switch$1735$rdmux[0][5][16]$b$6423 [7:6] 1'0 $memory$auto$proc_rom.cc:155:do_switch$1735$rdmux[0][5][16]$b$6423 [3] 1'1 $memory$auto$proc_rom.cc:155:do_switch$1735$rdmux[0][5][16]$b$6423 [0] $memory$auto$proc_rom.cc:155:do_switch$1735$rdmux[0][5][16]$b$6423 [0] }, Y={ $memory$auto$proc_rom.cc:155:do_switch$1735$rdmux[0][4][8]$a$6350 [7:5] $memory$auto$proc_rom.cc:155:do_switch$1735$rdmux[0][4][8]$a$6350 [3:0] }
      New connections: $memory$auto$proc_rom.cc:155:do_switch$1735$rdmux[0][4][8]$a$6350 [4] = $memory$auto$proc_rom.cc:155:do_switch$1735$rdmux[0][4][8]$a$6350 [1]
    Consolidated identical input bits for $mux cell $memory$auto$proc_rom.cc:155:do_switch$1735$rdmux[0][5][11]$6406:
      Old ports: A=$memory$auto$proc_rom.cc:155:do_switch$1735$rdmux[0][5][11]$a$6407, B=$memory$auto$proc_rom.cc:155:do_switch$1735$rdmux[0][5][11]$b$6408, Y=$memory$auto$proc_rom.cc:155:do_switch$1735$rdmux[0][4][5]$b$6342
      New ports: A={ $memory$auto$proc_rom.cc:155:do_switch$1735$rdmux[0][5][11]$a$6407 [7:4] $memory$auto$proc_rom.cc:155:do_switch$1735$rdmux[0][5][11]$a$6407 [2:0] }, B={ $memory$auto$proc_rom.cc:155:do_switch$1735$rdmux[0][5][11]$b$6408 [0] 2'10 $memory$auto$proc_rom.cc:155:do_switch$1735$rdmux[0][5][11]$b$6408 [4] $memory$auto$proc_rom.cc:155:do_switch$1735$rdmux[0][5][11]$b$6408 [2:0] }, Y={ $memory$auto$proc_rom.cc:155:do_switch$1735$rdmux[0][4][5]$b$6342 [7:4] $memory$auto$proc_rom.cc:155:do_switch$1735$rdmux[0][4][5]$b$6342 [2:0] }
      New connections: $memory$auto$proc_rom.cc:155:do_switch$1735$rdmux[0][4][5]$b$6342 [3] = 1'1
    Consolidated identical input bits for $mux cell $memory$auto$proc_rom.cc:155:do_switch$1735$rdmux[0][5][9]$6400:
      Old ports: A=$memory$auto$proc_rom.cc:155:do_switch$1735$rdmux[0][5][9]$a$6401, B=$memory$auto$proc_rom.cc:155:do_switch$1735$rdmux[0][5][9]$b$6402, Y=$memory$auto$proc_rom.cc:155:do_switch$1735$rdmux[0][4][4]$b$6339
      New ports: A={ $memory$auto$proc_rom.cc:155:do_switch$1735$rdmux[0][5][9]$a$6401 [7:6] 1'1 $memory$auto$proc_rom.cc:155:do_switch$1735$rdmux[0][5][9]$a$6401 [3:2] 1'1 $memory$auto$proc_rom.cc:155:do_switch$1735$rdmux[0][5][9]$a$6401 [0] }, B={ $memory$auto$proc_rom.cc:155:do_switch$1735$rdmux[0][5][9]$b$6402 [7:6] 1'0 $memory$auto$proc_rom.cc:155:do_switch$1735$rdmux[0][5][9]$b$6402 [3:0] }, Y={ $memory$auto$proc_rom.cc:155:do_switch$1735$rdmux[0][4][4]$b$6339 [7:6] $memory$auto$proc_rom.cc:155:do_switch$1735$rdmux[0][4][4]$b$6339 [4:0] }
      New connections: $memory$auto$proc_rom.cc:155:do_switch$1735$rdmux[0][4][4]$b$6339 [5] = $memory$auto$proc_rom.cc:155:do_switch$1735$rdmux[0][4][4]$b$6339 [0]
    Consolidated identical input bits for $mux cell $memory$auto$proc_rom.cc:155:do_switch$1735$rdmux[0][5][5]$6388:
      Old ports: A=$memory$auto$proc_rom.cc:155:do_switch$1735$rdmux[0][5][5]$a$6389, B=$memory$auto$proc_rom.cc:155:do_switch$1735$rdmux[0][5][5]$b$6390, Y=$memory$auto$proc_rom.cc:155:do_switch$1735$rdmux[0][4][2]$b$6333
      New ports: A={ $memory$auto$proc_rom.cc:155:do_switch$1735$rdmux[0][5][5]$a$6389 [0] $memory$auto$proc_rom.cc:155:do_switch$1735$rdmux[0][5][5]$a$6389 [6] 1'1 $memory$auto$proc_rom.cc:155:do_switch$1735$rdmux[0][5][5]$a$6389 [4] 1'0 $memory$auto$proc_rom.cc:155:do_switch$1735$rdmux[0][5][5]$a$6389 [2] $memory$auto$proc_rom.cc:155:do_switch$1735$rdmux[0][5][5]$a$6389 [0] }, B={ $memory$auto$proc_rom.cc:155:do_switch$1735$rdmux[0][5][5]$b$6390 [3] $memory$auto$proc_rom.cc:155:do_switch$1735$rdmux[0][5][5]$b$6390 [6:5] 1'1 $memory$auto$proc_rom.cc:155:do_switch$1735$rdmux[0][5][5]$b$6390 [3:2] $memory$auto$proc_rom.cc:155:do_switch$1735$rdmux[0][5][5]$b$6390 [0] }, Y={ $memory$auto$proc_rom.cc:155:do_switch$1735$rdmux[0][4][2]$b$6333 [7:2] $memory$auto$proc_rom.cc:155:do_switch$1735$rdmux[0][4][2]$b$6333 [0] }
      New connections: $memory$auto$proc_rom.cc:155:do_switch$1735$rdmux[0][4][2]$b$6333 [1] = 1'0
    Consolidated identical input bits for $mux cell $memory$auto$proc_rom.cc:155:do_switch$1735$rdmux[0][5][1]$6376:
      Old ports: A=$memory$auto$proc_rom.cc:155:do_switch$1735$rdmux[0][5][1]$a$6377, B=$memory$auto$proc_rom.cc:155:do_switch$1735$rdmux[0][5][1]$b$6378, Y=$memory$auto$proc_rom.cc:155:do_switch$1735$rdmux[0][4][0]$b$6327
      New ports: A={ 1'0 $memory$auto$proc_rom.cc:155:do_switch$1735$rdmux[0][5][1]$a$6377 [5:0] }, B={ $memory$auto$proc_rom.cc:155:do_switch$1735$rdmux[0][5][1]$b$6378 [7] $memory$auto$proc_rom.cc:155:do_switch$1735$rdmux[0][5][1]$b$6378 [5] $memory$auto$proc_rom.cc:155:do_switch$1735$rdmux[0][5][1]$b$6378 [2] $memory$auto$proc_rom.cc:155:do_switch$1735$rdmux[0][5][1]$b$6378 [3:2] 1'1 $memory$auto$proc_rom.cc:155:do_switch$1735$rdmux[0][5][1]$b$6378 [0] }, Y={ $memory$auto$proc_rom.cc:155:do_switch$1735$rdmux[0][4][0]$b$6327 [7] $memory$auto$proc_rom.cc:155:do_switch$1735$rdmux[0][4][0]$b$6327 [5:0] }
      New connections: $memory$auto$proc_rom.cc:155:do_switch$1735$rdmux[0][4][0]$b$6327 [6] = $memory$auto$proc_rom.cc:155:do_switch$1735$rdmux[0][4][0]$b$6327 [2]
    Consolidated identical input bits for $mux cell $memory$auto$proc_rom.cc:155:do_switch$1735$rdmux[0][5][0]$6373:
      Old ports: A=$memory$auto$proc_rom.cc:155:do_switch$1735$rdmux[0][5][0]$a$6374, B=$memory$auto$proc_rom.cc:155:do_switch$1735$rdmux[0][5][0]$b$6375, Y=$memory$auto$proc_rom.cc:155:do_switch$1735$rdmux[0][4][0]$a$6326
      New ports: A={ 2'01 $memory$auto$proc_rom.cc:155:do_switch$1735$rdmux[0][5][0]$a$6374 [4:2] $memory$auto$proc_rom.cc:155:do_switch$1735$rdmux[0][5][0]$a$6374 [0] $memory$auto$proc_rom.cc:155:do_switch$1735$rdmux[0][5][0]$a$6374 [0] }, B={ $memory$auto$proc_rom.cc:155:do_switch$1735$rdmux[0][5][0]$b$6375 [7] $memory$auto$proc_rom.cc:155:do_switch$1735$rdmux[0][5][0]$b$6375 [1] $memory$auto$proc_rom.cc:155:do_switch$1735$rdmux[0][5][0]$b$6375 [4:0] }, Y={ $memory$auto$proc_rom.cc:155:do_switch$1735$rdmux[0][4][0]$a$6326 [7] $memory$auto$proc_rom.cc:155:do_switch$1735$rdmux[0][4][0]$a$6326 [5:0] }
      New connections: $memory$auto$proc_rom.cc:155:do_switch$1735$rdmux[0][4][0]$a$6326 [6] = 1'1
    Consolidated identical input bits for $mux cell $memory$auto$proc_rom.cc:155:do_switch$1739$rdmux[0][5][25]$5683:
      Old ports: A=$memory$auto$proc_rom.cc:155:do_switch$1739$rdmux[0][5][25]$a$5684, B=$memory$auto$proc_rom.cc:155:do_switch$1739$rdmux[0][5][25]$b$5685, Y=$memory$auto$proc_rom.cc:155:do_switch$1739$rdmux[0][4][12]$b$5598
      New ports: A={ $memory$auto$proc_rom.cc:155:do_switch$1739$rdmux[0][5][25]$a$5684 [5] $memory$auto$proc_rom.cc:155:do_switch$1739$rdmux[0][5][25]$a$5684 [5] 1'1 $memory$auto$proc_rom.cc:155:do_switch$1739$rdmux[0][5][25]$a$5684 [3] 1'0 $memory$auto$proc_rom.cc:155:do_switch$1739$rdmux[0][5][25]$a$5684 [1:0] }, B={ $memory$auto$proc_rom.cc:155:do_switch$1739$rdmux[0][5][25]$b$5685 [7] $memory$auto$proc_rom.cc:155:do_switch$1739$rdmux[0][5][25]$b$5685 [5:2] $memory$auto$proc_rom.cc:155:do_switch$1739$rdmux[0][5][25]$b$5685 [0] $memory$auto$proc_rom.cc:155:do_switch$1739$rdmux[0][5][25]$b$5685 [0] }, Y={ $memory$auto$proc_rom.cc:155:do_switch$1739$rdmux[0][4][12]$b$5598 [7] $memory$auto$proc_rom.cc:155:do_switch$1739$rdmux[0][4][12]$b$5598 [5:0] }
      New connections: $memory$auto$proc_rom.cc:155:do_switch$1739$rdmux[0][4][12]$b$5598 [6] = $memory$auto$proc_rom.cc:155:do_switch$1739$rdmux[0][4][12]$b$5598 [3]
    Consolidated identical input bits for $mux cell $memory$auto$proc_rom.cc:155:do_switch$1739$rdmux[0][5][13]$5647:
      Old ports: A=$memory$auto$proc_rom.cc:155:do_switch$1739$rdmux[0][5][13]$a$5648, B=$memory$auto$proc_rom.cc:155:do_switch$1739$rdmux[0][5][13]$b$5649, Y=$memory$auto$proc_rom.cc:155:do_switch$1739$rdmux[0][4][6]$b$5580
      New ports: A=$memory$auto$proc_rom.cc:155:do_switch$1739$rdmux[0][5][13]$a$5648 [6:0], B={ $memory$auto$proc_rom.cc:155:do_switch$1739$rdmux[0][5][13]$b$5649 [6] $memory$auto$proc_rom.cc:155:do_switch$1739$rdmux[0][5][13]$b$5649 [4] $memory$auto$proc_rom.cc:155:do_switch$1739$rdmux[0][5][13]$b$5649 [4:0] }, Y=$memory$auto$proc_rom.cc:155:do_switch$1739$rdmux[0][4][6]$b$5580 [6:0]
      New connections: $memory$auto$proc_rom.cc:155:do_switch$1739$rdmux[0][4][6]$b$5580 [7] = $memory$auto$proc_rom.cc:155:do_switch$1739$rdmux[0][4][6]$b$5580 [5]
    Consolidated identical input bits for $mux cell $memory$auto$proc_rom.cc:155:do_switch$1739$rdmux[0][5][11]$5641:
      Old ports: A=$memory$auto$proc_rom.cc:155:do_switch$1739$rdmux[0][5][11]$a$5642, B=$memory$auto$proc_rom.cc:155:do_switch$1739$rdmux[0][5][11]$b$5643, Y=$memory$auto$proc_rom.cc:155:do_switch$1739$rdmux[0][4][5]$b$5577
      New ports: A={ 1'0 $memory$auto$proc_rom.cc:155:do_switch$1739$rdmux[0][5][11]$a$5642 [1] 1'0 $memory$auto$proc_rom.cc:155:do_switch$1739$rdmux[0][5][11]$a$5642 [4:3] $memory$auto$proc_rom.cc:155:do_switch$1739$rdmux[0][5][11]$a$5642 [1:0] }, B={ 2'10 $memory$auto$proc_rom.cc:155:do_switch$1739$rdmux[0][5][11]$b$5643 [1] $memory$auto$proc_rom.cc:155:do_switch$1739$rdmux[0][5][11]$b$5643 [4:3] $memory$auto$proc_rom.cc:155:do_switch$1739$rdmux[0][5][11]$b$5643 [1:0] }, Y={ $memory$auto$proc_rom.cc:155:do_switch$1739$rdmux[0][4][5]$b$5577 [7:3] $memory$auto$proc_rom.cc:155:do_switch$1739$rdmux[0][4][5]$b$5577 [1:0] }
      New connections: $memory$auto$proc_rom.cc:155:do_switch$1739$rdmux[0][4][5]$b$5577 [2] = 1'1
    Consolidated identical input bits for $mux cell $memory$auto$proc_rom.cc:155:do_switch$1739$rdmux[0][5][8]$5632:
      Old ports: A=$memory$auto$proc_rom.cc:155:do_switch$1739$rdmux[0][5][8]$a$5633, B=$memory$auto$proc_rom.cc:155:do_switch$1739$rdmux[0][5][8]$b$5634, Y=$memory$auto$proc_rom.cc:155:do_switch$1739$rdmux[0][4][4]$a$5573
      New ports: A={ $memory$auto$proc_rom.cc:155:do_switch$1739$rdmux[0][5][8]$a$5633 [7] 1'1 $memory$auto$proc_rom.cc:155:do_switch$1739$rdmux[0][5][8]$a$5633 [4:1] }, B={ $memory$auto$proc_rom.cc:155:do_switch$1739$rdmux[0][5][8]$b$5634 [7] $memory$auto$proc_rom.cc:155:do_switch$1739$rdmux[0][5][8]$b$5634 [5:3] $memory$auto$proc_rom.cc:155:do_switch$1739$rdmux[0][5][8]$b$5634 [1] $memory$auto$proc_rom.cc:155:do_switch$1739$rdmux[0][5][8]$b$5634 [1] }, Y={ $memory$auto$proc_rom.cc:155:do_switch$1739$rdmux[0][4][4]$a$5573 [7] $memory$auto$proc_rom.cc:155:do_switch$1739$rdmux[0][4][4]$a$5573 [5:1] }
      New connections: { $memory$auto$proc_rom.cc:155:do_switch$1739$rdmux[0][4][4]$a$5573 [6] $memory$auto$proc_rom.cc:155:do_switch$1739$rdmux[0][4][4]$a$5573 [0] } = { $memory$auto$proc_rom.cc:155:do_switch$1739$rdmux[0][4][4]$a$5573 [5] 1'0 }
  Optimizing cells in module \aes_isa_ext.
Performed a total of 621 changes.

3.19.5. Executing OPT_MERGE pass (detect identical cells).
Finding identical cells in module `\aes_isa_ext'.
Computing hashes of 895 cells of `\aes_isa_ext'.
Finding duplicate cells in `\aes_isa_ext'.
Computing hashes of 510 cells of `\aes_isa_ext'.
Finding duplicate cells in `\aes_isa_ext'.
Computing hashes of 446 cells of `\aes_isa_ext'.
Finding duplicate cells in `\aes_isa_ext'.
Computing hashes of 414 cells of `\aes_isa_ext'.
Finding duplicate cells in `\aes_isa_ext'.
Computing hashes of 398 cells of `\aes_isa_ext'.
Finding duplicate cells in `\aes_isa_ext'.
Computing hashes of 390 cells of `\aes_isa_ext'.
Finding duplicate cells in `\aes_isa_ext'.
Computing hashes of 386 cells of `\aes_isa_ext'.
Finding duplicate cells in `\aes_isa_ext'.
Computing hashes of 384 cells of `\aes_isa_ext'.
Finding duplicate cells in `\aes_isa_ext'.
Computing hashes of 383 cells of `\aes_isa_ext'.
Finding duplicate cells in `\aes_isa_ext'.
Computing hashes of 381 cells of `\aes_isa_ext'.
Finding duplicate cells in `\aes_isa_ext'.
<suppressed ~1542 debug messages>
Removed a total of 514 cells.

3.19.6. Executing OPT_SHARE pass.

3.19.7. Executing OPT_DFF pass (perform DFF optimizations).

3.19.8. Executing OPT_CLEAN pass (remove unused cells and wires).
Finding unused cells or wires in module \aes_isa_ext..
Removed 0 unused cells and 1296 unused wires.
<suppressed ~1 debug messages>

3.19.9. Executing OPT_EXPR pass (perform const folding).
Optimizing module aes_isa_ext.
<suppressed ~3 debug messages>

3.19.10. Rerunning OPT passes. (Maybe there is more to do..)

3.19.11. Executing OPT_MUXTREE pass (detect dead branches in mux trees).
Running muxtree optimizer on module \aes_isa_ext..
  Creating internal representation of mux trees.
  Evaluating internal representation of mux trees.
  Analyzing evaluation results.
Removed 0 multiplexer ports.
<suppressed ~2843 debug messages>

3.19.12. Executing OPT_REDUCE pass (consolidate $*mux and $reduce_* inputs).
  Optimizing cells in module \aes_isa_ext.
    Consolidated identical input bits for $mux cell $memory$auto$proc_rom.cc:155:do_switch$1735$rdmux[0][6][59]$6646:
      Old ports: A={ 1'0 $memory$auto$proc_rom.cc:155:do_switch$1731$rdmux[0][6][10]$a$7310 [4] 1'1 $memory$auto$proc_rom.cc:155:do_switch$1731$rdmux[0][6][10]$a$7310 [4] $memory$auto$proc_rom.cc:155:do_switch$1731$rdmux[0][6][10]$a$7310 [0] }, B={ $memory$auto$proc_rom.cc:155:do_switch$1731$rdmux[0][6][10]$a$7310 [4] 1'1 $memory$auto$proc_rom.cc:155:do_switch$1731$rdmux[0][6][10]$a$7310 [0] $memory$auto$proc_rom.cc:155:do_switch$1731$rdmux[0][6][10]$a$7310 [0] $memory$auto$proc_rom.cc:155:do_switch$1731$rdmux[0][6][10]$a$7310 [0] }, Y={ $memory$auto$proc_rom.cc:155:do_switch$1731$rdmux[0][5][29]$b$7272 [5] $memory$auto$proc_rom.cc:155:do_switch$1731$rdmux[0][5][29]$b$7272 [3:0] }
      New ports: A={ 1'0 $memory$auto$proc_rom.cc:155:do_switch$1731$rdmux[0][6][10]$a$7310 [4] 1'1 $memory$auto$proc_rom.cc:155:do_switch$1731$rdmux[0][6][10]$a$7310 [4] }, B={ $memory$auto$proc_rom.cc:155:do_switch$1731$rdmux[0][6][10]$a$7310 [4] 1'1 $memory$auto$proc_rom.cc:155:do_switch$1731$rdmux[0][6][10]$a$7310 [0] $memory$auto$proc_rom.cc:155:do_switch$1731$rdmux[0][6][10]$a$7310 [0] }, Y={ $memory$auto$proc_rom.cc:155:do_switch$1731$rdmux[0][5][29]$b$7272 [5] $memory$auto$proc_rom.cc:155:do_switch$1731$rdmux[0][5][29]$b$7272 [3:1] }
      New connections: $memory$auto$proc_rom.cc:155:do_switch$1731$rdmux[0][5][29]$b$7272 [0] = $memory$auto$proc_rom.cc:155:do_switch$1731$rdmux[0][6][10]$a$7310 [0]
    Consolidated identical input bits for $mux cell $memory$auto$proc_rom.cc:155:do_switch$1735$rdmux[0][6][53]$6628:
      Old ports: A={ $memory$auto$proc_rom.cc:155:do_switch$1731$rdmux[0][6][10]$a$7310 [4] 1'0 $memory$auto$proc_rom.cc:155:do_switch$1731$rdmux[0][6][10]$a$7310 [4] 1'0 $memory$auto$proc_rom.cc:155:do_switch$1731$rdmux[0][6][10]$a$7310 [0] $memory$auto$proc_rom.cc:155:do_switch$1731$rdmux[0][6][10]$a$7310 [0] }, B={ $memory$auto$proc_rom.cc:155:do_switch$1731$rdmux[0][6][10]$a$7310 [4] $memory$auto$proc_rom.cc:155:do_switch$1731$rdmux[0][6][10]$a$7310 [4] $memory$auto$proc_rom.cc:155:do_switch$1731$rdmux[0][6][10]$a$7310 [0] 3'110 }, Y={ $memory$auto$proc_rom.cc:155:do_switch$1731$rdmux[0][5][26]$b$7263 [6] $memory$auto$proc_rom.cc:155:do_switch$1731$rdmux[0][5][26]$b$7263 [4:0] }
      New ports: A={ 1'0 $memory$auto$proc_rom.cc:155:do_switch$1731$rdmux[0][6][10]$a$7310 [4] 1'0 $memory$auto$proc_rom.cc:155:do_switch$1731$rdmux[0][6][10]$a$7310 [0] $memory$auto$proc_rom.cc:155:do_switch$1731$rdmux[0][6][10]$a$7310 [0] }, B={ $memory$auto$proc_rom.cc:155:do_switch$1731$rdmux[0][6][10]$a$7310 [4] $memory$auto$proc_rom.cc:155:do_switch$1731$rdmux[0][6][10]$a$7310 [0] 3'110 }, Y=$memory$auto$proc_rom.cc:155:do_switch$1731$rdmux[0][5][26]$b$7263 [4:0]
      New connections: $memory$auto$proc_rom.cc:155:do_switch$1731$rdmux[0][5][26]$b$7263 [6] = $memory$auto$proc_rom.cc:155:do_switch$1731$rdmux[0][6][10]$a$7310 [4]
    Consolidated identical input bits for $mux cell $memory$auto$proc_rom.cc:155:do_switch$1735$rdmux[0][6][50]$6619:
      Old ports: A={ 2'11 $memory$auto$proc_rom.cc:155:do_switch$1731$rdmux[0][6][10]$a$7310 [4] 1'1 $memory$auto$proc_rom.cc:155:do_switch$1731$rdmux[0][6][10]$a$7310 [0] 1'0 $memory$auto$proc_rom.cc:155:do_switch$1731$rdmux[0][6][10]$a$7310 [0] }, B={ 1'0 $memory$auto$proc_rom.cc:155:do_switch$1731$rdmux[0][6][10]$a$7310 [4] $memory$auto$proc_rom.cc:155:do_switch$1731$rdmux[0][6][10]$a$7310 [4] $memory$auto$proc_rom.cc:155:do_switch$1731$rdmux[0][6][10]$a$7310 [0] 1'1 $memory$auto$proc_rom.cc:155:do_switch$1731$rdmux[0][6][10]$a$7310 [0] $memory$auto$proc_rom.cc:155:do_switch$1731$rdmux[0][6][10]$a$7310 [0] }, Y={ $memory$auto$proc_rom.cc:155:do_switch$1731$rdmux[0][5][25]$a$7259 [7:5] $memory$auto$proc_rom.cc:155:do_switch$1731$rdmux[0][5][25]$a$7259 [3:0] }
      New ports: A={ 3'111 $memory$auto$proc_rom.cc:155:do_switch$1731$rdmux[0][6][10]$a$7310 [0] 1'0 }, B={ 1'0 $memory$auto$proc_rom.cc:155:do_switch$1731$rdmux[0][6][10]$a$7310 [4] $memory$auto$proc_rom.cc:155:do_switch$1731$rdmux[0][6][10]$a$7310 [0] 1'1 $memory$auto$proc_rom.cc:155:do_switch$1731$rdmux[0][6][10]$a$7310 [0] }, Y={ $memory$auto$proc_rom.cc:155:do_switch$1731$rdmux[0][5][25]$a$7259 [7:6] $memory$auto$proc_rom.cc:155:do_switch$1731$rdmux[0][5][25]$a$7259 [3:1] }
      New connections: { $memory$auto$proc_rom.cc:155:do_switch$1731$rdmux[0][5][25]$a$7259 [5] $memory$auto$proc_rom.cc:155:do_switch$1731$rdmux[0][5][25]$a$7259 [0] } = { $memory$auto$proc_rom.cc:155:do_switch$1731$rdmux[0][6][10]$a$7310 [4] $memory$auto$proc_rom.cc:155:do_switch$1731$rdmux[0][6][10]$a$7310 [0] }
    Consolidated identical input bits for $mux cell $memory$auto$proc_rom.cc:155:do_switch$1735$rdmux[0][6][49]$6616:
      Old ports: A={ $memory$auto$proc_rom.cc:155:do_switch$1731$rdmux[0][6][10]$a$7310 [0] 1'0 $memory$auto$proc_rom.cc:155:do_switch$1731$rdmux[0][6][10]$a$7310 [0] $memory$auto$proc_rom.cc:155:do_switch$1731$rdmux[0][6][10]$a$7310 [4] $memory$auto$proc_rom.cc:155:do_switch$1731$rdmux[0][6][10]$a$7310 [4] $memory$auto$proc_rom.cc:155:do_switch$1731$rdmux[0][6][10]$a$7310 [0] }, B={ 1'1 $memory$auto$proc_rom.cc:155:do_switch$1731$rdmux[0][6][10]$a$7310 [0] $memory$auto$proc_rom.cc:155:do_switch$1731$rdmux[0][6][10]$a$7310 [4] $memory$auto$proc_rom.cc:155:do_switch$1731$rdmux[0][6][10]$a$7310 [4] 1'0 $memory$auto$proc_rom.cc:155:do_switch$1731$rdmux[0][6][10]$a$7310 [0] }, Y={ $memory$auto$proc_rom.cc:155:do_switch$1731$rdmux[0][5][24]$b$7257 [7:3] $memory$auto$proc_rom.cc:155:do_switch$1731$rdmux[0][5][24]$b$7257 [1] }
      New ports: A={ $memory$auto$proc_rom.cc:155:do_switch$1731$rdmux[0][6][10]$a$7310 [0] 1'0 $memory$auto$proc_rom.cc:155:do_switch$1731$rdmux[0][6][10]$a$7310 [0] $memory$auto$proc_rom.cc:155:do_switch$1731$rdmux[0][6][10]$a$7310 [4] }, B={ 1'1 $memory$auto$proc_rom.cc:155:do_switch$1731$rdmux[0][6][10]$a$7310 [0] $memory$auto$proc_rom.cc:155:do_switch$1731$rdmux[0][6][10]$a$7310 [4] 1'0 }, Y={ $memory$auto$proc_rom.cc:155:do_switch$1731$rdmux[0][5][24]$b$7257 [7:5] $memory$auto$proc_rom.cc:155:do_switch$1731$rdmux[0][5][24]$b$7257 [3] }
      New connections: { $memory$auto$proc_rom.cc:155:do_switch$1731$rdmux[0][5][24]$b$7257 [4] $memory$auto$proc_rom.cc:155:do_switch$1731$rdmux[0][5][24]$b$7257 [1] } = { $memory$auto$proc_rom.cc:155:do_switch$1731$rdmux[0][6][10]$a$7310 [4] $memory$auto$proc_rom.cc:155:do_switch$1731$rdmux[0][6][10]$a$7310 [0] }
    Consolidated identical input bits for $mux cell $memory$auto$proc_rom.cc:155:do_switch$1735$rdmux[0][6][46]$6607:
      Old ports: A={ 1'0 $memory$auto$proc_rom.cc:155:do_switch$1731$rdmux[0][6][10]$a$7310 [4] $memory$auto$proc_rom.cc:155:do_switch$1731$rdmux[0][6][10]$a$7310 [0] $memory$auto$proc_rom.cc:155:do_switch$1731$rdmux[0][6][10]$a$7310 [4] 1'1 $memory$auto$proc_rom.cc:155:do_switch$1731$rdmux[0][6][10]$a$7310 [0] }, B={ 2'11 $memory$auto$proc_rom.cc:155:do_switch$1731$rdmux[0][6][10]$a$7310 [4] $memory$auto$proc_rom.cc:155:do_switch$1731$rdmux[0][6][10]$a$7310 [0] $memory$auto$proc_rom.cc:155:do_switch$1731$rdmux[0][6][10]$a$7310 [4] $memory$auto$proc_rom.cc:155:do_switch$1731$rdmux[0][6][10]$a$7310 [0] }, Y={ $memory$auto$proc_rom.cc:155:do_switch$1731$rdmux[0][5][23]$a$7253 [7] $memory$auto$proc_rom.cc:155:do_switch$1731$rdmux[0][5][23]$a$7253 [5:1] }
      New ports: A={ 1'0 $memory$auto$proc_rom.cc:155:do_switch$1731$rdmux[0][6][10]$a$7310 [4] $memory$auto$proc_rom.cc:155:do_switch$1731$rdmux[0][6][10]$a$7310 [0] $memory$auto$proc_rom.cc:155:do_switch$1731$rdmux[0][6][10]$a$7310 [4] 1'1 }, B={ 2'11 $memory$auto$proc_rom.cc:155:do_switch$1731$rdmux[0][6][10]$a$7310 [4] $memory$auto$proc_rom.cc:155:do_switch$1731$rdmux[0][6][10]$a$7310 [0] $memory$auto$proc_rom.cc:155:do_switch$1731$rdmux[0][6][10]$a$7310 [4] }, Y={ $memory$auto$proc_rom.cc:155:do_switch$1731$rdmux[0][5][23]$a$7253 [7] $memory$auto$proc_rom.cc:155:do_switch$1731$rdmux[0][5][23]$a$7253 [5:2] }
      New connections: $memory$auto$proc_rom.cc:155:do_switch$1731$rdmux[0][5][23]$a$7253 [1] = $memory$auto$proc_rom.cc:155:do_switch$1731$rdmux[0][6][10]$a$7310 [0]
    Consolidated identical input bits for $mux cell $memory$auto$proc_rom.cc:155:do_switch$1735$rdmux[0][6][44]$6601:
      Old ports: A={ 3'110 $memory$auto$proc_rom.cc:155:do_switch$1731$rdmux[0][6][0]$a$7280 [2] $memory$auto$proc_rom.cc:155:do_switch$1731$rdmux[0][6][0]$a$7280 [0] $memory$auto$proc_rom.cc:155:do_switch$1731$rdmux[0][6][0]$a$7280 [0] }, B={ 1'0 $memory$auto$proc_rom.cc:155:do_switch$1731$rdmux[0][6][0]$a$7280 [2] $memory$auto$proc_rom.cc:155:do_switch$1731$rdmux[0][6][0]$a$7280 [0] $memory$auto$proc_rom.cc:155:do_switch$1731$rdmux[0][6][0]$a$7280 [2] $memory$auto$proc_rom.cc:155:do_switch$1731$rdmux[0][6][0]$a$7280 [0] 1'1 }, Y={ $memory$auto$proc_rom.cc:155:do_switch$1731$rdmux[0][5][22]$a$7250 [7:6] $memory$auto$proc_rom.cc:155:do_switch$1731$rdmux[0][5][22]$a$7250 [4:3] $memory$auto$proc_rom.cc:155:do_switch$1731$rdmux[0][5][22]$a$7250 [1:0] }
      New ports: A={ 3'110 $memory$auto$proc_rom.cc:155:do_switch$1731$rdmux[0][6][0]$a$7280 [0] }, B={ 1'0 $memory$auto$proc_rom.cc:155:do_switch$1731$rdmux[0][6][0]$a$7280 [2] $memory$auto$proc_rom.cc:155:do_switch$1731$rdmux[0][6][0]$a$7280 [0] 1'1 }, Y={ $memory$auto$proc_rom.cc:155:do_switch$1731$rdmux[0][5][22]$a$7250 [7:6] $memory$auto$proc_rom.cc:155:do_switch$1731$rdmux[0][5][22]$a$7250 [4] $memory$auto$proc_rom.cc:155:do_switch$1731$rdmux[0][5][22]$a$7250 [0] }
      New connections: { $memory$auto$proc_rom.cc:155:do_switch$1731$rdmux[0][5][22]$a$7250 [3] $memory$auto$proc_rom.cc:155:do_switch$1731$rdmux[0][5][22]$a$7250 [1] } = { $memory$auto$proc_rom.cc:155:do_switch$1731$rdmux[0][6][0]$a$7280 [2] $memory$auto$proc_rom.cc:155:do_switch$1731$rdmux[0][6][0]$a$7280 [0] }
    Consolidated identical input bits for $mux cell $memory$auto$proc_rom.cc:155:do_switch$1735$rdmux[0][6][34]$6571:
      Old ports: A={ 1'1 $memory$auto$proc_rom.cc:155:do_switch$1731$rdmux[0][6][10]$a$7310 [4] $memory$auto$proc_rom.cc:155:do_switch$1731$rdmux[0][6][10]$a$7310 [0] 1'0 $memory$auto$proc_rom.cc:155:do_switch$1731$rdmux[0][6][10]$a$7310 [0] $memory$auto$proc_rom.cc:155:do_switch$1731$rdmux[0][6][10]$a$7310 [0] }, B={ 1'0 $memory$auto$proc_rom.cc:155:do_switch$1731$rdmux[0][6][10]$a$7310 [4] 2'11 $memory$auto$proc_rom.cc:155:do_switch$1731$rdmux[0][6][10]$a$7310 [4] $memory$auto$proc_rom.cc:155:do_switch$1731$rdmux[0][6][10]$a$7310 [0] }, Y={ $memory$auto$proc_rom.cc:155:do_switch$1731$rdmux[0][5][17]$a$7235 [7:5] $memory$auto$proc_rom.cc:155:do_switch$1731$rdmux[0][5][17]$a$7235 [3] $memory$auto$proc_rom.cc:155:do_switch$1731$rdmux[0][5][17]$a$7235 [1:0] }
      New ports: A={ 1'1 $memory$auto$proc_rom.cc:155:do_switch$1731$rdmux[0][6][10]$a$7310 [0] 1'0 $memory$auto$proc_rom.cc:155:do_switch$1731$rdmux[0][6][10]$a$7310 [0] }, B={ 3'011 $memory$auto$proc_rom.cc:155:do_switch$1731$rdmux[0][6][10]$a$7310 [4] }, Y={ $memory$auto$proc_rom.cc:155:do_switch$1731$rdmux[0][5][17]$a$7235 [7] $memory$auto$proc_rom.cc:155:do_switch$1731$rdmux[0][5][17]$a$7235 [5] $memory$auto$proc_rom.cc:155:do_switch$1731$rdmux[0][5][17]$a$7235 [3] $memory$auto$proc_rom.cc:155:do_switch$1731$rdmux[0][5][17]$a$7235 [1] }
      New connections: { $memory$auto$proc_rom.cc:155:do_switch$1731$rdmux[0][5][17]$a$7235 [6] $memory$auto$proc_rom.cc:155:do_switch$1731$rdmux[0][5][17]$a$7235 [0] } = { $memory$auto$proc_rom.cc:155:do_switch$1731$rdmux[0][6][10]$a$7310 [4] $memory$auto$proc_rom.cc:155:do_switch$1731$rdmux[0][6][10]$a$7310 [0] }
    Consolidated identical input bits for $mux cell $memory$auto$proc_rom.cc:155:do_switch$1735$rdmux[0][6][30]$6559:
      Old ports: A={ 3'011 $memory$auto$proc_rom.cc:155:do_switch$1731$rdmux[0][6][10]$a$7310 [4] 1'1 $memory$auto$proc_rom.cc:155:do_switch$1731$rdmux[0][6][10]$a$7310 [0] 1'0 }, B={ $memory$auto$proc_rom.cc:155:do_switch$1731$rdmux[0][6][10]$a$7310 [4] $memory$auto$proc_rom.cc:155:do_switch$1731$rdmux[0][6][10]$a$7310 [0] $memory$auto$proc_rom.cc:155:do_switch$1731$rdmux[0][6][10]$a$7310 [4] $memory$auto$proc_rom.cc:155:do_switch$1731$rdmux[0][6][10]$a$7310 [4] 1'0 $memory$auto$proc_rom.cc:155:do_switch$1731$rdmux[0][6][10]$a$7310 [4] $memory$auto$proc_rom.cc:155:do_switch$1731$rdmux[0][6][10]$a$7310 [0] }, Y=$memory$auto$proc_rom.cc:155:do_switch$1731$rdmux[0][5][15]$a$7229 [6:0]
      New ports: A={ 4'0111 $memory$auto$proc_rom.cc:155:do_switch$1731$rdmux[0][6][10]$a$7310 [0] 1'0 }, B={ $memory$auto$proc_rom.cc:155:do_switch$1731$rdmux[0][6][10]$a$7310 [4] $memory$auto$proc_rom.cc:155:do_switch$1731$rdmux[0][6][10]$a$7310 [0] $memory$auto$proc_rom.cc:155:do_switch$1731$rdmux[0][6][10]$a$7310 [4] 1'0 $memory$auto$proc_rom.cc:155:do_switch$1731$rdmux[0][6][10]$a$7310 [4] $memory$auto$proc_rom.cc:155:do_switch$1731$rdmux[0][6][10]$a$7310 [0] }, Y={ $memory$auto$proc_rom.cc:155:do_switch$1731$rdmux[0][5][15]$a$7229 [6:4] $memory$auto$proc_rom.cc:155:do_switch$1731$rdmux[0][5][15]$a$7229 [2:0] }
      New connections: $memory$auto$proc_rom.cc:155:do_switch$1731$rdmux[0][5][15]$a$7229 [3] = $memory$auto$proc_rom.cc:155:do_switch$1731$rdmux[0][6][10]$a$7310 [4]
    Consolidated identical input bits for $mux cell $memory$auto$proc_rom.cc:155:do_switch$1735$rdmux[0][6][29]$6556:
      Old ports: A={ 3'100 $memory$auto$proc_rom.cc:155:do_switch$1731$rdmux[0][6][10]$a$7310 [0] $memory$auto$proc_rom.cc:155:do_switch$1731$rdmux[0][6][10]$a$7310 [4] $memory$auto$proc_rom.cc:155:do_switch$1731$rdmux[0][6][10]$a$7310 [0] }, B={ $memory$auto$proc_rom.cc:155:do_switch$1731$rdmux[0][6][10]$a$7310 [0] $memory$auto$proc_rom.cc:155:do_switch$1731$rdmux[0][6][10]$a$7310 [0] 1'1 $memory$auto$proc_rom.cc:155:do_switch$1731$rdmux[0][6][10]$a$7310 [4] 1'0 $memory$auto$proc_rom.cc:155:do_switch$1731$rdmux[0][6][10]$a$7310 [0] }, Y={ $memory$auto$proc_rom.cc:155:do_switch$1731$rdmux[0][5][14]$b$7227 [7:5] $memory$auto$proc_rom.cc:155:do_switch$1731$rdmux[0][5][14]$b$7227 [3] $memory$auto$proc_rom.cc:155:do_switch$1731$rdmux[0][5][14]$b$7227 [1:0] }
      New ports: A={ 3'100 $memory$auto$proc_rom.cc:155:do_switch$1731$rdmux[0][6][10]$a$7310 [0] $memory$auto$proc_rom.cc:155:do_switch$1731$rdmux[0][6][10]$a$7310 [4] }, B={ $memory$auto$proc_rom.cc:155:do_switch$1731$rdmux[0][6][10]$a$7310 [0] $memory$auto$proc_rom.cc:155:do_switch$1731$rdmux[0][6][10]$a$7310 [0] 1'1 $memory$auto$proc_rom.cc:155:do_switch$1731$rdmux[0][6][10]$a$7310 [4] 1'0 }, Y={ $memory$auto$proc_rom.cc:155:do_switch$1731$rdmux[0][5][14]$b$7227 [7:5] $memory$auto$proc_rom.cc:155:do_switch$1731$rdmux[0][5][14]$b$7227 [3] $memory$auto$proc_rom.cc:155:do_switch$1731$rdmux[0][5][14]$b$7227 [1] }
      New connections: $memory$auto$proc_rom.cc:155:do_switch$1731$rdmux[0][5][14]$b$7227 [0] = $memory$auto$proc_rom.cc:155:do_switch$1731$rdmux[0][6][10]$a$7310 [0]
    Consolidated identical input bits for $mux cell $memory$auto$proc_rom.cc:155:do_switch$1735$rdmux[0][6][28]$6553:
      Old ports: A={ $memory$auto$proc_rom.cc:155:do_switch$1731$rdmux[0][6][10]$a$7310 [4] $memory$auto$proc_rom.cc:155:do_switch$1731$rdmux[0][6][10]$a$7310 [0] $memory$auto$proc_rom.cc:155:do_switch$1731$rdmux[0][6][10]$a$7310 [4] 1'0 $memory$auto$proc_rom.cc:155:do_switch$1731$rdmux[0][6][10]$a$7310 [0] 1'1 }, B={ $memory$auto$proc_rom.cc:155:do_switch$1731$rdmux[0][6][10]$a$7310 [4] 2'00 $memory$auto$proc_rom.cc:155:do_switch$1731$rdmux[0][6][10]$a$7310 [0] $memory$auto$proc_rom.cc:155:do_switch$1731$rdmux[0][6][10]$a$7310 [0] $memory$auto$proc_rom.cc:155:do_switch$1731$rdmux[0][6][10]$a$7310 [0] }, Y={ $memory$auto$proc_rom.cc:155:do_switch$1731$rdmux[0][5][14]$a$7226 [6:4] $memory$auto$proc_rom.cc:155:do_switch$1731$rdmux[0][5][14]$a$7226 [2:0] }
      New ports: A={ $memory$auto$proc_rom.cc:155:do_switch$1731$rdmux[0][6][10]$a$7310 [0] $memory$auto$proc_rom.cc:155:do_switch$1731$rdmux[0][6][10]$a$7310 [4] 2'01 }, B={ 2'00 $memory$auto$proc_rom.cc:155:do_switch$1731$rdmux[0][6][10]$a$7310 [0] $memory$auto$proc_rom.cc:155:do_switch$1731$rdmux[0][6][10]$a$7310 [0] }, Y={ $memory$auto$proc_rom.cc:155:do_switch$1731$rdmux[0][5][14]$a$7226 [5:4] $memory$auto$proc_rom.cc:155:do_switch$1731$rdmux[0][5][14]$a$7226 [2] $memory$auto$proc_rom.cc:155:do_switch$1731$rdmux[0][5][14]$a$7226 [0] }
      New connections: { $memory$auto$proc_rom.cc:155:do_switch$1731$rdmux[0][5][14]$a$7226 [6] $memory$auto$proc_rom.cc:155:do_switch$1731$rdmux[0][5][14]$a$7226 [1] } = { $memory$auto$proc_rom.cc:155:do_switch$1731$rdmux[0][6][10]$a$7310 [4] $memory$auto$proc_rom.cc:155:do_switch$1731$rdmux[0][6][10]$a$7310 [0] }
    Consolidated identical input bits for $mux cell $memory$auto$proc_rom.cc:155:do_switch$1735$rdmux[0][6][25]$6544:
      Old ports: A={ 3'010 $memory$auto$proc_rom.cc:155:do_switch$1731$rdmux[0][6][0]$a$7280 [2] $memory$auto$proc_rom.cc:155:do_switch$1731$rdmux[0][6][0]$a$7280 [2] $memory$auto$proc_rom.cc:155:do_switch$1731$rdmux[0][6][0]$a$7280 [0] }, B={ $memory$auto$proc_rom.cc:155:do_switch$1731$rdmux[0][6][0]$a$7280 [2] 1'0 $memory$auto$proc_rom.cc:155:do_switch$1731$rdmux[0][6][0]$a$7280 [0] 1'0 $memory$auto$proc_rom.cc:155:do_switch$1731$rdmux[0][6][0]$a$7280 [2] $memory$auto$proc_rom.cc:155:do_switch$1731$rdmux[0][6][0]$a$7280 [0] }, Y={ $memory$auto$proc_rom.cc:155:do_switch$1731$rdmux[0][5][12]$b$7221 [7:6] $memory$auto$proc_rom.cc:155:do_switch$1731$rdmux[0][5][12]$b$7221 [4:1] }
      New ports: A={ 3'010 $memory$auto$proc_rom.cc:155:do_switch$1731$rdmux[0][6][0]$a$7280 [2] }, B={ $memory$auto$proc_rom.cc:155:do_switch$1731$rdmux[0][6][0]$a$7280 [2] 1'0 $memory$auto$proc_rom.cc:155:do_switch$1731$rdmux[0][6][0]$a$7280 [0] 1'0 }, Y={ $memory$auto$proc_rom.cc:155:do_switch$1731$rdmux[0][5][12]$b$7221 [7:6] $memory$auto$proc_rom.cc:155:do_switch$1731$rdmux[0][5][12]$b$7221 [4:3] }
      New connections: $memory$auto$proc_rom.cc:155:do_switch$1731$rdmux[0][5][12]$b$7221 [2:1] = { $memory$auto$proc_rom.cc:155:do_switch$1731$rdmux[0][6][0]$a$7280 [2] $memory$auto$proc_rom.cc:155:do_switch$1731$rdmux[0][6][0]$a$7280 [0] }
    Consolidated identical input bits for $mux cell $memory$auto$proc_rom.cc:155:do_switch$1735$rdmux[0][6][22]$6535:
      Old ports: A={ $memory$auto$proc_rom.cc:155:do_switch$1731$rdmux[0][6][10]$a$7310 [0] 1'1 $memory$auto$proc_rom.cc:155:do_switch$1731$rdmux[0][6][10]$a$7310 [4] 3'001 $memory$auto$proc_rom.cc:155:do_switch$1731$rdmux[0][6][10]$a$7310 [0] }, B={ $memory$auto$proc_rom.cc:155:do_switch$1731$rdmux[0][6][10]$a$7310 [4] 3'011 $memory$auto$proc_rom.cc:155:do_switch$1731$rdmux[0][6][10]$a$7310 [4] $memory$auto$proc_rom.cc:155:do_switch$1731$rdmux[0][6][10]$a$7310 [4] $memory$auto$proc_rom.cc:155:do_switch$1731$rdmux[0][6][10]$a$7310 [0] }, Y={ $memory$auto$proc_rom.cc:155:do_switch$1731$rdmux[0][5][11]$a$7217 [7:4] $memory$auto$proc_rom.cc:155:do_switch$1731$rdmux[0][5][11]$a$7217 [2:0] }
      New ports: A={ $memory$auto$proc_rom.cc:155:do_switch$1731$rdmux[0][6][10]$a$7310 [0] 1'1 $memory$auto$proc_rom.cc:155:do_switch$1731$rdmux[0][6][10]$a$7310 [4] 3'001 }, B={ $memory$auto$proc_rom.cc:155:do_switch$1731$rdmux[0][6][10]$a$7310 [4] 3'011 $memory$auto$proc_rom.cc:155:do_switch$1731$rdmux[0][6][10]$a$7310 [4] $memory$auto$proc_rom.cc:155:do_switch$1731$rdmux[0][6][10]$a$7310 [4] }, Y={ $memory$auto$proc_rom.cc:155:do_switch$1731$rdmux[0][5][11]$a$7217 [7:4] $memory$auto$proc_rom.cc:155:do_switch$1731$rdmux[0][5][11]$a$7217 [2:1] }
      New connections: $memory$auto$proc_rom.cc:155:do_switch$1731$rdmux[0][5][11]$a$7217 [0] = $memory$auto$proc_rom.cc:155:do_switch$1731$rdmux[0][6][10]$a$7310 [0]
    Consolidated identical input bits for $mux cell $memory$auto$proc_rom.cc:155:do_switch$1735$rdmux[0][6][18]$6523:
      Old ports: A={ 1'0 $memory$auto$proc_rom.cc:155:do_switch$1731$rdmux[0][6][10]$a$7310 [4] $memory$auto$proc_rom.cc:155:do_switch$1731$rdmux[0][6][10]$a$7310 [0] 1'0 $memory$auto$proc_rom.cc:155:do_switch$1731$rdmux[0][6][10]$a$7310 [0] }, B={ 1'1 $memory$auto$proc_rom.cc:155:do_switch$1731$rdmux[0][6][10]$a$7310 [4] 1'0 $memory$auto$proc_rom.cc:155:do_switch$1731$rdmux[0][6][10]$a$7310 [4] $memory$auto$proc_rom.cc:155:do_switch$1731$rdmux[0][6][10]$a$7310 [0] }, Y={ $memory$auto$proc_rom.cc:155:do_switch$1731$rdmux[0][5][9]$a$7211 [7:6] $memory$auto$proc_rom.cc:155:do_switch$1731$rdmux[0][5][9]$a$7211 [3:2] $memory$auto$proc_rom.cc:155:do_switch$1731$rdmux[0][5][9]$a$7211 [0] }
      New ports: A={ 1'0 $memory$auto$proc_rom.cc:155:do_switch$1731$rdmux[0][6][10]$a$7310 [0] 1'0 }, B={ 2'10 $memory$auto$proc_rom.cc:155:do_switch$1731$rdmux[0][6][10]$a$7310 [4] }, Y={ $memory$auto$proc_rom.cc:155:do_switch$1731$rdmux[0][5][9]$a$7211 [7] $memory$auto$proc_rom.cc:155:do_switch$1731$rdmux[0][5][9]$a$7211 [3:2] }
      New connections: { $memory$auto$proc_rom.cc:155:do_switch$1731$rdmux[0][5][9]$a$7211 [6] $memory$auto$proc_rom.cc:155:do_switch$1731$rdmux[0][5][9]$a$7211 [0] } = { $memory$auto$proc_rom.cc:155:do_switch$1731$rdmux[0][6][10]$a$7310 [4] $memory$auto$proc_rom.cc:155:do_switch$1731$rdmux[0][6][10]$a$7310 [0] }
    Consolidated identical input bits for $mux cell $memory$auto$proc_rom.cc:155:do_switch$1735$rdmux[0][6][17]$6520:
      Old ports: A={ 1'0 $memory$auto$proc_rom.cc:155:do_switch$1731$rdmux[0][6][0]$a$7280 [2] $memory$auto$proc_rom.cc:155:do_switch$1731$rdmux[0][6][0]$a$7280 [2] $memory$auto$proc_rom.cc:155:do_switch$1731$rdmux[0][6][0]$a$7280 [0] $memory$auto$proc_rom.cc:155:do_switch$1731$rdmux[0][6][0]$a$7280 [2] 1'1 $memory$auto$proc_rom.cc:155:do_switch$1731$rdmux[0][6][0]$a$7280 [0] }, B={ $memory$auto$proc_rom.cc:155:do_switch$1731$rdmux[0][6][0]$a$7280 [2] $memory$auto$proc_rom.cc:155:do_switch$1731$rdmux[0][6][0]$a$7280 [0] $memory$auto$proc_rom.cc:155:do_switch$1731$rdmux[0][6][0]$a$7280 [2] $memory$auto$proc_rom.cc:155:do_switch$1731$rdmux[0][6][0]$a$7280 [0] 1'0 $memory$auto$proc_rom.cc:155:do_switch$1731$rdmux[0][6][0]$a$7280 [0] 1'0 }, Y={ $memory$auto$proc_rom.cc:155:do_switch$1731$rdmux[0][5][8]$b$7209 [7:4] $memory$auto$proc_rom.cc:155:do_switch$1731$rdmux[0][5][8]$b$7209 [2:0] }
      New ports: A={ 1'0 $memory$auto$proc_rom.cc:155:do_switch$1731$rdmux[0][6][0]$a$7280 [2] $memory$auto$proc_rom.cc:155:do_switch$1731$rdmux[0][6][0]$a$7280 [2] 1'1 $memory$auto$proc_rom.cc:155:do_switch$1731$rdmux[0][6][0]$a$7280 [0] }, B={ $memory$auto$proc_rom.cc:155:do_switch$1731$rdmux[0][6][0]$a$7280 [2] $memory$auto$proc_rom.cc:155:do_switch$1731$rdmux[0][6][0]$a$7280 [0] 1'0 $memory$auto$proc_rom.cc:155:do_switch$1731$rdmux[0][6][0]$a$7280 [0] 1'0 }, Y={ $memory$auto$proc_rom.cc:155:do_switch$1731$rdmux[0][5][8]$b$7209 [7:6] $memory$auto$proc_rom.cc:155:do_switch$1731$rdmux[0][5][8]$b$7209 [2:0] }
      New connections: $memory$auto$proc_rom.cc:155:do_switch$1731$rdmux[0][5][8]$b$7209 [5:4] = { $memory$auto$proc_rom.cc:155:do_switch$1731$rdmux[0][6][0]$a$7280 [2] $memory$auto$proc_rom.cc:155:do_switch$1731$rdmux[0][6][0]$a$7280 [0] }
    Consolidated identical input bits for $mux cell $memory$auto$proc_rom.cc:155:do_switch$1735$rdmux[0][6][16]$6517:
      Old ports: A={ $memory$auto$proc_rom.cc:155:do_switch$1731$rdmux[0][6][10]$a$7310 [0] 1'0 $memory$auto$proc_rom.cc:155:do_switch$1731$rdmux[0][6][10]$a$7310 [4] 1'0 $memory$auto$proc_rom.cc:155:do_switch$1731$rdmux[0][6][10]$a$7310 [0] 1'1 }, B={ 1'0 $memory$auto$proc_rom.cc:155:do_switch$1731$rdmux[0][6][10]$a$7310 [0] 1'1 $memory$auto$proc_rom.cc:155:do_switch$1731$rdmux[0][6][10]$a$7310 [4] $memory$auto$proc_rom.cc:155:do_switch$1731$rdmux[0][6][10]$a$7310 [0] 1'0 }, Y={ $memory$auto$proc_rom.cc:155:do_switch$1731$rdmux[0][5][8]$a$7208 [7] $memory$auto$proc_rom.cc:155:do_switch$1731$rdmux[0][5][8]$a$7208 [4:0] }
      New ports: A={ $memory$auto$proc_rom.cc:155:do_switch$1731$rdmux[0][6][10]$a$7310 [0] 1'0 $memory$auto$proc_rom.cc:155:do_switch$1731$rdmux[0][6][10]$a$7310 [4] 2'01 }, B={ 1'0 $memory$auto$proc_rom.cc:155:do_switch$1731$rdmux[0][6][10]$a$7310 [0] 1'1 $memory$auto$proc_rom.cc:155:do_switch$1731$rdmux[0][6][10]$a$7310 [4] 1'0 }, Y={ $memory$auto$proc_rom.cc:155:do_switch$1731$rdmux[0][5][8]$a$7208 [7] $memory$auto$proc_rom.cc:155:do_switch$1731$rdmux[0][5][8]$a$7208 [4:2] $memory$auto$proc_rom.cc:155:do_switch$1731$rdmux[0][5][8]$a$7208 [0] }
      New connections: $memory$auto$proc_rom.cc:155:do_switch$1731$rdmux[0][5][8]$a$7208 [1] = $memory$auto$proc_rom.cc:155:do_switch$1731$rdmux[0][6][10]$a$7310 [0]
    Consolidated identical input bits for $mux cell $memory$auto$proc_rom.cc:155:do_switch$1735$rdmux[0][6][15]$6514:
      Old ports: A={ $memory$auto$proc_rom.cc:155:do_switch$1731$rdmux[0][6][10]$a$7310 [4] $memory$auto$proc_rom.cc:155:do_switch$1731$rdmux[0][6][10]$a$7310 [4] 1'0 $memory$auto$proc_rom.cc:155:do_switch$1731$rdmux[0][6][10]$a$7310 [4] $memory$auto$proc_rom.cc:155:do_switch$1731$rdmux[0][6][10]$a$7310 [0] 2'11 }, B={ $memory$auto$proc_rom.cc:155:do_switch$1731$rdmux[0][6][10]$a$7310 [4] $memory$auto$proc_rom.cc:155:do_switch$1731$rdmux[0][6][10]$a$7310 [0] 2'10 $memory$auto$proc_rom.cc:155:do_switch$1731$rdmux[0][6][10]$a$7310 [0] $memory$auto$proc_rom.cc:155:do_switch$1731$rdmux[0][6][10]$a$7310 [4] $memory$auto$proc_rom.cc:155:do_switch$1731$rdmux[0][6][10]$a$7310 [0] }, Y={ $memory$auto$proc_rom.cc:155:do_switch$1731$rdmux[0][5][7]$b$7206 [7:6] $memory$auto$proc_rom.cc:155:do_switch$1731$rdmux[0][5][7]$b$7206 [4:0] }
      New ports: A={ $memory$auto$proc_rom.cc:155:do_switch$1731$rdmux[0][6][10]$a$7310 [4] 1'0 $memory$auto$proc_rom.cc:155:do_switch$1731$rdmux[0][6][10]$a$7310 [4] 2'11 }, B={ $memory$auto$proc_rom.cc:155:do_switch$1731$rdmux[0][6][10]$a$7310 [0] 2'10 $memory$auto$proc_rom.cc:155:do_switch$1731$rdmux[0][6][10]$a$7310 [4] $memory$auto$proc_rom.cc:155:do_switch$1731$rdmux[0][6][10]$a$7310 [0] }, Y={ $memory$auto$proc_rom.cc:155:do_switch$1731$rdmux[0][5][7]$b$7206 [6] $memory$auto$proc_rom.cc:155:do_switch$1731$rdmux[0][5][7]$b$7206 [4:3] $memory$auto$proc_rom.cc:155:do_switch$1731$rdmux[0][5][7]$b$7206 [1:0] }
      New connections: { $memory$auto$proc_rom.cc:155:do_switch$1731$rdmux[0][5][7]$b$7206 [7] $memory$auto$proc_rom.cc:155:do_switch$1731$rdmux[0][5][7]$b$7206 [2] } = { $memory$auto$proc_rom.cc:155:do_switch$1731$rdmux[0][6][10]$a$7310 [4] $memory$auto$proc_rom.cc:155:do_switch$1731$rdmux[0][6][10]$a$7310 [0] }
    Consolidated identical input bits for $mux cell $memory$auto$proc_rom.cc:155:do_switch$1735$rdmux[0][6][7]$6490:
      Old ports: A={ 2'10 $memory$auto$proc_rom.cc:155:do_switch$1731$rdmux[0][6][0]$a$7280 [2] $memory$auto$proc_rom.cc:155:do_switch$1731$rdmux[0][6][0]$a$7280 [0] $memory$auto$proc_rom.cc:155:do_switch$1731$rdmux[0][6][0]$a$7280 [0] 2'10 }, B={ $memory$auto$proc_rom.cc:155:do_switch$1731$rdmux[0][6][0]$a$7280 [2] 1'1 $memory$auto$proc_rom.cc:155:do_switch$1731$rdmux[0][6][0]$a$7280 [0] $memory$auto$proc_rom.cc:155:do_switch$1731$rdmux[0][6][0]$a$7280 [0] 2'00 $memory$auto$proc_rom.cc:155:do_switch$1731$rdmux[0][6][0]$a$7280 [0] }, Y=$memory$auto$proc_rom.cc:155:do_switch$1731$rdmux[0][5][3]$b$7194 [7:1]
      New ports: A={ 2'10 $memory$auto$proc_rom.cc:155:do_switch$1731$rdmux[0][6][0]$a$7280 [2] $memory$auto$proc_rom.cc:155:do_switch$1731$rdmux[0][6][0]$a$7280 [0] 2'10 }, B={ $memory$auto$proc_rom.cc:155:do_switch$1731$rdmux[0][6][0]$a$7280 [2] 1'1 $memory$auto$proc_rom.cc:155:do_switch$1731$rdmux[0][6][0]$a$7280 [0] 2'00 $memory$auto$proc_rom.cc:155:do_switch$1731$rdmux[0][6][0]$a$7280 [0] }, Y={ $memory$auto$proc_rom.cc:155:do_switch$1731$rdmux[0][5][3]$b$7194 [7:5] $memory$auto$proc_rom.cc:155:do_switch$1731$rdmux[0][5][3]$b$7194 [3:1] }
      New connections: $memory$auto$proc_rom.cc:155:do_switch$1731$rdmux[0][5][3]$b$7194 [4] = $memory$auto$proc_rom.cc:155:do_switch$1731$rdmux[0][6][0]$a$7280 [0]
    Consolidated identical input bits for $mux cell $memory$auto$proc_rom.cc:155:do_switch$1735$rdmux[0][6][0]$6469:
      Old ports: A={ $memory$auto$proc_rom.cc:155:do_switch$1731$rdmux[0][6][0]$a$7280 [2] $memory$auto$proc_rom.cc:155:do_switch$1731$rdmux[0][6][0]$a$7280 [2] $memory$auto$proc_rom.cc:155:do_switch$1731$rdmux[0][6][0]$a$7280 [2] $memory$auto$proc_rom.cc:155:do_switch$1731$rdmux[0][6][0]$a$7280 [0] }, B={ 1'1 $memory$auto$proc_rom.cc:155:do_switch$1731$rdmux[0][6][0]$a$7280 [2] $memory$auto$proc_rom.cc:155:do_switch$1731$rdmux[0][6][0]$a$7280 [0] 1'1 }, Y={ $memory$auto$proc_rom.cc:155:do_switch$1731$rdmux[0][5][0]$a$7184 [4:2] $memory$auto$proc_rom.cc:155:do_switch$1731$rdmux[0][5][0]$a$7184 [0] }
      New ports: A={ $memory$auto$proc_rom.cc:155:do_switch$1731$rdmux[0][6][0]$a$7280 [2] $memory$auto$proc_rom.cc:155:do_switch$1731$rdmux[0][6][0]$a$7280 [2] $memory$auto$proc_rom.cc:155:do_switch$1731$rdmux[0][6][0]$a$7280 [0] }, B={ 1'1 $memory$auto$proc_rom.cc:155:do_switch$1731$rdmux[0][6][0]$a$7280 [0] 1'1 }, Y={ $memory$auto$proc_rom.cc:155:do_switch$1731$rdmux[0][5][0]$a$7184 [4] $memory$auto$proc_rom.cc:155:do_switch$1731$rdmux[0][5][0]$a$7184 [2] $memory$auto$proc_rom.cc:155:do_switch$1731$rdmux[0][5][0]$a$7184 [0] }
      New connections: $memory$auto$proc_rom.cc:155:do_switch$1731$rdmux[0][5][0]$a$7184 [3] = $memory$auto$proc_rom.cc:155:do_switch$1731$rdmux[0][6][0]$a$7280 [2]
    Consolidated identical input bits for $mux cell $memory$auto$proc_rom.cc:155:do_switch$1739$rdmux[0][6][57]$5875:
      Old ports: A={ $memory$auto$proc_rom.cc:155:do_switch$1731$rdmux[0][6][31]$b$7374 [0] 1'0 $memory$auto$proc_rom.cc:155:do_switch$1731$rdmux[0][6][31]$b$7374 [0] 2'10 }, B={ 2'11 $memory$auto$proc_rom.cc:155:do_switch$1731$rdmux[0][6][31]$b$7374 [0] 1'0 $memory$auto$proc_rom.cc:155:do_switch$1731$rdmux[0][6][31]$b$7374 [0] }, Y={ $memory$auto$proc_rom.cc:155:do_switch$1739$rdmux[0][5][28]$b$5694 [7] $memory$auto$proc_rom.cc:155:do_switch$1739$rdmux[0][5][28]$b$5694 [4] $memory$auto$proc_rom.cc:155:do_switch$1739$rdmux[0][5][28]$b$5694 [2:0] }
      New ports: A={ $memory$auto$proc_rom.cc:155:do_switch$1731$rdmux[0][6][31]$b$7374 [0] 3'010 }, B={ 3'110 $memory$auto$proc_rom.cc:155:do_switch$1731$rdmux[0][6][31]$b$7374 [0] }, Y={ $memory$auto$proc_rom.cc:155:do_switch$1739$rdmux[0][5][28]$b$5694 [7] $memory$auto$proc_rom.cc:155:do_switch$1739$rdmux[0][5][28]$b$5694 [4] $memory$auto$proc_rom.cc:155:do_switch$1739$rdmux[0][5][28]$b$5694 [1:0] }
      New connections: $memory$auto$proc_rom.cc:155:do_switch$1739$rdmux[0][5][28]$b$5694 [2] = $memory$auto$proc_rom.cc:155:do_switch$1731$rdmux[0][6][31]$b$7374 [0]
    Consolidated identical input bits for $mux cell $memory$auto$proc_rom.cc:155:do_switch$1739$rdmux[0][6][53]$5863:
      Old ports: A={ $memory$auto$proc_rom.cc:155:do_switch$1731$rdmux[0][6][10]$a$7310 [0] 1'1 $memory$auto$proc_rom.cc:155:do_switch$1731$rdmux[0][6][10]$a$7310 [4] $memory$auto$proc_rom.cc:155:do_switch$1731$rdmux[0][6][10]$a$7310 [0] 2'01 }, B={ 3'001 $memory$auto$proc_rom.cc:155:do_switch$1731$rdmux[0][6][10]$a$7310 [0] $memory$auto$proc_rom.cc:155:do_switch$1731$rdmux[0][6][10]$a$7310 [4] $memory$auto$proc_rom.cc:155:do_switch$1731$rdmux[0][6][10]$a$7310 [0] }, Y=$memory$auto$proc_rom.cc:155:do_switch$1739$rdmux[0][5][26]$b$5688 [5:0]
      New ports: A={ $memory$auto$proc_rom.cc:155:do_switch$1731$rdmux[0][6][10]$a$7310 [0] 1'1 $memory$auto$proc_rom.cc:155:do_switch$1731$rdmux[0][6][10]$a$7310 [4] 2'01 }, B={ 3'001 $memory$auto$proc_rom.cc:155:do_switch$1731$rdmux[0][6][10]$a$7310 [4] $memory$auto$proc_rom.cc:155:do_switch$1731$rdmux[0][6][10]$a$7310 [0] }, Y={ $memory$auto$proc_rom.cc:155:do_switch$1739$rdmux[0][5][26]$b$5688 [5:3] $memory$auto$proc_rom.cc:155:do_switch$1739$rdmux[0][5][26]$b$5688 [1:0] }
      New connections: $memory$auto$proc_rom.cc:155:do_switch$1739$rdmux[0][5][26]$b$5688 [2] = $memory$auto$proc_rom.cc:155:do_switch$1731$rdmux[0][6][10]$a$7310 [0]
    Consolidated identical input bits for $mux cell $memory$auto$proc_rom.cc:155:do_switch$1739$rdmux[0][6][44]$5836:
      Old ports: A={ $memory$auto$proc_rom.cc:155:do_switch$1731$rdmux[0][6][10]$a$7310 [4] 1'1 $memory$auto$proc_rom.cc:155:do_switch$1731$rdmux[0][6][10]$a$7310 [4] $memory$auto$proc_rom.cc:155:do_switch$1731$rdmux[0][6][10]$a$7310 [4] 1'1 $memory$auto$proc_rom.cc:155:do_switch$1731$rdmux[0][6][10]$a$7310 [0] 1'0 }, B={ 1'0 $memory$auto$proc_rom.cc:155:do_switch$1731$rdmux[0][6][10]$a$7310 [0] $memory$auto$proc_rom.cc:155:do_switch$1731$rdmux[0][6][10]$a$7310 [4] 1'1 $memory$auto$proc_rom.cc:155:do_switch$1731$rdmux[0][6][10]$a$7310 [4] 1'1 $memory$auto$proc_rom.cc:155:do_switch$1731$rdmux[0][6][10]$a$7310 [0] }, Y={ $memory$auto$proc_rom.cc:155:do_switch$1739$rdmux[0][5][22]$a$5675 [7:5] $memory$auto$proc_rom.cc:155:do_switch$1739$rdmux[0][5][22]$a$5675 [3:0] }
      New ports: A={ $memory$auto$proc_rom.cc:155:do_switch$1731$rdmux[0][6][10]$a$7310 [4] 1'1 $memory$auto$proc_rom.cc:155:do_switch$1731$rdmux[0][6][10]$a$7310 [4] 1'1 $memory$auto$proc_rom.cc:155:do_switch$1731$rdmux[0][6][10]$a$7310 [0] 1'0 }, B={ 1'0 $memory$auto$proc_rom.cc:155:do_switch$1731$rdmux[0][6][10]$a$7310 [0] 1'1 $memory$auto$proc_rom.cc:155:do_switch$1731$rdmux[0][6][10]$a$7310 [4] 1'1 $memory$auto$proc_rom.cc:155:do_switch$1731$rdmux[0][6][10]$a$7310 [0] }, Y={ $memory$auto$proc_rom.cc:155:do_switch$1739$rdmux[0][5][22]$a$5675 [7:6] $memory$auto$proc_rom.cc:155:do_switch$1739$rdmux[0][5][22]$a$5675 [3:0] }
      New connections: $memory$auto$proc_rom.cc:155:do_switch$1739$rdmux[0][5][22]$a$5675 [5] = $memory$auto$proc_rom.cc:155:do_switch$1731$rdmux[0][6][10]$a$7310 [4]
    Consolidated identical input bits for $mux cell $memory$auto$proc_rom.cc:155:do_switch$1739$rdmux[0][6][41]$5827:
      Old ports: A={ 2'00 $memory$auto$proc_rom.cc:155:do_switch$1731$rdmux[0][6][0]$a$7280 [2] $memory$auto$proc_rom.cc:155:do_switch$1731$rdmux[0][6][0]$a$7280 [0] 1'1 $memory$auto$proc_rom.cc:155:do_switch$1731$rdmux[0][6][0]$a$7280 [0] }, B={ 1'1 $memory$auto$proc_rom.cc:155:do_switch$1731$rdmux[0][6][0]$a$7280 [0] 2'00 $memory$auto$proc_rom.cc:155:do_switch$1731$rdmux[0][6][0]$a$7280 [2] $memory$auto$proc_rom.cc:155:do_switch$1731$rdmux[0][6][0]$a$7280 [0] }, Y=$memory$auto$proc_rom.cc:155:do_switch$1739$rdmux[0][5][20]$b$5670 [7:2]
      New ports: A={ 2'00 $memory$auto$proc_rom.cc:155:do_switch$1731$rdmux[0][6][0]$a$7280 [2] $memory$auto$proc_rom.cc:155:do_switch$1731$rdmux[0][6][0]$a$7280 [0] 1'1 }, B={ 1'1 $memory$auto$proc_rom.cc:155:do_switch$1731$rdmux[0][6][0]$a$7280 [0] 2'00 $memory$auto$proc_rom.cc:155:do_switch$1731$rdmux[0][6][0]$a$7280 [2] }, Y=$memory$auto$proc_rom.cc:155:do_switch$1739$rdmux[0][5][20]$b$5670 [7:3]
      New connections: $memory$auto$proc_rom.cc:155:do_switch$1739$rdmux[0][5][20]$b$5670 [2] = $memory$auto$proc_rom.cc:155:do_switch$1731$rdmux[0][6][0]$a$7280 [0]
    Consolidated identical input bits for $mux cell $memory$auto$proc_rom.cc:155:do_switch$1739$rdmux[0][6][30]$5794:
      Old ports: A={ 1'1 $memory$auto$proc_rom.cc:155:do_switch$1731$rdmux[0][6][10]$a$7310 [4] 1'0 $memory$auto$proc_rom.cc:155:do_switch$1731$rdmux[0][6][10]$a$7310 [0] $memory$auto$proc_rom.cc:155:do_switch$1731$rdmux[0][6][10]$a$7310 [0] }, B={ $memory$auto$proc_rom.cc:155:do_switch$1731$rdmux[0][6][10]$a$7310 [4] 1'0 $memory$auto$proc_rom.cc:155:do_switch$1731$rdmux[0][6][10]$a$7310 [4] $memory$auto$proc_rom.cc:155:do_switch$1731$rdmux[0][6][10]$a$7310 [4] $memory$auto$proc_rom.cc:155:do_switch$1731$rdmux[0][6][10]$a$7310 [0] }, Y={ $memory$auto$proc_rom.cc:155:do_switch$1739$rdmux[0][5][15]$a$5654 [7:6] $memory$auto$proc_rom.cc:155:do_switch$1739$rdmux[0][5][15]$a$5654 [4] $memory$auto$proc_rom.cc:155:do_switch$1739$rdmux[0][5][15]$a$5654 [2:1] }
      New ports: A={ 1'1 $memory$auto$proc_rom.cc:155:do_switch$1731$rdmux[0][6][10]$a$7310 [4] 1'0 $memory$auto$proc_rom.cc:155:do_switch$1731$rdmux[0][6][10]$a$7310 [0] }, B={ $memory$auto$proc_rom.cc:155:do_switch$1731$rdmux[0][6][10]$a$7310 [4] 1'0 $memory$auto$proc_rom.cc:155:do_switch$1731$rdmux[0][6][10]$a$7310 [4] $memory$auto$proc_rom.cc:155:do_switch$1731$rdmux[0][6][10]$a$7310 [4] }, Y={ $memory$auto$proc_rom.cc:155:do_switch$1739$rdmux[0][5][15]$a$5654 [7:6] $memory$auto$proc_rom.cc:155:do_switch$1739$rdmux[0][5][15]$a$5654 [4] $memory$auto$proc_rom.cc:155:do_switch$1739$rdmux[0][5][15]$a$5654 [2] }
      New connections: $memory$auto$proc_rom.cc:155:do_switch$1739$rdmux[0][5][15]$a$5654 [1] = $memory$auto$proc_rom.cc:155:do_switch$1731$rdmux[0][6][10]$a$7310 [0]
    Consolidated identical input bits for $mux cell $memory$auto$proc_rom.cc:155:do_switch$1739$rdmux[0][6][28]$5788:
      Old ports: A={ $memory$auto$proc_rom.cc:155:do_switch$1731$rdmux[0][6][10]$a$7310 [4] $memory$auto$proc_rom.cc:155:do_switch$1731$rdmux[0][6][10]$a$7310 [4] $memory$auto$proc_rom.cc:155:do_switch$1731$rdmux[0][6][10]$a$7310 [0] $memory$auto$proc_rom.cc:155:do_switch$1731$rdmux[0][6][10]$a$7310 [4] $memory$auto$proc_rom.cc:155:do_switch$1731$rdmux[0][6][10]$a$7310 [0] 2'00 }, B={ $memory$auto$proc_rom.cc:155:do_switch$1731$rdmux[0][6][10]$a$7310 [0] 2'00 $memory$auto$proc_rom.cc:155:do_switch$1731$rdmux[0][6][10]$a$7310 [4] 2'11 $memory$auto$proc_rom.cc:155:do_switch$1731$rdmux[0][6][10]$a$7310 [0] }, Y={ $memory$auto$proc_rom.cc:155:do_switch$1739$rdmux[0][5][14]$a$5651 [7:4] $memory$auto$proc_rom.cc:155:do_switch$1739$rdmux[0][5][14]$a$5651 [2:0] }
      New ports: A={ $memory$auto$proc_rom.cc:155:do_switch$1731$rdmux[0][6][10]$a$7310 [4] $memory$auto$proc_rom.cc:155:do_switch$1731$rdmux[0][6][10]$a$7310 [4] $memory$auto$proc_rom.cc:155:do_switch$1731$rdmux[0][6][10]$a$7310 [0] $memory$auto$proc_rom.cc:155:do_switch$1731$rdmux[0][6][10]$a$7310 [0] 2'00 }, B={ $memory$auto$proc_rom.cc:155:do_switch$1731$rdmux[0][6][10]$a$7310 [0] 4'0011 $memory$auto$proc_rom.cc:155:do_switch$1731$rdmux[0][6][10]$a$7310 [0] }, Y={ $memory$auto$proc_rom.cc:155:do_switch$1739$rdmux[0][5][14]$a$5651 [7:5] $memory$auto$proc_rom.cc:155:do_switch$1739$rdmux[0][5][14]$a$5651 [2:0] }
      New connections: $memory$auto$proc_rom.cc:155:do_switch$1739$rdmux[0][5][14]$a$5651 [4] = $memory$auto$proc_rom.cc:155:do_switch$1731$rdmux[0][6][10]$a$7310 [4]
    Consolidated identical input bits for $mux cell $memory$auto$proc_rom.cc:155:do_switch$1739$rdmux[0][6][20]$5764:
      Old ports: A={ 1'1 $memory$auto$proc_rom.cc:155:do_switch$1731$rdmux[0][6][0]$a$7280 [2] $memory$auto$proc_rom.cc:155:do_switch$1731$rdmux[0][6][0]$a$7280 [0] $memory$auto$proc_rom.cc:155:do_switch$1731$rdmux[0][6][0]$a$7280 [0] }, B={ 1'0 $memory$auto$proc_rom.cc:155:do_switch$1731$rdmux[0][6][0]$a$7280 [2] $memory$auto$proc_rom.cc:155:do_switch$1731$rdmux[0][6][0]$a$7280 [0] 1'0 }, Y=$memory$auto$proc_rom.cc:155:do_switch$1739$rdmux[0][5][10]$a$5639 [5:2]
      New ports: A={ 1'1 $memory$auto$proc_rom.cc:155:do_switch$1731$rdmux[0][6][0]$a$7280 [0] }, B=2'00, Y={ $memory$auto$proc_rom.cc:155:do_switch$1739$rdmux[0][5][10]$a$5639 [5] $memory$auto$proc_rom.cc:155:do_switch$1739$rdmux[0][5][10]$a$5639 [2] }
      New connections: $memory$auto$proc_rom.cc:155:do_switch$1739$rdmux[0][5][10]$a$5639 [4:3] = { $memory$auto$proc_rom.cc:155:do_switch$1731$rdmux[0][6][0]$a$7280 [2] $memory$auto$proc_rom.cc:155:do_switch$1731$rdmux[0][6][0]$a$7280 [0] }
    Consolidated identical input bits for $mux cell $memory$auto$proc_rom.cc:155:do_switch$1739$rdmux[0][6][18]$5758:
      Old ports: A={ 1'1 $memory$auto$proc_rom.cc:155:do_switch$1731$rdmux[0][6][0]$a$7280 [0] $memory$auto$proc_rom.cc:155:do_switch$1731$rdmux[0][6][0]$a$7280 [2] $memory$auto$proc_rom.cc:155:do_switch$1731$rdmux[0][6][0]$a$7280 [0] 1'0 }, B={ $memory$auto$proc_rom.cc:155:do_switch$1731$rdmux[0][6][0]$a$7280 [2] 2'10 $memory$auto$proc_rom.cc:155:do_switch$1731$rdmux[0][6][0]$a$7280 [0] 1'1 }, Y=$memory$auto$proc_rom.cc:155:do_switch$1739$rdmux[0][5][9]$a$5636 [7:3]
      New ports: A={ 1'1 $memory$auto$proc_rom.cc:155:do_switch$1731$rdmux[0][6][0]$a$7280 [0] $memory$auto$proc_rom.cc:155:do_switch$1731$rdmux[0][6][0]$a$7280 [2] 1'0 }, B={ $memory$auto$proc_rom.cc:155:do_switch$1731$rdmux[0][6][0]$a$7280 [2] 3'101 }, Y={ $memory$auto$proc_rom.cc:155:do_switch$1739$rdmux[0][5][9]$a$5636 [7:5] $memory$auto$proc_rom.cc:155:do_switch$1739$rdmux[0][5][9]$a$5636 [3] }
      New connections: $memory$auto$proc_rom.cc:155:do_switch$1739$rdmux[0][5][9]$a$5636 [4] = $memory$auto$proc_rom.cc:155:do_switch$1731$rdmux[0][6][0]$a$7280 [0]
    Consolidated identical input bits for $mux cell $memory$auto$proc_rom.cc:155:do_switch$1739$rdmux[0][6][15]$5749:
      Old ports: A={ $memory$auto$proc_rom.cc:155:do_switch$1731$rdmux[0][6][10]$a$7310 [0] $memory$auto$proc_rom.cc:155:do_switch$1731$rdmux[0][6][10]$a$7310 [4] 2'01 $memory$auto$proc_rom.cc:155:do_switch$1731$rdmux[0][6][10]$a$7310 [4] $memory$auto$proc_rom.cc:155:do_switch$1731$rdmux[0][6][10]$a$7310 [0] }, B={ $memory$auto$proc_rom.cc:155:do_switch$1731$rdmux[0][6][10]$a$7310 [4] $memory$auto$proc_rom.cc:155:do_switch$1731$rdmux[0][6][10]$a$7310 [4] $memory$auto$proc_rom.cc:155:do_switch$1731$rdmux[0][6][10]$a$7310 [4] 1'0 $memory$auto$proc_rom.cc:155:do_switch$1731$rdmux[0][6][10]$a$7310 [0] 1'0 }, Y={ $memory$auto$proc_rom.cc:155:do_switch$1739$rdmux[0][5][7]$b$5631 [7:6] $memory$auto$proc_rom.cc:155:do_switch$1739$rdmux[0][5][7]$b$5631 [4:1] }
      New ports: A={ $memory$auto$proc_rom.cc:155:do_switch$1731$rdmux[0][6][10]$a$7310 [0] 2'01 $memory$auto$proc_rom.cc:155:do_switch$1731$rdmux[0][6][10]$a$7310 [4] $memory$auto$proc_rom.cc:155:do_switch$1731$rdmux[0][6][10]$a$7310 [0] }, B={ $memory$auto$proc_rom.cc:155:do_switch$1731$rdmux[0][6][10]$a$7310 [4] $memory$auto$proc_rom.cc:155:do_switch$1731$rdmux[0][6][10]$a$7310 [4] 1'0 $memory$auto$proc_rom.cc:155:do_switch$1731$rdmux[0][6][10]$a$7310 [0] 1'0 }, Y={ $memory$auto$proc_rom.cc:155:do_switch$1739$rdmux[0][5][7]$b$5631 [7] $memory$auto$proc_rom.cc:155:do_switch$1739$rdmux[0][5][7]$b$5631 [4:1] }
      New connections: $memory$auto$proc_rom.cc:155:do_switch$1739$rdmux[0][5][7]$b$5631 [6] = $memory$auto$proc_rom.cc:155:do_switch$1731$rdmux[0][6][10]$a$7310 [4]
    Consolidated identical input bits for $mux cell $memory$auto$proc_rom.cc:155:do_switch$1739$rdmux[0][6][14]$5746:
      Old ports: A={ 2'01 $memory$auto$proc_rom.cc:155:do_switch$1731$rdmux[0][6][10]$a$7310 [4] 1'1 $memory$auto$proc_rom.cc:155:do_switch$1731$rdmux[0][6][10]$a$7310 [4] 1'1 $memory$auto$proc_rom.cc:155:do_switch$1731$rdmux[0][6][10]$a$7310 [0] }, B={ $memory$auto$proc_rom.cc:155:do_switch$1731$rdmux[0][6][10]$a$7310 [4] $memory$auto$proc_rom.cc:155:do_switch$1731$rdmux[0][6][10]$a$7310 [0] $memory$auto$proc_rom.cc:155:do_switch$1731$rdmux[0][6][10]$a$7310 [4] 2'00 $memory$auto$proc_rom.cc:155:do_switch$1731$rdmux[0][6][10]$a$7310 [4] $memory$auto$proc_rom.cc:155:do_switch$1731$rdmux[0][6][10]$a$7310 [0] }, Y={ $memory$auto$proc_rom.cc:155:do_switch$1739$rdmux[0][5][7]$a$5630 [7:4] $memory$auto$proc_rom.cc:155:do_switch$1739$rdmux[0][5][7]$a$5630 [2:0] }
      New ports: A={ 3'011 $memory$auto$proc_rom.cc:155:do_switch$1731$rdmux[0][6][10]$a$7310 [4] 1'1 }, B={ $memory$auto$proc_rom.cc:155:do_switch$1731$rdmux[0][6][10]$a$7310 [4] $memory$auto$proc_rom.cc:155:do_switch$1731$rdmux[0][6][10]$a$7310 [0] 2'00 $memory$auto$proc_rom.cc:155:do_switch$1731$rdmux[0][6][10]$a$7310 [4] }, Y={ $memory$auto$proc_rom.cc:155:do_switch$1739$rdmux[0][5][7]$a$5630 [7:6] $memory$auto$proc_rom.cc:155:do_switch$1739$rdmux[0][5][7]$a$5630 [4] $memory$auto$proc_rom.cc:155:do_switch$1739$rdmux[0][5][7]$a$5630 [2:1] }
      New connections: { $memory$auto$proc_rom.cc:155:do_switch$1739$rdmux[0][5][7]$a$5630 [5] $memory$auto$proc_rom.cc:155:do_switch$1739$rdmux[0][5][7]$a$5630 [0] } = { $memory$auto$proc_rom.cc:155:do_switch$1731$rdmux[0][6][10]$a$7310 [4] $memory$auto$proc_rom.cc:155:do_switch$1731$rdmux[0][6][10]$a$7310 [0] }
    Consolidated identical input bits for $mux cell $memory$auto$proc_rom.cc:155:do_switch$1739$rdmux[0][6][13]$5743:
      Old ports: A={ $memory$auto$proc_rom.cc:155:do_switch$1731$rdmux[0][6][10]$a$7310 [4] $memory$auto$proc_rom.cc:155:do_switch$1731$rdmux[0][6][10]$a$7310 [0] 3'100 $memory$auto$proc_rom.cc:155:do_switch$1731$rdmux[0][6][10]$a$7310 [0] }, B={ 1'1 $memory$auto$proc_rom.cc:155:do_switch$1731$rdmux[0][6][10]$a$7310 [0] 1'0 $memory$auto$proc_rom.cc:155:do_switch$1731$rdmux[0][6][10]$a$7310 [4] $memory$auto$proc_rom.cc:155:do_switch$1731$rdmux[0][6][10]$a$7310 [0] 1'0 }, Y=$memory$auto$proc_rom.cc:155:do_switch$1739$rdmux[0][5][6]$b$5628 [5:0]
      New ports: A={ $memory$auto$proc_rom.cc:155:do_switch$1731$rdmux[0][6][10]$a$7310 [4] 3'100 $memory$auto$proc_rom.cc:155:do_switch$1731$rdmux[0][6][10]$a$7310 [0] }, B={ 2'10 $memory$auto$proc_rom.cc:155:do_switch$1731$rdmux[0][6][10]$a$7310 [4] $memory$auto$proc_rom.cc:155:do_switch$1731$rdmux[0][6][10]$a$7310 [0] 1'0 }, Y={ $memory$auto$proc_rom.cc:155:do_switch$1739$rdmux[0][5][6]$b$5628 [5] $memory$auto$proc_rom.cc:155:do_switch$1739$rdmux[0][5][6]$b$5628 [3:0] }
      New connections: $memory$auto$proc_rom.cc:155:do_switch$1739$rdmux[0][5][6]$b$5628 [4] = $memory$auto$proc_rom.cc:155:do_switch$1731$rdmux[0][6][10]$a$7310 [0]
    Consolidated identical input bits for $mux cell $memory$auto$proc_rom.cc:155:do_switch$1739$rdmux[0][6][8]$5728:
      Old ports: A={ 2'01 $memory$auto$proc_rom.cc:155:do_switch$1731$rdmux[0][6][10]$a$7310 [4] $memory$auto$proc_rom.cc:155:do_switch$1731$rdmux[0][6][10]$a$7310 [0] $memory$auto$proc_rom.cc:155:do_switch$1731$rdmux[0][6][10]$a$7310 [0] }, B={ $memory$auto$proc_rom.cc:155:do_switch$1731$rdmux[0][6][10]$a$7310 [4] 1'0 $memory$auto$proc_rom.cc:155:do_switch$1731$rdmux[0][6][10]$a$7310 [4] $memory$auto$proc_rom.cc:155:do_switch$1731$rdmux[0][6][10]$a$7310 [0] 1'0 }, Y={ $memory$auto$proc_rom.cc:155:do_switch$1739$rdmux[0][5][4]$a$5621 [7:6] $memory$auto$proc_rom.cc:155:do_switch$1739$rdmux[0][5][4]$a$5621 [2:0] }
      New ports: A={ 2'01 $memory$auto$proc_rom.cc:155:do_switch$1731$rdmux[0][6][10]$a$7310 [0] }, B={ $memory$auto$proc_rom.cc:155:do_switch$1731$rdmux[0][6][10]$a$7310 [4] 2'00 }, Y={ $memory$auto$proc_rom.cc:155:do_switch$1739$rdmux[0][5][4]$a$5621 [7:6] $memory$auto$proc_rom.cc:155:do_switch$1739$rdmux[0][5][4]$a$5621 [0] }
      New connections: $memory$auto$proc_rom.cc:155:do_switch$1739$rdmux[0][5][4]$a$5621 [2:1] = { $memory$auto$proc_rom.cc:155:do_switch$1731$rdmux[0][6][10]$a$7310 [4] $memory$auto$proc_rom.cc:155:do_switch$1731$rdmux[0][6][10]$a$7310 [0] }
    Consolidated identical input bits for $mux cell $memory$auto$proc_rom.cc:155:do_switch$1739$rdmux[0][6][2]$5710:
      Old ports: A={ $memory$auto$proc_rom.cc:155:do_switch$1731$rdmux[0][6][0]$a$7280 [2] $memory$auto$proc_rom.cc:155:do_switch$1731$rdmux[0][6][0]$a$7280 [0] $memory$auto$proc_rom.cc:155:do_switch$1731$rdmux[0][6][0]$a$7280 [0] $memory$auto$proc_rom.cc:155:do_switch$1731$rdmux[0][6][0]$a$7280 [0] }, B={ 1'0 $memory$auto$proc_rom.cc:155:do_switch$1731$rdmux[0][6][0]$a$7280 [2] 1'1 $memory$auto$proc_rom.cc:155:do_switch$1731$rdmux[0][6][0]$a$7280 [0] }, Y={ $memory$auto$proc_rom.cc:155:do_switch$1739$rdmux[0][5][1]$a$5612 [6] $memory$auto$proc_rom.cc:155:do_switch$1739$rdmux[0][5][1]$a$5612 [2:0] }
      New ports: A={ $memory$auto$proc_rom.cc:155:do_switch$1731$rdmux[0][6][0]$a$7280 [2] $memory$auto$proc_rom.cc:155:do_switch$1731$rdmux[0][6][0]$a$7280 [0] $memory$auto$proc_rom.cc:155:do_switch$1731$rdmux[0][6][0]$a$7280 [0] }, B={ 1'0 $memory$auto$proc_rom.cc:155:do_switch$1731$rdmux[0][6][0]$a$7280 [2] 1'1 }, Y={ $memory$auto$proc_rom.cc:155:do_switch$1739$rdmux[0][5][1]$a$5612 [6] $memory$auto$proc_rom.cc:155:do_switch$1739$rdmux[0][5][1]$a$5612 [2:1] }
      New connections: $memory$auto$proc_rom.cc:155:do_switch$1739$rdmux[0][5][1]$a$5612 [0] = $memory$auto$proc_rom.cc:155:do_switch$1731$rdmux[0][6][0]$a$7280 [0]
    Consolidated identical input bits for $mux cell $memory$auto$proc_rom.cc:155:do_switch$1739$rdmux[0][6][0]$5704:
      Old ports: A={ $memory$auto$proc_rom.cc:155:do_switch$1731$rdmux[0][6][10]$a$7310 [4] 1'0 $memory$auto$proc_rom.cc:155:do_switch$1731$rdmux[0][6][10]$a$7310 [4] $memory$auto$proc_rom.cc:155:do_switch$1731$rdmux[0][6][10]$a$7310 [0] 1'0 $memory$auto$proc_rom.cc:155:do_switch$1731$rdmux[0][6][10]$a$7310 [4] $memory$auto$proc_rom.cc:155:do_switch$1731$rdmux[0][6][10]$a$7310 [0] }, B={ 1'1 $memory$auto$proc_rom.cc:155:do_switch$1731$rdmux[0][6][10]$a$7310 [4] $memory$auto$proc_rom.cc:155:do_switch$1731$rdmux[0][6][10]$a$7310 [0] $memory$auto$proc_rom.cc:155:do_switch$1731$rdmux[0][6][10]$a$7310 [4] $memory$auto$proc_rom.cc:155:do_switch$1731$rdmux[0][6][10]$a$7310 [0] $memory$auto$proc_rom.cc:155:do_switch$1731$rdmux[0][6][10]$a$7310 [4] $memory$auto$proc_rom.cc:155:do_switch$1731$rdmux[0][6][10]$a$7310 [0] }, Y=$memory$auto$proc_rom.cc:155:do_switch$1739$rdmux[0][5][0]$a$5609 [6:0]
      New ports: A={ $memory$auto$proc_rom.cc:155:do_switch$1731$rdmux[0][6][10]$a$7310 [4] 1'0 $memory$auto$proc_rom.cc:155:do_switch$1731$rdmux[0][6][10]$a$7310 [4] $memory$auto$proc_rom.cc:155:do_switch$1731$rdmux[0][6][10]$a$7310 [0] 1'0 }, B={ 1'1 $memory$auto$proc_rom.cc:155:do_switch$1731$rdmux[0][6][10]$a$7310 [4] $memory$auto$proc_rom.cc:155:do_switch$1731$rdmux[0][6][10]$a$7310 [0] $memory$auto$proc_rom.cc:155:do_switch$1731$rdmux[0][6][10]$a$7310 [4] $memory$auto$proc_rom.cc:155:do_switch$1731$rdmux[0][6][10]$a$7310 [0] }, Y=$memory$auto$proc_rom.cc:155:do_switch$1739$rdmux[0][5][0]$a$5609 [6:2]
      New connections: $memory$auto$proc_rom.cc:155:do_switch$1739$rdmux[0][5][0]$a$5609 [1:0] = { $memory$auto$proc_rom.cc:155:do_switch$1731$rdmux[0][6][10]$a$7310 [4] $memory$auto$proc_rom.cc:155:do_switch$1731$rdmux[0][6][10]$a$7310 [0] }
  Optimizing cells in module \aes_isa_ext.
Performed a total of 32 changes.

3.19.13. Executing OPT_MERGE pass (detect identical cells).
Finding identical cells in module `\aes_isa_ext'.
Computing hashes of 380 cells of `\aes_isa_ext'.
Finding duplicate cells in `\aes_isa_ext'.
Removed a total of 0 cells.

3.19.14. Executing OPT_SHARE pass.

3.19.15. Executing OPT_DFF pass (perform DFF optimizations).

3.19.16. Executing OPT_CLEAN pass (remove unused cells and wires).
Finding unused cells or wires in module \aes_isa_ext..
Removed 0 unused cells and 3 unused wires.
<suppressed ~1 debug messages>

3.19.17. Executing OPT_EXPR pass (perform const folding).
Optimizing module aes_isa_ext.

3.19.18. Rerunning OPT passes. (Maybe there is more to do..)

3.19.19. Executing OPT_MUXTREE pass (detect dead branches in mux trees).
Running muxtree optimizer on module \aes_isa_ext..
  Creating internal representation of mux trees.
  Evaluating internal representation of mux trees.
  Analyzing evaluation results.
Removed 0 multiplexer ports.
<suppressed ~2652 debug messages>

3.19.20. Executing OPT_REDUCE pass (consolidate $*mux and $reduce_* inputs).
  Optimizing cells in module \aes_isa_ext.
Performed a total of 0 changes.

3.19.21. Executing OPT_MERGE pass (detect identical cells).
Finding identical cells in module `\aes_isa_ext'.
Computing hashes of 380 cells of `\aes_isa_ext'.
Finding duplicate cells in `\aes_isa_ext'.
Removed a total of 0 cells.

3.19.22. Executing OPT_SHARE pass.

3.19.23. Executing OPT_DFF pass (perform DFF optimizations).

3.19.24. Executing OPT_CLEAN pass (remove unused cells and wires).
Finding unused cells or wires in module \aes_isa_ext..

3.19.25. Executing OPT_EXPR pass (perform const folding).
Optimizing module aes_isa_ext.

3.19.26. Finished fast OPT passes. (There is nothing left to do.)

3.20. Executing TECHMAP pass (map to technology primitives).

3.20.1. Executing Verilog-2005 frontend: /opt/homebrew/bin/../share/yosys/techmap.v
Parsing Verilog input from `/opt/homebrew/bin/../share/yosys/techmap.v' to AST representation.
Generating RTLIL representation for module `\_90_simplemap_bool_ops'.
Generating RTLIL representation for module `\_90_simplemap_reduce_ops'.
Generating RTLIL representation for module `\_90_simplemap_logic_ops'.
Generating RTLIL representation for module `\_90_simplemap_compare_ops'.
Generating RTLIL representation for module `\_90_simplemap_various'.
Generating RTLIL representation for module `\_90_simplemap_registers'.
Generating RTLIL representation for module `\_90_shift_ops_shr_shl_sshl_sshr'.
Generating RTLIL representation for module `\_90_shift_shiftx'.
Generating RTLIL representation for module `\_90_fa'.
Generating RTLIL representation for module `\_90_lcu_brent_kung'.
Generating RTLIL representation for module `\_90_alu'.
Generating RTLIL representation for module `\_90_macc'.
Generating RTLIL representation for module `\_90_alumacc'.
Generating RTLIL representation for module `$__div_mod_u'.
Generating RTLIL representation for module `$__div_mod_trunc'.
Generating RTLIL representation for module `\_90_div'.
Generating RTLIL representation for module `\_90_mod'.
Generating RTLIL representation for module `$__div_mod_floor'.
Generating RTLIL representation for module `\_90_divfloor'.
Generating RTLIL representation for module `\_90_modfloor'.
Generating RTLIL representation for module `\_90_pow'.
Generating RTLIL representation for module `\_90_pmux'.
Generating RTLIL representation for module `\_90_demux'.
Generating RTLIL representation for module `\_90_lut'.
Generating RTLIL representation for module `$connect'.
Generating RTLIL representation for module `$input_port'.
Successfully finished Verilog frontend.

3.20.2. Continuing TECHMAP pass.
Using extmapper simplemap for cells of type $not.
Using extmapper simplemap for cells of type $reduce_or.
Using extmapper simplemap for cells of type $mux.
Using extmapper simplemap for cells of type $xor.
Using extmapper simplemap for cells of type $eq.
Using extmapper simplemap for cells of type $logic_not.
Using template $paramod$bf8e268f26361094a16ad6650df0ad1ca719658a\_90_pmux for cells of type $pmux.
Using template $paramod$645fe0cc96ae5edb83bff90cc2c78f4a20ca3e3c\_90_pmux for cells of type $pmux.
Using extmapper simplemap for cells of type $and.
No more expansions possible.
<suppressed ~538 debug messages>

3.21. Executing OPT pass (performing simple optimizations).

3.21.1. Executing OPT_EXPR pass (perform const folding).
Optimizing module aes_isa_ext.
<suppressed ~277 debug messages>

3.21.2. Executing OPT_MERGE pass (detect identical cells).
Finding identical cells in module `\aes_isa_ext'.
Computing hashes of 2910 cells of `\aes_isa_ext'.
Finding duplicate cells in `\aes_isa_ext'.
Computing hashes of 2289 cells of `\aes_isa_ext'.
Finding duplicate cells in `\aes_isa_ext'.
Computing hashes of 2099 cells of `\aes_isa_ext'.
Finding duplicate cells in `\aes_isa_ext'.
Computing hashes of 2002 cells of `\aes_isa_ext'.
Finding duplicate cells in `\aes_isa_ext'.
<suppressed ~2724 debug messages>
Removed a total of 908 cells.

3.21.3. Executing OPT_DFF pass (perform DFF optimizations).

3.21.4. Executing OPT_CLEAN pass (remove unused cells and wires).
Finding unused cells or wires in module \aes_isa_ext..
Removed 0 unused cells and 332 unused wires.
<suppressed ~1 debug messages>

3.21.5. Finished fast OPT passes.

3.22. Executing ABC pass (technology mapping using ABC).

3.22.1. Extracting gate netlist of module `\aes_isa_ext' to `<abc-temp-dir>/input.blif'..

3.22.1.1. Executed ABC.
Extracted 2002 gates and 2079 wires to a netlist network with 75 inputs and 32 outputs.
Running ABC script: <abc-temp-dir>/abc.script
ABC: ======== ABC command line "source <abc-temp-dir>/abc.script"
ABC: + read_blif <abc-temp-dir>/input.blif 
ABC: + read_library <abc-temp-dir>/stdcells.genlib 
ABC: + strash 
ABC: + &get -n 
ABC: + &fraig -x 
ABC: + &put 
ABC: + scorr 
ABC: Warning: The network is combinational (run "fraig" or "fraig_sweep").
ABC: + dc2 
ABC: + dretime 
ABC: + strash 
ABC: + &get -n 
ABC: + &dch -f 
ABC: + &nf 
ABC: + &put 
ABC: + write_blif <abc-temp-dir>/output.blif 

3.22.1.2. Re-integrating ABC results.
ABC RESULTS:               AND cells:      548
ABC RESULTS:            ANDNOT cells:       65
ABC RESULTS:               MUX cells:      159
ABC RESULTS:              NAND cells:      838
ABC RESULTS:               NOR cells:       10
ABC RESULTS:               NOT cells:        3
ABC RESULTS:                OR cells:      112
ABC RESULTS:             ORNOT cells:       73
ABC RESULTS:              XNOR cells:      248
ABC RESULTS:               XOR cells:      128
ABC RESULTS:        internal signals:     1972
ABC RESULTS:           input signals:       75
ABC RESULTS:          output signals:       32
Removing temp directory.
Removing global temp directory.

3.23. Executing OPT pass (performing simple optimizations).

3.23.1. Executing OPT_EXPR pass (perform const folding).
Optimizing module aes_isa_ext.

3.23.2. Executing OPT_MERGE pass (detect identical cells).
Finding identical cells in module `\aes_isa_ext'.
Computing hashes of 2184 cells of `\aes_isa_ext'.
Finding duplicate cells in `\aes_isa_ext'.
Removed a total of 0 cells.

3.23.3. Executing OPT_DFF pass (perform DFF optimizations).

3.23.4. Executing OPT_CLEAN pass (remove unused cells and wires).
Finding unused cells or wires in module \aes_isa_ext..
Removed 0 unused cells and 446 unused wires.
<suppressed ~2 debug messages>

3.23.5. Finished fast OPT passes.

3.24. Executing HIERARCHY pass (managing design hierarchy).
Attribute `top' found on module `aes_isa_ext'. Setting top module to aes_isa_ext.

3.24.1. Analyzing design hierarchy..
Top module:  \aes_isa_ext

3.24.2. Analyzing design hierarchy..
Top module:  \aes_isa_ext
Removed 0 unused modules.

3.25. Printing statistics.

=== aes_isa_ext ===

        +----------Local Count, excluding submodules.
        | 
     2470 wires
     4927 wire bits
      318 public wires
     2775 public wire bits
        6 ports
      130 port bits
     2184 cells
       65   $_ANDNOT_
      548   $_AND_
      159   $_MUX_
      838   $_NAND_
       10   $_NOR_
        3   $_NOT_
       73   $_ORNOT_
      112   $_OR_
      248   $_XNOR_
      128   $_XOR_

3.26. Executing CHECK pass (checking for obvious problems).
Checking module aes_isa_ext...
Found and reported 0 problems.

4. Executing DFFLIBMAP pass (mapping DFF cells to sequential cells from liberty file).
  cell DFF_X1 (noninv, pins=4, area=4.52) is a direct match for cell type $_DFF_P_.
  cell DFFR_X1 (noninv, pins=5, area=5.32) is a direct match for cell type $_DFF_PN0_.
  cell DFFS_X1 (noninv, pins=5, area=5.32) is a direct match for cell type $_DFF_PN1_.
  cell DFFRS_X1 (noninv, pins=6, area=6.38) is a direct match for cell type $_DFFSR_PNN_.
  final dff cell mappings:
    unmapped dff cell: $_DFF_N_
    \DFF_X1 _DFF_P_ (.CK( C), .D( D), .Q( Q), .QN(~Q));
    unmapped dff cell: $_DFF_NN0_
    unmapped dff cell: $_DFF_NN1_
    unmapped dff cell: $_DFF_NP0_
    unmapped dff cell: $_DFF_NP1_
    \DFFR_X1 _DFF_PN0_ (.CK( C), .D( D), .Q( Q), .QN(~Q), .RN( R));
    \DFFS_X1 _DFF_PN1_ (.CK( C), .D( D), .Q( Q), .QN(~Q), .SN( R));
    unmapped dff cell: $_DFF_PP0_
    unmapped dff cell: $_DFF_PP1_
    unmapped dff cell: $_DFFE_NN_
    unmapped dff cell: $_DFFE_NP_
    unmapped dff cell: $_DFFE_PN_
    unmapped dff cell: $_DFFE_PP_
    unmapped dff cell: $_DFFSR_NNN_
    unmapped dff cell: $_DFFSR_NNP_
    unmapped dff cell: $_DFFSR_NPN_
    unmapped dff cell: $_DFFSR_NPP_
    \DFFRS_X1 _DFFSR_PNN_ (.CK( C), .D( D), .Q( Q), .QN(~Q), .RN( R), .SN( S));
    unmapped dff cell: $_DFFSR_PNP_
    unmapped dff cell: $_DFFSR_PPN_
    unmapped dff cell: $_DFFSR_PPP_

4.1. Executing DFFLEGALIZE pass (convert FFs to types supported by the target).
<suppressed ~8 debug messages>
Mapping DFF cells in module `\aes_isa_ext':

5. Executing ABC pass (technology mapping using ABC).

5.1. Extracting gate netlist of module `\aes_isa_ext' to `<abc-temp-dir>/input.blif'..

5.1.1. Executed ABC.
Extracted 2184 gates and 2259 wires to a netlist network with 75 inputs and 32 outputs.
Running ABC script: <abc-temp-dir>/abc.script
ABC: ======== ABC command line "source <abc-temp-dir>/abc.script"
ABC: + read_blif <abc-temp-dir>/input.blif 
ABC: + read_lib -w /Users/aasheiksaran/Desktop/Productivity/INDIA_CRYPTO_SOC/synth/../pdk/nangate45/NangateOpenCellLibrary_typical.lib 
ABC: Parsing finished successfully.  Parsing time =     0.02 sec
ABC: Scl_LibertyReadGenlib() skipped cell "ANTENNA_X1" due to dont_use attribute.
ABC: Scl_LibertyReadGenlib() skipped cell "CLKGATETST_X1" without logic function.
ABC: Scl_LibertyReadGenlib() skipped cell "CLKGATETST_X2" without logic function.
ABC: Scl_LibertyReadGenlib() skipped cell "CLKGATETST_X4" without logic function.
ABC: Scl_LibertyReadGenlib() skipped cell "CLKGATETST_X8" without logic function.
ABC: Scl_LibertyReadGenlib() skipped cell "CLKGATE_X1" without logic function.
ABC: Scl_LibertyReadGenlib() skipped cell "CLKGATE_X2" without logic function.
ABC: Scl_LibertyReadGenlib() skipped cell "CLKGATE_X4" without logic function.
ABC: Scl_LibertyReadGenlib() skipped cell "CLKGATE_X8" without logic function.
ABC: Scl_LibertyReadGenlib() skipped sequential cell "DFFRS_X1".
ABC: Scl_LibertyReadGenlib() skipped sequential cell "DFFRS_X2".
ABC: Scl_LibertyReadGenlib() skipped sequential cell "DFFR_X1".
ABC: Scl_LibertyReadGenlib() skipped sequential cell "DFFR_X2".
ABC: Scl_LibertyReadGenlib() skipped sequential cell "DFFS_X1".
ABC: Scl_LibertyReadGenlib() skipped sequential cell "DFFS_X2".
ABC: Scl_LibertyReadGenlib() skipped sequential cell "DFF_X1".
ABC: Scl_LibertyReadGenlib() skipped sequential cell "DFF_X2".
ABC: Scl_LibertyReadGenlib() skipped sequential cell "DLH_X1".
ABC: Scl_LibertyReadGenlib() skipped sequential cell "DLH_X2".
ABC: Scl_LibertyReadGenlib() skipped sequential cell "DLL_X1".
ABC: Scl_LibertyReadGenlib() skipped sequential cell "DLL_X2".
ABC: Scl_LibertyReadGenlib() skipped cell "FILLCELL_X1" due to dont_use attribute.
ABC: Scl_LibertyReadGenlib() skipped cell "TAPCELL_X1" due to dont_use attribute.
ABC: Scl_LibertyReadGenlib() skipped cell "FILLCELL_X2" due to dont_use attribute.
ABC: Scl_LibertyReadGenlib() skipped cell "FILLCELL_X4" due to dont_use attribute.
ABC: Scl_LibertyReadGenlib() skipped cell "FILLCELL_X8" due to dont_use attribute.
ABC: Scl_LibertyReadGenlib() skipped cell "FILLCELL_X16" due to dont_use attribute.
ABC: Scl_LibertyReadGenlib() skipped cell "FILLCELL_X32" due to dont_use attribute.
ABC: Scl_LibertyReadGenlib() skipped cell "LOGIC0_X1" due to dont_use attribute.
ABC: Scl_LibertyReadGenlib() skipped cell "LOGIC1_X1" due to dont_use attribute.
ABC: Scl_LibertyReadGenlib() skipped sequential cell "SDFFRS_X1".
ABC: Scl_LibertyReadGenlib() skipped sequential cell "SDFFRS_X2".
ABC: Scl_LibertyReadGenlib() skipped sequential cell "SDFFR_X1".
ABC: Scl_LibertyReadGenlib() skipped sequential cell "SDFFR_X2".
ABC: Scl_LibertyReadGenlib() skipped sequential cell "SDFFS_X1".
ABC: Scl_LibertyReadGenlib() skipped sequential cell "SDFFS_X2".
ABC: Scl_LibertyReadGenlib() skipped sequential cell "SDFF_X1".
ABC: Scl_LibertyReadGenlib() skipped sequential cell "SDFF_X2".
ABC: Scl_LibertyReadGenlib() skipped three-state cell "TBUF_X1".
ABC: Scl_LibertyReadGenlib() skipped three-state cell "TBUF_X2".
ABC: Scl_LibertyReadGenlib() skipped three-state cell "TBUF_X4".
ABC: Scl_LibertyReadGenlib() skipped three-state cell "TBUF_X8".
ABC: Scl_LibertyReadGenlib() skipped three-state cell "TBUF_X16".
ABC: Scl_LibertyReadGenlib() skipped three-state cell "TINV_X1".
ABC: Scl_LibertyReadGenlib() skipped sequential cell "TLAT_X1".
ABC: Library "NangateOpenCellLibrary" from "/Users/aasheiksaran/Desktop/Productivity/INDIA_CRYPTO_SOC/synth/../pdk/nangate45/NangateOpenCellLibrary_typical.lib" has 90 cells (45 skipped: 21 seq; 6 tri-state; 8 no func; 10 dont_use; 0 with 2 outputs; 0 with 3+ outputs).  Time =     0.03 sec
ABC: Memory =   11.38 MB. Time =     0.03 sec
ABC: Warning: Detected 2 multi-output cells (for example, "FA_X1").
ABC: + strash 
ABC: + &get -n 
ABC: + &fraig -x 
ABC: + &put 
ABC: + scorr 
ABC: Warning: The network is combinational (run "fraig" or "fraig_sweep").
ABC: + dc2 
ABC: + dretime 
ABC: + strash 
ABC: + &get -n 
ABC: + &dch -f 
ABC: + &nf 
ABC: + &put 
ABC: + write_blif <abc-temp-dir>/output.blif 

5.1.2. Re-integrating ABC results.
ABC RESULTS:           AND2_X1 cells:       40
ABC RESULTS:           AND3_X1 cells:       22
ABC RESULTS:           AND4_X1 cells:       17
ABC RESULTS:         AOI211_X1 cells:       73
ABC RESULTS:          AOI21_X1 cells:      198
ABC RESULTS:         AOI221_X1 cells:       65
ABC RESULTS:         AOI222_X1 cells:        5
ABC RESULTS:          AOI22_X1 cells:       61
ABC RESULTS:            INV_X1 cells:       22
ABC RESULTS:           MUX2_X1 cells:        6
ABC RESULTS:          NAND2_X1 cells:      183
ABC RESULTS:          NAND3_X1 cells:      104
ABC RESULTS:          NAND4_X1 cells:       22
ABC RESULTS:           NOR2_X1 cells:      118
ABC RESULTS:           NOR3_X1 cells:       60
ABC RESULTS:           NOR4_X1 cells:       11
ABC RESULTS:         OAI211_X1 cells:       83
ABC RESULTS:          OAI21_X1 cells:      192
ABC RESULTS:         OAI221_X1 cells:       77
ABC RESULTS:          OAI22_X1 cells:       61
ABC RESULTS:          OAI33_X1 cells:       10
ABC RESULTS:            OR2_X1 cells:       23
ABC RESULTS:            OR3_X1 cells:       29
ABC RESULTS:            OR4_X1 cells:       24
ABC RESULTS:          XNOR2_X1 cells:      212
ABC RESULTS:           XOR2_X1 cells:       66
ABC RESULTS:        internal signals:     2152
ABC RESULTS:           input signals:       75
ABC RESULTS:          output signals:       32
Removing temp directory.
Removing global temp directory.
Removed 0 unused cells and 2259 unused wires.

6. Printing statistics.

=== aes_isa_ext ===

        +----------Local Count, excluding submodules.
        |        +-Local Area, excluding submodules.
        |        | 
     2070        - wires
     4527        - wire bits
      318        - public wires
     2775        - public wire bits
        6        - ports
      130        - port bits
     1784 2.17E+03 cells
       40    42.56   AND2_X1
       22    29.26   AND3_X1
       17   27.132   AND4_X1
       73    97.09   AOI211_X1
      198  210.672   AOI21_X1
       65   103.74   AOI221_X1
        5    10.64   AOI222_X1
       61    81.13   AOI22_X1
       22   11.704   INV_X1
        6   11.172   MUX2_X1
      183  146.034   NAND2_X1
      104  110.656   NAND3_X1
       22    29.26   NAND4_X1
      118   94.164   NOR2_X1
       60    63.84   NOR3_X1
       11    14.63   NOR4_X1
       83   110.39   OAI211_X1
      192  204.288   OAI21_X1
       77  122.892   OAI221_X1
       61    81.13   OAI22_X1
       10    18.62   OAI33_X1
       23   24.472   OR2_X1
       29    38.57   OR3_X1
       24   38.304   OR4_X1
      212  338.352   XNOR2_X1
       66  105.336   XOR2_X1

   Chip area for module '\aes_isa_ext': 2166.038000
     of which used for sequential elements: 0.000000 (0.00%)

7. Executing Verilog backend.
Dumping module `\aes_isa_ext'.

End of script. Logfile hash: fd865c187a, time: 4.32s, user: 0.61s, system: 0.03s, MEM: 56.89 MB peak
Yosys 0.64 (git sha1 d8dab5b32666564eca8e18f412973853ce006e61, clang++ 21.0.0 -fPIC -O3)
Time spent: 55% 2x abc (0 sec), 16% 1x proc_mux (0 sec), ...
