
 /----------------------------------------------------------------------------\
 |  yosys -- Yosys Open SYnthesis Suite                                       |
 |  Copyright (C) 2012 - 2026  Claire Xenia Wolf <claire@yosyshq.com>         |
 |  Distributed under an ISC-like license, type "license" to see terms        |
 \----------------------------------------------------------------------------/
 Yosys 0.64 (git sha1 d8dab5b32666564eca8e18f412973853ce006e61, clang++ 21.0.0 -fPIC -O3)

-- Executing script file `/tmp/yosys_XXXXXX.ys' --

1. Executing Verilog-2005 frontend: ../rtl/crypto/india_pdf_engine.v
Parsing SystemVerilog input from `../rtl/crypto/india_pdf_engine.v' to AST representation.
Generating RTLIL representation for module `\india_pdf_engine'.
Successfully finished Verilog frontend.

2. Executing HIERARCHY pass (managing design hierarchy).

2.1. Analyzing design hierarchy..
Top module:  \india_pdf_engine

2.2. Analyzing design hierarchy..
Top module:  \india_pdf_engine
Removed 0 unused modules.

3. Executing SYNTH pass.

3.1. Executing HIERARCHY pass (managing design hierarchy).

3.1.1. Analyzing design hierarchy..
Top module:  \india_pdf_engine

3.1.2. Analyzing design hierarchy..
Top module:  \india_pdf_engine
Removed 0 unused modules.

3.2. Executing PROC pass (convert processes to netlists).

3.2.1. Executing PROC_CLEAN pass (remove empty switches from decision trees).
Cleaned up 0 empty switches.

3.2.2. Executing PROC_RMDEAD pass (remove dead branches from decision trees).
Removed 2 dead cases from process $proc$../rtl/crypto/india_pdf_engine.v:490$59 in module india_pdf_engine.
Marked 24 switch rules as full_case in process $proc$../rtl/crypto/india_pdf_engine.v:490$59 in module india_pdf_engine.
Marked 3 switch rules as full_case in process $proc$../rtl/crypto/india_pdf_engine.v:433$54 in module india_pdf_engine.
Marked 3 switch rules as full_case in process $proc$../rtl/crypto/india_pdf_engine.v:346$44 in module india_pdf_engine.
Removed a total of 2 dead cases.

3.2.3. Executing PROC_PRUNE pass (remove redundant assignments in processes).
Removed 6 redundant assignments.
Promoted 169 assignments to connections.

3.2.4. Executing PROC_INIT pass (extract init attributes).

3.2.5. Executing PROC_ARST pass (detect async resets in processes).
Found async reset \rst_n in `\india_pdf_engine.$proc$../rtl/crypto/india_pdf_engine.v:490$59'.
Found async reset \rst_n in `\india_pdf_engine.$proc$../rtl/crypto/india_pdf_engine.v:433$54'.
Found async reset \rst_n in `\india_pdf_engine.$proc$../rtl/crypto/india_pdf_engine.v:346$44'.

3.2.6. Executing PROC_ROM pass (convert switches to ROMs).
Converted 0 switches.
<suppressed ~48 debug messages>

3.2.7. Executing PROC_MUX pass (convert decision trees to multiplexers).
Creating decoders for process `\india_pdf_engine.$proc$../rtl/crypto/india_pdf_engine.v:490$59'.
     1/4598: $2\ca30_step$func$../rtl/crypto/india_pdf_engine.v:266$42.ns[127:0]$562 [127]
     2/4598: $2\ca30_step$func$../rtl/crypto/india_pdf_engine.v:266$42.ns[127:0]$562 [120]
     3/4598: $2\ca30_step$func$../rtl/crypto/india_pdf_engine.v:266$42.ns[127:0]$562 [119]
     4/4598: $2\ca30_step$func$../rtl/crypto/india_pdf_engine.v:266$42.ns[127:0]$562 [118]
     5/4598: $2\ca30_step$func$../rtl/crypto/india_pdf_engine.v:266$42.ns[127:0]$562 [117]
     6/4598: $2\ca30_step$func$../rtl/crypto/india_pdf_engine.v:266$42.ns[127:0]$562 [116]
     7/4598: $2\ca30_step$func$../rtl/crypto/india_pdf_engine.v:266$42.ns[127:0]$562 [115]
     8/4598: $2\ca30_step$func$../rtl/crypto/india_pdf_engine.v:266$42.ns[127:0]$562 [114]
     9/4598: $2\ca30_step$func$../rtl/crypto/india_pdf_engine.v:266$42.ns[127:0]$562 [113]
    10/4598: $2\ca30_step$func$../rtl/crypto/india_pdf_engine.v:266$42.ns[127:0]$562 [112]
    11/4598: $2\ca30_step$func$../rtl/crypto/india_pdf_engine.v:266$42.ns[127:0]$562 [111]
    12/4598: $2\ca30_step$func$../rtl/crypto/india_pdf_engine.v:266$42.ns[127:0]$562 [110]
    13/4598: $2\ca30_step$func$../rtl/crypto/india_pdf_engine.v:266$42.ns[127:0]$562 [109]
    14/4598: $2\ca30_step$func$../rtl/crypto/india_pdf_engine.v:266$42.ns[127:0]$562 [108]
    15/4598: $2\ca30_step$func$../rtl/crypto/india_pdf_engine.v:266$42.ns[127:0]$562 [107]
    16/4598: $2\ca30_step$func$../rtl/crypto/india_pdf_engine.v:266$42.ns[127:0]$562 [106]
    17/4598: $2\ca30_step$func$../rtl/crypto/india_pdf_engine.v:266$42.ns[127:0]$562 [105]
    18/4598: $2\ca30_step$func$../rtl/crypto/india_pdf_engine.v:266$42.ns[127:0]$562 [104]
    19/4598: $2\ca30_step$func$../rtl/crypto/india_pdf_engine.v:266$42.ns[127:0]$562 [103]
    20/4598: $2\ca30_step$func$../rtl/crypto/india_pdf_engine.v:266$42.ns[127:0]$562 [102]
    21/4598: $2\ca30_step$func$../rtl/crypto/india_pdf_engine.v:266$42.ns[127:0]$562 [101]
    22/4598: $2\ca30_step$func$../rtl/crypto/india_pdf_engine.v:266$42.ns[127:0]$562 [100]
    23/4598: $2\ca30_step$func$../rtl/crypto/india_pdf_engine.v:266$42.ns[127:0]$562 [99]
    24/4598: $2\ca30_step$func$../rtl/crypto/india_pdf_engine.v:266$42.ns[127:0]$562 [98]
    25/4598: $2\ca30_step$func$../rtl/crypto/india_pdf_engine.v:266$42.ns[127:0]$562 [97]
    26/4598: $2\ca30_step$func$../rtl/crypto/india_pdf_engine.v:266$42.ns[127:0]$562 [96]
    27/4598: $2\ca30_step$func$../rtl/crypto/india_pdf_engine.v:266$42.ns[127:0]$562 [95]
    28/4598: $2\ca30_step$func$../rtl/crypto/india_pdf_engine.v:266$42.ns[127:0]$562 [94]
    29/4598: $2\ca30_step$func$../rtl/crypto/india_pdf_engine.v:266$42.ns[127:0]$562 [93]
    30/4598: $2\ca30_step$func$../rtl/crypto/india_pdf_engine.v:266$42.ns[127:0]$562 [92]
    31/4598: $2\ca30_step$func$../rtl/crypto/india_pdf_engine.v:266$42.ns[127:0]$562 [91]
    32/4598: $2\ca30_step$func$../rtl/crypto/india_pdf_engine.v:266$42.ns[127:0]$562 [90]
    33/4598: $2\ca30_step$func$../rtl/crypto/india_pdf_engine.v:266$42.ns[127:0]$562 [89]
    34/4598: $2\ca30_step$func$../rtl/crypto/india_pdf_engine.v:266$42.ns[127:0]$562 [88]
    35/4598: $2\ca30_step$func$../rtl/crypto/india_pdf_engine.v:266$42.ns[127:0]$562 [87]
    36/4598: $2\ca30_step$func$../rtl/crypto/india_pdf_engine.v:266$42.ns[127:0]$562 [86]
    37/4598: $2\ca30_step$func$../rtl/crypto/india_pdf_engine.v:266$42.ns[127:0]$562 [85]
    38/4598: $2\ca30_step$func$../rtl/crypto/india_pdf_engine.v:266$42.ns[127:0]$562 [84]
    39/4598: $2\ca30_step$func$../rtl/crypto/india_pdf_engine.v:266$42.ns[127:0]$562 [83]
    40/4598: $2\ca30_step$func$../rtl/crypto/india_pdf_engine.v:266$42.ns[127:0]$562 [82]
    41/4598: $2\ca30_step$func$../rtl/crypto/india_pdf_engine.v:266$42.ns[127:0]$562 [81]
    42/4598: $2\ca30_step$func$../rtl/crypto/india_pdf_engine.v:266$42.ns[127:0]$562 [80]
    43/4598: $2\ca30_step$func$../rtl/crypto/india_pdf_engine.v:266$42.ns[127:0]$562 [79]
    44/4598: $2\ca30_step$func$../rtl/crypto/india_pdf_engine.v:266$42.ns[127:0]$562 [78]
    45/4598: $2\ca30_step$func$../rtl/crypto/india_pdf_engine.v:266$42.ns[127:0]$562 [77]
    46/4598: $2\ca30_step$func$../rtl/crypto/india_pdf_engine.v:266$42.ns[127:0]$562 [76]
    47/4598: $2\ca30_step$func$../rtl/crypto/india_pdf_engine.v:266$42.ns[127:0]$562 [75]
    48/4598: $2\ca30_step$func$../rtl/crypto/india_pdf_engine.v:266$42.ns[127:0]$562 [74]
    49/4598: $2\ca30_step$func$../rtl/crypto/india_pdf_engine.v:266$42.ns[127:0]$562 [73]
    50/4598: $2\ca30_step$func$../rtl/crypto/india_pdf_engine.v:266$42.ns[127:0]$562 [72]
    51/4598: $2\ca30_step$func$../rtl/crypto/india_pdf_engine.v:266$42.ns[127:0]$562 [71]
    52/4598: $2\ca30_step$func$../rtl/crypto/india_pdf_engine.v:266$42.ns[127:0]$562 [70]
    53/4598: $2\ca30_step$func$../rtl/crypto/india_pdf_engine.v:266$42.ns[127:0]$562 [69]
    54/4598: $2\ca30_step$func$../rtl/crypto/india_pdf_engine.v:266$42.ns[127:0]$562 [68]
    55/4598: $2\ca30_step$func$../rtl/crypto/india_pdf_engine.v:266$42.ns[127:0]$562 [67]
    56/4598: $2\ca30_step$func$../rtl/crypto/india_pdf_engine.v:266$42.ns[127:0]$562 [66]
    57/4598: $2\ca30_step$func$../rtl/crypto/india_pdf_engine.v:266$42.ns[127:0]$562 [65]
    58/4598: $2\ca30_step$func$../rtl/crypto/india_pdf_engine.v:266$42.ns[127:0]$562 [64]
    59/4598: $2\ca30_step$func$../rtl/crypto/india_pdf_engine.v:266$42.ns[127:0]$562 [63]
    60/4598: $2\ca30_step$func$../rtl/crypto/india_pdf_engine.v:266$42.ns[127:0]$562 [62]
    61/4598: $2\ca30_step$func$../rtl/crypto/india_pdf_engine.v:266$42.ns[127:0]$562 [61]
    62/4598: $2\ca30_step$func$../rtl/crypto/india_pdf_engine.v:266$42.ns[127:0]$562 [60]
    63/4598: $2\ca30_step$func$../rtl/crypto/india_pdf_engine.v:266$42.ns[127:0]$562 [59]
    64/4598: $2\ca30_step$func$../rtl/crypto/india_pdf_engine.v:266$42.ns[127:0]$562 [58]
    65/4598: $2\ca30_step$func$../rtl/crypto/india_pdf_engine.v:266$42.ns[127:0]$562 [57]
    66/4598: $2\ca30_step$func$../rtl/crypto/india_pdf_engine.v:266$42.ns[127:0]$562 [56]
    67/4598: $2\ca30_step$func$../rtl/crypto/india_pdf_engine.v:266$42.ns[127:0]$562 [55]
    68/4598: $2\ca30_step$func$../rtl/crypto/india_pdf_engine.v:266$42.ns[127:0]$562 [54]
    69/4598: $2\ca30_step$func$../rtl/crypto/india_pdf_engine.v:266$42.ns[127:0]$562 [53]
    70/4598: $2\ca30_step$func$../rtl/crypto/india_pdf_engine.v:266$42.ns[127:0]$562 [52]
    71/4598: $2\ca30_step$func$../rtl/crypto/india_pdf_engine.v:266$42.ns[127:0]$562 [51]
    72/4598: $2\ca30_step$func$../rtl/crypto/india_pdf_engine.v:266$42.ns[127:0]$562 [50]
    73/4598: $2\ca30_step$func$../rtl/crypto/india_pdf_engine.v:266$42.ns[127:0]$562 [49]
    74/4598: $2\ca30_step$func$../rtl/crypto/india_pdf_engine.v:266$42.ns[127:0]$562 [48]
    75/4598: $2\ca30_step$func$../rtl/crypto/india_pdf_engine.v:266$42.ns[127:0]$562 [47]
    76/4598: $2\ca30_step$func$../rtl/crypto/india_pdf_engine.v:266$42.ns[127:0]$562 [46]
    77/4598: $2\ca30_step$func$../rtl/crypto/india_pdf_engine.v:266$42.ns[127:0]$562 [45]
    78/4598: $2\ca30_step$func$../rtl/crypto/india_pdf_engine.v:266$42.ns[127:0]$562 [44]
    79/4598: $2\ca30_step$func$../rtl/crypto/india_pdf_engine.v:266$42.ns[127:0]$562 [43]
    80/4598: $2\ca30_step$func$../rtl/crypto/india_pdf_engine.v:266$42.ns[127:0]$562 [42]
    81/4598: $2\ca30_step$func$../rtl/crypto/india_pdf_engine.v:266$42.ns[127:0]$562 [41]
    82/4598: $2\ca30_step$func$../rtl/crypto/india_pdf_engine.v:266$42.ns[127:0]$562 [40]
    83/4598: $2\ca30_step$func$../rtl/crypto/india_pdf_engine.v:266$42.ns[127:0]$562 [39]
    84/4598: $2\ca30_step$func$../rtl/crypto/india_pdf_engine.v:266$42.ns[127:0]$562 [38]
    85/4598: $2\ca30_step$func$../rtl/crypto/india_pdf_engine.v:266$42.ns[127:0]$562 [37]
    86/4598: $2\ca30_step$func$../rtl/crypto/india_pdf_engine.v:266$42.ns[127:0]$562 [36]
    87/4598: $2\ca30_step$func$../rtl/crypto/india_pdf_engine.v:266$42.ns[127:0]$562 [35]
    88/4598: $2\ca30_step$func$../rtl/crypto/india_pdf_engine.v:266$42.ns[127:0]$562 [34]
    89/4598: $2\ca30_step$func$../rtl/crypto/india_pdf_engine.v:266$42.ns[127:0]$562 [33]
    90/4598: $2\ca30_step$func$../rtl/crypto/india_pdf_engine.v:266$42.ns[127:0]$562 [32]
    91/4598: $2\ca30_step$func$../rtl/crypto/india_pdf_engine.v:266$42.ns[127:0]$562 [31]
    92/4598: $2\ca30_step$func$../rtl/crypto/india_pdf_engine.v:266$42.ns[127:0]$562 [30]
    93/4598: $2\ca30_step$func$../rtl/crypto/india_pdf_engine.v:266$42.ns[127:0]$562 [29]
    94/4598: $2\ca30_step$func$../rtl/crypto/india_pdf_engine.v:266$42.ns[127:0]$562 [28]
    95/4598: $2\ca30_step$func$../rtl/crypto/india_pdf_engine.v:266$42.ns[127:0]$562 [27]
    96/4598: $2\ca30_step$func$../rtl/crypto/india_pdf_engine.v:266$42.ns[127:0]$562 [26]
    97/4598: $2\ca30_step$func$../rtl/crypto/india_pdf_engine.v:266$42.ns[127:0]$562 [25]
    98/4598: $2\ca30_step$func$../rtl/crypto/india_pdf_engine.v:266$42.ns[127:0]$562 [24]
    99/4598: $2\ca30_step$func$../rtl/crypto/india_pdf_engine.v:266$42.ns[127:0]$562 [23]
   100/4598: $2\ca30_step$func$../rtl/crypto/india_pdf_engine.v:266$42.ns[127:0]$562 [22]
   101/4598: $2\ca30_step$func$../rtl/crypto/india_pdf_engine.v:266$42.ns[127:0]$562 [21]
   102/4598: $2\ca30_step$func$../rtl/crypto/india_pdf_engine.v:266$42.ns[127:0]$562 [20]
   103/4598: $2\ca30_step$func$../rtl/crypto/india_pdf_engine.v:266$42.ns[127:0]$562 [19]
   104/4598: $2\ca30_step$func$../rtl/crypto/india_pdf_engine.v:266$42.ns[127:0]$562 [18]
   105/4598: $2\ca30_step$func$../rtl/crypto/india_pdf_engine.v:266$42.ns[127:0]$562 [17]
   106/4598: $2\ca30_step$func$../rtl/crypto/india_pdf_engine.v:266$42.ns[127:0]$562 [16]
   107/4598: $2\ca30_step$func$../rtl/crypto/india_pdf_engine.v:266$42.ns[127:0]$562 [15]
   108/4598: $2\ca30_step$func$../rtl/crypto/india_pdf_engine.v:266$42.ns[127:0]$562 [14]
   109/4598: $2\ca30_step$func$../rtl/crypto/india_pdf_engine.v:266$42.ns[127:0]$562 [13]
   110/4598: $2\ca30_step$func$../rtl/crypto/india_pdf_engine.v:266$42.ns[127:0]$562 [12]
   111/4598: $2\ca30_step$func$../rtl/crypto/india_pdf_engine.v:266$42.ns[127:0]$562 [11]
   112/4598: $2\ca30_step$func$../rtl/crypto/india_pdf_engine.v:266$42.ns[127:0]$562 [10]
   113/4598: $2\ca30_step$func$../rtl/crypto/india_pdf_engine.v:266$42.ns[127:0]$562 [9]
   114/4598: $2\ca30_step$func$../rtl/crypto/india_pdf_engine.v:266$42.ns[127:0]$562 [8]
   115/4598: $2\ca30_step$func$../rtl/crypto/india_pdf_engine.v:266$42.ns[127:0]$562 [7]
   116/4598: $2\ca30_step$func$../rtl/crypto/india_pdf_engine.v:266$42.ns[127:0]$562 [6]
   117/4598: $2\ca30_step$func$../rtl/crypto/india_pdf_engine.v:266$42.ns[127:0]$562 [5]
   118/4598: $2\ca30_step$func$../rtl/crypto/india_pdf_engine.v:266$42.ns[127:0]$562 [4]
   119/4598: $2\ca30_step$func$../rtl/crypto/india_pdf_engine.v:266$42.ns[127:0]$562 [3]
   120/4598: $2\ca30_step$func$../rtl/crypto/india_pdf_engine.v:266$42.ns[127:0]$562 [2]
   121/4598: $2\ca30_step$func$../rtl/crypto/india_pdf_engine.v:266$42.ns[127:0]$562 [1]
   122/4598: $2\ca30_step$func$../rtl/crypto/india_pdf_engine.v:266$42.ns[127:0]$562 [0]
   123/4598: $2\ca30_step$func$../rtl/crypto/india_pdf_engine.v:265$41.ns[127:0]$558 [127]
   124/4598: $2\ca30_step$func$../rtl/crypto/india_pdf_engine.v:265$41.ns[127:0]$558 [126]
   125/4598: $2\ca30_step$func$../rtl/crypto/india_pdf_engine.v:265$41.ns[127:0]$558 [125]
   126/4598: $2\ca30_step$func$../rtl/crypto/india_pdf_engine.v:265$41.ns[127:0]$558 [124]
   127/4598: $2\ca30_step$func$../rtl/crypto/india_pdf_engine.v:265$41.ns[127:0]$558 [123]
   128/4598: $2\ca30_step$func$../rtl/crypto/india_pdf_engine.v:265$41.ns[127:0]$558 [122]
   129/4598: $2\ca30_step$func$../rtl/crypto/india_pdf_engine.v:265$41.ns[127:0]$558 [120]
   130/4598: $2\ca30_step$func$../rtl/crypto/india_pdf_engine.v:265$41.ns[127:0]$558 [119]
   131/4598: $2\ca30_step$func$../rtl/crypto/india_pdf_engine.v:265$41.ns[127:0]$558 [118]
   132/4598: $2\ca30_step$func$../rtl/crypto/india_pdf_engine.v:265$41.ns[127:0]$558 [117]
   133/4598: $2\ca30_step$func$../rtl/crypto/india_pdf_engine.v:265$41.ns[127:0]$558 [116]
   134/4598: $2\ca30_step$func$../rtl/crypto/india_pdf_engine.v:265$41.ns[127:0]$558 [115]
   135/4598: $2\ca30_step$func$../rtl/crypto/india_pdf_engine.v:265$41.ns[127:0]$558 [114]
   136/4598: $2\ca30_step$func$../rtl/crypto/india_pdf_engine.v:265$41.ns[127:0]$558 [113]
   137/4598: $2\ca30_step$func$../rtl/crypto/india_pdf_engine.v:265$41.ns[127:0]$558 [112]
   138/4598: $2\ca30_step$func$../rtl/crypto/india_pdf_engine.v:265$41.ns[127:0]$558 [111]
   139/4598: $2\ca30_step$func$../rtl/crypto/india_pdf_engine.v:265$41.ns[127:0]$558 [110]
   140/4598: $2\ca30_step$func$../rtl/crypto/india_pdf_engine.v:265$41.ns[127:0]$558 [109]
   141/4598: $2\ca30_step$func$../rtl/crypto/india_pdf_engine.v:265$41.ns[127:0]$558 [108]
   142/4598: $2\ca30_step$func$../rtl/crypto/india_pdf_engine.v:265$41.ns[127:0]$558 [107]
   143/4598: $2\ca30_step$func$../rtl/crypto/india_pdf_engine.v:265$41.ns[127:0]$558 [106]
   144/4598: $2\ca30_step$func$../rtl/crypto/india_pdf_engine.v:265$41.ns[127:0]$558 [105]
   145/4598: $2\ca30_step$func$../rtl/crypto/india_pdf_engine.v:265$41.ns[127:0]$558 [104]
   146/4598: $2\ca30_step$func$../rtl/crypto/india_pdf_engine.v:265$41.ns[127:0]$558 [103]
   147/4598: $2\ca30_step$func$../rtl/crypto/india_pdf_engine.v:265$41.ns[127:0]$558 [102]
   148/4598: $2\ca30_step$func$../rtl/crypto/india_pdf_engine.v:265$41.ns[127:0]$558 [101]
   149/4598: $2\ca30_step$func$../rtl/crypto/india_pdf_engine.v:265$41.ns[127:0]$558 [100]
   150/4598: $2\ca30_step$func$../rtl/crypto/india_pdf_engine.v:265$41.ns[127:0]$558 [99]
   151/4598: $2\ca30_step$func$../rtl/crypto/india_pdf_engine.v:265$41.ns[127:0]$558 [98]
   152/4598: $2\ca30_step$func$../rtl/crypto/india_pdf_engine.v:265$41.ns[127:0]$558 [97]
   153/4598: $2\ca30_step$func$../rtl/crypto/india_pdf_engine.v:265$41.ns[127:0]$558 [96]
   154/4598: $2\ca30_step$func$../rtl/crypto/india_pdf_engine.v:265$41.ns[127:0]$558 [95]
   155/4598: $2\ca30_step$func$../rtl/crypto/india_pdf_engine.v:265$41.ns[127:0]$558 [94]
   156/4598: $2\ca30_step$func$../rtl/crypto/india_pdf_engine.v:265$41.ns[127:0]$558 [93]
   157/4598: $2\ca30_step$func$../rtl/crypto/india_pdf_engine.v:265$41.ns[127:0]$558 [92]
   158/4598: $2\ca30_step$func$../rtl/crypto/india_pdf_engine.v:265$41.ns[127:0]$558 [91]
   159/4598: $2\ca30_step$func$../rtl/crypto/india_pdf_engine.v:265$41.ns[127:0]$558 [90]
   160/4598: $2\ca30_step$func$../rtl/crypto/india_pdf_engine.v:265$41.ns[127:0]$558 [89]
   161/4598: $2\ca30_step$func$../rtl/crypto/india_pdf_engine.v:265$41.ns[127:0]$558 [88]
   162/4598: $2\ca30_step$func$../rtl/crypto/india_pdf_engine.v:265$41.ns[127:0]$558 [87]
   163/4598: $2\ca30_step$func$../rtl/crypto/india_pdf_engine.v:265$41.ns[127:0]$558 [86]
   164/4598: $2\ca30_step$func$../rtl/crypto/india_pdf_engine.v:265$41.ns[127:0]$558 [85]
   165/4598: $2\ca30_step$func$../rtl/crypto/india_pdf_engine.v:265$41.ns[127:0]$558 [84]
   166/4598: $2\ca30_step$func$../rtl/crypto/india_pdf_engine.v:265$41.ns[127:0]$558 [83]
   167/4598: $2\ca30_step$func$../rtl/crypto/india_pdf_engine.v:265$41.ns[127:0]$558 [82]
   168/4598: $2\ca30_step$func$../rtl/crypto/india_pdf_engine.v:265$41.ns[127:0]$558 [81]
   169/4598: $2\ca30_step$func$../rtl/crypto/india_pdf_engine.v:265$41.ns[127:0]$558 [80]
   170/4598: $2\ca30_step$func$../rtl/crypto/india_pdf_engine.v:265$41.ns[127:0]$558 [79]
   171/4598: $2\ca30_step$func$../rtl/crypto/india_pdf_engine.v:265$41.ns[127:0]$558 [78]
   172/4598: $2\ca30_step$func$../rtl/crypto/india_pdf_engine.v:265$41.ns[127:0]$558 [77]
   173/4598: $2\ca30_step$func$../rtl/crypto/india_pdf_engine.v:265$41.ns[127:0]$558 [76]
   174/4598: $2\ca30_step$func$../rtl/crypto/india_pdf_engine.v:265$41.ns[127:0]$558 [75]
   175/4598: $2\ca30_step$func$../rtl/crypto/india_pdf_engine.v:265$41.ns[127:0]$558 [74]
   176/4598: $2\ca30_step$func$../rtl/crypto/india_pdf_engine.v:265$41.ns[127:0]$558 [73]
   177/4598: $2\ca30_step$func$../rtl/crypto/india_pdf_engine.v:265$41.ns[127:0]$558 [72]
   178/4598: $2\ca30_step$func$../rtl/crypto/india_pdf_engine.v:265$41.ns[127:0]$558 [71]
   179/4598: $2\ca30_step$func$../rtl/crypto/india_pdf_engine.v:265$41.ns[127:0]$558 [70]
   180/4598: $2\ca30_step$func$../rtl/crypto/india_pdf_engine.v:265$41.ns[127:0]$558 [69]
   181/4598: $2\ca30_step$func$../rtl/crypto/india_pdf_engine.v:265$41.ns[127:0]$558 [68]
   182/4598: $2\ca30_step$func$../rtl/crypto/india_pdf_engine.v:265$41.ns[127:0]$558 [67]
   183/4598: $2\ca30_step$func$../rtl/crypto/india_pdf_engine.v:265$41.ns[127:0]$558 [66]
   184/4598: $2\ca30_step$func$../rtl/crypto/india_pdf_engine.v:265$41.ns[127:0]$558 [65]
   185/4598: $2\ca30_step$func$../rtl/crypto/india_pdf_engine.v:265$41.ns[127:0]$558 [64]
   186/4598: $2\ca30_step$func$../rtl/crypto/india_pdf_engine.v:265$41.ns[127:0]$558 [63]
   187/4598: $2\ca30_step$func$../rtl/crypto/india_pdf_engine.v:265$41.ns[127:0]$558 [62]
   188/4598: $2\ca30_step$func$../rtl/crypto/india_pdf_engine.v:265$41.ns[127:0]$558 [61]
   189/4598: $2\ca30_step$func$../rtl/crypto/india_pdf_engine.v:265$41.ns[127:0]$558 [60]
   190/4598: $2\ca30_step$func$../rtl/crypto/india_pdf_engine.v:265$41.ns[127:0]$558 [59]
   191/4598: $2\ca30_step$func$../rtl/crypto/india_pdf_engine.v:265$41.ns[127:0]$558 [58]
   192/4598: $2\ca30_step$func$../rtl/crypto/india_pdf_engine.v:265$41.ns[127:0]$558 [57]
   193/4598: $2\ca30_step$func$../rtl/crypto/india_pdf_engine.v:265$41.ns[127:0]$558 [56]
   194/4598: $2\ca30_step$func$../rtl/crypto/india_pdf_engine.v:265$41.ns[127:0]$558 [55]
   195/4598: $2\ca30_step$func$../rtl/crypto/india_pdf_engine.v:265$41.ns[127:0]$558 [54]
   196/4598: $2\ca30_step$func$../rtl/crypto/india_pdf_engine.v:265$41.ns[127:0]$558 [53]
   197/4598: $2\ca30_step$func$../rtl/crypto/india_pdf_engine.v:265$41.ns[127:0]$558 [52]
   198/4598: $2\ca30_step$func$../rtl/crypto/india_pdf_engine.v:265$41.ns[127:0]$558 [51]
   199/4598: $2\ca30_step$func$../rtl/crypto/india_pdf_engine.v:265$41.ns[127:0]$558 [50]
   200/4598: $2\ca30_step$func$../rtl/crypto/india_pdf_engine.v:265$41.ns[127:0]$558 [49]
   201/4598: $2\ca30_step$func$../rtl/crypto/india_pdf_engine.v:265$41.ns[127:0]$558 [48]
   202/4598: $2\ca30_step$func$../rtl/crypto/india_pdf_engine.v:265$41.ns[127:0]$558 [47]
   203/4598: $2\ca30_step$func$../rtl/crypto/india_pdf_engine.v:265$41.ns[127:0]$558 [46]
   204/4598: $2\ca30_step$func$../rtl/crypto/india_pdf_engine.v:265$41.ns[127:0]$558 [45]
   205/4598: $2\ca30_step$func$../rtl/crypto/india_pdf_engine.v:265$41.ns[127:0]$558 [44]
   206/4598: $2\ca30_step$func$../rtl/crypto/india_pdf_engine.v:265$41.ns[127:0]$558 [43]
   207/4598: $2\ca30_step$func$../rtl/crypto/india_pdf_engine.v:265$41.ns[127:0]$558 [42]
   208/4598: $2\ca30_step$func$../rtl/crypto/india_pdf_engine.v:265$41.ns[127:0]$558 [41]
   209/4598: $2\ca30_step$func$../rtl/crypto/india_pdf_engine.v:265$41.ns[127:0]$558 [40]
   210/4598: $2\ca30_step$func$../rtl/crypto/india_pdf_engine.v:265$41.ns[127:0]$558 [39]
   211/4598: $2\ca30_step$func$../rtl/crypto/india_pdf_engine.v:265$41.ns[127:0]$558 [38]
   212/4598: $2\ca30_step$func$../rtl/crypto/india_pdf_engine.v:265$41.ns[127:0]$558 [37]
   213/4598: $2\ca30_step$func$../rtl/crypto/india_pdf_engine.v:265$41.ns[127:0]$558 [36]
   214/4598: $2\ca30_step$func$../rtl/crypto/india_pdf_engine.v:265$41.ns[127:0]$558 [35]
   215/4598: $2\ca30_step$func$../rtl/crypto/india_pdf_engine.v:265$41.ns[127:0]$558 [34]
   216/4598: $2\ca30_step$func$../rtl/crypto/india_pdf_engine.v:265$41.ns[127:0]$558 [33]
   217/4598: $2\ca30_step$func$../rtl/crypto/india_pdf_engine.v:265$41.ns[127:0]$558 [32]
   218/4598: $2\ca30_step$func$../rtl/crypto/india_pdf_engine.v:265$41.ns[127:0]$558 [31]
   219/4598: $2\ca30_step$func$../rtl/crypto/india_pdf_engine.v:265$41.ns[127:0]$558 [30]
   220/4598: $2\ca30_step$func$../rtl/crypto/india_pdf_engine.v:265$41.ns[127:0]$558 [29]
   221/4598: $2\ca30_step$func$../rtl/crypto/india_pdf_engine.v:265$41.ns[127:0]$558 [28]
   222/4598: $2\ca30_step$func$../rtl/crypto/india_pdf_engine.v:265$41.ns[127:0]$558 [27]
   223/4598: $2\ca30_step$func$../rtl/crypto/india_pdf_engine.v:265$41.ns[127:0]$558 [26]
   224/4598: $2\ca30_step$func$../rtl/crypto/india_pdf_engine.v:265$41.ns[127:0]$558 [25]
   225/4598: $2\ca30_step$func$../rtl/crypto/india_pdf_engine.v:265$41.ns[127:0]$558 [24]
   226/4598: $2\ca30_step$func$../rtl/crypto/india_pdf_engine.v:265$41.ns[127:0]$558 [23]
   227/4598: $2\ca30_step$func$../rtl/crypto/india_pdf_engine.v:265$41.ns[127:0]$558 [22]
   228/4598: $2\ca30_step$func$../rtl/crypto/india_pdf_engine.v:265$41.ns[127:0]$558 [21]
   229/4598: $2\ca30_step$func$../rtl/crypto/india_pdf_engine.v:265$41.ns[127:0]$558 [20]
   230/4598: $2\ca30_step$func$../rtl/crypto/india_pdf_engine.v:265$41.ns[127:0]$558 [19]
   231/4598: $2\ca30_step$func$../rtl/crypto/india_pdf_engine.v:265$41.ns[127:0]$558 [18]
   232/4598: $2\ca30_step$func$../rtl/crypto/india_pdf_engine.v:265$41.ns[127:0]$558 [17]
   233/4598: $2\ca30_step$func$../rtl/crypto/india_pdf_engine.v:265$41.ns[127:0]$558 [16]
   234/4598: $2\ca30_step$func$../rtl/crypto/india_pdf_engine.v:265$41.ns[127:0]$558 [15]
   235/4598: $2\ca30_step$func$../rtl/crypto/india_pdf_engine.v:265$41.ns[127:0]$558 [14]
   236/4598: $2\ca30_step$func$../rtl/crypto/india_pdf_engine.v:265$41.ns[127:0]$558 [13]
   237/4598: $2\ca30_step$func$../rtl/crypto/india_pdf_engine.v:265$41.ns[127:0]$558 [12]
   238/4598: $2\ca30_step$func$../rtl/crypto/india_pdf_engine.v:265$41.ns[127:0]$558 [11]
   239/4598: $2\ca30_step$func$../rtl/crypto/india_pdf_engine.v:265$41.ns[127:0]$558 [10]
   240/4598: $2\ca30_step$func$../rtl/crypto/india_pdf_engine.v:265$41.ns[127:0]$558 [9]
   241/4598: $2\ca30_step$func$../rtl/crypto/india_pdf_engine.v:265$41.ns[127:0]$558 [8]
   242/4598: $2\ca30_step$func$../rtl/crypto/india_pdf_engine.v:265$41.ns[127:0]$558 [7]
   243/4598: $2\ca30_step$func$../rtl/crypto/india_pdf_engine.v:265$41.ns[127:0]$558 [6]
   244/4598: $2\ca30_step$func$../rtl/crypto/india_pdf_engine.v:265$41.ns[127:0]$558 [5]
   245/4598: $2\ca30_step$func$../rtl/crypto/india_pdf_engine.v:265$41.ns[127:0]$558 [4]
   246/4598: $2\ca30_step$func$../rtl/crypto/india_pdf_engine.v:265$41.ns[127:0]$558 [3]
   247/4598: $2\ca30_step$func$../rtl/crypto/india_pdf_engine.v:265$41.ns[127:0]$558 [2]
   248/4598: $2\ca30_step$func$../rtl/crypto/india_pdf_engine.v:265$41.ns[127:0]$558 [1]
   249/4598: $2\ca30_step$func$../rtl/crypto/india_pdf_engine.v:265$41.ns[127:0]$558 [0]
   250/4598: $2\ca30_step$func$../rtl/crypto/india_pdf_engine.v:264$40.ns[127:0]$554 [127]
   251/4598: $2\ca30_step$func$../rtl/crypto/india_pdf_engine.v:264$40.ns[127:0]$554 [126]
   252/4598: $2\ca30_step$func$../rtl/crypto/india_pdf_engine.v:264$40.ns[127:0]$554 [125]
   253/4598: $2\ca30_step$func$../rtl/crypto/india_pdf_engine.v:264$40.ns[127:0]$554 [124]
   254/4598: $2\ca30_step$func$../rtl/crypto/india_pdf_engine.v:264$40.ns[127:0]$554 [123]
   255/4598: $2\ca30_step$func$../rtl/crypto/india_pdf_engine.v:264$40.ns[127:0]$554 [122]
   256/4598: $2\ca30_step$func$../rtl/crypto/india_pdf_engine.v:264$40.ns[127:0]$554 [120]
   257/4598: $2\ca30_step$func$../rtl/crypto/india_pdf_engine.v:264$40.ns[127:0]$554 [119]
   258/4598: $2\ca30_step$func$../rtl/crypto/india_pdf_engine.v:264$40.ns[127:0]$554 [118]
   259/4598: $2\ca30_step$func$../rtl/crypto/india_pdf_engine.v:264$40.ns[127:0]$554 [117]
   260/4598: $2\ca30_step$func$../rtl/crypto/india_pdf_engine.v:264$40.ns[127:0]$554 [116]
   261/4598: $2\ca30_step$func$../rtl/crypto/india_pdf_engine.v:264$40.ns[127:0]$554 [115]
   262/4598: $2\ca30_step$func$../rtl/crypto/india_pdf_engine.v:264$40.ns[127:0]$554 [114]
   263/4598: $2\ca30_step$func$../rtl/crypto/india_pdf_engine.v:264$40.ns[127:0]$554 [113]
   264/4598: $2\ca30_step$func$../rtl/crypto/india_pdf_engine.v:264$40.ns[127:0]$554 [112]
   265/4598: $2\ca30_step$func$../rtl/crypto/india_pdf_engine.v:264$40.ns[127:0]$554 [111]
   266/4598: $2\ca30_step$func$../rtl/crypto/india_pdf_engine.v:264$40.ns[127:0]$554 [110]
   267/4598: $2\ca30_step$func$../rtl/crypto/india_pdf_engine.v:264$40.ns[127:0]$554 [109]
   268/4598: $2\ca30_step$func$../rtl/crypto/india_pdf_engine.v:264$40.ns[127:0]$554 [108]
   269/4598: $2\ca30_step$func$../rtl/crypto/india_pdf_engine.v:264$40.ns[127:0]$554 [107]
   270/4598: $2\ca30_step$func$../rtl/crypto/india_pdf_engine.v:264$40.ns[127:0]$554 [106]
   271/4598: $2\ca30_step$func$../rtl/crypto/india_pdf_engine.v:264$40.ns[127:0]$554 [105]
   272/4598: $2\ca30_step$func$../rtl/crypto/india_pdf_engine.v:264$40.ns[127:0]$554 [104]
   273/4598: $2\ca30_step$func$../rtl/crypto/india_pdf_engine.v:264$40.ns[127:0]$554 [103]
   274/4598: $2\ca30_step$func$../rtl/crypto/india_pdf_engine.v:264$40.ns[127:0]$554 [102]
   275/4598: $2\ca30_step$func$../rtl/crypto/india_pdf_engine.v:264$40.ns[127:0]$554 [101]
   276/4598: $2\ca30_step$func$../rtl/crypto/india_pdf_engine.v:264$40.ns[127:0]$554 [100]
   277/4598: $2\ca30_step$func$../rtl/crypto/india_pdf_engine.v:264$40.ns[127:0]$554 [99]
   278/4598: $2\ca30_step$func$../rtl/crypto/india_pdf_engine.v:264$40.ns[127:0]$554 [98]
   279/4598: $2\ca30_step$func$../rtl/crypto/india_pdf_engine.v:264$40.ns[127:0]$554 [97]
   280/4598: $2\ca30_step$func$../rtl/crypto/india_pdf_engine.v:264$40.ns[127:0]$554 [96]
   281/4598: $2\ca30_step$func$../rtl/crypto/india_pdf_engine.v:264$40.ns[127:0]$554 [95]
   282/4598: $2\ca30_step$func$../rtl/crypto/india_pdf_engine.v:264$40.ns[127:0]$554 [94]
   283/4598: $2\ca30_step$func$../rtl/crypto/india_pdf_engine.v:264$40.ns[127:0]$554 [93]
   284/4598: $2\ca30_step$func$../rtl/crypto/india_pdf_engine.v:264$40.ns[127:0]$554 [92]
   285/4598: $2\ca30_step$func$../rtl/crypto/india_pdf_engine.v:264$40.ns[127:0]$554 [91]
   286/4598: $2\ca30_step$func$../rtl/crypto/india_pdf_engine.v:264$40.ns[127:0]$554 [90]
   287/4598: $2\ca30_step$func$../rtl/crypto/india_pdf_engine.v:264$40.ns[127:0]$554 [89]
   288/4598: $2\ca30_step$func$../rtl/crypto/india_pdf_engine.v:264$40.ns[127:0]$554 [88]
   289/4598: $2\ca30_step$func$../rtl/crypto/india_pdf_engine.v:264$40.ns[127:0]$554 [87]
   290/4598: $2\ca30_step$func$../rtl/crypto/india_pdf_engine.v:264$40.ns[127:0]$554 [86]
   291/4598: $2\ca30_step$func$../rtl/crypto/india_pdf_engine.v:264$40.ns[127:0]$554 [85]
   292/4598: $2\ca30_step$func$../rtl/crypto/india_pdf_engine.v:264$40.ns[127:0]$554 [84]
   293/4598: $2\ca30_step$func$../rtl/crypto/india_pdf_engine.v:264$40.ns[127:0]$554 [83]
   294/4598: $2\ca30_step$func$../rtl/crypto/india_pdf_engine.v:264$40.ns[127:0]$554 [82]
   295/4598: $2\ca30_step$func$../rtl/crypto/india_pdf_engine.v:264$40.ns[127:0]$554 [81]
   296/4598: $2\ca30_step$func$../rtl/crypto/india_pdf_engine.v:264$40.ns[127:0]$554 [80]
   297/4598: $2\ca30_step$func$../rtl/crypto/india_pdf_engine.v:264$40.ns[127:0]$554 [79]
   298/4598: $2\ca30_step$func$../rtl/crypto/india_pdf_engine.v:264$40.ns[127:0]$554 [78]
   299/4598: $2\ca30_step$func$../rtl/crypto/india_pdf_engine.v:264$40.ns[127:0]$554 [77]
   300/4598: $2\ca30_step$func$../rtl/crypto/india_pdf_engine.v:264$40.ns[127:0]$554 [76]
   301/4598: $2\ca30_step$func$../rtl/crypto/india_pdf_engine.v:264$40.ns[127:0]$554 [75]
   302/4598: $2\ca30_step$func$../rtl/crypto/india_pdf_engine.v:264$40.ns[127:0]$554 [74]
   303/4598: $2\ca30_step$func$../rtl/crypto/india_pdf_engine.v:264$40.ns[127:0]$554 [73]
   304/4598: $2\ca30_step$func$../rtl/crypto/india_pdf_engine.v:264$40.ns[127:0]$554 [72]
   305/4598: $2\ca30_step$func$../rtl/crypto/india_pdf_engine.v:264$40.ns[127:0]$554 [71]
   306/4598: $2\ca30_step$func$../rtl/crypto/india_pdf_engine.v:264$40.ns[127:0]$554 [70]
   307/4598: $2\ca30_step$func$../rtl/crypto/india_pdf_engine.v:264$40.ns[127:0]$554 [69]
   308/4598: $2\ca30_step$func$../rtl/crypto/india_pdf_engine.v:264$40.ns[127:0]$554 [68]
   309/4598: $2\ca30_step$func$../rtl/crypto/india_pdf_engine.v:264$40.ns[127:0]$554 [67]
   310/4598: $2\ca30_step$func$../rtl/crypto/india_pdf_engine.v:264$40.ns[127:0]$554 [66]
   311/4598: $2\ca30_step$func$../rtl/crypto/india_pdf_engine.v:264$40.ns[127:0]$554 [65]
   312/4598: $2\ca30_step$func$../rtl/crypto/india_pdf_engine.v:264$40.ns[127:0]$554 [64]
   313/4598: $2\ca30_step$func$../rtl/crypto/india_pdf_engine.v:264$40.ns[127:0]$554 [63]
   314/4598: $2\ca30_step$func$../rtl/crypto/india_pdf_engine.v:264$40.ns[127:0]$554 [62]
   315/4598: $2\ca30_step$func$../rtl/crypto/india_pdf_engine.v:264$40.ns[127:0]$554 [61]
   316/4598: $2\ca30_step$func$../rtl/crypto/india_pdf_engine.v:264$40.ns[127:0]$554 [60]
   317/4598: $2\ca30_step$func$../rtl/crypto/india_pdf_engine.v:264$40.ns[127:0]$554 [59]
   318/4598: $2\ca30_step$func$../rtl/crypto/india_pdf_engine.v:264$40.ns[127:0]$554 [58]
   319/4598: $2\ca30_step$func$../rtl/crypto/india_pdf_engine.v:264$40.ns[127:0]$554 [57]
   320/4598: $2\ca30_step$func$../rtl/crypto/india_pdf_engine.v:264$40.ns[127:0]$554 [56]
   321/4598: $2\ca30_step$func$../rtl/crypto/india_pdf_engine.v:264$40.ns[127:0]$554 [55]
   322/4598: $2\ca30_step$func$../rtl/crypto/india_pdf_engine.v:264$40.ns[127:0]$554 [54]
   323/4598: $2\ca30_step$func$../rtl/crypto/india_pdf_engine.v:264$40.ns[127:0]$554 [53]
   324/4598: $2\ca30_step$func$../rtl/crypto/india_pdf_engine.v:264$40.ns[127:0]$554 [52]
   325/4598: $2\ca30_step$func$../rtl/crypto/india_pdf_engine.v:264$40.ns[127:0]$554 [51]
   326/4598: $2\ca30_step$func$../rtl/crypto/india_pdf_engine.v:264$40.ns[127:0]$554 [50]
   327/4598: $2\ca30_step$func$../rtl/crypto/india_pdf_engine.v:264$40.ns[127:0]$554 [49]
   328/4598: $2\ca30_step$func$../rtl/crypto/india_pdf_engine.v:264$40.ns[127:0]$554 [48]
   329/4598: $2\ca30_step$func$../rtl/crypto/india_pdf_engine.v:264$40.ns[127:0]$554 [47]
   330/4598: $2\ca30_step$func$../rtl/crypto/india_pdf_engine.v:264$40.ns[127:0]$554 [46]
   331/4598: $2\ca30_step$func$../rtl/crypto/india_pdf_engine.v:264$40.ns[127:0]$554 [45]
   332/4598: $2\ca30_step$func$../rtl/crypto/india_pdf_engine.v:264$40.ns[127:0]$554 [44]
   333/4598: $2\ca30_step$func$../rtl/crypto/india_pdf_engine.v:264$40.ns[127:0]$554 [43]
   334/4598: $2\ca30_step$func$../rtl/crypto/india_pdf_engine.v:264$40.ns[127:0]$554 [42]
   335/4598: $2\ca30_step$func$../rtl/crypto/india_pdf_engine.v:264$40.ns[127:0]$554 [41]
   336/4598: $2\ca30_step$func$../rtl/crypto/india_pdf_engine.v:264$40.ns[127:0]$554 [40]
   337/4598: $2\ca30_step$func$../rtl/crypto/india_pdf_engine.v:264$40.ns[127:0]$554 [39]
   338/4598: $2\ca30_step$func$../rtl/crypto/india_pdf_engine.v:264$40.ns[127:0]$554 [38]
   339/4598: $2\ca30_step$func$../rtl/crypto/india_pdf_engine.v:264$40.ns[127:0]$554 [37]
   340/4598: $2\ca30_step$func$../rtl/crypto/india_pdf_engine.v:264$40.ns[127:0]$554 [36]
   341/4598: $2\ca30_step$func$../rtl/crypto/india_pdf_engine.v:264$40.ns[127:0]$554 [35]
   342/4598: $2\ca30_step$func$../rtl/crypto/india_pdf_engine.v:264$40.ns[127:0]$554 [34]
   343/4598: $2\ca30_step$func$../rtl/crypto/india_pdf_engine.v:264$40.ns[127:0]$554 [33]
   344/4598: $2\ca30_step$func$../rtl/crypto/india_pdf_engine.v:264$40.ns[127:0]$554 [32]
   345/4598: $2\ca30_step$func$../rtl/crypto/india_pdf_engine.v:264$40.ns[127:0]$554 [31]
   346/4598: $2\ca30_step$func$../rtl/crypto/india_pdf_engine.v:264$40.ns[127:0]$554 [30]
   347/4598: $2\ca30_step$func$../rtl/crypto/india_pdf_engine.v:264$40.ns[127:0]$554 [29]
   348/4598: $2\ca30_step$func$../rtl/crypto/india_pdf_engine.v:264$40.ns[127:0]$554 [28]
   349/4598: $2\ca30_step$func$../rtl/crypto/india_pdf_engine.v:264$40.ns[127:0]$554 [27]
   350/4598: $2\ca30_step$func$../rtl/crypto/india_pdf_engine.v:264$40.ns[127:0]$554 [26]
   351/4598: $2\ca30_step$func$../rtl/crypto/india_pdf_engine.v:264$40.ns[127:0]$554 [25]
   352/4598: $2\ca30_step$func$../rtl/crypto/india_pdf_engine.v:264$40.ns[127:0]$554 [24]
   353/4598: $2\ca30_step$func$../rtl/crypto/india_pdf_engine.v:264$40.ns[127:0]$554 [23]
   354/4598: $2\ca30_step$func$../rtl/crypto/india_pdf_engine.v:264$40.ns[127:0]$554 [22]
   355/4598: $2\ca30_step$func$../rtl/crypto/india_pdf_engine.v:264$40.ns[127:0]$554 [21]
   356/4598: $2\ca30_step$func$../rtl/crypto/india_pdf_engine.v:264$40.ns[127:0]$554 [20]
   357/4598: $2\ca30_step$func$../rtl/crypto/india_pdf_engine.v:264$40.ns[127:0]$554 [19]
   358/4598: $2\ca30_step$func$../rtl/crypto/india_pdf_engine.v:264$40.ns[127:0]$554 [18]
   359/4598: $2\ca30_step$func$../rtl/crypto/india_pdf_engine.v:264$40.ns[127:0]$554 [17]
   360/4598: $2\ca30_step$func$../rtl/crypto/india_pdf_engine.v:264$40.ns[127:0]$554 [16]
   361/4598: $2\ca30_step$func$../rtl/crypto/india_pdf_engine.v:264$40.ns[127:0]$554 [15]
   362/4598: $2\ca30_step$func$../rtl/crypto/india_pdf_engine.v:264$40.ns[127:0]$554 [14]
   363/4598: $2\ca30_step$func$../rtl/crypto/india_pdf_engine.v:264$40.ns[127:0]$554 [13]
   364/4598: $2\ca30_step$func$../rtl/crypto/india_pdf_engine.v:264$40.ns[127:0]$554 [12]
   365/4598: $2\ca30_step$func$../rtl/crypto/india_pdf_engine.v:264$40.ns[127:0]$554 [11]
   366/4598: $2\ca30_step$func$../rtl/crypto/india_pdf_engine.v:264$40.ns[127:0]$554 [10]
   367/4598: $2\ca30_step$func$../rtl/crypto/india_pdf_engine.v:264$40.ns[127:0]$554 [9]
   368/4598: $2\ca30_step$func$../rtl/crypto/india_pdf_engine.v:264$40.ns[127:0]$554 [8]
   369/4598: $2\ca30_step$func$../rtl/crypto/india_pdf_engine.v:264$40.ns[127:0]$554 [7]
   370/4598: $2\ca30_step$func$../rtl/crypto/india_pdf_engine.v:264$40.ns[127:0]$554 [6]
   371/4598: $2\ca30_step$func$../rtl/crypto/india_pdf_engine.v:264$40.ns[127:0]$554 [5]
   372/4598: $2\ca30_step$func$../rtl/crypto/india_pdf_engine.v:264$40.ns[127:0]$554 [4]
   373/4598: $2\ca30_step$func$../rtl/crypto/india_pdf_engine.v:264$40.ns[127:0]$554 [3]
   374/4598: $2\ca30_step$func$../rtl/crypto/india_pdf_engine.v:264$40.ns[127:0]$554 [2]
   375/4598: $2\ca30_step$func$../rtl/crypto/india_pdf_engine.v:264$40.ns[127:0]$554 [1]
   376/4598: $2\ca30_step$func$../rtl/crypto/india_pdf_engine.v:264$40.ns[127:0]$554 [0]
   377/4598: $2\ca30_step$func$../rtl/crypto/india_pdf_engine.v:263$39.ns[127:0]$550 [127]
   378/4598: $2\ca30_step$func$../rtl/crypto/india_pdf_engine.v:263$39.ns[127:0]$550 [126]
   379/4598: $2\ca30_step$func$../rtl/crypto/india_pdf_engine.v:263$39.ns[127:0]$550 [125]
   380/4598: $2\ca30_step$func$../rtl/crypto/india_pdf_engine.v:263$39.ns[127:0]$550 [124]
   381/4598: $2\ca30_step$func$../rtl/crypto/india_pdf_engine.v:263$39.ns[127:0]$550 [123]
   382/4598: $2\ca30_step$func$../rtl/crypto/india_pdf_engine.v:263$39.ns[127:0]$550 [122]
   383/4598: $2\ca30_step$func$../rtl/crypto/india_pdf_engine.v:263$39.ns[127:0]$550 [120]
   384/4598: $2\ca30_step$func$../rtl/crypto/india_pdf_engine.v:263$39.ns[127:0]$550 [119]
   385/4598: $2\ca30_step$func$../rtl/crypto/india_pdf_engine.v:263$39.ns[127:0]$550 [118]
   386/4598: $2\ca30_step$func$../rtl/crypto/india_pdf_engine.v:263$39.ns[127:0]$550 [117]
   387/4598: $2\ca30_step$func$../rtl/crypto/india_pdf_engine.v:263$39.ns[127:0]$550 [116]
   388/4598: $2\ca30_step$func$../rtl/crypto/india_pdf_engine.v:263$39.ns[127:0]$550 [115]
   389/4598: $2\ca30_step$func$../rtl/crypto/india_pdf_engine.v:263$39.ns[127:0]$550 [114]
   390/4598: $2\ca30_step$func$../rtl/crypto/india_pdf_engine.v:263$39.ns[127:0]$550 [113]
   391/4598: $2\ca30_step$func$../rtl/crypto/india_pdf_engine.v:263$39.ns[127:0]$550 [112]
   392/4598: $2\ca30_step$func$../rtl/crypto/india_pdf_engine.v:263$39.ns[127:0]$550 [111]
   393/4598: $2\ca30_step$func$../rtl/crypto/india_pdf_engine.v:263$39.ns[127:0]$550 [110]
   394/4598: $2\ca30_step$func$../rtl/crypto/india_pdf_engine.v:263$39.ns[127:0]$550 [109]
   395/4598: $2\ca30_step$func$../rtl/crypto/india_pdf_engine.v:263$39.ns[127:0]$550 [108]
   396/4598: $2\ca30_step$func$../rtl/crypto/india_pdf_engine.v:263$39.ns[127:0]$550 [107]
   397/4598: $2\ca30_step$func$../rtl/crypto/india_pdf_engine.v:263$39.ns[127:0]$550 [106]
   398/4598: $2\ca30_step$func$../rtl/crypto/india_pdf_engine.v:263$39.ns[127:0]$550 [105]
   399/4598: $2\ca30_step$func$../rtl/crypto/india_pdf_engine.v:263$39.ns[127:0]$550 [104]
   400/4598: $2\ca30_step$func$../rtl/crypto/india_pdf_engine.v:263$39.ns[127:0]$550 [103]
   401/4598: $2\ca30_step$func$../rtl/crypto/india_pdf_engine.v:263$39.ns[127:0]$550 [102]
   402/4598: $2\ca30_step$func$../rtl/crypto/india_pdf_engine.v:263$39.ns[127:0]$550 [101]
   403/4598: $2\ca30_step$func$../rtl/crypto/india_pdf_engine.v:263$39.ns[127:0]$550 [100]
   404/4598: $2\ca30_step$func$../rtl/crypto/india_pdf_engine.v:263$39.ns[127:0]$550 [99]
   405/4598: $2\ca30_step$func$../rtl/crypto/india_pdf_engine.v:263$39.ns[127:0]$550 [98]
   406/4598: $2\ca30_step$func$../rtl/crypto/india_pdf_engine.v:263$39.ns[127:0]$550 [97]
   407/4598: $2\ca30_step$func$../rtl/crypto/india_pdf_engine.v:263$39.ns[127:0]$550 [96]
   408/4598: $2\ca30_step$func$../rtl/crypto/india_pdf_engine.v:263$39.ns[127:0]$550 [95]
   409/4598: $2\ca30_step$func$../rtl/crypto/india_pdf_engine.v:263$39.ns[127:0]$550 [94]
   410/4598: $2\ca30_step$func$../rtl/crypto/india_pdf_engine.v:263$39.ns[127:0]$550 [93]
   411/4598: $2\ca30_step$func$../rtl/crypto/india_pdf_engine.v:263$39.ns[127:0]$550 [92]
   412/4598: $2\ca30_step$func$../rtl/crypto/india_pdf_engine.v:263$39.ns[127:0]$550 [91]
   413/4598: $2\ca30_step$func$../rtl/crypto/india_pdf_engine.v:263$39.ns[127:0]$550 [90]
   414/4598: $2\ca30_step$func$../rtl/crypto/india_pdf_engine.v:263$39.ns[127:0]$550 [89]
   415/4598: $2\ca30_step$func$../rtl/crypto/india_pdf_engine.v:263$39.ns[127:0]$550 [88]
   416/4598: $2\ca30_step$func$../rtl/crypto/india_pdf_engine.v:263$39.ns[127:0]$550 [87]
   417/4598: $2\ca30_step$func$../rtl/crypto/india_pdf_engine.v:263$39.ns[127:0]$550 [86]
   418/4598: $2\ca30_step$func$../rtl/crypto/india_pdf_engine.v:263$39.ns[127:0]$550 [85]
   419/4598: $2\ca30_step$func$../rtl/crypto/india_pdf_engine.v:263$39.ns[127:0]$550 [84]
   420/4598: $2\ca30_step$func$../rtl/crypto/india_pdf_engine.v:263$39.ns[127:0]$550 [83]
   421/4598: $2\ca30_step$func$../rtl/crypto/india_pdf_engine.v:263$39.ns[127:0]$550 [82]
   422/4598: $2\ca30_step$func$../rtl/crypto/india_pdf_engine.v:263$39.ns[127:0]$550 [81]
   423/4598: $2\ca30_step$func$../rtl/crypto/india_pdf_engine.v:263$39.ns[127:0]$550 [80]
   424/4598: $2\ca30_step$func$../rtl/crypto/india_pdf_engine.v:263$39.ns[127:0]$550 [79]
   425/4598: $2\ca30_step$func$../rtl/crypto/india_pdf_engine.v:263$39.ns[127:0]$550 [78]
   426/4598: $2\ca30_step$func$../rtl/crypto/india_pdf_engine.v:263$39.ns[127:0]$550 [77]
   427/4598: $2\ca30_step$func$../rtl/crypto/india_pdf_engine.v:263$39.ns[127:0]$550 [76]
   428/4598: $2\ca30_step$func$../rtl/crypto/india_pdf_engine.v:263$39.ns[127:0]$550 [75]
   429/4598: $2\ca30_step$func$../rtl/crypto/india_pdf_engine.v:263$39.ns[127:0]$550 [74]
   430/4598: $2\ca30_step$func$../rtl/crypto/india_pdf_engine.v:263$39.ns[127:0]$550 [73]
   431/4598: $2\ca30_step$func$../rtl/crypto/india_pdf_engine.v:263$39.ns[127:0]$550 [72]
   432/4598: $2\ca30_step$func$../rtl/crypto/india_pdf_engine.v:263$39.ns[127:0]$550 [71]
   433/4598: $2\ca30_step$func$../rtl/crypto/india_pdf_engine.v:263$39.ns[127:0]$550 [70]
   434/4598: $2\ca30_step$func$../rtl/crypto/india_pdf_engine.v:263$39.ns[127:0]$550 [69]
   435/4598: $2\ca30_step$func$../rtl/crypto/india_pdf_engine.v:263$39.ns[127:0]$550 [68]
   436/4598: $2\ca30_step$func$../rtl/crypto/india_pdf_engine.v:263$39.ns[127:0]$550 [67]
   437/4598: $2\ca30_step$func$../rtl/crypto/india_pdf_engine.v:263$39.ns[127:0]$550 [66]
   438/4598: $2\ca30_step$func$../rtl/crypto/india_pdf_engine.v:263$39.ns[127:0]$550 [65]
   439/4598: $2\ca30_step$func$../rtl/crypto/india_pdf_engine.v:263$39.ns[127:0]$550 [64]
   440/4598: $2\ca30_step$func$../rtl/crypto/india_pdf_engine.v:263$39.ns[127:0]$550 [63]
   441/4598: $2\ca30_step$func$../rtl/crypto/india_pdf_engine.v:263$39.ns[127:0]$550 [62]
   442/4598: $2\ca30_step$func$../rtl/crypto/india_pdf_engine.v:263$39.ns[127:0]$550 [61]
   443/4598: $2\ca30_step$func$../rtl/crypto/india_pdf_engine.v:263$39.ns[127:0]$550 [60]
   444/4598: $2\ca30_step$func$../rtl/crypto/india_pdf_engine.v:263$39.ns[127:0]$550 [59]
   445/4598: $2\ca30_step$func$../rtl/crypto/india_pdf_engine.v:263$39.ns[127:0]$550 [58]
   446/4598: $2\ca30_step$func$../rtl/crypto/india_pdf_engine.v:263$39.ns[127:0]$550 [57]
   447/4598: $2\ca30_step$func$../rtl/crypto/india_pdf_engine.v:263$39.ns[127:0]$550 [56]
   448/4598: $2\ca30_step$func$../rtl/crypto/india_pdf_engine.v:263$39.ns[127:0]$550 [55]
   449/4598: $2\ca30_step$func$../rtl/crypto/india_pdf_engine.v:263$39.ns[127:0]$550 [54]
   450/4598: $2\ca30_step$func$../rtl/crypto/india_pdf_engine.v:263$39.ns[127:0]$550 [53]
   451/4598: $2\ca30_step$func$../rtl/crypto/india_pdf_engine.v:263$39.ns[127:0]$550 [52]
   452/4598: $2\ca30_step$func$../rtl/crypto/india_pdf_engine.v:263$39.ns[127:0]$550 [51]
   453/4598: $2\ca30_step$func$../rtl/crypto/india_pdf_engine.v:263$39.ns[127:0]$550 [50]
   454/4598: $2\ca30_step$func$../rtl/crypto/india_pdf_engine.v:263$39.ns[127:0]$550 [49]
   455/4598: $2\ca30_step$func$../rtl/crypto/india_pdf_engine.v:263$39.ns[127:0]$550 [48]
   456/4598: $2\ca30_step$func$../rtl/crypto/india_pdf_engine.v:263$39.ns[127:0]$550 [47]
   457/4598: $2\ca30_step$func$../rtl/crypto/india_pdf_engine.v:263$39.ns[127:0]$550 [46]
   458/4598: $2\ca30_step$func$../rtl/crypto/india_pdf_engine.v:263$39.ns[127:0]$550 [45]
   459/4598: $2\ca30_step$func$../rtl/crypto/india_pdf_engine.v:263$39.ns[127:0]$550 [44]
   460/4598: $2\ca30_step$func$../rtl/crypto/india_pdf_engine.v:263$39.ns[127:0]$550 [43]
   461/4598: $2\ca30_step$func$../rtl/crypto/india_pdf_engine.v:263$39.ns[127:0]$550 [42]
   462/4598: $2\ca30_step$func$../rtl/crypto/india_pdf_engine.v:263$39.ns[127:0]$550 [41]
   463/4598: $2\ca30_step$func$../rtl/crypto/india_pdf_engine.v:263$39.ns[127:0]$550 [40]
   464/4598: $2\ca30_step$func$../rtl/crypto/india_pdf_engine.v:263$39.ns[127:0]$550 [39]
   465/4598: $2\ca30_step$func$../rtl/crypto/india_pdf_engine.v:263$39.ns[127:0]$550 [38]
   466/4598: $2\ca30_step$func$../rtl/crypto/india_pdf_engine.v:263$39.ns[127:0]$550 [37]
   467/4598: $2\ca30_step$func$../rtl/crypto/india_pdf_engine.v:263$39.ns[127:0]$550 [36]
   468/4598: $2\ca30_step$func$../rtl/crypto/india_pdf_engine.v:263$39.ns[127:0]$550 [35]
   469/4598: $2\ca30_step$func$../rtl/crypto/india_pdf_engine.v:263$39.ns[127:0]$550 [34]
   470/4598: $2\ca30_step$func$../rtl/crypto/india_pdf_engine.v:263$39.ns[127:0]$550 [33]
   471/4598: $2\ca30_step$func$../rtl/crypto/india_pdf_engine.v:263$39.ns[127:0]$550 [32]
   472/4598: $2\ca30_step$func$../rtl/crypto/india_pdf_engine.v:263$39.ns[127:0]$550 [31]
   473/4598: $2\ca30_step$func$../rtl/crypto/india_pdf_engine.v:263$39.ns[127:0]$550 [30]
   474/4598: $2\ca30_step$func$../rtl/crypto/india_pdf_engine.v:263$39.ns[127:0]$550 [29]
   475/4598: $2\ca30_step$func$../rtl/crypto/india_pdf_engine.v:263$39.ns[127:0]$550 [28]
   476/4598: $2\ca30_step$func$../rtl/crypto/india_pdf_engine.v:263$39.ns[127:0]$550 [27]
   477/4598: $2\ca30_step$func$../rtl/crypto/india_pdf_engine.v:263$39.ns[127:0]$550 [26]
   478/4598: $2\ca30_step$func$../rtl/crypto/india_pdf_engine.v:263$39.ns[127:0]$550 [25]
   479/4598: $2\ca30_step$func$../rtl/crypto/india_pdf_engine.v:263$39.ns[127:0]$550 [24]
   480/4598: $2\ca30_step$func$../rtl/crypto/india_pdf_engine.v:263$39.ns[127:0]$550 [23]
   481/4598: $2\ca30_step$func$../rtl/crypto/india_pdf_engine.v:263$39.ns[127:0]$550 [22]
   482/4598: $2\ca30_step$func$../rtl/crypto/india_pdf_engine.v:263$39.ns[127:0]$550 [21]
   483/4598: $2\ca30_step$func$../rtl/crypto/india_pdf_engine.v:263$39.ns[127:0]$550 [20]
   484/4598: $2\ca30_step$func$../rtl/crypto/india_pdf_engine.v:263$39.ns[127:0]$550 [19]
   485/4598: $2\ca30_step$func$../rtl/crypto/india_pdf_engine.v:263$39.ns[127:0]$550 [18]
   486/4598: $2\ca30_step$func$../rtl/crypto/india_pdf_engine.v:263$39.ns[127:0]$550 [17]
   487/4598: $2\ca30_step$func$../rtl/crypto/india_pdf_engine.v:263$39.ns[127:0]$550 [16]
   488/4598: $2\ca30_step$func$../rtl/crypto/india_pdf_engine.v:263$39.ns[127:0]$550 [15]
   489/4598: $2\ca30_step$func$../rtl/crypto/india_pdf_engine.v:263$39.ns[127:0]$550 [14]
   490/4598: $2\ca30_step$func$../rtl/crypto/india_pdf_engine.v:263$39.ns[127:0]$550 [13]
   491/4598: $2\ca30_step$func$../rtl/crypto/india_pdf_engine.v:263$39.ns[127:0]$550 [12]
   492/4598: $2\ca30_step$func$../rtl/crypto/india_pdf_engine.v:263$39.ns[127:0]$550 [11]
   493/4598: $2\ca30_step$func$../rtl/crypto/india_pdf_engine.v:263$39.ns[127:0]$550 [10]
   494/4598: $2\ca30_step$func$../rtl/crypto/india_pdf_engine.v:263$39.ns[127:0]$550 [9]
   495/4598: $2\ca30_step$func$../rtl/crypto/india_pdf_engine.v:263$39.ns[127:0]$550 [8]
   496/4598: $2\ca30_step$func$../rtl/crypto/india_pdf_engine.v:263$39.ns[127:0]$550 [7]
   497/4598: $2\ca30_step$func$../rtl/crypto/india_pdf_engine.v:263$39.ns[127:0]$550 [6]
   498/4598: $2\ca30_step$func$../rtl/crypto/india_pdf_engine.v:263$39.ns[127:0]$550 [5]
   499/4598: $2\ca30_step$func$../rtl/crypto/india_pdf_engine.v:263$39.ns[127:0]$550 [4]
   500/4598: $2\ca30_step$func$../rtl/crypto/india_pdf_engine.v:263$39.ns[127:0]$550 [3]
   501/4598: $2\ca30_step$func$../rtl/crypto/india_pdf_engine.v:263$39.ns[127:0]$550 [2]
   502/4598: $2\ca30_step$func$../rtl/crypto/india_pdf_engine.v:263$39.ns[127:0]$550 [1]
   503/4598: $2\ca30_step$func$../rtl/crypto/india_pdf_engine.v:263$39.ns[127:0]$550 [0]
   504/4598: $2\ca30_step$func$../rtl/crypto/india_pdf_engine.v:262$38.ns[127:0]$546 [127]
   505/4598: $2\ca30_step$func$../rtl/crypto/india_pdf_engine.v:262$38.ns[127:0]$546 [126]
   506/4598: $2\ca30_step$func$../rtl/crypto/india_pdf_engine.v:262$38.ns[127:0]$546 [125]
   507/4598: $2\ca30_step$func$../rtl/crypto/india_pdf_engine.v:262$38.ns[127:0]$546 [124]
   508/4598: $2\ca30_step$func$../rtl/crypto/india_pdf_engine.v:262$38.ns[127:0]$546 [123]
   509/4598: $2\ca30_step$func$../rtl/crypto/india_pdf_engine.v:262$38.ns[127:0]$546 [122]
   510/4598: $2\ca30_step$func$../rtl/crypto/india_pdf_engine.v:262$38.ns[127:0]$546 [120]
   511/4598: $2\ca30_step$func$../rtl/crypto/india_pdf_engine.v:262$38.ns[127:0]$546 [119]
   512/4598: $2\ca30_step$func$../rtl/crypto/india_pdf_engine.v:262$38.ns[127:0]$546 [118]
   513/4598: $2\ca30_step$func$../rtl/crypto/india_pdf_engine.v:262$38.ns[127:0]$546 [117]
   514/4598: $2\ca30_step$func$../rtl/crypto/india_pdf_engine.v:262$38.ns[127:0]$546 [116]
   515/4598: $2\ca30_step$func$../rtl/crypto/india_pdf_engine.v:262$38.ns[127:0]$546 [115]
   516/4598: $2\ca30_step$func$../rtl/crypto/india_pdf_engine.v:262$38.ns[127:0]$546 [114]
   517/4598: $2\ca30_step$func$../rtl/crypto/india_pdf_engine.v:262$38.ns[127:0]$546 [113]
   518/4598: $2\ca30_step$func$../rtl/crypto/india_pdf_engine.v:262$38.ns[127:0]$546 [112]
   519/4598: $2\ca30_step$func$../rtl/crypto/india_pdf_engine.v:262$38.ns[127:0]$546 [111]
   520/4598: $2\ca30_step$func$../rtl/crypto/india_pdf_engine.v:262$38.ns[127:0]$546 [110]
   521/4598: $2\ca30_step$func$../rtl/crypto/india_pdf_engine.v:262$38.ns[127:0]$546 [109]
   522/4598: $2\ca30_step$func$../rtl/crypto/india_pdf_engine.v:262$38.ns[127:0]$546 [108]
   523/4598: $2\ca30_step$func$../rtl/crypto/india_pdf_engine.v:262$38.ns[127:0]$546 [107]
   524/4598: $2\ca30_step$func$../rtl/crypto/india_pdf_engine.v:262$38.ns[127:0]$546 [106]
   525/4598: $2\ca30_step$func$../rtl/crypto/india_pdf_engine.v:262$38.ns[127:0]$546 [105]
   526/4598: $2\ca30_step$func$../rtl/crypto/india_pdf_engine.v:262$38.ns[127:0]$546 [104]
   527/4598: $2\ca30_step$func$../rtl/crypto/india_pdf_engine.v:262$38.ns[127:0]$546 [103]
   528/4598: $2\ca30_step$func$../rtl/crypto/india_pdf_engine.v:262$38.ns[127:0]$546 [102]
   529/4598: $2\ca30_step$func$../rtl/crypto/india_pdf_engine.v:262$38.ns[127:0]$546 [101]
   530/4598: $2\ca30_step$func$../rtl/crypto/india_pdf_engine.v:262$38.ns[127:0]$546 [100]
   531/4598: $2\ca30_step$func$../rtl/crypto/india_pdf_engine.v:262$38.ns[127:0]$546 [99]
   532/4598: $2\ca30_step$func$../rtl/crypto/india_pdf_engine.v:262$38.ns[127:0]$546 [98]
   533/4598: $2\ca30_step$func$../rtl/crypto/india_pdf_engine.v:262$38.ns[127:0]$546 [97]
   534/4598: $2\ca30_step$func$../rtl/crypto/india_pdf_engine.v:262$38.ns[127:0]$546 [96]
   535/4598: $2\ca30_step$func$../rtl/crypto/india_pdf_engine.v:262$38.ns[127:0]$546 [95]
   536/4598: $2\ca30_step$func$../rtl/crypto/india_pdf_engine.v:262$38.ns[127:0]$546 [94]
   537/4598: $2\ca30_step$func$../rtl/crypto/india_pdf_engine.v:262$38.ns[127:0]$546 [93]
   538/4598: $2\ca30_step$func$../rtl/crypto/india_pdf_engine.v:262$38.ns[127:0]$546 [92]
   539/4598: $2\ca30_step$func$../rtl/crypto/india_pdf_engine.v:262$38.ns[127:0]$546 [91]
   540/4598: $2\ca30_step$func$../rtl/crypto/india_pdf_engine.v:262$38.ns[127:0]$546 [90]
   541/4598: $2\ca30_step$func$../rtl/crypto/india_pdf_engine.v:262$38.ns[127:0]$546 [89]
   542/4598: $2\ca30_step$func$../rtl/crypto/india_pdf_engine.v:262$38.ns[127:0]$546 [88]
   543/4598: $2\ca30_step$func$../rtl/crypto/india_pdf_engine.v:262$38.ns[127:0]$546 [87]
   544/4598: $2\ca30_step$func$../rtl/crypto/india_pdf_engine.v:262$38.ns[127:0]$546 [86]
   545/4598: $2\ca30_step$func$../rtl/crypto/india_pdf_engine.v:262$38.ns[127:0]$546 [85]
   546/4598: $2\ca30_step$func$../rtl/crypto/india_pdf_engine.v:262$38.ns[127:0]$546 [84]
   547/4598: $2\ca30_step$func$../rtl/crypto/india_pdf_engine.v:262$38.ns[127:0]$546 [83]
   548/4598: $2\ca30_step$func$../rtl/crypto/india_pdf_engine.v:262$38.ns[127:0]$546 [82]
   549/4598: $2\ca30_step$func$../rtl/crypto/india_pdf_engine.v:262$38.ns[127:0]$546 [81]
   550/4598: $2\ca30_step$func$../rtl/crypto/india_pdf_engine.v:262$38.ns[127:0]$546 [80]
   551/4598: $2\ca30_step$func$../rtl/crypto/india_pdf_engine.v:262$38.ns[127:0]$546 [79]
   552/4598: $2\ca30_step$func$../rtl/crypto/india_pdf_engine.v:262$38.ns[127:0]$546 [78]
   553/4598: $2\ca30_step$func$../rtl/crypto/india_pdf_engine.v:262$38.ns[127:0]$546 [77]
   554/4598: $2\ca30_step$func$../rtl/crypto/india_pdf_engine.v:262$38.ns[127:0]$546 [76]
   555/4598: $2\ca30_step$func$../rtl/crypto/india_pdf_engine.v:262$38.ns[127:0]$546 [75]
   556/4598: $2\ca30_step$func$../rtl/crypto/india_pdf_engine.v:262$38.ns[127:0]$546 [74]
   557/4598: $2\ca30_step$func$../rtl/crypto/india_pdf_engine.v:262$38.ns[127:0]$546 [73]
   558/4598: $2\ca30_step$func$../rtl/crypto/india_pdf_engine.v:262$38.ns[127:0]$546 [72]
   559/4598: $2\ca30_step$func$../rtl/crypto/india_pdf_engine.v:262$38.ns[127:0]$546 [71]
   560/4598: $2\ca30_step$func$../rtl/crypto/india_pdf_engine.v:262$38.ns[127:0]$546 [70]
   561/4598: $2\ca30_step$func$../rtl/crypto/india_pdf_engine.v:262$38.ns[127:0]$546 [69]
   562/4598: $2\ca30_step$func$../rtl/crypto/india_pdf_engine.v:262$38.ns[127:0]$546 [68]
   563/4598: $2\ca30_step$func$../rtl/crypto/india_pdf_engine.v:262$38.ns[127:0]$546 [67]
   564/4598: $2\ca30_step$func$../rtl/crypto/india_pdf_engine.v:262$38.ns[127:0]$546 [66]
   565/4598: $2\ca30_step$func$../rtl/crypto/india_pdf_engine.v:262$38.ns[127:0]$546 [65]
   566/4598: $2\ca30_step$func$../rtl/crypto/india_pdf_engine.v:262$38.ns[127:0]$546 [64]
   567/4598: $2\ca30_step$func$../rtl/crypto/india_pdf_engine.v:262$38.ns[127:0]$546 [63]
   568/4598: $2\ca30_step$func$../rtl/crypto/india_pdf_engine.v:262$38.ns[127:0]$546 [62]
   569/4598: $2\ca30_step$func$../rtl/crypto/india_pdf_engine.v:262$38.ns[127:0]$546 [61]
   570/4598: $2\ca30_step$func$../rtl/crypto/india_pdf_engine.v:262$38.ns[127:0]$546 [60]
   571/4598: $2\ca30_step$func$../rtl/crypto/india_pdf_engine.v:262$38.ns[127:0]$546 [59]
   572/4598: $2\ca30_step$func$../rtl/crypto/india_pdf_engine.v:262$38.ns[127:0]$546 [58]
   573/4598: $2\ca30_step$func$../rtl/crypto/india_pdf_engine.v:262$38.ns[127:0]$546 [57]
   574/4598: $2\ca30_step$func$../rtl/crypto/india_pdf_engine.v:262$38.ns[127:0]$546 [56]
   575/4598: $2\ca30_step$func$../rtl/crypto/india_pdf_engine.v:262$38.ns[127:0]$546 [55]
   576/4598: $2\ca30_step$func$../rtl/crypto/india_pdf_engine.v:262$38.ns[127:0]$546 [54]
   577/4598: $2\ca30_step$func$../rtl/crypto/india_pdf_engine.v:262$38.ns[127:0]$546 [53]
   578/4598: $2\ca30_step$func$../rtl/crypto/india_pdf_engine.v:262$38.ns[127:0]$546 [52]
   579/4598: $2\ca30_step$func$../rtl/crypto/india_pdf_engine.v:262$38.ns[127:0]$546 [51]
   580/4598: $2\ca30_step$func$../rtl/crypto/india_pdf_engine.v:262$38.ns[127:0]$546 [50]
   581/4598: $2\ca30_step$func$../rtl/crypto/india_pdf_engine.v:262$38.ns[127:0]$546 [49]
   582/4598: $2\ca30_step$func$../rtl/crypto/india_pdf_engine.v:262$38.ns[127:0]$546 [48]
   583/4598: $2\ca30_step$func$../rtl/crypto/india_pdf_engine.v:262$38.ns[127:0]$546 [47]
   584/4598: $2\ca30_step$func$../rtl/crypto/india_pdf_engine.v:262$38.ns[127:0]$546 [46]
   585/4598: $2\ca30_step$func$../rtl/crypto/india_pdf_engine.v:262$38.ns[127:0]$546 [45]
   586/4598: $2\ca30_step$func$../rtl/crypto/india_pdf_engine.v:262$38.ns[127:0]$546 [44]
   587/4598: $2\ca30_step$func$../rtl/crypto/india_pdf_engine.v:262$38.ns[127:0]$546 [43]
   588/4598: $2\ca30_step$func$../rtl/crypto/india_pdf_engine.v:262$38.ns[127:0]$546 [42]
   589/4598: $2\ca30_step$func$../rtl/crypto/india_pdf_engine.v:262$38.ns[127:0]$546 [41]
   590/4598: $2\ca30_step$func$../rtl/crypto/india_pdf_engine.v:262$38.ns[127:0]$546 [40]
   591/4598: $2\ca30_step$func$../rtl/crypto/india_pdf_engine.v:262$38.ns[127:0]$546 [39]
   592/4598: $2\ca30_step$func$../rtl/crypto/india_pdf_engine.v:262$38.ns[127:0]$546 [38]
   593/4598: $2\ca30_step$func$../rtl/crypto/india_pdf_engine.v:262$38.ns[127:0]$546 [37]
   594/4598: $2\ca30_step$func$../rtl/crypto/india_pdf_engine.v:262$38.ns[127:0]$546 [36]
   595/4598: $2\ca30_step$func$../rtl/crypto/india_pdf_engine.v:262$38.ns[127:0]$546 [35]
   596/4598: $2\ca30_step$func$../rtl/crypto/india_pdf_engine.v:262$38.ns[127:0]$546 [34]
   597/4598: $2\ca30_step$func$../rtl/crypto/india_pdf_engine.v:262$38.ns[127:0]$546 [33]
   598/4598: $2\ca30_step$func$../rtl/crypto/india_pdf_engine.v:262$38.ns[127:0]$546 [32]
   599/4598: $2\ca30_step$func$../rtl/crypto/india_pdf_engine.v:262$38.ns[127:0]$546 [31]
   600/4598: $2\ca30_step$func$../rtl/crypto/india_pdf_engine.v:262$38.ns[127:0]$546 [30]
   601/4598: $2\ca30_step$func$../rtl/crypto/india_pdf_engine.v:262$38.ns[127:0]$546 [29]
   602/4598: $2\ca30_step$func$../rtl/crypto/india_pdf_engine.v:262$38.ns[127:0]$546 [28]
   603/4598: $2\ca30_step$func$../rtl/crypto/india_pdf_engine.v:262$38.ns[127:0]$546 [27]
   604/4598: $2\ca30_step$func$../rtl/crypto/india_pdf_engine.v:262$38.ns[127:0]$546 [26]
   605/4598: $2\ca30_step$func$../rtl/crypto/india_pdf_engine.v:262$38.ns[127:0]$546 [25]
   606/4598: $2\ca30_step$func$../rtl/crypto/india_pdf_engine.v:262$38.ns[127:0]$546 [24]
   607/4598: $2\ca30_step$func$../rtl/crypto/india_pdf_engine.v:262$38.ns[127:0]$546 [23]
   608/4598: $2\ca30_step$func$../rtl/crypto/india_pdf_engine.v:262$38.ns[127:0]$546 [22]
   609/4598: $2\ca30_step$func$../rtl/crypto/india_pdf_engine.v:262$38.ns[127:0]$546 [21]
   610/4598: $2\ca30_step$func$../rtl/crypto/india_pdf_engine.v:262$38.ns[127:0]$546 [20]
   611/4598: $2\ca30_step$func$../rtl/crypto/india_pdf_engine.v:262$38.ns[127:0]$546 [19]
   612/4598: $2\ca30_step$func$../rtl/crypto/india_pdf_engine.v:262$38.ns[127:0]$546 [18]
   613/4598: $2\ca30_step$func$../rtl/crypto/india_pdf_engine.v:262$38.ns[127:0]$546 [17]
   614/4598: $2\ca30_step$func$../rtl/crypto/india_pdf_engine.v:262$38.ns[127:0]$546 [16]
   615/4598: $2\ca30_step$func$../rtl/crypto/india_pdf_engine.v:262$38.ns[127:0]$546 [15]
   616/4598: $2\ca30_step$func$../rtl/crypto/india_pdf_engine.v:262$38.ns[127:0]$546 [14]
   617/4598: $2\ca30_step$func$../rtl/crypto/india_pdf_engine.v:262$38.ns[127:0]$546 [13]
   618/4598: $2\ca30_step$func$../rtl/crypto/india_pdf_engine.v:262$38.ns[127:0]$546 [12]
   619/4598: $2\ca30_step$func$../rtl/crypto/india_pdf_engine.v:262$38.ns[127:0]$546 [11]
   620/4598: $2\ca30_step$func$../rtl/crypto/india_pdf_engine.v:262$38.ns[127:0]$546 [10]
   621/4598: $2\ca30_step$func$../rtl/crypto/india_pdf_engine.v:262$38.ns[127:0]$546 [9]
   622/4598: $2\ca30_step$func$../rtl/crypto/india_pdf_engine.v:262$38.ns[127:0]$546 [8]
   623/4598: $2\ca30_step$func$../rtl/crypto/india_pdf_engine.v:262$38.ns[127:0]$546 [7]
   624/4598: $2\ca30_step$func$../rtl/crypto/india_pdf_engine.v:262$38.ns[127:0]$546 [6]
   625/4598: $2\ca30_step$func$../rtl/crypto/india_pdf_engine.v:262$38.ns[127:0]$546 [5]
   626/4598: $2\ca30_step$func$../rtl/crypto/india_pdf_engine.v:262$38.ns[127:0]$546 [4]
   627/4598: $2\ca30_step$func$../rtl/crypto/india_pdf_engine.v:262$38.ns[127:0]$546 [3]
   628/4598: $2\ca30_step$func$../rtl/crypto/india_pdf_engine.v:262$38.ns[127:0]$546 [2]
   629/4598: $2\ca30_step$func$../rtl/crypto/india_pdf_engine.v:262$38.ns[127:0]$546 [1]
   630/4598: $2\ca30_step$func$../rtl/crypto/india_pdf_engine.v:262$38.ns[127:0]$546 [0]
   631/4598: $2\ca30_step$func$../rtl/crypto/india_pdf_engine.v:261$37.ns[127:0]$542 [127]
   632/4598: $2\ca30_step$func$../rtl/crypto/india_pdf_engine.v:261$37.ns[127:0]$542 [126]
   633/4598: $2\ca30_step$func$../rtl/crypto/india_pdf_engine.v:261$37.ns[127:0]$542 [125]
   634/4598: $2\ca30_step$func$../rtl/crypto/india_pdf_engine.v:261$37.ns[127:0]$542 [124]
   635/4598: $2\ca30_step$func$../rtl/crypto/india_pdf_engine.v:261$37.ns[127:0]$542 [123]
   636/4598: $2\ca30_step$func$../rtl/crypto/india_pdf_engine.v:261$37.ns[127:0]$542 [122]
   637/4598: $2\ca30_step$func$../rtl/crypto/india_pdf_engine.v:261$37.ns[127:0]$542 [120]
   638/4598: $2\ca30_step$func$../rtl/crypto/india_pdf_engine.v:261$37.ns[127:0]$542 [119]
   639/4598: $2\ca30_step$func$../rtl/crypto/india_pdf_engine.v:261$37.ns[127:0]$542 [118]
   640/4598: $2\ca30_step$func$../rtl/crypto/india_pdf_engine.v:261$37.ns[127:0]$542 [117]
   641/4598: $2\ca30_step$func$../rtl/crypto/india_pdf_engine.v:261$37.ns[127:0]$542 [116]
   642/4598: $2\ca30_step$func$../rtl/crypto/india_pdf_engine.v:261$37.ns[127:0]$542 [115]
   643/4598: $2\ca30_step$func$../rtl/crypto/india_pdf_engine.v:261$37.ns[127:0]$542 [114]
   644/4598: $2\ca30_step$func$../rtl/crypto/india_pdf_engine.v:261$37.ns[127:0]$542 [113]
   645/4598: $2\ca30_step$func$../rtl/crypto/india_pdf_engine.v:261$37.ns[127:0]$542 [112]
   646/4598: $2\ca30_step$func$../rtl/crypto/india_pdf_engine.v:261$37.ns[127:0]$542 [111]
   647/4598: $2\ca30_step$func$../rtl/crypto/india_pdf_engine.v:261$37.ns[127:0]$542 [110]
   648/4598: $2\ca30_step$func$../rtl/crypto/india_pdf_engine.v:261$37.ns[127:0]$542 [109]
   649/4598: $2\ca30_step$func$../rtl/crypto/india_pdf_engine.v:261$37.ns[127:0]$542 [108]
   650/4598: $2\ca30_step$func$../rtl/crypto/india_pdf_engine.v:261$37.ns[127:0]$542 [107]
   651/4598: $2\ca30_step$func$../rtl/crypto/india_pdf_engine.v:261$37.ns[127:0]$542 [106]
   652/4598: $2\ca30_step$func$../rtl/crypto/india_pdf_engine.v:261$37.ns[127:0]$542 [105]
   653/4598: $2\ca30_step$func$../rtl/crypto/india_pdf_engine.v:261$37.ns[127:0]$542 [104]
   654/4598: $2\ca30_step$func$../rtl/crypto/india_pdf_engine.v:261$37.ns[127:0]$542 [103]
   655/4598: $2\ca30_step$func$../rtl/crypto/india_pdf_engine.v:261$37.ns[127:0]$542 [102]
   656/4598: $2\ca30_step$func$../rtl/crypto/india_pdf_engine.v:261$37.ns[127:0]$542 [101]
   657/4598: $2\ca30_step$func$../rtl/crypto/india_pdf_engine.v:261$37.ns[127:0]$542 [100]
   658/4598: $2\ca30_step$func$../rtl/crypto/india_pdf_engine.v:261$37.ns[127:0]$542 [99]
   659/4598: $2\ca30_step$func$../rtl/crypto/india_pdf_engine.v:261$37.ns[127:0]$542 [98]
   660/4598: $2\ca30_step$func$../rtl/crypto/india_pdf_engine.v:261$37.ns[127:0]$542 [97]
   661/4598: $2\ca30_step$func$../rtl/crypto/india_pdf_engine.v:261$37.ns[127:0]$542 [96]
   662/4598: $2\ca30_step$func$../rtl/crypto/india_pdf_engine.v:261$37.ns[127:0]$542 [95]
   663/4598: $2\ca30_step$func$../rtl/crypto/india_pdf_engine.v:261$37.ns[127:0]$542 [94]
   664/4598: $2\ca30_step$func$../rtl/crypto/india_pdf_engine.v:261$37.ns[127:0]$542 [93]
   665/4598: $2\ca30_step$func$../rtl/crypto/india_pdf_engine.v:261$37.ns[127:0]$542 [92]
   666/4598: $2\ca30_step$func$../rtl/crypto/india_pdf_engine.v:261$37.ns[127:0]$542 [91]
   667/4598: $2\ca30_step$func$../rtl/crypto/india_pdf_engine.v:261$37.ns[127:0]$542 [90]
   668/4598: $2\ca30_step$func$../rtl/crypto/india_pdf_engine.v:261$37.ns[127:0]$542 [89]
   669/4598: $2\ca30_step$func$../rtl/crypto/india_pdf_engine.v:261$37.ns[127:0]$542 [88]
   670/4598: $2\ca30_step$func$../rtl/crypto/india_pdf_engine.v:261$37.ns[127:0]$542 [87]
   671/4598: $2\ca30_step$func$../rtl/crypto/india_pdf_engine.v:261$37.ns[127:0]$542 [86]
   672/4598: $2\ca30_step$func$../rtl/crypto/india_pdf_engine.v:261$37.ns[127:0]$542 [85]
   673/4598: $2\ca30_step$func$../rtl/crypto/india_pdf_engine.v:261$37.ns[127:0]$542 [84]
   674/4598: $2\ca30_step$func$../rtl/crypto/india_pdf_engine.v:261$37.ns[127:0]$542 [83]
   675/4598: $2\ca30_step$func$../rtl/crypto/india_pdf_engine.v:261$37.ns[127:0]$542 [82]
   676/4598: $2\ca30_step$func$../rtl/crypto/india_pdf_engine.v:261$37.ns[127:0]$542 [81]
   677/4598: $2\ca30_step$func$../rtl/crypto/india_pdf_engine.v:261$37.ns[127:0]$542 [80]
   678/4598: $2\ca30_step$func$../rtl/crypto/india_pdf_engine.v:261$37.ns[127:0]$542 [79]
   679/4598: $2\ca30_step$func$../rtl/crypto/india_pdf_engine.v:261$37.ns[127:0]$542 [78]
   680/4598: $2\ca30_step$func$../rtl/crypto/india_pdf_engine.v:261$37.ns[127:0]$542 [77]
   681/4598: $2\ca30_step$func$../rtl/crypto/india_pdf_engine.v:261$37.ns[127:0]$542 [76]
   682/4598: $2\ca30_step$func$../rtl/crypto/india_pdf_engine.v:261$37.ns[127:0]$542 [75]
   683/4598: $2\ca30_step$func$../rtl/crypto/india_pdf_engine.v:261$37.ns[127:0]$542 [74]
   684/4598: $2\ca30_step$func$../rtl/crypto/india_pdf_engine.v:261$37.ns[127:0]$542 [73]
   685/4598: $2\ca30_step$func$../rtl/crypto/india_pdf_engine.v:261$37.ns[127:0]$542 [72]
   686/4598: $2\ca30_step$func$../rtl/crypto/india_pdf_engine.v:261$37.ns[127:0]$542 [71]
   687/4598: $2\ca30_step$func$../rtl/crypto/india_pdf_engine.v:261$37.ns[127:0]$542 [70]
   688/4598: $2\ca30_step$func$../rtl/crypto/india_pdf_engine.v:261$37.ns[127:0]$542 [69]
   689/4598: $2\ca30_step$func$../rtl/crypto/india_pdf_engine.v:261$37.ns[127:0]$542 [68]
   690/4598: $2\ca30_step$func$../rtl/crypto/india_pdf_engine.v:261$37.ns[127:0]$542 [67]
   691/4598: $2\ca30_step$func$../rtl/crypto/india_pdf_engine.v:261$37.ns[127:0]$542 [66]
   692/4598: $2\ca30_step$func$../rtl/crypto/india_pdf_engine.v:261$37.ns[127:0]$542 [65]
   693/4598: $2\ca30_step$func$../rtl/crypto/india_pdf_engine.v:261$37.ns[127:0]$542 [64]
   694/4598: $2\ca30_step$func$../rtl/crypto/india_pdf_engine.v:261$37.ns[127:0]$542 [63]
   695/4598: $2\ca30_step$func$../rtl/crypto/india_pdf_engine.v:261$37.ns[127:0]$542 [62]
   696/4598: $2\ca30_step$func$../rtl/crypto/india_pdf_engine.v:261$37.ns[127:0]$542 [61]
   697/4598: $2\ca30_step$func$../rtl/crypto/india_pdf_engine.v:261$37.ns[127:0]$542 [60]
   698/4598: $2\ca30_step$func$../rtl/crypto/india_pdf_engine.v:261$37.ns[127:0]$542 [59]
   699/4598: $2\ca30_step$func$../rtl/crypto/india_pdf_engine.v:261$37.ns[127:0]$542 [58]
   700/4598: $2\ca30_step$func$../rtl/crypto/india_pdf_engine.v:261$37.ns[127:0]$542 [57]
   701/4598: $2\ca30_step$func$../rtl/crypto/india_pdf_engine.v:261$37.ns[127:0]$542 [56]
   702/4598: $2\ca30_step$func$../rtl/crypto/india_pdf_engine.v:261$37.ns[127:0]$542 [55]
   703/4598: $2\ca30_step$func$../rtl/crypto/india_pdf_engine.v:261$37.ns[127:0]$542 [54]
   704/4598: $2\ca30_step$func$../rtl/crypto/india_pdf_engine.v:261$37.ns[127:0]$542 [53]
   705/4598: $2\ca30_step$func$../rtl/crypto/india_pdf_engine.v:261$37.ns[127:0]$542 [52]
   706/4598: $2\ca30_step$func$../rtl/crypto/india_pdf_engine.v:261$37.ns[127:0]$542 [51]
   707/4598: $2\ca30_step$func$../rtl/crypto/india_pdf_engine.v:261$37.ns[127:0]$542 [50]
   708/4598: $2\ca30_step$func$../rtl/crypto/india_pdf_engine.v:261$37.ns[127:0]$542 [49]
   709/4598: $2\ca30_step$func$../rtl/crypto/india_pdf_engine.v:261$37.ns[127:0]$542 [48]
   710/4598: $2\ca30_step$func$../rtl/crypto/india_pdf_engine.v:261$37.ns[127:0]$542 [47]
   711/4598: $2\ca30_step$func$../rtl/crypto/india_pdf_engine.v:261$37.ns[127:0]$542 [46]
   712/4598: $2\ca30_step$func$../rtl/crypto/india_pdf_engine.v:261$37.ns[127:0]$542 [45]
   713/4598: $2\ca30_step$func$../rtl/crypto/india_pdf_engine.v:261$37.ns[127:0]$542 [44]
   714/4598: $2\ca30_step$func$../rtl/crypto/india_pdf_engine.v:261$37.ns[127:0]$542 [43]
   715/4598: $2\ca30_step$func$../rtl/crypto/india_pdf_engine.v:261$37.ns[127:0]$542 [42]
   716/4598: $2\ca30_step$func$../rtl/crypto/india_pdf_engine.v:261$37.ns[127:0]$542 [41]
   717/4598: $2\ca30_step$func$../rtl/crypto/india_pdf_engine.v:261$37.ns[127:0]$542 [40]
   718/4598: $2\ca30_step$func$../rtl/crypto/india_pdf_engine.v:261$37.ns[127:0]$542 [39]
   719/4598: $2\ca30_step$func$../rtl/crypto/india_pdf_engine.v:261$37.ns[127:0]$542 [38]
   720/4598: $2\ca30_step$func$../rtl/crypto/india_pdf_engine.v:261$37.ns[127:0]$542 [37]
   721/4598: $2\ca30_step$func$../rtl/crypto/india_pdf_engine.v:261$37.ns[127:0]$542 [36]
   722/4598: $2\ca30_step$func$../rtl/crypto/india_pdf_engine.v:261$37.ns[127:0]$542 [35]
   723/4598: $2\ca30_step$func$../rtl/crypto/india_pdf_engine.v:261$37.ns[127:0]$542 [34]
   724/4598: $2\ca30_step$func$../rtl/crypto/india_pdf_engine.v:261$37.ns[127:0]$542 [33]
   725/4598: $2\ca30_step$func$../rtl/crypto/india_pdf_engine.v:261$37.ns[127:0]$542 [32]
   726/4598: $2\ca30_step$func$../rtl/crypto/india_pdf_engine.v:261$37.ns[127:0]$542 [31]
   727/4598: $2\ca30_step$func$../rtl/crypto/india_pdf_engine.v:261$37.ns[127:0]$542 [30]
   728/4598: $2\ca30_step$func$../rtl/crypto/india_pdf_engine.v:261$37.ns[127:0]$542 [29]
   729/4598: $2\ca30_step$func$../rtl/crypto/india_pdf_engine.v:261$37.ns[127:0]$542 [28]
   730/4598: $2\ca30_step$func$../rtl/crypto/india_pdf_engine.v:261$37.ns[127:0]$542 [27]
   731/4598: $2\ca30_step$func$../rtl/crypto/india_pdf_engine.v:261$37.ns[127:0]$542 [26]
   732/4598: $2\ca30_step$func$../rtl/crypto/india_pdf_engine.v:261$37.ns[127:0]$542 [25]
   733/4598: $2\ca30_step$func$../rtl/crypto/india_pdf_engine.v:261$37.ns[127:0]$542 [24]
   734/4598: $2\ca30_step$func$../rtl/crypto/india_pdf_engine.v:261$37.ns[127:0]$542 [23]
   735/4598: $2\ca30_step$func$../rtl/crypto/india_pdf_engine.v:261$37.ns[127:0]$542 [22]
   736/4598: $2\ca30_step$func$../rtl/crypto/india_pdf_engine.v:261$37.ns[127:0]$542 [21]
   737/4598: $2\ca30_step$func$../rtl/crypto/india_pdf_engine.v:261$37.ns[127:0]$542 [20]
   738/4598: $2\ca30_step$func$../rtl/crypto/india_pdf_engine.v:261$37.ns[127:0]$542 [19]
   739/4598: $2\ca30_step$func$../rtl/crypto/india_pdf_engine.v:261$37.ns[127:0]$542 [18]
   740/4598: $2\ca30_step$func$../rtl/crypto/india_pdf_engine.v:261$37.ns[127:0]$542 [17]
   741/4598: $2\ca30_step$func$../rtl/crypto/india_pdf_engine.v:261$37.ns[127:0]$542 [16]
   742/4598: $2\ca30_step$func$../rtl/crypto/india_pdf_engine.v:261$37.ns[127:0]$542 [15]
   743/4598: $2\ca30_step$func$../rtl/crypto/india_pdf_engine.v:261$37.ns[127:0]$542 [14]
   744/4598: $2\ca30_step$func$../rtl/crypto/india_pdf_engine.v:261$37.ns[127:0]$542 [13]
   745/4598: $2\ca30_step$func$../rtl/crypto/india_pdf_engine.v:261$37.ns[127:0]$542 [12]
   746/4598: $2\ca30_step$func$../rtl/crypto/india_pdf_engine.v:261$37.ns[127:0]$542 [11]
   747/4598: $2\ca30_step$func$../rtl/crypto/india_pdf_engine.v:261$37.ns[127:0]$542 [10]
   748/4598: $2\ca30_step$func$../rtl/crypto/india_pdf_engine.v:261$37.ns[127:0]$542 [9]
   749/4598: $2\ca30_step$func$../rtl/crypto/india_pdf_engine.v:261$37.ns[127:0]$542 [8]
   750/4598: $2\ca30_step$func$../rtl/crypto/india_pdf_engine.v:261$37.ns[127:0]$542 [7]
   751/4598: $2\ca30_step$func$../rtl/crypto/india_pdf_engine.v:261$37.ns[127:0]$542 [6]
   752/4598: $2\ca30_step$func$../rtl/crypto/india_pdf_engine.v:261$37.ns[127:0]$542 [5]
   753/4598: $2\ca30_step$func$../rtl/crypto/india_pdf_engine.v:261$37.ns[127:0]$542 [4]
   754/4598: $2\ca30_step$func$../rtl/crypto/india_pdf_engine.v:261$37.ns[127:0]$542 [3]
   755/4598: $2\ca30_step$func$../rtl/crypto/india_pdf_engine.v:261$37.ns[127:0]$542 [2]
   756/4598: $2\ca30_step$func$../rtl/crypto/india_pdf_engine.v:261$37.ns[127:0]$542 [1]
   757/4598: $2\ca30_step$func$../rtl/crypto/india_pdf_engine.v:261$37.ns[127:0]$542 [0]
   758/4598: $2\ca30_step$func$../rtl/crypto/india_pdf_engine.v:260$36.ns[127:0]$538 [127]
   759/4598: $2\ca30_step$func$../rtl/crypto/india_pdf_engine.v:260$36.ns[127:0]$538 [126]
   760/4598: $2\ca30_step$func$../rtl/crypto/india_pdf_engine.v:260$36.ns[127:0]$538 [125]
   761/4598: $2\ca30_step$func$../rtl/crypto/india_pdf_engine.v:260$36.ns[127:0]$538 [124]
   762/4598: $2\ca30_step$func$../rtl/crypto/india_pdf_engine.v:260$36.ns[127:0]$538 [123]
   763/4598: $2\ca30_step$func$../rtl/crypto/india_pdf_engine.v:260$36.ns[127:0]$538 [122]
   764/4598: $2\ca30_step$func$../rtl/crypto/india_pdf_engine.v:260$36.ns[127:0]$538 [120]
   765/4598: $2\ca30_step$func$../rtl/crypto/india_pdf_engine.v:260$36.ns[127:0]$538 [119]
   766/4598: $2\ca30_step$func$../rtl/crypto/india_pdf_engine.v:260$36.ns[127:0]$538 [118]
   767/4598: $2\ca30_step$func$../rtl/crypto/india_pdf_engine.v:260$36.ns[127:0]$538 [117]
   768/4598: $2\ca30_step$func$../rtl/crypto/india_pdf_engine.v:260$36.ns[127:0]$538 [116]
   769/4598: $2\ca30_step$func$../rtl/crypto/india_pdf_engine.v:260$36.ns[127:0]$538 [115]
   770/4598: $2\ca30_step$func$../rtl/crypto/india_pdf_engine.v:260$36.ns[127:0]$538 [114]
   771/4598: $2\ca30_step$func$../rtl/crypto/india_pdf_engine.v:260$36.ns[127:0]$538 [113]
   772/4598: $2\ca30_step$func$../rtl/crypto/india_pdf_engine.v:260$36.ns[127:0]$538 [112]
   773/4598: $2\ca30_step$func$../rtl/crypto/india_pdf_engine.v:260$36.ns[127:0]$538 [111]
   774/4598: $2\ca30_step$func$../rtl/crypto/india_pdf_engine.v:260$36.ns[127:0]$538 [110]
   775/4598: $2\ca30_step$func$../rtl/crypto/india_pdf_engine.v:260$36.ns[127:0]$538 [109]
   776/4598: $2\ca30_step$func$../rtl/crypto/india_pdf_engine.v:260$36.ns[127:0]$538 [108]
   777/4598: $2\ca30_step$func$../rtl/crypto/india_pdf_engine.v:260$36.ns[127:0]$538 [107]
   778/4598: $2\ca30_step$func$../rtl/crypto/india_pdf_engine.v:260$36.ns[127:0]$538 [106]
   779/4598: $2\ca30_step$func$../rtl/crypto/india_pdf_engine.v:260$36.ns[127:0]$538 [105]
   780/4598: $2\ca30_step$func$../rtl/crypto/india_pdf_engine.v:260$36.ns[127:0]$538 [104]
   781/4598: $2\ca30_step$func$../rtl/crypto/india_pdf_engine.v:260$36.ns[127:0]$538 [103]
   782/4598: $2\ca30_step$func$../rtl/crypto/india_pdf_engine.v:260$36.ns[127:0]$538 [102]
   783/4598: $2\ca30_step$func$../rtl/crypto/india_pdf_engine.v:260$36.ns[127:0]$538 [101]
   784/4598: $2\ca30_step$func$../rtl/crypto/india_pdf_engine.v:260$36.ns[127:0]$538 [100]
   785/4598: $2\ca30_step$func$../rtl/crypto/india_pdf_engine.v:260$36.ns[127:0]$538 [99]
   786/4598: $2\ca30_step$func$../rtl/crypto/india_pdf_engine.v:260$36.ns[127:0]$538 [98]
   787/4598: $2\ca30_step$func$../rtl/crypto/india_pdf_engine.v:260$36.ns[127:0]$538 [97]
   788/4598: $2\ca30_step$func$../rtl/crypto/india_pdf_engine.v:260$36.ns[127:0]$538 [96]
   789/4598: $2\ca30_step$func$../rtl/crypto/india_pdf_engine.v:260$36.ns[127:0]$538 [95]
   790/4598: $2\ca30_step$func$../rtl/crypto/india_pdf_engine.v:260$36.ns[127:0]$538 [94]
   791/4598: $2\ca30_step$func$../rtl/crypto/india_pdf_engine.v:260$36.ns[127:0]$538 [93]
   792/4598: $2\ca30_step$func$../rtl/crypto/india_pdf_engine.v:260$36.ns[127:0]$538 [92]
   793/4598: $2\ca30_step$func$../rtl/crypto/india_pdf_engine.v:260$36.ns[127:0]$538 [91]
   794/4598: $2\ca30_step$func$../rtl/crypto/india_pdf_engine.v:260$36.ns[127:0]$538 [90]
   795/4598: $2\ca30_step$func$../rtl/crypto/india_pdf_engine.v:260$36.ns[127:0]$538 [89]
   796/4598: $2\ca30_step$func$../rtl/crypto/india_pdf_engine.v:260$36.ns[127:0]$538 [88]
   797/4598: $2\ca30_step$func$../rtl/crypto/india_pdf_engine.v:260$36.ns[127:0]$538 [87]
   798/4598: $2\ca30_step$func$../rtl/crypto/india_pdf_engine.v:260$36.ns[127:0]$538 [86]
   799/4598: $2\ca30_step$func$../rtl/crypto/india_pdf_engine.v:260$36.ns[127:0]$538 [85]
   800/4598: $2\ca30_step$func$../rtl/crypto/india_pdf_engine.v:260$36.ns[127:0]$538 [84]
   801/4598: $2\ca30_step$func$../rtl/crypto/india_pdf_engine.v:260$36.ns[127:0]$538 [83]
   802/4598: $2\ca30_step$func$../rtl/crypto/india_pdf_engine.v:260$36.ns[127:0]$538 [82]
   803/4598: $2\ca30_step$func$../rtl/crypto/india_pdf_engine.v:260$36.ns[127:0]$538 [81]
   804/4598: $2\ca30_step$func$../rtl/crypto/india_pdf_engine.v:260$36.ns[127:0]$538 [80]
   805/4598: $2\ca30_step$func$../rtl/crypto/india_pdf_engine.v:260$36.ns[127:0]$538 [79]
   806/4598: $2\ca30_step$func$../rtl/crypto/india_pdf_engine.v:260$36.ns[127:0]$538 [78]
   807/4598: $2\ca30_step$func$../rtl/crypto/india_pdf_engine.v:260$36.ns[127:0]$538 [77]
   808/4598: $2\ca30_step$func$../rtl/crypto/india_pdf_engine.v:260$36.ns[127:0]$538 [76]
   809/4598: $2\ca30_step$func$../rtl/crypto/india_pdf_engine.v:260$36.ns[127:0]$538 [75]
   810/4598: $2\ca30_step$func$../rtl/crypto/india_pdf_engine.v:260$36.ns[127:0]$538 [74]
   811/4598: $2\ca30_step$func$../rtl/crypto/india_pdf_engine.v:260$36.ns[127:0]$538 [73]
   812/4598: $2\ca30_step$func$../rtl/crypto/india_pdf_engine.v:260$36.ns[127:0]$538 [72]
   813/4598: $2\ca30_step$func$../rtl/crypto/india_pdf_engine.v:260$36.ns[127:0]$538 [71]
   814/4598: $2\ca30_step$func$../rtl/crypto/india_pdf_engine.v:260$36.ns[127:0]$538 [70]
   815/4598: $2\ca30_step$func$../rtl/crypto/india_pdf_engine.v:260$36.ns[127:0]$538 [69]
   816/4598: $2\ca30_step$func$../rtl/crypto/india_pdf_engine.v:260$36.ns[127:0]$538 [68]
   817/4598: $2\ca30_step$func$../rtl/crypto/india_pdf_engine.v:260$36.ns[127:0]$538 [67]
   818/4598: $2\ca30_step$func$../rtl/crypto/india_pdf_engine.v:260$36.ns[127:0]$538 [66]
   819/4598: $2\ca30_step$func$../rtl/crypto/india_pdf_engine.v:260$36.ns[127:0]$538 [65]
   820/4598: $2\ca30_step$func$../rtl/crypto/india_pdf_engine.v:260$36.ns[127:0]$538 [64]
   821/4598: $2\ca30_step$func$../rtl/crypto/india_pdf_engine.v:260$36.ns[127:0]$538 [63]
   822/4598: $2\ca30_step$func$../rtl/crypto/india_pdf_engine.v:260$36.ns[127:0]$538 [62]
   823/4598: $2\ca30_step$func$../rtl/crypto/india_pdf_engine.v:260$36.ns[127:0]$538 [61]
   824/4598: $2\ca30_step$func$../rtl/crypto/india_pdf_engine.v:260$36.ns[127:0]$538 [60]
   825/4598: $2\ca30_step$func$../rtl/crypto/india_pdf_engine.v:260$36.ns[127:0]$538 [59]
   826/4598: $2\ca30_step$func$../rtl/crypto/india_pdf_engine.v:260$36.ns[127:0]$538 [58]
   827/4598: $2\ca30_step$func$../rtl/crypto/india_pdf_engine.v:260$36.ns[127:0]$538 [57]
   828/4598: $2\ca30_step$func$../rtl/crypto/india_pdf_engine.v:260$36.ns[127:0]$538 [56]
   829/4598: $2\ca30_step$func$../rtl/crypto/india_pdf_engine.v:260$36.ns[127:0]$538 [55]
   830/4598: $2\ca30_step$func$../rtl/crypto/india_pdf_engine.v:260$36.ns[127:0]$538 [54]
   831/4598: $2\ca30_step$func$../rtl/crypto/india_pdf_engine.v:260$36.ns[127:0]$538 [53]
   832/4598: $2\ca30_step$func$../rtl/crypto/india_pdf_engine.v:260$36.ns[127:0]$538 [52]
   833/4598: $2\ca30_step$func$../rtl/crypto/india_pdf_engine.v:260$36.ns[127:0]$538 [51]
   834/4598: $2\ca30_step$func$../rtl/crypto/india_pdf_engine.v:260$36.ns[127:0]$538 [50]
   835/4598: $2\ca30_step$func$../rtl/crypto/india_pdf_engine.v:260$36.ns[127:0]$538 [49]
   836/4598: $2\ca30_step$func$../rtl/crypto/india_pdf_engine.v:260$36.ns[127:0]$538 [48]
   837/4598: $2\ca30_step$func$../rtl/crypto/india_pdf_engine.v:260$36.ns[127:0]$538 [47]
   838/4598: $2\ca30_step$func$../rtl/crypto/india_pdf_engine.v:260$36.ns[127:0]$538 [46]
   839/4598: $2\ca30_step$func$../rtl/crypto/india_pdf_engine.v:260$36.ns[127:0]$538 [45]
   840/4598: $2\ca30_step$func$../rtl/crypto/india_pdf_engine.v:260$36.ns[127:0]$538 [44]
   841/4598: $2\ca30_step$func$../rtl/crypto/india_pdf_engine.v:260$36.ns[127:0]$538 [43]
   842/4598: $2\ca30_step$func$../rtl/crypto/india_pdf_engine.v:260$36.ns[127:0]$538 [42]
   843/4598: $2\ca30_step$func$../rtl/crypto/india_pdf_engine.v:260$36.ns[127:0]$538 [41]
   844/4598: $2\ca30_step$func$../rtl/crypto/india_pdf_engine.v:260$36.ns[127:0]$538 [40]
   845/4598: $2\ca30_step$func$../rtl/crypto/india_pdf_engine.v:260$36.ns[127:0]$538 [39]
   846/4598: $2\ca30_step$func$../rtl/crypto/india_pdf_engine.v:260$36.ns[127:0]$538 [38]
   847/4598: $2\ca30_step$func$../rtl/crypto/india_pdf_engine.v:260$36.ns[127:0]$538 [37]
   848/4598: $2\ca30_step$func$../rtl/crypto/india_pdf_engine.v:260$36.ns[127:0]$538 [36]
   849/4598: $2\ca30_step$func$../rtl/crypto/india_pdf_engine.v:260$36.ns[127:0]$538 [35]
   850/4598: $2\ca30_step$func$../rtl/crypto/india_pdf_engine.v:260$36.ns[127:0]$538 [34]
   851/4598: $2\ca30_step$func$../rtl/crypto/india_pdf_engine.v:260$36.ns[127:0]$538 [33]
   852/4598: $2\ca30_step$func$../rtl/crypto/india_pdf_engine.v:260$36.ns[127:0]$538 [32]
   853/4598: $2\ca30_step$func$../rtl/crypto/india_pdf_engine.v:260$36.ns[127:0]$538 [31]
   854/4598: $2\ca30_step$func$../rtl/crypto/india_pdf_engine.v:260$36.ns[127:0]$538 [30]
   855/4598: $2\ca30_step$func$../rtl/crypto/india_pdf_engine.v:260$36.ns[127:0]$538 [29]
   856/4598: $2\ca30_step$func$../rtl/crypto/india_pdf_engine.v:260$36.ns[127:0]$538 [28]
   857/4598: $2\ca30_step$func$../rtl/crypto/india_pdf_engine.v:260$36.ns[127:0]$538 [27]
   858/4598: $2\ca30_step$func$../rtl/crypto/india_pdf_engine.v:260$36.ns[127:0]$538 [26]
   859/4598: $2\ca30_step$func$../rtl/crypto/india_pdf_engine.v:260$36.ns[127:0]$538 [25]
   860/4598: $2\ca30_step$func$../rtl/crypto/india_pdf_engine.v:260$36.ns[127:0]$538 [24]
   861/4598: $2\ca30_step$func$../rtl/crypto/india_pdf_engine.v:260$36.ns[127:0]$538 [23]
   862/4598: $2\ca30_step$func$../rtl/crypto/india_pdf_engine.v:260$36.ns[127:0]$538 [22]
   863/4598: $2\ca30_step$func$../rtl/crypto/india_pdf_engine.v:260$36.ns[127:0]$538 [21]
   864/4598: $2\ca30_step$func$../rtl/crypto/india_pdf_engine.v:260$36.ns[127:0]$538 [20]
   865/4598: $2\ca30_step$func$../rtl/crypto/india_pdf_engine.v:260$36.ns[127:0]$538 [19]
   866/4598: $2\ca30_step$func$../rtl/crypto/india_pdf_engine.v:260$36.ns[127:0]$538 [18]
   867/4598: $2\ca30_step$func$../rtl/crypto/india_pdf_engine.v:260$36.ns[127:0]$538 [17]
   868/4598: $2\ca30_step$func$../rtl/crypto/india_pdf_engine.v:260$36.ns[127:0]$538 [16]
   869/4598: $2\ca30_step$func$../rtl/crypto/india_pdf_engine.v:260$36.ns[127:0]$538 [15]
   870/4598: $2\ca30_step$func$../rtl/crypto/india_pdf_engine.v:260$36.ns[127:0]$538 [14]
   871/4598: $2\ca30_step$func$../rtl/crypto/india_pdf_engine.v:260$36.ns[127:0]$538 [13]
   872/4598: $2\ca30_step$func$../rtl/crypto/india_pdf_engine.v:260$36.ns[127:0]$538 [12]
   873/4598: $2\ca30_step$func$../rtl/crypto/india_pdf_engine.v:260$36.ns[127:0]$538 [11]
   874/4598: $2\ca30_step$func$../rtl/crypto/india_pdf_engine.v:260$36.ns[127:0]$538 [10]
   875/4598: $2\ca30_step$func$../rtl/crypto/india_pdf_engine.v:260$36.ns[127:0]$538 [9]
   876/4598: $2\ca30_step$func$../rtl/crypto/india_pdf_engine.v:260$36.ns[127:0]$538 [8]
   877/4598: $2\ca30_step$func$../rtl/crypto/india_pdf_engine.v:260$36.ns[127:0]$538 [7]
   878/4598: $2\ca30_step$func$../rtl/crypto/india_pdf_engine.v:260$36.ns[127:0]$538 [6]
   879/4598: $2\ca30_step$func$../rtl/crypto/india_pdf_engine.v:260$36.ns[127:0]$538 [5]
   880/4598: $2\ca30_step$func$../rtl/crypto/india_pdf_engine.v:260$36.ns[127:0]$538 [4]
   881/4598: $2\ca30_step$func$../rtl/crypto/india_pdf_engine.v:260$36.ns[127:0]$538 [3]
   882/4598: $2\ca30_step$func$../rtl/crypto/india_pdf_engine.v:260$36.ns[127:0]$538 [2]
   883/4598: $2\ca30_step$func$../rtl/crypto/india_pdf_engine.v:260$36.ns[127:0]$538 [1]
   884/4598: $2\ca30_step$func$../rtl/crypto/india_pdf_engine.v:260$36.ns[127:0]$538 [0]
   885/4598: $2\ca30_step$func$../rtl/crypto/india_pdf_engine.v:259$35.ns[127:0]$534 [127]
   886/4598: $2\ca30_step$func$../rtl/crypto/india_pdf_engine.v:259$35.ns[127:0]$534 [126]
   887/4598: $2\ca30_step$func$../rtl/crypto/india_pdf_engine.v:259$35.ns[127:0]$534 [125]
   888/4598: $2\ca30_step$func$../rtl/crypto/india_pdf_engine.v:259$35.ns[127:0]$534 [124]
   889/4598: $2\ca30_step$func$../rtl/crypto/india_pdf_engine.v:259$35.ns[127:0]$534 [123]
   890/4598: $2\ca30_step$func$../rtl/crypto/india_pdf_engine.v:259$35.ns[127:0]$534 [122]
   891/4598: $2\ca30_step$func$../rtl/crypto/india_pdf_engine.v:259$35.ns[127:0]$534 [120]
   892/4598: $2\ca30_step$func$../rtl/crypto/india_pdf_engine.v:259$35.ns[127:0]$534 [119]
   893/4598: $2\ca30_step$func$../rtl/crypto/india_pdf_engine.v:259$35.ns[127:0]$534 [118]
   894/4598: $2\ca30_step$func$../rtl/crypto/india_pdf_engine.v:259$35.ns[127:0]$534 [117]
   895/4598: $2\ca30_step$func$../rtl/crypto/india_pdf_engine.v:259$35.ns[127:0]$534 [116]
   896/4598: $2\ca30_step$func$../rtl/crypto/india_pdf_engine.v:259$35.ns[127:0]$534 [115]
   897/4598: $2\ca30_step$func$../rtl/crypto/india_pdf_engine.v:259$35.ns[127:0]$534 [114]
   898/4598: $2\ca30_step$func$../rtl/crypto/india_pdf_engine.v:259$35.ns[127:0]$534 [113]
   899/4598: $2\ca30_step$func$../rtl/crypto/india_pdf_engine.v:259$35.ns[127:0]$534 [112]
   900/4598: $2\ca30_step$func$../rtl/crypto/india_pdf_engine.v:259$35.ns[127:0]$534 [111]
   901/4598: $2\ca30_step$func$../rtl/crypto/india_pdf_engine.v:259$35.ns[127:0]$534 [110]
   902/4598: $2\ca30_step$func$../rtl/crypto/india_pdf_engine.v:259$35.ns[127:0]$534 [109]
   903/4598: $2\ca30_step$func$../rtl/crypto/india_pdf_engine.v:259$35.ns[127:0]$534 [108]
   904/4598: $2\ca30_step$func$../rtl/crypto/india_pdf_engine.v:259$35.ns[127:0]$534 [107]
   905/4598: $2\ca30_step$func$../rtl/crypto/india_pdf_engine.v:259$35.ns[127:0]$534 [106]
   906/4598: $2\ca30_step$func$../rtl/crypto/india_pdf_engine.v:259$35.ns[127:0]$534 [105]
   907/4598: $2\ca30_step$func$../rtl/crypto/india_pdf_engine.v:259$35.ns[127:0]$534 [104]
   908/4598: $2\ca30_step$func$../rtl/crypto/india_pdf_engine.v:259$35.ns[127:0]$534 [103]
   909/4598: $2\ca30_step$func$../rtl/crypto/india_pdf_engine.v:259$35.ns[127:0]$534 [102]
   910/4598: $2\ca30_step$func$../rtl/crypto/india_pdf_engine.v:259$35.ns[127:0]$534 [101]
   911/4598: $2\ca30_step$func$../rtl/crypto/india_pdf_engine.v:259$35.ns[127:0]$534 [100]
   912/4598: $2\ca30_step$func$../rtl/crypto/india_pdf_engine.v:259$35.ns[127:0]$534 [99]
   913/4598: $2\ca30_step$func$../rtl/crypto/india_pdf_engine.v:259$35.ns[127:0]$534 [98]
   914/4598: $2\ca30_step$func$../rtl/crypto/india_pdf_engine.v:259$35.ns[127:0]$534 [97]
   915/4598: $2\ca30_step$func$../rtl/crypto/india_pdf_engine.v:259$35.ns[127:0]$534 [96]
   916/4598: $2\ca30_step$func$../rtl/crypto/india_pdf_engine.v:259$35.ns[127:0]$534 [95]
   917/4598: $2\ca30_step$func$../rtl/crypto/india_pdf_engine.v:259$35.ns[127:0]$534 [94]
   918/4598: $2\ca30_step$func$../rtl/crypto/india_pdf_engine.v:259$35.ns[127:0]$534 [93]
   919/4598: $2\ca30_step$func$../rtl/crypto/india_pdf_engine.v:259$35.ns[127:0]$534 [92]
   920/4598: $2\ca30_step$func$../rtl/crypto/india_pdf_engine.v:259$35.ns[127:0]$534 [91]
   921/4598: $2\ca30_step$func$../rtl/crypto/india_pdf_engine.v:259$35.ns[127:0]$534 [90]
   922/4598: $2\ca30_step$func$../rtl/crypto/india_pdf_engine.v:259$35.ns[127:0]$534 [89]
   923/4598: $2\ca30_step$func$../rtl/crypto/india_pdf_engine.v:259$35.ns[127:0]$534 [88]
   924/4598: $2\ca30_step$func$../rtl/crypto/india_pdf_engine.v:259$35.ns[127:0]$534 [87]
   925/4598: $2\ca30_step$func$../rtl/crypto/india_pdf_engine.v:259$35.ns[127:0]$534 [86]
   926/4598: $2\ca30_step$func$../rtl/crypto/india_pdf_engine.v:259$35.ns[127:0]$534 [85]
   927/4598: $2\ca30_step$func$../rtl/crypto/india_pdf_engine.v:259$35.ns[127:0]$534 [84]
   928/4598: $2\ca30_step$func$../rtl/crypto/india_pdf_engine.v:259$35.ns[127:0]$534 [83]
   929/4598: $2\ca30_step$func$../rtl/crypto/india_pdf_engine.v:259$35.ns[127:0]$534 [82]
   930/4598: $2\ca30_step$func$../rtl/crypto/india_pdf_engine.v:259$35.ns[127:0]$534 [81]
   931/4598: $2\ca30_step$func$../rtl/crypto/india_pdf_engine.v:259$35.ns[127:0]$534 [80]
   932/4598: $2\ca30_step$func$../rtl/crypto/india_pdf_engine.v:259$35.ns[127:0]$534 [79]
   933/4598: $2\ca30_step$func$../rtl/crypto/india_pdf_engine.v:259$35.ns[127:0]$534 [78]
   934/4598: $2\ca30_step$func$../rtl/crypto/india_pdf_engine.v:259$35.ns[127:0]$534 [77]
   935/4598: $2\ca30_step$func$../rtl/crypto/india_pdf_engine.v:259$35.ns[127:0]$534 [76]
   936/4598: $2\ca30_step$func$../rtl/crypto/india_pdf_engine.v:259$35.ns[127:0]$534 [75]
   937/4598: $2\ca30_step$func$../rtl/crypto/india_pdf_engine.v:259$35.ns[127:0]$534 [74]
   938/4598: $2\ca30_step$func$../rtl/crypto/india_pdf_engine.v:259$35.ns[127:0]$534 [73]
   939/4598: $2\ca30_step$func$../rtl/crypto/india_pdf_engine.v:259$35.ns[127:0]$534 [72]
   940/4598: $2\ca30_step$func$../rtl/crypto/india_pdf_engine.v:259$35.ns[127:0]$534 [71]
   941/4598: $2\ca30_step$func$../rtl/crypto/india_pdf_engine.v:259$35.ns[127:0]$534 [70]
   942/4598: $2\ca30_step$func$../rtl/crypto/india_pdf_engine.v:259$35.ns[127:0]$534 [69]
   943/4598: $2\ca30_step$func$../rtl/crypto/india_pdf_engine.v:259$35.ns[127:0]$534 [68]
   944/4598: $2\ca30_step$func$../rtl/crypto/india_pdf_engine.v:259$35.ns[127:0]$534 [67]
   945/4598: $2\ca30_step$func$../rtl/crypto/india_pdf_engine.v:259$35.ns[127:0]$534 [66]
   946/4598: $2\ca30_step$func$../rtl/crypto/india_pdf_engine.v:259$35.ns[127:0]$534 [65]
   947/4598: $2\ca30_step$func$../rtl/crypto/india_pdf_engine.v:259$35.ns[127:0]$534 [64]
   948/4598: $2\ca30_step$func$../rtl/crypto/india_pdf_engine.v:259$35.ns[127:0]$534 [63]
   949/4598: $2\ca30_step$func$../rtl/crypto/india_pdf_engine.v:259$35.ns[127:0]$534 [62]
   950/4598: $2\ca30_step$func$../rtl/crypto/india_pdf_engine.v:259$35.ns[127:0]$534 [61]
   951/4598: $2\ca30_step$func$../rtl/crypto/india_pdf_engine.v:259$35.ns[127:0]$534 [60]
   952/4598: $2\ca30_step$func$../rtl/crypto/india_pdf_engine.v:259$35.ns[127:0]$534 [59]
   953/4598: $2\ca30_step$func$../rtl/crypto/india_pdf_engine.v:259$35.ns[127:0]$534 [58]
   954/4598: $2\ca30_step$func$../rtl/crypto/india_pdf_engine.v:259$35.ns[127:0]$534 [57]
   955/4598: $2\ca30_step$func$../rtl/crypto/india_pdf_engine.v:259$35.ns[127:0]$534 [56]
   956/4598: $2\ca30_step$func$../rtl/crypto/india_pdf_engine.v:259$35.ns[127:0]$534 [55]
   957/4598: $2\ca30_step$func$../rtl/crypto/india_pdf_engine.v:259$35.ns[127:0]$534 [54]
   958/4598: $2\ca30_step$func$../rtl/crypto/india_pdf_engine.v:259$35.ns[127:0]$534 [53]
   959/4598: $2\ca30_step$func$../rtl/crypto/india_pdf_engine.v:259$35.ns[127:0]$534 [52]
   960/4598: $2\ca30_step$func$../rtl/crypto/india_pdf_engine.v:259$35.ns[127:0]$534 [51]
   961/4598: $2\ca30_step$func$../rtl/crypto/india_pdf_engine.v:259$35.ns[127:0]$534 [50]
   962/4598: $2\ca30_step$func$../rtl/crypto/india_pdf_engine.v:259$35.ns[127:0]$534 [49]
   963/4598: $2\ca30_step$func$../rtl/crypto/india_pdf_engine.v:259$35.ns[127:0]$534 [48]
   964/4598: $2\ca30_step$func$../rtl/crypto/india_pdf_engine.v:259$35.ns[127:0]$534 [47]
   965/4598: $2\ca30_step$func$../rtl/crypto/india_pdf_engine.v:259$35.ns[127:0]$534 [46]
   966/4598: $2\ca30_step$func$../rtl/crypto/india_pdf_engine.v:259$35.ns[127:0]$534 [45]
   967/4598: $2\ca30_step$func$../rtl/crypto/india_pdf_engine.v:259$35.ns[127:0]$534 [44]
   968/4598: $2\ca30_step$func$../rtl/crypto/india_pdf_engine.v:259$35.ns[127:0]$534 [43]
   969/4598: $2\ca30_step$func$../rtl/crypto/india_pdf_engine.v:259$35.ns[127:0]$534 [42]
   970/4598: $2\ca30_step$func$../rtl/crypto/india_pdf_engine.v:259$35.ns[127:0]$534 [41]
   971/4598: $2\ca30_step$func$../rtl/crypto/india_pdf_engine.v:259$35.ns[127:0]$534 [40]
   972/4598: $2\ca30_step$func$../rtl/crypto/india_pdf_engine.v:259$35.ns[127:0]$534 [39]
   973/4598: $2\ca30_step$func$../rtl/crypto/india_pdf_engine.v:259$35.ns[127:0]$534 [38]
   974/4598: $2\ca30_step$func$../rtl/crypto/india_pdf_engine.v:259$35.ns[127:0]$534 [37]
   975/4598: $2\ca30_step$func$../rtl/crypto/india_pdf_engine.v:259$35.ns[127:0]$534 [36]
   976/4598: $2\ca30_step$func$../rtl/crypto/india_pdf_engine.v:259$35.ns[127:0]$534 [35]
   977/4598: $2\ca30_step$func$../rtl/crypto/india_pdf_engine.v:259$35.ns[127:0]$534 [34]
   978/4598: $2\ca30_step$func$../rtl/crypto/india_pdf_engine.v:259$35.ns[127:0]$534 [33]
   979/4598: $2\ca30_step$func$../rtl/crypto/india_pdf_engine.v:259$35.ns[127:0]$534 [32]
   980/4598: $2\ca30_step$func$../rtl/crypto/india_pdf_engine.v:259$35.ns[127:0]$534 [31]
   981/4598: $2\ca30_step$func$../rtl/crypto/india_pdf_engine.v:259$35.ns[127:0]$534 [30]
   982/4598: $2\ca30_step$func$../rtl/crypto/india_pdf_engine.v:259$35.ns[127:0]$534 [29]
   983/4598: $2\ca30_step$func$../rtl/crypto/india_pdf_engine.v:259$35.ns[127:0]$534 [28]
   984/4598: $2\ca30_step$func$../rtl/crypto/india_pdf_engine.v:259$35.ns[127:0]$534 [27]
   985/4598: $2\ca30_step$func$../rtl/crypto/india_pdf_engine.v:259$35.ns[127:0]$534 [26]
   986/4598: $2\ca30_step$func$../rtl/crypto/india_pdf_engine.v:259$35.ns[127:0]$534 [25]
   987/4598: $2\ca30_step$func$../rtl/crypto/india_pdf_engine.v:259$35.ns[127:0]$534 [24]
   988/4598: $2\ca30_step$func$../rtl/crypto/india_pdf_engine.v:259$35.ns[127:0]$534 [23]
   989/4598: $2\ca30_step$func$../rtl/crypto/india_pdf_engine.v:259$35.ns[127:0]$534 [22]
   990/4598: $2\ca30_step$func$../rtl/crypto/india_pdf_engine.v:259$35.ns[127:0]$534 [21]
   991/4598: $2\ca30_step$func$../rtl/crypto/india_pdf_engine.v:259$35.ns[127:0]$534 [20]
   992/4598: $2\ca30_step$func$../rtl/crypto/india_pdf_engine.v:259$35.ns[127:0]$534 [19]
   993/4598: $2\ca30_step$func$../rtl/crypto/india_pdf_engine.v:259$35.ns[127:0]$534 [18]
   994/4598: $2\ca30_step$func$../rtl/crypto/india_pdf_engine.v:259$35.ns[127:0]$534 [17]
   995/4598: $2\ca30_step$func$../rtl/crypto/india_pdf_engine.v:259$35.ns[127:0]$534 [16]
   996/4598: $2\ca30_step$func$../rtl/crypto/india_pdf_engine.v:259$35.ns[127:0]$534 [15]
   997/4598: $2\ca30_step$func$../rtl/crypto/india_pdf_engine.v:259$35.ns[127:0]$534 [14]
   998/4598: $2\ca30_step$func$../rtl/crypto/india_pdf_engine.v:259$35.ns[127:0]$534 [13]
   999/4598: $2\ca30_step$func$../rtl/crypto/india_pdf_engine.v:259$35.ns[127:0]$534 [12]
  1000/4598: $2\ca30_step$func$../rtl/crypto/india_pdf_engine.v:259$35.ns[127:0]$534 [11]
  1001/4598: $2\ca30_step$func$../rtl/crypto/india_pdf_engine.v:259$35.ns[127:0]$534 [10]
  1002/4598: $2\ca30_step$func$../rtl/crypto/india_pdf_engine.v:259$35.ns[127:0]$534 [9]
  1003/4598: $2\ca30_step$func$../rtl/crypto/india_pdf_engine.v:259$35.ns[127:0]$534 [8]
  1004/4598: $2\ca30_step$func$../rtl/crypto/india_pdf_engine.v:259$35.ns[127:0]$534 [7]
  1005/4598: $2\ca30_step$func$../rtl/crypto/india_pdf_engine.v:259$35.ns[127:0]$534 [6]
  1006/4598: $2\ca30_step$func$../rtl/crypto/india_pdf_engine.v:259$35.ns[127:0]$534 [5]
  1007/4598: $2\ca30_step$func$../rtl/crypto/india_pdf_engine.v:259$35.ns[127:0]$534 [4]
  1008/4598: $2\ca30_step$func$../rtl/crypto/india_pdf_engine.v:259$35.ns[127:0]$534 [3]
  1009/4598: $2\ca30_step$func$../rtl/crypto/india_pdf_engine.v:259$35.ns[127:0]$534 [2]
  1010/4598: $2\ca30_step$func$../rtl/crypto/india_pdf_engine.v:259$35.ns[127:0]$534 [1]
  1011/4598: $2\ca30_step$func$../rtl/crypto/india_pdf_engine.v:259$35.ns[127:0]$534 [0]
  1012/4598: $2\ca30_step$func$../rtl/crypto/india_pdf_engine.v:266$12.ns[127:0]$446 [127]
  1013/4598: $2\ca30_step$func$../rtl/crypto/india_pdf_engine.v:266$12.ns[127:0]$446 [126]
  1014/4598: $2\ca30_step$func$../rtl/crypto/india_pdf_engine.v:266$12.ns[127:0]$446 [125]
  1015/4598: $2\ca30_step$func$../rtl/crypto/india_pdf_engine.v:266$12.ns[127:0]$446 [124]
  1016/4598: $2\ca30_step$func$../rtl/crypto/india_pdf_engine.v:266$12.ns[127:0]$446 [123]
  1017/4598: $2\ca30_step$func$../rtl/crypto/india_pdf_engine.v:266$12.ns[127:0]$446 [122]
  1018/4598: $4\ca30_step$func$../rtl/crypto/india_pdf_engine.v:266$33.ns[127:0]$2785 [126]
  1019/4598: $4\ca30_step$func$../rtl/crypto/india_pdf_engine.v:266$33.ns[127:0]$2785 [125]
  1020/4598: $4\ca30_step$func$../rtl/crypto/india_pdf_engine.v:266$33.ns[127:0]$2785 [124]
  1021/4598: $4\ca30_step$func$../rtl/crypto/india_pdf_engine.v:266$33.ns[127:0]$2785 [123]
  1022/4598: $4\ca30_step$func$../rtl/crypto/india_pdf_engine.v:266$33.ns[127:0]$2785 [122]
  1023/4598: $4\ca30_step$func$../rtl/crypto/india_pdf_engine.v:266$33.ns[127:0]$2785 [121]
  1024/4598: $4\ca30_step$func$../rtl/crypto/india_pdf_engine.v:266$33.ns[127:0]$2785 [120]
  1025/4598: $4\ca30_step$func$../rtl/crypto/india_pdf_engine.v:266$33.ns[127:0]$2785 [119]
  1026/4598: $4\ca30_step$func$../rtl/crypto/india_pdf_engine.v:266$33.ns[127:0]$2785 [118]
  1027/4598: $4\ca30_step$func$../rtl/crypto/india_pdf_engine.v:266$33.ns[127:0]$2785 [117]
  1028/4598: $4\ca30_step$func$../rtl/crypto/india_pdf_engine.v:266$33.ns[127:0]$2785 [116]
  1029/4598: $4\ca30_step$func$../rtl/crypto/india_pdf_engine.v:266$33.ns[127:0]$2785 [115]
  1030/4598: $4\ca30_step$func$../rtl/crypto/india_pdf_engine.v:266$33.ns[127:0]$2785 [114]
  1031/4598: $4\ca30_step$func$../rtl/crypto/india_pdf_engine.v:266$33.ns[127:0]$2785 [113]
  1032/4598: $4\ca30_step$func$../rtl/crypto/india_pdf_engine.v:266$33.ns[127:0]$2785 [112]
  1033/4598: $4\ca30_step$func$../rtl/crypto/india_pdf_engine.v:266$33.ns[127:0]$2785 [111]
  1034/4598: $4\ca30_step$func$../rtl/crypto/india_pdf_engine.v:266$33.ns[127:0]$2785 [110]
  1035/4598: $4\ca30_step$func$../rtl/crypto/india_pdf_engine.v:266$33.ns[127:0]$2785 [109]
  1036/4598: $4\ca30_step$func$../rtl/crypto/india_pdf_engine.v:266$33.ns[127:0]$2785 [108]
  1037/4598: $4\ca30_step$func$../rtl/crypto/india_pdf_engine.v:266$33.ns[127:0]$2785 [107]
  1038/4598: $4\ca30_step$func$../rtl/crypto/india_pdf_engine.v:266$33.ns[127:0]$2785 [106]
  1039/4598: $4\ca30_step$func$../rtl/crypto/india_pdf_engine.v:266$33.ns[127:0]$2785 [105]
  1040/4598: $4\ca30_step$func$../rtl/crypto/india_pdf_engine.v:266$33.ns[127:0]$2785 [104]
  1041/4598: $4\ca30_step$func$../rtl/crypto/india_pdf_engine.v:266$33.ns[127:0]$2785 [103]
  1042/4598: $4\ca30_step$func$../rtl/crypto/india_pdf_engine.v:266$33.ns[127:0]$2785 [102]
  1043/4598: $4\ca30_step$func$../rtl/crypto/india_pdf_engine.v:266$33.ns[127:0]$2785 [101]
  1044/4598: $4\ca30_step$func$../rtl/crypto/india_pdf_engine.v:266$33.ns[127:0]$2785 [100]
  1045/4598: $4\ca30_step$func$../rtl/crypto/india_pdf_engine.v:266$33.ns[127:0]$2785 [99]
  1046/4598: $4\ca30_step$func$../rtl/crypto/india_pdf_engine.v:266$33.ns[127:0]$2785 [98]
  1047/4598: $4\ca30_step$func$../rtl/crypto/india_pdf_engine.v:266$33.ns[127:0]$2785 [97]
  1048/4598: $4\ca30_step$func$../rtl/crypto/india_pdf_engine.v:266$33.ns[127:0]$2785 [96]
  1049/4598: $4\ca30_step$func$../rtl/crypto/india_pdf_engine.v:266$33.ns[127:0]$2785 [95]
  1050/4598: $4\ca30_step$func$../rtl/crypto/india_pdf_engine.v:266$33.ns[127:0]$2785 [94]
  1051/4598: $4\ca30_step$func$../rtl/crypto/india_pdf_engine.v:266$33.ns[127:0]$2785 [93]
  1052/4598: $4\ca30_step$func$../rtl/crypto/india_pdf_engine.v:266$33.ns[127:0]$2785 [92]
  1053/4598: $4\ca30_step$func$../rtl/crypto/india_pdf_engine.v:266$33.ns[127:0]$2785 [91]
  1054/4598: $4\ca30_step$func$../rtl/crypto/india_pdf_engine.v:266$33.ns[127:0]$2785 [90]
  1055/4598: $4\ca30_step$func$../rtl/crypto/india_pdf_engine.v:266$33.ns[127:0]$2785 [89]
  1056/4598: $4\ca30_step$func$../rtl/crypto/india_pdf_engine.v:266$33.ns[127:0]$2785 [88]
  1057/4598: $4\ca30_step$func$../rtl/crypto/india_pdf_engine.v:266$33.ns[127:0]$2785 [87]
  1058/4598: $4\ca30_step$func$../rtl/crypto/india_pdf_engine.v:266$33.ns[127:0]$2785 [86]
  1059/4598: $4\ca30_step$func$../rtl/crypto/india_pdf_engine.v:266$33.ns[127:0]$2785 [85]
  1060/4598: $4\ca30_step$func$../rtl/crypto/india_pdf_engine.v:266$33.ns[127:0]$2785 [84]
  1061/4598: $4\ca30_step$func$../rtl/crypto/india_pdf_engine.v:266$33.ns[127:0]$2785 [83]
  1062/4598: $4\ca30_step$func$../rtl/crypto/india_pdf_engine.v:266$33.ns[127:0]$2785 [82]
  1063/4598: $4\ca30_step$func$../rtl/crypto/india_pdf_engine.v:266$33.ns[127:0]$2785 [81]
  1064/4598: $4\ca30_step$func$../rtl/crypto/india_pdf_engine.v:266$33.ns[127:0]$2785 [80]
  1065/4598: $4\ca30_step$func$../rtl/crypto/india_pdf_engine.v:266$33.ns[127:0]$2785 [79]
  1066/4598: $4\ca30_step$func$../rtl/crypto/india_pdf_engine.v:266$33.ns[127:0]$2785 [78]
  1067/4598: $4\ca30_step$func$../rtl/crypto/india_pdf_engine.v:266$33.ns[127:0]$2785 [77]
  1068/4598: $4\ca30_step$func$../rtl/crypto/india_pdf_engine.v:266$33.ns[127:0]$2785 [76]
  1069/4598: $4\ca30_step$func$../rtl/crypto/india_pdf_engine.v:266$33.ns[127:0]$2785 [75]
  1070/4598: $4\ca30_step$func$../rtl/crypto/india_pdf_engine.v:266$33.ns[127:0]$2785 [74]
  1071/4598: $4\ca30_step$func$../rtl/crypto/india_pdf_engine.v:266$33.ns[127:0]$2785 [73]
  1072/4598: $4\ca30_step$func$../rtl/crypto/india_pdf_engine.v:266$33.ns[127:0]$2785 [72]
  1073/4598: $4\ca30_step$func$../rtl/crypto/india_pdf_engine.v:266$33.ns[127:0]$2785 [71]
  1074/4598: $4\ca30_step$func$../rtl/crypto/india_pdf_engine.v:266$33.ns[127:0]$2785 [70]
  1075/4598: $4\ca30_step$func$../rtl/crypto/india_pdf_engine.v:266$33.ns[127:0]$2785 [69]
  1076/4598: $4\ca30_step$func$../rtl/crypto/india_pdf_engine.v:266$33.ns[127:0]$2785 [68]
  1077/4598: $4\ca30_step$func$../rtl/crypto/india_pdf_engine.v:266$33.ns[127:0]$2785 [67]
  1078/4598: $4\ca30_step$func$../rtl/crypto/india_pdf_engine.v:266$33.ns[127:0]$2785 [66]
  1079/4598: $4\ca30_step$func$../rtl/crypto/india_pdf_engine.v:266$33.ns[127:0]$2785 [65]
  1080/4598: $4\ca30_step$func$../rtl/crypto/india_pdf_engine.v:266$33.ns[127:0]$2785 [64]
  1081/4598: $4\ca30_step$func$../rtl/crypto/india_pdf_engine.v:266$33.ns[127:0]$2785 [63]
  1082/4598: $4\ca30_step$func$../rtl/crypto/india_pdf_engine.v:266$33.ns[127:0]$2785 [62]
  1083/4598: $4\ca30_step$func$../rtl/crypto/india_pdf_engine.v:266$33.ns[127:0]$2785 [61]
  1084/4598: $4\ca30_step$func$../rtl/crypto/india_pdf_engine.v:266$33.ns[127:0]$2785 [60]
  1085/4598: $4\ca30_step$func$../rtl/crypto/india_pdf_engine.v:266$33.ns[127:0]$2785 [59]
  1086/4598: $4\ca30_step$func$../rtl/crypto/india_pdf_engine.v:266$33.ns[127:0]$2785 [58]
  1087/4598: $4\ca30_step$func$../rtl/crypto/india_pdf_engine.v:266$33.ns[127:0]$2785 [57]
  1088/4598: $4\ca30_step$func$../rtl/crypto/india_pdf_engine.v:266$33.ns[127:0]$2785 [56]
  1089/4598: $4\ca30_step$func$../rtl/crypto/india_pdf_engine.v:266$33.ns[127:0]$2785 [55]
  1090/4598: $4\ca30_step$func$../rtl/crypto/india_pdf_engine.v:266$33.ns[127:0]$2785 [54]
  1091/4598: $4\ca30_step$func$../rtl/crypto/india_pdf_engine.v:266$33.ns[127:0]$2785 [53]
  1092/4598: $4\ca30_step$func$../rtl/crypto/india_pdf_engine.v:266$33.ns[127:0]$2785 [52]
  1093/4598: $4\ca30_step$func$../rtl/crypto/india_pdf_engine.v:266$33.ns[127:0]$2785 [51]
  1094/4598: $4\ca30_step$func$../rtl/crypto/india_pdf_engine.v:266$33.ns[127:0]$2785 [50]
  1095/4598: $4\ca30_step$func$../rtl/crypto/india_pdf_engine.v:266$33.ns[127:0]$2785 [49]
  1096/4598: $4\ca30_step$func$../rtl/crypto/india_pdf_engine.v:266$33.ns[127:0]$2785 [48]
  1097/4598: $4\ca30_step$func$../rtl/crypto/india_pdf_engine.v:266$33.ns[127:0]$2785 [47]
  1098/4598: $4\ca30_step$func$../rtl/crypto/india_pdf_engine.v:266$33.ns[127:0]$2785 [46]
  1099/4598: $4\ca30_step$func$../rtl/crypto/india_pdf_engine.v:266$33.ns[127:0]$2785 [45]
  1100/4598: $4\ca30_step$func$../rtl/crypto/india_pdf_engine.v:266$33.ns[127:0]$2785 [44]
  1101/4598: $4\ca30_step$func$../rtl/crypto/india_pdf_engine.v:266$33.ns[127:0]$2785 [43]
  1102/4598: $4\ca30_step$func$../rtl/crypto/india_pdf_engine.v:266$33.ns[127:0]$2785 [42]
  1103/4598: $4\ca30_step$func$../rtl/crypto/india_pdf_engine.v:266$33.ns[127:0]$2785 [41]
  1104/4598: $4\ca30_step$func$../rtl/crypto/india_pdf_engine.v:266$33.ns[127:0]$2785 [40]
  1105/4598: $4\ca30_step$func$../rtl/crypto/india_pdf_engine.v:266$33.ns[127:0]$2785 [39]
  1106/4598: $4\ca30_step$func$../rtl/crypto/india_pdf_engine.v:266$33.ns[127:0]$2785 [38]
  1107/4598: $4\ca30_step$func$../rtl/crypto/india_pdf_engine.v:266$33.ns[127:0]$2785 [37]
  1108/4598: $4\ca30_step$func$../rtl/crypto/india_pdf_engine.v:266$33.ns[127:0]$2785 [36]
  1109/4598: $4\ca30_step$func$../rtl/crypto/india_pdf_engine.v:266$33.ns[127:0]$2785 [35]
  1110/4598: $4\ca30_step$func$../rtl/crypto/india_pdf_engine.v:266$33.ns[127:0]$2785 [34]
  1111/4598: $4\ca30_step$func$../rtl/crypto/india_pdf_engine.v:266$33.ns[127:0]$2785 [33]
  1112/4598: $4\ca30_step$func$../rtl/crypto/india_pdf_engine.v:266$33.ns[127:0]$2785 [32]
  1113/4598: $4\ca30_step$func$../rtl/crypto/india_pdf_engine.v:266$33.ns[127:0]$2785 [31]
  1114/4598: $4\ca30_step$func$../rtl/crypto/india_pdf_engine.v:266$33.ns[127:0]$2785 [30]
  1115/4598: $4\ca30_step$func$../rtl/crypto/india_pdf_engine.v:266$33.ns[127:0]$2785 [29]
  1116/4598: $4\ca30_step$func$../rtl/crypto/india_pdf_engine.v:266$33.ns[127:0]$2785 [28]
  1117/4598: $4\ca30_step$func$../rtl/crypto/india_pdf_engine.v:266$33.ns[127:0]$2785 [27]
  1118/4598: $4\ca30_step$func$../rtl/crypto/india_pdf_engine.v:266$33.ns[127:0]$2785 [26]
  1119/4598: $4\ca30_step$func$../rtl/crypto/india_pdf_engine.v:266$33.ns[127:0]$2785 [25]
  1120/4598: $4\ca30_step$func$../rtl/crypto/india_pdf_engine.v:266$33.ns[127:0]$2785 [24]
  1121/4598: $4\ca30_step$func$../rtl/crypto/india_pdf_engine.v:266$33.ns[127:0]$2785 [23]
  1122/4598: $4\ca30_step$func$../rtl/crypto/india_pdf_engine.v:266$33.ns[127:0]$2785 [22]
  1123/4598: $4\ca30_step$func$../rtl/crypto/india_pdf_engine.v:266$33.ns[127:0]$2785 [21]
  1124/4598: $4\ca30_step$func$../rtl/crypto/india_pdf_engine.v:266$33.ns[127:0]$2785 [20]
  1125/4598: $4\ca30_step$func$../rtl/crypto/india_pdf_engine.v:266$33.ns[127:0]$2785 [19]
  1126/4598: $4\ca30_step$func$../rtl/crypto/india_pdf_engine.v:266$33.ns[127:0]$2785 [18]
  1127/4598: $4\ca30_step$func$../rtl/crypto/india_pdf_engine.v:266$33.ns[127:0]$2785 [17]
  1128/4598: $4\ca30_step$func$../rtl/crypto/india_pdf_engine.v:266$33.ns[127:0]$2785 [16]
  1129/4598: $4\ca30_step$func$../rtl/crypto/india_pdf_engine.v:266$33.ns[127:0]$2785 [15]
  1130/4598: $4\ca30_step$func$../rtl/crypto/india_pdf_engine.v:266$33.ns[127:0]$2785 [14]
  1131/4598: $4\ca30_step$func$../rtl/crypto/india_pdf_engine.v:266$33.ns[127:0]$2785 [13]
  1132/4598: $4\ca30_step$func$../rtl/crypto/india_pdf_engine.v:266$33.ns[127:0]$2785 [12]
  1133/4598: $4\ca30_step$func$../rtl/crypto/india_pdf_engine.v:266$33.ns[127:0]$2785 [11]
  1134/4598: $4\ca30_step$func$../rtl/crypto/india_pdf_engine.v:266$33.ns[127:0]$2785 [10]
  1135/4598: $4\ca30_step$func$../rtl/crypto/india_pdf_engine.v:266$33.ns[127:0]$2785 [9]
  1136/4598: $4\ca30_step$func$../rtl/crypto/india_pdf_engine.v:266$33.ns[127:0]$2785 [8]
  1137/4598: $4\ca30_step$func$../rtl/crypto/india_pdf_engine.v:266$33.ns[127:0]$2785 [7]
  1138/4598: $4\ca30_step$func$../rtl/crypto/india_pdf_engine.v:266$33.ns[127:0]$2785 [6]
  1139/4598: $4\ca30_step$func$../rtl/crypto/india_pdf_engine.v:266$33.ns[127:0]$2785 [5]
  1140/4598: $4\ca30_step$func$../rtl/crypto/india_pdf_engine.v:266$33.ns[127:0]$2785 [4]
  1141/4598: $4\ca30_step$func$../rtl/crypto/india_pdf_engine.v:266$33.ns[127:0]$2785 [3]
  1142/4598: $4\ca30_step$func$../rtl/crypto/india_pdf_engine.v:266$33.ns[127:0]$2785 [2]
  1143/4598: $4\ca30_step$func$../rtl/crypto/india_pdf_engine.v:266$33.ns[127:0]$2785 [1]
  1144/4598: $4\ca30_step$func$../rtl/crypto/india_pdf_engine.v:266$33.ns[127:0]$2785 [0]
  1145/4598: $4\ca30_step$func$../rtl/crypto/india_pdf_engine.v:265$32.ns[127:0]$2781 [126]
  1146/4598: $4\ca30_step$func$../rtl/crypto/india_pdf_engine.v:265$32.ns[127:0]$2781 [125]
  1147/4598: $4\ca30_step$func$../rtl/crypto/india_pdf_engine.v:265$32.ns[127:0]$2781 [124]
  1148/4598: $4\ca30_step$func$../rtl/crypto/india_pdf_engine.v:265$32.ns[127:0]$2781 [123]
  1149/4598: $4\ca30_step$func$../rtl/crypto/india_pdf_engine.v:265$32.ns[127:0]$2781 [122]
  1150/4598: $4\ca30_step$func$../rtl/crypto/india_pdf_engine.v:265$32.ns[127:0]$2781 [121]
  1151/4598: $4\ca30_step$func$../rtl/crypto/india_pdf_engine.v:265$32.ns[127:0]$2781 [120]
  1152/4598: $4\ca30_step$func$../rtl/crypto/india_pdf_engine.v:265$32.ns[127:0]$2781 [119]
  1153/4598: $4\ca30_step$func$../rtl/crypto/india_pdf_engine.v:265$32.ns[127:0]$2781 [118]
  1154/4598: $4\ca30_step$func$../rtl/crypto/india_pdf_engine.v:265$32.ns[127:0]$2781 [117]
  1155/4598: $4\ca30_step$func$../rtl/crypto/india_pdf_engine.v:265$32.ns[127:0]$2781 [116]
  1156/4598: $4\ca30_step$func$../rtl/crypto/india_pdf_engine.v:265$32.ns[127:0]$2781 [115]
  1157/4598: $4\ca30_step$func$../rtl/crypto/india_pdf_engine.v:265$32.ns[127:0]$2781 [114]
  1158/4598: $4\ca30_step$func$../rtl/crypto/india_pdf_engine.v:265$32.ns[127:0]$2781 [113]
  1159/4598: $4\ca30_step$func$../rtl/crypto/india_pdf_engine.v:265$32.ns[127:0]$2781 [112]
  1160/4598: $4\ca30_step$func$../rtl/crypto/india_pdf_engine.v:265$32.ns[127:0]$2781 [111]
  1161/4598: $4\ca30_step$func$../rtl/crypto/india_pdf_engine.v:265$32.ns[127:0]$2781 [110]
  1162/4598: $4\ca30_step$func$../rtl/crypto/india_pdf_engine.v:265$32.ns[127:0]$2781 [109]
  1163/4598: $4\ca30_step$func$../rtl/crypto/india_pdf_engine.v:265$32.ns[127:0]$2781 [108]
  1164/4598: $4\ca30_step$func$../rtl/crypto/india_pdf_engine.v:265$32.ns[127:0]$2781 [107]
  1165/4598: $4\ca30_step$func$../rtl/crypto/india_pdf_engine.v:265$32.ns[127:0]$2781 [106]
  1166/4598: $4\ca30_step$func$../rtl/crypto/india_pdf_engine.v:265$32.ns[127:0]$2781 [105]
  1167/4598: $4\ca30_step$func$../rtl/crypto/india_pdf_engine.v:265$32.ns[127:0]$2781 [104]
  1168/4598: $4\ca30_step$func$../rtl/crypto/india_pdf_engine.v:265$32.ns[127:0]$2781 [103]
  1169/4598: $4\ca30_step$func$../rtl/crypto/india_pdf_engine.v:265$32.ns[127:0]$2781 [102]
  1170/4598: $4\ca30_step$func$../rtl/crypto/india_pdf_engine.v:265$32.ns[127:0]$2781 [101]
  1171/4598: $4\ca30_step$func$../rtl/crypto/india_pdf_engine.v:265$32.ns[127:0]$2781 [100]
  1172/4598: $4\ca30_step$func$../rtl/crypto/india_pdf_engine.v:265$32.ns[127:0]$2781 [99]
  1173/4598: $4\ca30_step$func$../rtl/crypto/india_pdf_engine.v:265$32.ns[127:0]$2781 [98]
  1174/4598: $4\ca30_step$func$../rtl/crypto/india_pdf_engine.v:265$32.ns[127:0]$2781 [97]
  1175/4598: $4\ca30_step$func$../rtl/crypto/india_pdf_engine.v:265$32.ns[127:0]$2781 [96]
  1176/4598: $4\ca30_step$func$../rtl/crypto/india_pdf_engine.v:265$32.ns[127:0]$2781 [95]
  1177/4598: $4\ca30_step$func$../rtl/crypto/india_pdf_engine.v:265$32.ns[127:0]$2781 [94]
  1178/4598: $4\ca30_step$func$../rtl/crypto/india_pdf_engine.v:265$32.ns[127:0]$2781 [93]
  1179/4598: $4\ca30_step$func$../rtl/crypto/india_pdf_engine.v:265$32.ns[127:0]$2781 [92]
  1180/4598: $4\ca30_step$func$../rtl/crypto/india_pdf_engine.v:265$32.ns[127:0]$2781 [91]
  1181/4598: $4\ca30_step$func$../rtl/crypto/india_pdf_engine.v:265$32.ns[127:0]$2781 [90]
  1182/4598: $4\ca30_step$func$../rtl/crypto/india_pdf_engine.v:265$32.ns[127:0]$2781 [89]
  1183/4598: $4\ca30_step$func$../rtl/crypto/india_pdf_engine.v:265$32.ns[127:0]$2781 [88]
  1184/4598: $4\ca30_step$func$../rtl/crypto/india_pdf_engine.v:265$32.ns[127:0]$2781 [87]
  1185/4598: $4\ca30_step$func$../rtl/crypto/india_pdf_engine.v:265$32.ns[127:0]$2781 [86]
  1186/4598: $4\ca30_step$func$../rtl/crypto/india_pdf_engine.v:265$32.ns[127:0]$2781 [85]
  1187/4598: $4\ca30_step$func$../rtl/crypto/india_pdf_engine.v:265$32.ns[127:0]$2781 [84]
  1188/4598: $4\ca30_step$func$../rtl/crypto/india_pdf_engine.v:265$32.ns[127:0]$2781 [83]
  1189/4598: $4\ca30_step$func$../rtl/crypto/india_pdf_engine.v:265$32.ns[127:0]$2781 [82]
  1190/4598: $4\ca30_step$func$../rtl/crypto/india_pdf_engine.v:265$32.ns[127:0]$2781 [81]
  1191/4598: $4\ca30_step$func$../rtl/crypto/india_pdf_engine.v:265$32.ns[127:0]$2781 [80]
  1192/4598: $4\ca30_step$func$../rtl/crypto/india_pdf_engine.v:265$32.ns[127:0]$2781 [79]
  1193/4598: $4\ca30_step$func$../rtl/crypto/india_pdf_engine.v:265$32.ns[127:0]$2781 [78]
  1194/4598: $4\ca30_step$func$../rtl/crypto/india_pdf_engine.v:265$32.ns[127:0]$2781 [77]
  1195/4598: $4\ca30_step$func$../rtl/crypto/india_pdf_engine.v:265$32.ns[127:0]$2781 [76]
  1196/4598: $4\ca30_step$func$../rtl/crypto/india_pdf_engine.v:265$32.ns[127:0]$2781 [75]
  1197/4598: $4\ca30_step$func$../rtl/crypto/india_pdf_engine.v:265$32.ns[127:0]$2781 [74]
  1198/4598: $4\ca30_step$func$../rtl/crypto/india_pdf_engine.v:265$32.ns[127:0]$2781 [73]
  1199/4598: $4\ca30_step$func$../rtl/crypto/india_pdf_engine.v:265$32.ns[127:0]$2781 [72]
  1200/4598: $4\ca30_step$func$../rtl/crypto/india_pdf_engine.v:265$32.ns[127:0]$2781 [71]
  1201/4598: $4\ca30_step$func$../rtl/crypto/india_pdf_engine.v:265$32.ns[127:0]$2781 [70]
  1202/4598: $4\ca30_step$func$../rtl/crypto/india_pdf_engine.v:265$32.ns[127:0]$2781 [69]
  1203/4598: $4\ca30_step$func$../rtl/crypto/india_pdf_engine.v:265$32.ns[127:0]$2781 [68]
  1204/4598: $4\ca30_step$func$../rtl/crypto/india_pdf_engine.v:265$32.ns[127:0]$2781 [67]
  1205/4598: $4\ca30_step$func$../rtl/crypto/india_pdf_engine.v:265$32.ns[127:0]$2781 [66]
  1206/4598: $4\ca30_step$func$../rtl/crypto/india_pdf_engine.v:265$32.ns[127:0]$2781 [65]
  1207/4598: $4\ca30_step$func$../rtl/crypto/india_pdf_engine.v:265$32.ns[127:0]$2781 [64]
  1208/4598: $4\ca30_step$func$../rtl/crypto/india_pdf_engine.v:265$32.ns[127:0]$2781 [63]
  1209/4598: $4\ca30_step$func$../rtl/crypto/india_pdf_engine.v:265$32.ns[127:0]$2781 [62]
  1210/4598: $4\ca30_step$func$../rtl/crypto/india_pdf_engine.v:265$32.ns[127:0]$2781 [61]
  1211/4598: $4\ca30_step$func$../rtl/crypto/india_pdf_engine.v:265$32.ns[127:0]$2781 [60]
  1212/4598: $4\ca30_step$func$../rtl/crypto/india_pdf_engine.v:265$32.ns[127:0]$2781 [59]
  1213/4598: $4\ca30_step$func$../rtl/crypto/india_pdf_engine.v:265$32.ns[127:0]$2781 [58]
  1214/4598: $4\ca30_step$func$../rtl/crypto/india_pdf_engine.v:265$32.ns[127:0]$2781 [57]
  1215/4598: $4\ca30_step$func$../rtl/crypto/india_pdf_engine.v:265$32.ns[127:0]$2781 [56]
  1216/4598: $4\ca30_step$func$../rtl/crypto/india_pdf_engine.v:265$32.ns[127:0]$2781 [55]
  1217/4598: $4\ca30_step$func$../rtl/crypto/india_pdf_engine.v:265$32.ns[127:0]$2781 [54]
  1218/4598: $4\ca30_step$func$../rtl/crypto/india_pdf_engine.v:265$32.ns[127:0]$2781 [53]
  1219/4598: $4\ca30_step$func$../rtl/crypto/india_pdf_engine.v:265$32.ns[127:0]$2781 [52]
  1220/4598: $4\ca30_step$func$../rtl/crypto/india_pdf_engine.v:265$32.ns[127:0]$2781 [51]
  1221/4598: $4\ca30_step$func$../rtl/crypto/india_pdf_engine.v:265$32.ns[127:0]$2781 [50]
  1222/4598: $4\ca30_step$func$../rtl/crypto/india_pdf_engine.v:265$32.ns[127:0]$2781 [49]
  1223/4598: $4\ca30_step$func$../rtl/crypto/india_pdf_engine.v:265$32.ns[127:0]$2781 [48]
  1224/4598: $4\ca30_step$func$../rtl/crypto/india_pdf_engine.v:265$32.ns[127:0]$2781 [47]
  1225/4598: $4\ca30_step$func$../rtl/crypto/india_pdf_engine.v:265$32.ns[127:0]$2781 [46]
  1226/4598: $4\ca30_step$func$../rtl/crypto/india_pdf_engine.v:265$32.ns[127:0]$2781 [45]
  1227/4598: $4\ca30_step$func$../rtl/crypto/india_pdf_engine.v:265$32.ns[127:0]$2781 [44]
  1228/4598: $4\ca30_step$func$../rtl/crypto/india_pdf_engine.v:265$32.ns[127:0]$2781 [43]
  1229/4598: $4\ca30_step$func$../rtl/crypto/india_pdf_engine.v:265$32.ns[127:0]$2781 [42]
  1230/4598: $4\ca30_step$func$../rtl/crypto/india_pdf_engine.v:265$32.ns[127:0]$2781 [41]
  1231/4598: $4\ca30_step$func$../rtl/crypto/india_pdf_engine.v:265$32.ns[127:0]$2781 [40]
  1232/4598: $4\ca30_step$func$../rtl/crypto/india_pdf_engine.v:265$32.ns[127:0]$2781 [39]
  1233/4598: $4\ca30_step$func$../rtl/crypto/india_pdf_engine.v:265$32.ns[127:0]$2781 [38]
  1234/4598: $4\ca30_step$func$../rtl/crypto/india_pdf_engine.v:265$32.ns[127:0]$2781 [37]
  1235/4598: $4\ca30_step$func$../rtl/crypto/india_pdf_engine.v:265$32.ns[127:0]$2781 [36]
  1236/4598: $4\ca30_step$func$../rtl/crypto/india_pdf_engine.v:265$32.ns[127:0]$2781 [35]
  1237/4598: $4\ca30_step$func$../rtl/crypto/india_pdf_engine.v:265$32.ns[127:0]$2781 [34]
  1238/4598: $4\ca30_step$func$../rtl/crypto/india_pdf_engine.v:265$32.ns[127:0]$2781 [33]
  1239/4598: $4\ca30_step$func$../rtl/crypto/india_pdf_engine.v:265$32.ns[127:0]$2781 [32]
  1240/4598: $4\ca30_step$func$../rtl/crypto/india_pdf_engine.v:265$32.ns[127:0]$2781 [31]
  1241/4598: $4\ca30_step$func$../rtl/crypto/india_pdf_engine.v:265$32.ns[127:0]$2781 [30]
  1242/4598: $4\ca30_step$func$../rtl/crypto/india_pdf_engine.v:265$32.ns[127:0]$2781 [29]
  1243/4598: $4\ca30_step$func$../rtl/crypto/india_pdf_engine.v:265$32.ns[127:0]$2781 [28]
  1244/4598: $4\ca30_step$func$../rtl/crypto/india_pdf_engine.v:265$32.ns[127:0]$2781 [27]
  1245/4598: $4\ca30_step$func$../rtl/crypto/india_pdf_engine.v:265$32.ns[127:0]$2781 [26]
  1246/4598: $4\ca30_step$func$../rtl/crypto/india_pdf_engine.v:265$32.ns[127:0]$2781 [25]
  1247/4598: $4\ca30_step$func$../rtl/crypto/india_pdf_engine.v:265$32.ns[127:0]$2781 [24]
  1248/4598: $4\ca30_step$func$../rtl/crypto/india_pdf_engine.v:265$32.ns[127:0]$2781 [23]
  1249/4598: $4\ca30_step$func$../rtl/crypto/india_pdf_engine.v:265$32.ns[127:0]$2781 [22]
  1250/4598: $4\ca30_step$func$../rtl/crypto/india_pdf_engine.v:265$32.ns[127:0]$2781 [21]
  1251/4598: $4\ca30_step$func$../rtl/crypto/india_pdf_engine.v:265$32.ns[127:0]$2781 [20]
  1252/4598: $4\ca30_step$func$../rtl/crypto/india_pdf_engine.v:265$32.ns[127:0]$2781 [19]
  1253/4598: $4\ca30_step$func$../rtl/crypto/india_pdf_engine.v:265$32.ns[127:0]$2781 [18]
  1254/4598: $4\ca30_step$func$../rtl/crypto/india_pdf_engine.v:265$32.ns[127:0]$2781 [17]
  1255/4598: $4\ca30_step$func$../rtl/crypto/india_pdf_engine.v:265$32.ns[127:0]$2781 [16]
  1256/4598: $4\ca30_step$func$../rtl/crypto/india_pdf_engine.v:265$32.ns[127:0]$2781 [15]
  1257/4598: $4\ca30_step$func$../rtl/crypto/india_pdf_engine.v:265$32.ns[127:0]$2781 [14]
  1258/4598: $4\ca30_step$func$../rtl/crypto/india_pdf_engine.v:265$32.ns[127:0]$2781 [13]
  1259/4598: $4\ca30_step$func$../rtl/crypto/india_pdf_engine.v:265$32.ns[127:0]$2781 [12]
  1260/4598: $4\ca30_step$func$../rtl/crypto/india_pdf_engine.v:265$32.ns[127:0]$2781 [11]
  1261/4598: $4\ca30_step$func$../rtl/crypto/india_pdf_engine.v:265$32.ns[127:0]$2781 [10]
  1262/4598: $4\ca30_step$func$../rtl/crypto/india_pdf_engine.v:265$32.ns[127:0]$2781 [9]
  1263/4598: $4\ca30_step$func$../rtl/crypto/india_pdf_engine.v:265$32.ns[127:0]$2781 [8]
  1264/4598: $4\ca30_step$func$../rtl/crypto/india_pdf_engine.v:265$32.ns[127:0]$2781 [7]
  1265/4598: $4\ca30_step$func$../rtl/crypto/india_pdf_engine.v:265$32.ns[127:0]$2781 [6]
  1266/4598: $4\ca30_step$func$../rtl/crypto/india_pdf_engine.v:265$32.ns[127:0]$2781 [5]
  1267/4598: $4\ca30_step$func$../rtl/crypto/india_pdf_engine.v:265$32.ns[127:0]$2781 [4]
  1268/4598: $4\ca30_step$func$../rtl/crypto/india_pdf_engine.v:265$32.ns[127:0]$2781 [3]
  1269/4598: $4\ca30_step$func$../rtl/crypto/india_pdf_engine.v:265$32.ns[127:0]$2781 [2]
  1270/4598: $4\ca30_step$func$../rtl/crypto/india_pdf_engine.v:265$32.ns[127:0]$2781 [1]
  1271/4598: $4\ca30_step$func$../rtl/crypto/india_pdf_engine.v:265$32.ns[127:0]$2781 [0]
  1272/4598: $4\ca30_step$func$../rtl/crypto/india_pdf_engine.v:264$31.ns[127:0]$2777 [126]
  1273/4598: $4\ca30_step$func$../rtl/crypto/india_pdf_engine.v:264$31.ns[127:0]$2777 [125]
  1274/4598: $4\ca30_step$func$../rtl/crypto/india_pdf_engine.v:264$31.ns[127:0]$2777 [124]
  1275/4598: $4\ca30_step$func$../rtl/crypto/india_pdf_engine.v:264$31.ns[127:0]$2777 [123]
  1276/4598: $4\ca30_step$func$../rtl/crypto/india_pdf_engine.v:264$31.ns[127:0]$2777 [122]
  1277/4598: $4\ca30_step$func$../rtl/crypto/india_pdf_engine.v:264$31.ns[127:0]$2777 [121]
  1278/4598: $4\ca30_step$func$../rtl/crypto/india_pdf_engine.v:264$31.ns[127:0]$2777 [120]
  1279/4598: $4\ca30_step$func$../rtl/crypto/india_pdf_engine.v:264$31.ns[127:0]$2777 [119]
  1280/4598: $4\ca30_step$func$../rtl/crypto/india_pdf_engine.v:264$31.ns[127:0]$2777 [118]
  1281/4598: $4\ca30_step$func$../rtl/crypto/india_pdf_engine.v:264$31.ns[127:0]$2777 [117]
  1282/4598: $4\ca30_step$func$../rtl/crypto/india_pdf_engine.v:264$31.ns[127:0]$2777 [116]
  1283/4598: $4\ca30_step$func$../rtl/crypto/india_pdf_engine.v:264$31.ns[127:0]$2777 [115]
  1284/4598: $4\ca30_step$func$../rtl/crypto/india_pdf_engine.v:264$31.ns[127:0]$2777 [114]
  1285/4598: $4\ca30_step$func$../rtl/crypto/india_pdf_engine.v:264$31.ns[127:0]$2777 [113]
  1286/4598: $4\ca30_step$func$../rtl/crypto/india_pdf_engine.v:264$31.ns[127:0]$2777 [112]
  1287/4598: $4\ca30_step$func$../rtl/crypto/india_pdf_engine.v:264$31.ns[127:0]$2777 [111]
  1288/4598: $4\ca30_step$func$../rtl/crypto/india_pdf_engine.v:264$31.ns[127:0]$2777 [110]
  1289/4598: $4\ca30_step$func$../rtl/crypto/india_pdf_engine.v:264$31.ns[127:0]$2777 [109]
  1290/4598: $4\ca30_step$func$../rtl/crypto/india_pdf_engine.v:264$31.ns[127:0]$2777 [108]
  1291/4598: $4\ca30_step$func$../rtl/crypto/india_pdf_engine.v:264$31.ns[127:0]$2777 [107]
  1292/4598: $4\ca30_step$func$../rtl/crypto/india_pdf_engine.v:264$31.ns[127:0]$2777 [106]
  1293/4598: $4\ca30_step$func$../rtl/crypto/india_pdf_engine.v:264$31.ns[127:0]$2777 [105]
  1294/4598: $4\ca30_step$func$../rtl/crypto/india_pdf_engine.v:264$31.ns[127:0]$2777 [104]
  1295/4598: $4\ca30_step$func$../rtl/crypto/india_pdf_engine.v:264$31.ns[127:0]$2777 [103]
  1296/4598: $4\ca30_step$func$../rtl/crypto/india_pdf_engine.v:264$31.ns[127:0]$2777 [102]
  1297/4598: $4\ca30_step$func$../rtl/crypto/india_pdf_engine.v:264$31.ns[127:0]$2777 [101]
  1298/4598: $4\ca30_step$func$../rtl/crypto/india_pdf_engine.v:264$31.ns[127:0]$2777 [100]
  1299/4598: $4\ca30_step$func$../rtl/crypto/india_pdf_engine.v:264$31.ns[127:0]$2777 [99]
  1300/4598: $4\ca30_step$func$../rtl/crypto/india_pdf_engine.v:264$31.ns[127:0]$2777 [98]
  1301/4598: $4\ca30_step$func$../rtl/crypto/india_pdf_engine.v:264$31.ns[127:0]$2777 [97]
  1302/4598: $4\ca30_step$func$../rtl/crypto/india_pdf_engine.v:264$31.ns[127:0]$2777 [96]
  1303/4598: $4\ca30_step$func$../rtl/crypto/india_pdf_engine.v:264$31.ns[127:0]$2777 [95]
  1304/4598: $4\ca30_step$func$../rtl/crypto/india_pdf_engine.v:264$31.ns[127:0]$2777 [94]
  1305/4598: $4\ca30_step$func$../rtl/crypto/india_pdf_engine.v:264$31.ns[127:0]$2777 [93]
  1306/4598: $4\ca30_step$func$../rtl/crypto/india_pdf_engine.v:264$31.ns[127:0]$2777 [92]
  1307/4598: $4\ca30_step$func$../rtl/crypto/india_pdf_engine.v:264$31.ns[127:0]$2777 [91]
  1308/4598: $4\ca30_step$func$../rtl/crypto/india_pdf_engine.v:264$31.ns[127:0]$2777 [90]
  1309/4598: $4\ca30_step$func$../rtl/crypto/india_pdf_engine.v:264$31.ns[127:0]$2777 [89]
  1310/4598: $4\ca30_step$func$../rtl/crypto/india_pdf_engine.v:264$31.ns[127:0]$2777 [88]
  1311/4598: $4\ca30_step$func$../rtl/crypto/india_pdf_engine.v:264$31.ns[127:0]$2777 [87]
  1312/4598: $4\ca30_step$func$../rtl/crypto/india_pdf_engine.v:264$31.ns[127:0]$2777 [86]
  1313/4598: $4\ca30_step$func$../rtl/crypto/india_pdf_engine.v:264$31.ns[127:0]$2777 [85]
  1314/4598: $4\ca30_step$func$../rtl/crypto/india_pdf_engine.v:264$31.ns[127:0]$2777 [84]
  1315/4598: $4\ca30_step$func$../rtl/crypto/india_pdf_engine.v:264$31.ns[127:0]$2777 [83]
  1316/4598: $4\ca30_step$func$../rtl/crypto/india_pdf_engine.v:264$31.ns[127:0]$2777 [82]
  1317/4598: $4\ca30_step$func$../rtl/crypto/india_pdf_engine.v:264$31.ns[127:0]$2777 [81]
  1318/4598: $4\ca30_step$func$../rtl/crypto/india_pdf_engine.v:264$31.ns[127:0]$2777 [80]
  1319/4598: $4\ca30_step$func$../rtl/crypto/india_pdf_engine.v:264$31.ns[127:0]$2777 [79]
  1320/4598: $4\ca30_step$func$../rtl/crypto/india_pdf_engine.v:264$31.ns[127:0]$2777 [78]
  1321/4598: $4\ca30_step$func$../rtl/crypto/india_pdf_engine.v:264$31.ns[127:0]$2777 [77]
  1322/4598: $4\ca30_step$func$../rtl/crypto/india_pdf_engine.v:264$31.ns[127:0]$2777 [76]
  1323/4598: $4\ca30_step$func$../rtl/crypto/india_pdf_engine.v:264$31.ns[127:0]$2777 [75]
  1324/4598: $4\ca30_step$func$../rtl/crypto/india_pdf_engine.v:264$31.ns[127:0]$2777 [74]
  1325/4598: $4\ca30_step$func$../rtl/crypto/india_pdf_engine.v:264$31.ns[127:0]$2777 [73]
  1326/4598: $4\ca30_step$func$../rtl/crypto/india_pdf_engine.v:264$31.ns[127:0]$2777 [72]
  1327/4598: $4\ca30_step$func$../rtl/crypto/india_pdf_engine.v:264$31.ns[127:0]$2777 [71]
  1328/4598: $4\ca30_step$func$../rtl/crypto/india_pdf_engine.v:264$31.ns[127:0]$2777 [70]
  1329/4598: $4\ca30_step$func$../rtl/crypto/india_pdf_engine.v:264$31.ns[127:0]$2777 [69]
  1330/4598: $4\ca30_step$func$../rtl/crypto/india_pdf_engine.v:264$31.ns[127:0]$2777 [68]
  1331/4598: $4\ca30_step$func$../rtl/crypto/india_pdf_engine.v:264$31.ns[127:0]$2777 [67]
  1332/4598: $4\ca30_step$func$../rtl/crypto/india_pdf_engine.v:264$31.ns[127:0]$2777 [66]
  1333/4598: $4\ca30_step$func$../rtl/crypto/india_pdf_engine.v:264$31.ns[127:0]$2777 [65]
  1334/4598: $4\ca30_step$func$../rtl/crypto/india_pdf_engine.v:264$31.ns[127:0]$2777 [64]
  1335/4598: $4\ca30_step$func$../rtl/crypto/india_pdf_engine.v:264$31.ns[127:0]$2777 [63]
  1336/4598: $4\ca30_step$func$../rtl/crypto/india_pdf_engine.v:264$31.ns[127:0]$2777 [62]
  1337/4598: $4\ca30_step$func$../rtl/crypto/india_pdf_engine.v:264$31.ns[127:0]$2777 [61]
  1338/4598: $4\ca30_step$func$../rtl/crypto/india_pdf_engine.v:264$31.ns[127:0]$2777 [60]
  1339/4598: $4\ca30_step$func$../rtl/crypto/india_pdf_engine.v:264$31.ns[127:0]$2777 [59]
  1340/4598: $4\ca30_step$func$../rtl/crypto/india_pdf_engine.v:264$31.ns[127:0]$2777 [58]
  1341/4598: $4\ca30_step$func$../rtl/crypto/india_pdf_engine.v:264$31.ns[127:0]$2777 [57]
  1342/4598: $4\ca30_step$func$../rtl/crypto/india_pdf_engine.v:264$31.ns[127:0]$2777 [56]
  1343/4598: $4\ca30_step$func$../rtl/crypto/india_pdf_engine.v:264$31.ns[127:0]$2777 [55]
  1344/4598: $4\ca30_step$func$../rtl/crypto/india_pdf_engine.v:264$31.ns[127:0]$2777 [54]
  1345/4598: $4\ca30_step$func$../rtl/crypto/india_pdf_engine.v:264$31.ns[127:0]$2777 [53]
  1346/4598: $4\ca30_step$func$../rtl/crypto/india_pdf_engine.v:264$31.ns[127:0]$2777 [52]
  1347/4598: $4\ca30_step$func$../rtl/crypto/india_pdf_engine.v:264$31.ns[127:0]$2777 [51]
  1348/4598: $4\ca30_step$func$../rtl/crypto/india_pdf_engine.v:264$31.ns[127:0]$2777 [50]
  1349/4598: $4\ca30_step$func$../rtl/crypto/india_pdf_engine.v:264$31.ns[127:0]$2777 [49]
  1350/4598: $4\ca30_step$func$../rtl/crypto/india_pdf_engine.v:264$31.ns[127:0]$2777 [48]
  1351/4598: $4\ca30_step$func$../rtl/crypto/india_pdf_engine.v:264$31.ns[127:0]$2777 [47]
  1352/4598: $4\ca30_step$func$../rtl/crypto/india_pdf_engine.v:264$31.ns[127:0]$2777 [46]
  1353/4598: $4\ca30_step$func$../rtl/crypto/india_pdf_engine.v:264$31.ns[127:0]$2777 [45]
  1354/4598: $4\ca30_step$func$../rtl/crypto/india_pdf_engine.v:264$31.ns[127:0]$2777 [44]
  1355/4598: $4\ca30_step$func$../rtl/crypto/india_pdf_engine.v:264$31.ns[127:0]$2777 [43]
  1356/4598: $4\ca30_step$func$../rtl/crypto/india_pdf_engine.v:264$31.ns[127:0]$2777 [42]
  1357/4598: $4\ca30_step$func$../rtl/crypto/india_pdf_engine.v:264$31.ns[127:0]$2777 [41]
  1358/4598: $4\ca30_step$func$../rtl/crypto/india_pdf_engine.v:264$31.ns[127:0]$2777 [40]
  1359/4598: $4\ca30_step$func$../rtl/crypto/india_pdf_engine.v:264$31.ns[127:0]$2777 [39]
  1360/4598: $4\ca30_step$func$../rtl/crypto/india_pdf_engine.v:264$31.ns[127:0]$2777 [38]
  1361/4598: $4\ca30_step$func$../rtl/crypto/india_pdf_engine.v:264$31.ns[127:0]$2777 [37]
  1362/4598: $4\ca30_step$func$../rtl/crypto/india_pdf_engine.v:264$31.ns[127:0]$2777 [36]
  1363/4598: $4\ca30_step$func$../rtl/crypto/india_pdf_engine.v:264$31.ns[127:0]$2777 [35]
  1364/4598: $4\ca30_step$func$../rtl/crypto/india_pdf_engine.v:264$31.ns[127:0]$2777 [34]
  1365/4598: $4\ca30_step$func$../rtl/crypto/india_pdf_engine.v:264$31.ns[127:0]$2777 [33]
  1366/4598: $4\ca30_step$func$../rtl/crypto/india_pdf_engine.v:264$31.ns[127:0]$2777 [32]
  1367/4598: $4\ca30_step$func$../rtl/crypto/india_pdf_engine.v:264$31.ns[127:0]$2777 [31]
  1368/4598: $4\ca30_step$func$../rtl/crypto/india_pdf_engine.v:264$31.ns[127:0]$2777 [30]
  1369/4598: $4\ca30_step$func$../rtl/crypto/india_pdf_engine.v:264$31.ns[127:0]$2777 [29]
  1370/4598: $4\ca30_step$func$../rtl/crypto/india_pdf_engine.v:264$31.ns[127:0]$2777 [28]
  1371/4598: $4\ca30_step$func$../rtl/crypto/india_pdf_engine.v:264$31.ns[127:0]$2777 [27]
  1372/4598: $4\ca30_step$func$../rtl/crypto/india_pdf_engine.v:264$31.ns[127:0]$2777 [26]
  1373/4598: $4\ca30_step$func$../rtl/crypto/india_pdf_engine.v:264$31.ns[127:0]$2777 [25]
  1374/4598: $4\ca30_step$func$../rtl/crypto/india_pdf_engine.v:264$31.ns[127:0]$2777 [24]
  1375/4598: $4\ca30_step$func$../rtl/crypto/india_pdf_engine.v:264$31.ns[127:0]$2777 [23]
  1376/4598: $4\ca30_step$func$../rtl/crypto/india_pdf_engine.v:264$31.ns[127:0]$2777 [22]
  1377/4598: $4\ca30_step$func$../rtl/crypto/india_pdf_engine.v:264$31.ns[127:0]$2777 [21]
  1378/4598: $4\ca30_step$func$../rtl/crypto/india_pdf_engine.v:264$31.ns[127:0]$2777 [20]
  1379/4598: $4\ca30_step$func$../rtl/crypto/india_pdf_engine.v:264$31.ns[127:0]$2777 [19]
  1380/4598: $4\ca30_step$func$../rtl/crypto/india_pdf_engine.v:264$31.ns[127:0]$2777 [18]
  1381/4598: $4\ca30_step$func$../rtl/crypto/india_pdf_engine.v:264$31.ns[127:0]$2777 [17]
  1382/4598: $4\ca30_step$func$../rtl/crypto/india_pdf_engine.v:264$31.ns[127:0]$2777 [16]
  1383/4598: $4\ca30_step$func$../rtl/crypto/india_pdf_engine.v:264$31.ns[127:0]$2777 [15]
  1384/4598: $4\ca30_step$func$../rtl/crypto/india_pdf_engine.v:264$31.ns[127:0]$2777 [14]
  1385/4598: $4\ca30_step$func$../rtl/crypto/india_pdf_engine.v:264$31.ns[127:0]$2777 [13]
  1386/4598: $4\ca30_step$func$../rtl/crypto/india_pdf_engine.v:264$31.ns[127:0]$2777 [12]
  1387/4598: $4\ca30_step$func$../rtl/crypto/india_pdf_engine.v:264$31.ns[127:0]$2777 [11]
  1388/4598: $4\ca30_step$func$../rtl/crypto/india_pdf_engine.v:264$31.ns[127:0]$2777 [10]
  1389/4598: $4\ca30_step$func$../rtl/crypto/india_pdf_engine.v:264$31.ns[127:0]$2777 [9]
  1390/4598: $4\ca30_step$func$../rtl/crypto/india_pdf_engine.v:264$31.ns[127:0]$2777 [8]
  1391/4598: $4\ca30_step$func$../rtl/crypto/india_pdf_engine.v:264$31.ns[127:0]$2777 [7]
  1392/4598: $4\ca30_step$func$../rtl/crypto/india_pdf_engine.v:264$31.ns[127:0]$2777 [6]
  1393/4598: $4\ca30_step$func$../rtl/crypto/india_pdf_engine.v:264$31.ns[127:0]$2777 [5]
  1394/4598: $4\ca30_step$func$../rtl/crypto/india_pdf_engine.v:264$31.ns[127:0]$2777 [4]
  1395/4598: $4\ca30_step$func$../rtl/crypto/india_pdf_engine.v:264$31.ns[127:0]$2777 [3]
  1396/4598: $4\ca30_step$func$../rtl/crypto/india_pdf_engine.v:264$31.ns[127:0]$2777 [2]
  1397/4598: $4\ca30_step$func$../rtl/crypto/india_pdf_engine.v:264$31.ns[127:0]$2777 [1]
  1398/4598: $4\ca30_step$func$../rtl/crypto/india_pdf_engine.v:264$31.ns[127:0]$2777 [0]
  1399/4598: $4\ca30_step$func$../rtl/crypto/india_pdf_engine.v:263$30.ns[127:0]$2773 [126]
  1400/4598: $4\ca30_step$func$../rtl/crypto/india_pdf_engine.v:263$30.ns[127:0]$2773 [125]
  1401/4598: $4\ca30_step$func$../rtl/crypto/india_pdf_engine.v:263$30.ns[127:0]$2773 [124]
  1402/4598: $4\ca30_step$func$../rtl/crypto/india_pdf_engine.v:263$30.ns[127:0]$2773 [123]
  1403/4598: $4\ca30_step$func$../rtl/crypto/india_pdf_engine.v:263$30.ns[127:0]$2773 [122]
  1404/4598: $4\ca30_step$func$../rtl/crypto/india_pdf_engine.v:263$30.ns[127:0]$2773 [121]
  1405/4598: $4\ca30_step$func$../rtl/crypto/india_pdf_engine.v:263$30.ns[127:0]$2773 [120]
  1406/4598: $4\ca30_step$func$../rtl/crypto/india_pdf_engine.v:263$30.ns[127:0]$2773 [119]
  1407/4598: $4\ca30_step$func$../rtl/crypto/india_pdf_engine.v:263$30.ns[127:0]$2773 [118]
  1408/4598: $4\ca30_step$func$../rtl/crypto/india_pdf_engine.v:263$30.ns[127:0]$2773 [117]
  1409/4598: $4\ca30_step$func$../rtl/crypto/india_pdf_engine.v:263$30.ns[127:0]$2773 [116]
  1410/4598: $4\ca30_step$func$../rtl/crypto/india_pdf_engine.v:263$30.ns[127:0]$2773 [115]
  1411/4598: $4\ca30_step$func$../rtl/crypto/india_pdf_engine.v:263$30.ns[127:0]$2773 [114]
  1412/4598: $4\ca30_step$func$../rtl/crypto/india_pdf_engine.v:263$30.ns[127:0]$2773 [113]
  1413/4598: $4\ca30_step$func$../rtl/crypto/india_pdf_engine.v:263$30.ns[127:0]$2773 [112]
  1414/4598: $4\ca30_step$func$../rtl/crypto/india_pdf_engine.v:263$30.ns[127:0]$2773 [111]
  1415/4598: $4\ca30_step$func$../rtl/crypto/india_pdf_engine.v:263$30.ns[127:0]$2773 [110]
  1416/4598: $4\ca30_step$func$../rtl/crypto/india_pdf_engine.v:263$30.ns[127:0]$2773 [109]
  1417/4598: $4\ca30_step$func$../rtl/crypto/india_pdf_engine.v:263$30.ns[127:0]$2773 [108]
  1418/4598: $4\ca30_step$func$../rtl/crypto/india_pdf_engine.v:263$30.ns[127:0]$2773 [107]
  1419/4598: $4\ca30_step$func$../rtl/crypto/india_pdf_engine.v:263$30.ns[127:0]$2773 [106]
  1420/4598: $4\ca30_step$func$../rtl/crypto/india_pdf_engine.v:263$30.ns[127:0]$2773 [105]
  1421/4598: $4\ca30_step$func$../rtl/crypto/india_pdf_engine.v:263$30.ns[127:0]$2773 [104]
  1422/4598: $4\ca30_step$func$../rtl/crypto/india_pdf_engine.v:263$30.ns[127:0]$2773 [103]
  1423/4598: $4\ca30_step$func$../rtl/crypto/india_pdf_engine.v:263$30.ns[127:0]$2773 [102]
  1424/4598: $4\ca30_step$func$../rtl/crypto/india_pdf_engine.v:263$30.ns[127:0]$2773 [101]
  1425/4598: $4\ca30_step$func$../rtl/crypto/india_pdf_engine.v:263$30.ns[127:0]$2773 [100]
  1426/4598: $4\ca30_step$func$../rtl/crypto/india_pdf_engine.v:263$30.ns[127:0]$2773 [99]
  1427/4598: $4\ca30_step$func$../rtl/crypto/india_pdf_engine.v:263$30.ns[127:0]$2773 [98]
  1428/4598: $4\ca30_step$func$../rtl/crypto/india_pdf_engine.v:263$30.ns[127:0]$2773 [97]
  1429/4598: $4\ca30_step$func$../rtl/crypto/india_pdf_engine.v:263$30.ns[127:0]$2773 [96]
  1430/4598: $4\ca30_step$func$../rtl/crypto/india_pdf_engine.v:263$30.ns[127:0]$2773 [95]
  1431/4598: $4\ca30_step$func$../rtl/crypto/india_pdf_engine.v:263$30.ns[127:0]$2773 [94]
  1432/4598: $4\ca30_step$func$../rtl/crypto/india_pdf_engine.v:263$30.ns[127:0]$2773 [93]
  1433/4598: $4\ca30_step$func$../rtl/crypto/india_pdf_engine.v:263$30.ns[127:0]$2773 [92]
  1434/4598: $4\ca30_step$func$../rtl/crypto/india_pdf_engine.v:263$30.ns[127:0]$2773 [91]
  1435/4598: $4\ca30_step$func$../rtl/crypto/india_pdf_engine.v:263$30.ns[127:0]$2773 [90]
  1436/4598: $4\ca30_step$func$../rtl/crypto/india_pdf_engine.v:263$30.ns[127:0]$2773 [89]
  1437/4598: $4\ca30_step$func$../rtl/crypto/india_pdf_engine.v:263$30.ns[127:0]$2773 [88]
  1438/4598: $4\ca30_step$func$../rtl/crypto/india_pdf_engine.v:263$30.ns[127:0]$2773 [87]
  1439/4598: $4\ca30_step$func$../rtl/crypto/india_pdf_engine.v:263$30.ns[127:0]$2773 [86]
  1440/4598: $4\ca30_step$func$../rtl/crypto/india_pdf_engine.v:263$30.ns[127:0]$2773 [85]
  1441/4598: $4\ca30_step$func$../rtl/crypto/india_pdf_engine.v:263$30.ns[127:0]$2773 [84]
  1442/4598: $4\ca30_step$func$../rtl/crypto/india_pdf_engine.v:263$30.ns[127:0]$2773 [83]
  1443/4598: $4\ca30_step$func$../rtl/crypto/india_pdf_engine.v:263$30.ns[127:0]$2773 [82]
  1444/4598: $4\ca30_step$func$../rtl/crypto/india_pdf_engine.v:263$30.ns[127:0]$2773 [81]
  1445/4598: $4\ca30_step$func$../rtl/crypto/india_pdf_engine.v:263$30.ns[127:0]$2773 [80]
  1446/4598: $4\ca30_step$func$../rtl/crypto/india_pdf_engine.v:263$30.ns[127:0]$2773 [79]
  1447/4598: $4\ca30_step$func$../rtl/crypto/india_pdf_engine.v:263$30.ns[127:0]$2773 [78]
  1448/4598: $4\ca30_step$func$../rtl/crypto/india_pdf_engine.v:263$30.ns[127:0]$2773 [77]
  1449/4598: $4\ca30_step$func$../rtl/crypto/india_pdf_engine.v:263$30.ns[127:0]$2773 [76]
  1450/4598: $4\ca30_step$func$../rtl/crypto/india_pdf_engine.v:263$30.ns[127:0]$2773 [75]
  1451/4598: $4\ca30_step$func$../rtl/crypto/india_pdf_engine.v:263$30.ns[127:0]$2773 [74]
  1452/4598: $4\ca30_step$func$../rtl/crypto/india_pdf_engine.v:263$30.ns[127:0]$2773 [73]
  1453/4598: $4\ca30_step$func$../rtl/crypto/india_pdf_engine.v:263$30.ns[127:0]$2773 [72]
  1454/4598: $4\ca30_step$func$../rtl/crypto/india_pdf_engine.v:263$30.ns[127:0]$2773 [71]
  1455/4598: $4\ca30_step$func$../rtl/crypto/india_pdf_engine.v:263$30.ns[127:0]$2773 [70]
  1456/4598: $4\ca30_step$func$../rtl/crypto/india_pdf_engine.v:263$30.ns[127:0]$2773 [69]
  1457/4598: $4\ca30_step$func$../rtl/crypto/india_pdf_engine.v:263$30.ns[127:0]$2773 [68]
  1458/4598: $4\ca30_step$func$../rtl/crypto/india_pdf_engine.v:263$30.ns[127:0]$2773 [67]
  1459/4598: $4\ca30_step$func$../rtl/crypto/india_pdf_engine.v:263$30.ns[127:0]$2773 [66]
  1460/4598: $4\ca30_step$func$../rtl/crypto/india_pdf_engine.v:263$30.ns[127:0]$2773 [65]
  1461/4598: $4\ca30_step$func$../rtl/crypto/india_pdf_engine.v:263$30.ns[127:0]$2773 [64]
  1462/4598: $4\ca30_step$func$../rtl/crypto/india_pdf_engine.v:263$30.ns[127:0]$2773 [63]
  1463/4598: $4\ca30_step$func$../rtl/crypto/india_pdf_engine.v:263$30.ns[127:0]$2773 [62]
  1464/4598: $4\ca30_step$func$../rtl/crypto/india_pdf_engine.v:263$30.ns[127:0]$2773 [61]
  1465/4598: $4\ca30_step$func$../rtl/crypto/india_pdf_engine.v:263$30.ns[127:0]$2773 [60]
  1466/4598: $4\ca30_step$func$../rtl/crypto/india_pdf_engine.v:263$30.ns[127:0]$2773 [59]
  1467/4598: $4\ca30_step$func$../rtl/crypto/india_pdf_engine.v:263$30.ns[127:0]$2773 [58]
  1468/4598: $4\ca30_step$func$../rtl/crypto/india_pdf_engine.v:263$30.ns[127:0]$2773 [57]
  1469/4598: $4\ca30_step$func$../rtl/crypto/india_pdf_engine.v:263$30.ns[127:0]$2773 [56]
  1470/4598: $4\ca30_step$func$../rtl/crypto/india_pdf_engine.v:263$30.ns[127:0]$2773 [55]
  1471/4598: $4\ca30_step$func$../rtl/crypto/india_pdf_engine.v:263$30.ns[127:0]$2773 [54]
  1472/4598: $4\ca30_step$func$../rtl/crypto/india_pdf_engine.v:263$30.ns[127:0]$2773 [53]
  1473/4598: $4\ca30_step$func$../rtl/crypto/india_pdf_engine.v:263$30.ns[127:0]$2773 [52]
  1474/4598: $4\ca30_step$func$../rtl/crypto/india_pdf_engine.v:263$30.ns[127:0]$2773 [51]
  1475/4598: $4\ca30_step$func$../rtl/crypto/india_pdf_engine.v:263$30.ns[127:0]$2773 [50]
  1476/4598: $4\ca30_step$func$../rtl/crypto/india_pdf_engine.v:263$30.ns[127:0]$2773 [49]
  1477/4598: $4\ca30_step$func$../rtl/crypto/india_pdf_engine.v:263$30.ns[127:0]$2773 [48]
  1478/4598: $4\ca30_step$func$../rtl/crypto/india_pdf_engine.v:263$30.ns[127:0]$2773 [47]
  1479/4598: $4\ca30_step$func$../rtl/crypto/india_pdf_engine.v:263$30.ns[127:0]$2773 [46]
  1480/4598: $4\ca30_step$func$../rtl/crypto/india_pdf_engine.v:263$30.ns[127:0]$2773 [45]
  1481/4598: $4\ca30_step$func$../rtl/crypto/india_pdf_engine.v:263$30.ns[127:0]$2773 [44]
  1482/4598: $4\ca30_step$func$../rtl/crypto/india_pdf_engine.v:263$30.ns[127:0]$2773 [43]
  1483/4598: $4\ca30_step$func$../rtl/crypto/india_pdf_engine.v:263$30.ns[127:0]$2773 [42]
  1484/4598: $4\ca30_step$func$../rtl/crypto/india_pdf_engine.v:263$30.ns[127:0]$2773 [41]
  1485/4598: $4\ca30_step$func$../rtl/crypto/india_pdf_engine.v:263$30.ns[127:0]$2773 [40]
  1486/4598: $4\ca30_step$func$../rtl/crypto/india_pdf_engine.v:263$30.ns[127:0]$2773 [39]
  1487/4598: $4\ca30_step$func$../rtl/crypto/india_pdf_engine.v:263$30.ns[127:0]$2773 [38]
  1488/4598: $4\ca30_step$func$../rtl/crypto/india_pdf_engine.v:263$30.ns[127:0]$2773 [37]
  1489/4598: $4\ca30_step$func$../rtl/crypto/india_pdf_engine.v:263$30.ns[127:0]$2773 [36]
  1490/4598: $4\ca30_step$func$../rtl/crypto/india_pdf_engine.v:263$30.ns[127:0]$2773 [35]
  1491/4598: $4\ca30_step$func$../rtl/crypto/india_pdf_engine.v:263$30.ns[127:0]$2773 [34]
  1492/4598: $4\ca30_step$func$../rtl/crypto/india_pdf_engine.v:263$30.ns[127:0]$2773 [33]
  1493/4598: $4\ca30_step$func$../rtl/crypto/india_pdf_engine.v:263$30.ns[127:0]$2773 [32]
  1494/4598: $4\ca30_step$func$../rtl/crypto/india_pdf_engine.v:263$30.ns[127:0]$2773 [31]
  1495/4598: $4\ca30_step$func$../rtl/crypto/india_pdf_engine.v:263$30.ns[127:0]$2773 [30]
  1496/4598: $4\ca30_step$func$../rtl/crypto/india_pdf_engine.v:263$30.ns[127:0]$2773 [29]
  1497/4598: $4\ca30_step$func$../rtl/crypto/india_pdf_engine.v:263$30.ns[127:0]$2773 [28]
  1498/4598: $4\ca30_step$func$../rtl/crypto/india_pdf_engine.v:263$30.ns[127:0]$2773 [27]
  1499/4598: $4\ca30_step$func$../rtl/crypto/india_pdf_engine.v:263$30.ns[127:0]$2773 [26]
  1500/4598: $4\ca30_step$func$../rtl/crypto/india_pdf_engine.v:263$30.ns[127:0]$2773 [25]
  1501/4598: $4\ca30_step$func$../rtl/crypto/india_pdf_engine.v:263$30.ns[127:0]$2773 [24]
  1502/4598: $4\ca30_step$func$../rtl/crypto/india_pdf_engine.v:263$30.ns[127:0]$2773 [23]
  1503/4598: $4\ca30_step$func$../rtl/crypto/india_pdf_engine.v:263$30.ns[127:0]$2773 [22]
  1504/4598: $4\ca30_step$func$../rtl/crypto/india_pdf_engine.v:263$30.ns[127:0]$2773 [21]
  1505/4598: $4\ca30_step$func$../rtl/crypto/india_pdf_engine.v:263$30.ns[127:0]$2773 [20]
  1506/4598: $4\ca30_step$func$../rtl/crypto/india_pdf_engine.v:263$30.ns[127:0]$2773 [19]
  1507/4598: $4\ca30_step$func$../rtl/crypto/india_pdf_engine.v:263$30.ns[127:0]$2773 [18]
  1508/4598: $4\ca30_step$func$../rtl/crypto/india_pdf_engine.v:263$30.ns[127:0]$2773 [17]
  1509/4598: $4\ca30_step$func$../rtl/crypto/india_pdf_engine.v:263$30.ns[127:0]$2773 [16]
  1510/4598: $4\ca30_step$func$../rtl/crypto/india_pdf_engine.v:263$30.ns[127:0]$2773 [15]
  1511/4598: $4\ca30_step$func$../rtl/crypto/india_pdf_engine.v:263$30.ns[127:0]$2773 [14]
  1512/4598: $4\ca30_step$func$../rtl/crypto/india_pdf_engine.v:263$30.ns[127:0]$2773 [13]
  1513/4598: $4\ca30_step$func$../rtl/crypto/india_pdf_engine.v:263$30.ns[127:0]$2773 [12]
  1514/4598: $4\ca30_step$func$../rtl/crypto/india_pdf_engine.v:263$30.ns[127:0]$2773 [11]
  1515/4598: $4\ca30_step$func$../rtl/crypto/india_pdf_engine.v:263$30.ns[127:0]$2773 [10]
  1516/4598: $4\ca30_step$func$../rtl/crypto/india_pdf_engine.v:263$30.ns[127:0]$2773 [9]
  1517/4598: $4\ca30_step$func$../rtl/crypto/india_pdf_engine.v:263$30.ns[127:0]$2773 [8]
  1518/4598: $4\ca30_step$func$../rtl/crypto/india_pdf_engine.v:263$30.ns[127:0]$2773 [7]
  1519/4598: $4\ca30_step$func$../rtl/crypto/india_pdf_engine.v:263$30.ns[127:0]$2773 [6]
  1520/4598: $4\ca30_step$func$../rtl/crypto/india_pdf_engine.v:263$30.ns[127:0]$2773 [5]
  1521/4598: $4\ca30_step$func$../rtl/crypto/india_pdf_engine.v:263$30.ns[127:0]$2773 [4]
  1522/4598: $4\ca30_step$func$../rtl/crypto/india_pdf_engine.v:263$30.ns[127:0]$2773 [3]
  1523/4598: $4\ca30_step$func$../rtl/crypto/india_pdf_engine.v:263$30.ns[127:0]$2773 [2]
  1524/4598: $4\ca30_step$func$../rtl/crypto/india_pdf_engine.v:263$30.ns[127:0]$2773 [1]
  1525/4598: $4\ca30_step$func$../rtl/crypto/india_pdf_engine.v:263$30.ns[127:0]$2773 [0]
  1526/4598: $4\ca30_step$func$../rtl/crypto/india_pdf_engine.v:262$29.ns[127:0]$2769 [126]
  1527/4598: $4\ca30_step$func$../rtl/crypto/india_pdf_engine.v:262$29.ns[127:0]$2769 [125]
  1528/4598: $4\ca30_step$func$../rtl/crypto/india_pdf_engine.v:262$29.ns[127:0]$2769 [124]
  1529/4598: $4\ca30_step$func$../rtl/crypto/india_pdf_engine.v:262$29.ns[127:0]$2769 [123]
  1530/4598: $4\ca30_step$func$../rtl/crypto/india_pdf_engine.v:262$29.ns[127:0]$2769 [122]
  1531/4598: $4\ca30_step$func$../rtl/crypto/india_pdf_engine.v:262$29.ns[127:0]$2769 [121]
  1532/4598: $4\ca30_step$func$../rtl/crypto/india_pdf_engine.v:262$29.ns[127:0]$2769 [120]
  1533/4598: $4\ca30_step$func$../rtl/crypto/india_pdf_engine.v:262$29.ns[127:0]$2769 [119]
  1534/4598: $4\ca30_step$func$../rtl/crypto/india_pdf_engine.v:262$29.ns[127:0]$2769 [118]
  1535/4598: $4\ca30_step$func$../rtl/crypto/india_pdf_engine.v:262$29.ns[127:0]$2769 [117]
  1536/4598: $4\ca30_step$func$../rtl/crypto/india_pdf_engine.v:262$29.ns[127:0]$2769 [116]
  1537/4598: $4\ca30_step$func$../rtl/crypto/india_pdf_engine.v:262$29.ns[127:0]$2769 [115]
  1538/4598: $4\ca30_step$func$../rtl/crypto/india_pdf_engine.v:262$29.ns[127:0]$2769 [114]
  1539/4598: $4\ca30_step$func$../rtl/crypto/india_pdf_engine.v:262$29.ns[127:0]$2769 [113]
  1540/4598: $4\ca30_step$func$../rtl/crypto/india_pdf_engine.v:262$29.ns[127:0]$2769 [112]
  1541/4598: $4\ca30_step$func$../rtl/crypto/india_pdf_engine.v:262$29.ns[127:0]$2769 [111]
  1542/4598: $4\ca30_step$func$../rtl/crypto/india_pdf_engine.v:262$29.ns[127:0]$2769 [110]
  1543/4598: $4\ca30_step$func$../rtl/crypto/india_pdf_engine.v:262$29.ns[127:0]$2769 [109]
  1544/4598: $4\ca30_step$func$../rtl/crypto/india_pdf_engine.v:262$29.ns[127:0]$2769 [108]
  1545/4598: $4\ca30_step$func$../rtl/crypto/india_pdf_engine.v:262$29.ns[127:0]$2769 [107]
  1546/4598: $4\ca30_step$func$../rtl/crypto/india_pdf_engine.v:262$29.ns[127:0]$2769 [106]
  1547/4598: $4\ca30_step$func$../rtl/crypto/india_pdf_engine.v:262$29.ns[127:0]$2769 [105]
  1548/4598: $4\ca30_step$func$../rtl/crypto/india_pdf_engine.v:262$29.ns[127:0]$2769 [104]
  1549/4598: $4\ca30_step$func$../rtl/crypto/india_pdf_engine.v:262$29.ns[127:0]$2769 [103]
  1550/4598: $4\ca30_step$func$../rtl/crypto/india_pdf_engine.v:262$29.ns[127:0]$2769 [102]
  1551/4598: $4\ca30_step$func$../rtl/crypto/india_pdf_engine.v:262$29.ns[127:0]$2769 [101]
  1552/4598: $4\ca30_step$func$../rtl/crypto/india_pdf_engine.v:262$29.ns[127:0]$2769 [100]
  1553/4598: $4\ca30_step$func$../rtl/crypto/india_pdf_engine.v:262$29.ns[127:0]$2769 [99]
  1554/4598: $4\ca30_step$func$../rtl/crypto/india_pdf_engine.v:262$29.ns[127:0]$2769 [98]
  1555/4598: $4\ca30_step$func$../rtl/crypto/india_pdf_engine.v:262$29.ns[127:0]$2769 [97]
  1556/4598: $4\ca30_step$func$../rtl/crypto/india_pdf_engine.v:262$29.ns[127:0]$2769 [96]
  1557/4598: $4\ca30_step$func$../rtl/crypto/india_pdf_engine.v:262$29.ns[127:0]$2769 [95]
  1558/4598: $4\ca30_step$func$../rtl/crypto/india_pdf_engine.v:262$29.ns[127:0]$2769 [94]
  1559/4598: $4\ca30_step$func$../rtl/crypto/india_pdf_engine.v:262$29.ns[127:0]$2769 [93]
  1560/4598: $4\ca30_step$func$../rtl/crypto/india_pdf_engine.v:262$29.ns[127:0]$2769 [92]
  1561/4598: $4\ca30_step$func$../rtl/crypto/india_pdf_engine.v:262$29.ns[127:0]$2769 [91]
  1562/4598: $4\ca30_step$func$../rtl/crypto/india_pdf_engine.v:262$29.ns[127:0]$2769 [90]
  1563/4598: $4\ca30_step$func$../rtl/crypto/india_pdf_engine.v:262$29.ns[127:0]$2769 [89]
  1564/4598: $4\ca30_step$func$../rtl/crypto/india_pdf_engine.v:262$29.ns[127:0]$2769 [88]
  1565/4598: $4\ca30_step$func$../rtl/crypto/india_pdf_engine.v:262$29.ns[127:0]$2769 [87]
  1566/4598: $4\ca30_step$func$../rtl/crypto/india_pdf_engine.v:262$29.ns[127:0]$2769 [86]
  1567/4598: $4\ca30_step$func$../rtl/crypto/india_pdf_engine.v:262$29.ns[127:0]$2769 [85]
  1568/4598: $4\ca30_step$func$../rtl/crypto/india_pdf_engine.v:262$29.ns[127:0]$2769 [84]
  1569/4598: $4\ca30_step$func$../rtl/crypto/india_pdf_engine.v:262$29.ns[127:0]$2769 [83]
  1570/4598: $4\ca30_step$func$../rtl/crypto/india_pdf_engine.v:262$29.ns[127:0]$2769 [82]
  1571/4598: $4\ca30_step$func$../rtl/crypto/india_pdf_engine.v:262$29.ns[127:0]$2769 [81]
  1572/4598: $4\ca30_step$func$../rtl/crypto/india_pdf_engine.v:262$29.ns[127:0]$2769 [80]
  1573/4598: $4\ca30_step$func$../rtl/crypto/india_pdf_engine.v:262$29.ns[127:0]$2769 [79]
  1574/4598: $4\ca30_step$func$../rtl/crypto/india_pdf_engine.v:262$29.ns[127:0]$2769 [78]
  1575/4598: $4\ca30_step$func$../rtl/crypto/india_pdf_engine.v:262$29.ns[127:0]$2769 [77]
  1576/4598: $4\ca30_step$func$../rtl/crypto/india_pdf_engine.v:262$29.ns[127:0]$2769 [76]
  1577/4598: $4\ca30_step$func$../rtl/crypto/india_pdf_engine.v:262$29.ns[127:0]$2769 [75]
  1578/4598: $4\ca30_step$func$../rtl/crypto/india_pdf_engine.v:262$29.ns[127:0]$2769 [74]
  1579/4598: $4\ca30_step$func$../rtl/crypto/india_pdf_engine.v:262$29.ns[127:0]$2769 [73]
  1580/4598: $4\ca30_step$func$../rtl/crypto/india_pdf_engine.v:262$29.ns[127:0]$2769 [72]
  1581/4598: $4\ca30_step$func$../rtl/crypto/india_pdf_engine.v:262$29.ns[127:0]$2769 [71]
  1582/4598: $4\ca30_step$func$../rtl/crypto/india_pdf_engine.v:262$29.ns[127:0]$2769 [70]
  1583/4598: $4\ca30_step$func$../rtl/crypto/india_pdf_engine.v:262$29.ns[127:0]$2769 [69]
  1584/4598: $4\ca30_step$func$../rtl/crypto/india_pdf_engine.v:262$29.ns[127:0]$2769 [68]
  1585/4598: $4\ca30_step$func$../rtl/crypto/india_pdf_engine.v:262$29.ns[127:0]$2769 [67]
  1586/4598: $4\ca30_step$func$../rtl/crypto/india_pdf_engine.v:262$29.ns[127:0]$2769 [66]
  1587/4598: $4\ca30_step$func$../rtl/crypto/india_pdf_engine.v:262$29.ns[127:0]$2769 [65]
  1588/4598: $4\ca30_step$func$../rtl/crypto/india_pdf_engine.v:262$29.ns[127:0]$2769 [64]
  1589/4598: $4\ca30_step$func$../rtl/crypto/india_pdf_engine.v:262$29.ns[127:0]$2769 [63]
  1590/4598: $4\ca30_step$func$../rtl/crypto/india_pdf_engine.v:262$29.ns[127:0]$2769 [62]
  1591/4598: $4\ca30_step$func$../rtl/crypto/india_pdf_engine.v:262$29.ns[127:0]$2769 [61]
  1592/4598: $4\ca30_step$func$../rtl/crypto/india_pdf_engine.v:262$29.ns[127:0]$2769 [60]
  1593/4598: $4\ca30_step$func$../rtl/crypto/india_pdf_engine.v:262$29.ns[127:0]$2769 [59]
  1594/4598: $4\ca30_step$func$../rtl/crypto/india_pdf_engine.v:262$29.ns[127:0]$2769 [58]
  1595/4598: $4\ca30_step$func$../rtl/crypto/india_pdf_engine.v:262$29.ns[127:0]$2769 [57]
  1596/4598: $4\ca30_step$func$../rtl/crypto/india_pdf_engine.v:262$29.ns[127:0]$2769 [56]
  1597/4598: $4\ca30_step$func$../rtl/crypto/india_pdf_engine.v:262$29.ns[127:0]$2769 [55]
  1598/4598: $4\ca30_step$func$../rtl/crypto/india_pdf_engine.v:262$29.ns[127:0]$2769 [54]
  1599/4598: $4\ca30_step$func$../rtl/crypto/india_pdf_engine.v:262$29.ns[127:0]$2769 [53]
  1600/4598: $4\ca30_step$func$../rtl/crypto/india_pdf_engine.v:262$29.ns[127:0]$2769 [52]
  1601/4598: $4\ca30_step$func$../rtl/crypto/india_pdf_engine.v:262$29.ns[127:0]$2769 [51]
  1602/4598: $4\ca30_step$func$../rtl/crypto/india_pdf_engine.v:262$29.ns[127:0]$2769 [50]
  1603/4598: $4\ca30_step$func$../rtl/crypto/india_pdf_engine.v:262$29.ns[127:0]$2769 [49]
  1604/4598: $4\ca30_step$func$../rtl/crypto/india_pdf_engine.v:262$29.ns[127:0]$2769 [48]
  1605/4598: $4\ca30_step$func$../rtl/crypto/india_pdf_engine.v:262$29.ns[127:0]$2769 [47]
  1606/4598: $4\ca30_step$func$../rtl/crypto/india_pdf_engine.v:262$29.ns[127:0]$2769 [46]
  1607/4598: $4\ca30_step$func$../rtl/crypto/india_pdf_engine.v:262$29.ns[127:0]$2769 [45]
  1608/4598: $4\ca30_step$func$../rtl/crypto/india_pdf_engine.v:262$29.ns[127:0]$2769 [44]
  1609/4598: $4\ca30_step$func$../rtl/crypto/india_pdf_engine.v:262$29.ns[127:0]$2769 [43]
  1610/4598: $4\ca30_step$func$../rtl/crypto/india_pdf_engine.v:262$29.ns[127:0]$2769 [42]
  1611/4598: $4\ca30_step$func$../rtl/crypto/india_pdf_engine.v:262$29.ns[127:0]$2769 [41]
  1612/4598: $4\ca30_step$func$../rtl/crypto/india_pdf_engine.v:262$29.ns[127:0]$2769 [40]
  1613/4598: $4\ca30_step$func$../rtl/crypto/india_pdf_engine.v:262$29.ns[127:0]$2769 [39]
  1614/4598: $4\ca30_step$func$../rtl/crypto/india_pdf_engine.v:262$29.ns[127:0]$2769 [38]
  1615/4598: $4\ca30_step$func$../rtl/crypto/india_pdf_engine.v:262$29.ns[127:0]$2769 [37]
  1616/4598: $4\ca30_step$func$../rtl/crypto/india_pdf_engine.v:262$29.ns[127:0]$2769 [36]
  1617/4598: $4\ca30_step$func$../rtl/crypto/india_pdf_engine.v:262$29.ns[127:0]$2769 [35]
  1618/4598: $4\ca30_step$func$../rtl/crypto/india_pdf_engine.v:262$29.ns[127:0]$2769 [34]
  1619/4598: $4\ca30_step$func$../rtl/crypto/india_pdf_engine.v:262$29.ns[127:0]$2769 [33]
  1620/4598: $4\ca30_step$func$../rtl/crypto/india_pdf_engine.v:262$29.ns[127:0]$2769 [32]
  1621/4598: $4\ca30_step$func$../rtl/crypto/india_pdf_engine.v:262$29.ns[127:0]$2769 [31]
  1622/4598: $4\ca30_step$func$../rtl/crypto/india_pdf_engine.v:262$29.ns[127:0]$2769 [30]
  1623/4598: $4\ca30_step$func$../rtl/crypto/india_pdf_engine.v:262$29.ns[127:0]$2769 [29]
  1624/4598: $4\ca30_step$func$../rtl/crypto/india_pdf_engine.v:262$29.ns[127:0]$2769 [28]
  1625/4598: $4\ca30_step$func$../rtl/crypto/india_pdf_engine.v:262$29.ns[127:0]$2769 [27]
  1626/4598: $4\ca30_step$func$../rtl/crypto/india_pdf_engine.v:262$29.ns[127:0]$2769 [26]
  1627/4598: $4\ca30_step$func$../rtl/crypto/india_pdf_engine.v:262$29.ns[127:0]$2769 [25]
  1628/4598: $4\ca30_step$func$../rtl/crypto/india_pdf_engine.v:262$29.ns[127:0]$2769 [24]
  1629/4598: $4\ca30_step$func$../rtl/crypto/india_pdf_engine.v:262$29.ns[127:0]$2769 [23]
  1630/4598: $4\ca30_step$func$../rtl/crypto/india_pdf_engine.v:262$29.ns[127:0]$2769 [22]
  1631/4598: $4\ca30_step$func$../rtl/crypto/india_pdf_engine.v:262$29.ns[127:0]$2769 [21]
  1632/4598: $4\ca30_step$func$../rtl/crypto/india_pdf_engine.v:262$29.ns[127:0]$2769 [20]
  1633/4598: $4\ca30_step$func$../rtl/crypto/india_pdf_engine.v:262$29.ns[127:0]$2769 [19]
  1634/4598: $4\ca30_step$func$../rtl/crypto/india_pdf_engine.v:262$29.ns[127:0]$2769 [18]
  1635/4598: $4\ca30_step$func$../rtl/crypto/india_pdf_engine.v:262$29.ns[127:0]$2769 [17]
  1636/4598: $4\ca30_step$func$../rtl/crypto/india_pdf_engine.v:262$29.ns[127:0]$2769 [16]
  1637/4598: $4\ca30_step$func$../rtl/crypto/india_pdf_engine.v:262$29.ns[127:0]$2769 [15]
  1638/4598: $4\ca30_step$func$../rtl/crypto/india_pdf_engine.v:262$29.ns[127:0]$2769 [14]
  1639/4598: $4\ca30_step$func$../rtl/crypto/india_pdf_engine.v:262$29.ns[127:0]$2769 [13]
  1640/4598: $4\ca30_step$func$../rtl/crypto/india_pdf_engine.v:262$29.ns[127:0]$2769 [12]
  1641/4598: $4\ca30_step$func$../rtl/crypto/india_pdf_engine.v:262$29.ns[127:0]$2769 [11]
  1642/4598: $4\ca30_step$func$../rtl/crypto/india_pdf_engine.v:262$29.ns[127:0]$2769 [10]
  1643/4598: $4\ca30_step$func$../rtl/crypto/india_pdf_engine.v:262$29.ns[127:0]$2769 [9]
  1644/4598: $4\ca30_step$func$../rtl/crypto/india_pdf_engine.v:262$29.ns[127:0]$2769 [8]
  1645/4598: $4\ca30_step$func$../rtl/crypto/india_pdf_engine.v:262$29.ns[127:0]$2769 [7]
  1646/4598: $4\ca30_step$func$../rtl/crypto/india_pdf_engine.v:262$29.ns[127:0]$2769 [6]
  1647/4598: $4\ca30_step$func$../rtl/crypto/india_pdf_engine.v:262$29.ns[127:0]$2769 [5]
  1648/4598: $4\ca30_step$func$../rtl/crypto/india_pdf_engine.v:262$29.ns[127:0]$2769 [4]
  1649/4598: $4\ca30_step$func$../rtl/crypto/india_pdf_engine.v:262$29.ns[127:0]$2769 [3]
  1650/4598: $4\ca30_step$func$../rtl/crypto/india_pdf_engine.v:262$29.ns[127:0]$2769 [2]
  1651/4598: $4\ca30_step$func$../rtl/crypto/india_pdf_engine.v:262$29.ns[127:0]$2769 [1]
  1652/4598: $4\ca30_step$func$../rtl/crypto/india_pdf_engine.v:262$29.ns[127:0]$2769 [0]
  1653/4598: $4\ca30_step$func$../rtl/crypto/india_pdf_engine.v:261$28.ns[127:0]$2765 [126]
  1654/4598: $4\ca30_step$func$../rtl/crypto/india_pdf_engine.v:261$28.ns[127:0]$2765 [125]
  1655/4598: $4\ca30_step$func$../rtl/crypto/india_pdf_engine.v:261$28.ns[127:0]$2765 [124]
  1656/4598: $4\ca30_step$func$../rtl/crypto/india_pdf_engine.v:261$28.ns[127:0]$2765 [123]
  1657/4598: $4\ca30_step$func$../rtl/crypto/india_pdf_engine.v:261$28.ns[127:0]$2765 [122]
  1658/4598: $4\ca30_step$func$../rtl/crypto/india_pdf_engine.v:261$28.ns[127:0]$2765 [121]
  1659/4598: $4\ca30_step$func$../rtl/crypto/india_pdf_engine.v:261$28.ns[127:0]$2765 [120]
  1660/4598: $4\ca30_step$func$../rtl/crypto/india_pdf_engine.v:261$28.ns[127:0]$2765 [119]
  1661/4598: $4\ca30_step$func$../rtl/crypto/india_pdf_engine.v:261$28.ns[127:0]$2765 [118]
  1662/4598: $4\ca30_step$func$../rtl/crypto/india_pdf_engine.v:261$28.ns[127:0]$2765 [117]
  1663/4598: $4\ca30_step$func$../rtl/crypto/india_pdf_engine.v:261$28.ns[127:0]$2765 [116]
  1664/4598: $4\ca30_step$func$../rtl/crypto/india_pdf_engine.v:261$28.ns[127:0]$2765 [115]
  1665/4598: $4\ca30_step$func$../rtl/crypto/india_pdf_engine.v:261$28.ns[127:0]$2765 [114]
  1666/4598: $4\ca30_step$func$../rtl/crypto/india_pdf_engine.v:261$28.ns[127:0]$2765 [113]
  1667/4598: $4\ca30_step$func$../rtl/crypto/india_pdf_engine.v:261$28.ns[127:0]$2765 [112]
  1668/4598: $4\ca30_step$func$../rtl/crypto/india_pdf_engine.v:261$28.ns[127:0]$2765 [111]
  1669/4598: $4\ca30_step$func$../rtl/crypto/india_pdf_engine.v:261$28.ns[127:0]$2765 [110]
  1670/4598: $4\ca30_step$func$../rtl/crypto/india_pdf_engine.v:261$28.ns[127:0]$2765 [109]
  1671/4598: $4\ca30_step$func$../rtl/crypto/india_pdf_engine.v:261$28.ns[127:0]$2765 [108]
  1672/4598: $4\ca30_step$func$../rtl/crypto/india_pdf_engine.v:261$28.ns[127:0]$2765 [107]
  1673/4598: $4\ca30_step$func$../rtl/crypto/india_pdf_engine.v:261$28.ns[127:0]$2765 [106]
  1674/4598: $4\ca30_step$func$../rtl/crypto/india_pdf_engine.v:261$28.ns[127:0]$2765 [105]
  1675/4598: $4\ca30_step$func$../rtl/crypto/india_pdf_engine.v:261$28.ns[127:0]$2765 [104]
  1676/4598: $4\ca30_step$func$../rtl/crypto/india_pdf_engine.v:261$28.ns[127:0]$2765 [103]
  1677/4598: $4\ca30_step$func$../rtl/crypto/india_pdf_engine.v:261$28.ns[127:0]$2765 [102]
  1678/4598: $4\ca30_step$func$../rtl/crypto/india_pdf_engine.v:261$28.ns[127:0]$2765 [101]
  1679/4598: $4\ca30_step$func$../rtl/crypto/india_pdf_engine.v:261$28.ns[127:0]$2765 [100]
  1680/4598: $4\ca30_step$func$../rtl/crypto/india_pdf_engine.v:261$28.ns[127:0]$2765 [99]
  1681/4598: $4\ca30_step$func$../rtl/crypto/india_pdf_engine.v:261$28.ns[127:0]$2765 [98]
  1682/4598: $4\ca30_step$func$../rtl/crypto/india_pdf_engine.v:261$28.ns[127:0]$2765 [97]
  1683/4598: $4\ca30_step$func$../rtl/crypto/india_pdf_engine.v:261$28.ns[127:0]$2765 [96]
  1684/4598: $4\ca30_step$func$../rtl/crypto/india_pdf_engine.v:261$28.ns[127:0]$2765 [95]
  1685/4598: $4\ca30_step$func$../rtl/crypto/india_pdf_engine.v:261$28.ns[127:0]$2765 [94]
  1686/4598: $4\ca30_step$func$../rtl/crypto/india_pdf_engine.v:261$28.ns[127:0]$2765 [93]
  1687/4598: $4\ca30_step$func$../rtl/crypto/india_pdf_engine.v:261$28.ns[127:0]$2765 [92]
  1688/4598: $4\ca30_step$func$../rtl/crypto/india_pdf_engine.v:261$28.ns[127:0]$2765 [91]
  1689/4598: $4\ca30_step$func$../rtl/crypto/india_pdf_engine.v:261$28.ns[127:0]$2765 [90]
  1690/4598: $4\ca30_step$func$../rtl/crypto/india_pdf_engine.v:261$28.ns[127:0]$2765 [89]
  1691/4598: $4\ca30_step$func$../rtl/crypto/india_pdf_engine.v:261$28.ns[127:0]$2765 [88]
  1692/4598: $4\ca30_step$func$../rtl/crypto/india_pdf_engine.v:261$28.ns[127:0]$2765 [87]
  1693/4598: $4\ca30_step$func$../rtl/crypto/india_pdf_engine.v:261$28.ns[127:0]$2765 [86]
  1694/4598: $4\ca30_step$func$../rtl/crypto/india_pdf_engine.v:261$28.ns[127:0]$2765 [85]
  1695/4598: $4\ca30_step$func$../rtl/crypto/india_pdf_engine.v:261$28.ns[127:0]$2765 [84]
  1696/4598: $4\ca30_step$func$../rtl/crypto/india_pdf_engine.v:261$28.ns[127:0]$2765 [83]
  1697/4598: $4\ca30_step$func$../rtl/crypto/india_pdf_engine.v:261$28.ns[127:0]$2765 [82]
  1698/4598: $4\ca30_step$func$../rtl/crypto/india_pdf_engine.v:261$28.ns[127:0]$2765 [81]
  1699/4598: $4\ca30_step$func$../rtl/crypto/india_pdf_engine.v:261$28.ns[127:0]$2765 [80]
  1700/4598: $4\ca30_step$func$../rtl/crypto/india_pdf_engine.v:261$28.ns[127:0]$2765 [79]
  1701/4598: $4\ca30_step$func$../rtl/crypto/india_pdf_engine.v:261$28.ns[127:0]$2765 [78]
  1702/4598: $4\ca30_step$func$../rtl/crypto/india_pdf_engine.v:261$28.ns[127:0]$2765 [77]
  1703/4598: $4\ca30_step$func$../rtl/crypto/india_pdf_engine.v:261$28.ns[127:0]$2765 [76]
  1704/4598: $4\ca30_step$func$../rtl/crypto/india_pdf_engine.v:261$28.ns[127:0]$2765 [75]
  1705/4598: $4\ca30_step$func$../rtl/crypto/india_pdf_engine.v:261$28.ns[127:0]$2765 [74]
  1706/4598: $4\ca30_step$func$../rtl/crypto/india_pdf_engine.v:261$28.ns[127:0]$2765 [73]
  1707/4598: $4\ca30_step$func$../rtl/crypto/india_pdf_engine.v:261$28.ns[127:0]$2765 [72]
  1708/4598: $4\ca30_step$func$../rtl/crypto/india_pdf_engine.v:261$28.ns[127:0]$2765 [71]
  1709/4598: $4\ca30_step$func$../rtl/crypto/india_pdf_engine.v:261$28.ns[127:0]$2765 [70]
  1710/4598: $4\ca30_step$func$../rtl/crypto/india_pdf_engine.v:261$28.ns[127:0]$2765 [69]
  1711/4598: $4\ca30_step$func$../rtl/crypto/india_pdf_engine.v:261$28.ns[127:0]$2765 [68]
  1712/4598: $4\ca30_step$func$../rtl/crypto/india_pdf_engine.v:261$28.ns[127:0]$2765 [67]
  1713/4598: $4\ca30_step$func$../rtl/crypto/india_pdf_engine.v:261$28.ns[127:0]$2765 [66]
  1714/4598: $4\ca30_step$func$../rtl/crypto/india_pdf_engine.v:261$28.ns[127:0]$2765 [65]
  1715/4598: $4\ca30_step$func$../rtl/crypto/india_pdf_engine.v:261$28.ns[127:0]$2765 [64]
  1716/4598: $4\ca30_step$func$../rtl/crypto/india_pdf_engine.v:261$28.ns[127:0]$2765 [63]
  1717/4598: $4\ca30_step$func$../rtl/crypto/india_pdf_engine.v:261$28.ns[127:0]$2765 [62]
  1718/4598: $4\ca30_step$func$../rtl/crypto/india_pdf_engine.v:261$28.ns[127:0]$2765 [61]
  1719/4598: $4\ca30_step$func$../rtl/crypto/india_pdf_engine.v:261$28.ns[127:0]$2765 [60]
  1720/4598: $4\ca30_step$func$../rtl/crypto/india_pdf_engine.v:261$28.ns[127:0]$2765 [59]
  1721/4598: $4\ca30_step$func$../rtl/crypto/india_pdf_engine.v:261$28.ns[127:0]$2765 [58]
  1722/4598: $4\ca30_step$func$../rtl/crypto/india_pdf_engine.v:261$28.ns[127:0]$2765 [57]
  1723/4598: $4\ca30_step$func$../rtl/crypto/india_pdf_engine.v:261$28.ns[127:0]$2765 [56]
  1724/4598: $4\ca30_step$func$../rtl/crypto/india_pdf_engine.v:261$28.ns[127:0]$2765 [55]
  1725/4598: $4\ca30_step$func$../rtl/crypto/india_pdf_engine.v:261$28.ns[127:0]$2765 [54]
  1726/4598: $4\ca30_step$func$../rtl/crypto/india_pdf_engine.v:261$28.ns[127:0]$2765 [53]
  1727/4598: $4\ca30_step$func$../rtl/crypto/india_pdf_engine.v:261$28.ns[127:0]$2765 [52]
  1728/4598: $4\ca30_step$func$../rtl/crypto/india_pdf_engine.v:261$28.ns[127:0]$2765 [51]
  1729/4598: $4\ca30_step$func$../rtl/crypto/india_pdf_engine.v:261$28.ns[127:0]$2765 [50]
  1730/4598: $4\ca30_step$func$../rtl/crypto/india_pdf_engine.v:261$28.ns[127:0]$2765 [49]
  1731/4598: $4\ca30_step$func$../rtl/crypto/india_pdf_engine.v:261$28.ns[127:0]$2765 [48]
  1732/4598: $4\ca30_step$func$../rtl/crypto/india_pdf_engine.v:261$28.ns[127:0]$2765 [47]
  1733/4598: $4\ca30_step$func$../rtl/crypto/india_pdf_engine.v:261$28.ns[127:0]$2765 [46]
  1734/4598: $4\ca30_step$func$../rtl/crypto/india_pdf_engine.v:261$28.ns[127:0]$2765 [45]
  1735/4598: $4\ca30_step$func$../rtl/crypto/india_pdf_engine.v:261$28.ns[127:0]$2765 [44]
  1736/4598: $4\ca30_step$func$../rtl/crypto/india_pdf_engine.v:261$28.ns[127:0]$2765 [43]
  1737/4598: $4\ca30_step$func$../rtl/crypto/india_pdf_engine.v:261$28.ns[127:0]$2765 [42]
  1738/4598: $4\ca30_step$func$../rtl/crypto/india_pdf_engine.v:261$28.ns[127:0]$2765 [41]
  1739/4598: $4\ca30_step$func$../rtl/crypto/india_pdf_engine.v:261$28.ns[127:0]$2765 [40]
  1740/4598: $4\ca30_step$func$../rtl/crypto/india_pdf_engine.v:261$28.ns[127:0]$2765 [39]
  1741/4598: $4\ca30_step$func$../rtl/crypto/india_pdf_engine.v:261$28.ns[127:0]$2765 [38]
  1742/4598: $4\ca30_step$func$../rtl/crypto/india_pdf_engine.v:261$28.ns[127:0]$2765 [37]
  1743/4598: $4\ca30_step$func$../rtl/crypto/india_pdf_engine.v:261$28.ns[127:0]$2765 [36]
  1744/4598: $4\ca30_step$func$../rtl/crypto/india_pdf_engine.v:261$28.ns[127:0]$2765 [35]
  1745/4598: $4\ca30_step$func$../rtl/crypto/india_pdf_engine.v:261$28.ns[127:0]$2765 [34]
  1746/4598: $4\ca30_step$func$../rtl/crypto/india_pdf_engine.v:261$28.ns[127:0]$2765 [33]
  1747/4598: $4\ca30_step$func$../rtl/crypto/india_pdf_engine.v:261$28.ns[127:0]$2765 [32]
  1748/4598: $4\ca30_step$func$../rtl/crypto/india_pdf_engine.v:261$28.ns[127:0]$2765 [31]
  1749/4598: $4\ca30_step$func$../rtl/crypto/india_pdf_engine.v:261$28.ns[127:0]$2765 [30]
  1750/4598: $4\ca30_step$func$../rtl/crypto/india_pdf_engine.v:261$28.ns[127:0]$2765 [29]
  1751/4598: $4\ca30_step$func$../rtl/crypto/india_pdf_engine.v:261$28.ns[127:0]$2765 [28]
  1752/4598: $4\ca30_step$func$../rtl/crypto/india_pdf_engine.v:261$28.ns[127:0]$2765 [27]
  1753/4598: $4\ca30_step$func$../rtl/crypto/india_pdf_engine.v:261$28.ns[127:0]$2765 [26]
  1754/4598: $4\ca30_step$func$../rtl/crypto/india_pdf_engine.v:261$28.ns[127:0]$2765 [25]
  1755/4598: $4\ca30_step$func$../rtl/crypto/india_pdf_engine.v:261$28.ns[127:0]$2765 [24]
  1756/4598: $4\ca30_step$func$../rtl/crypto/india_pdf_engine.v:261$28.ns[127:0]$2765 [23]
  1757/4598: $4\ca30_step$func$../rtl/crypto/india_pdf_engine.v:261$28.ns[127:0]$2765 [22]
  1758/4598: $4\ca30_step$func$../rtl/crypto/india_pdf_engine.v:261$28.ns[127:0]$2765 [21]
  1759/4598: $4\ca30_step$func$../rtl/crypto/india_pdf_engine.v:261$28.ns[127:0]$2765 [20]
  1760/4598: $4\ca30_step$func$../rtl/crypto/india_pdf_engine.v:261$28.ns[127:0]$2765 [19]
  1761/4598: $4\ca30_step$func$../rtl/crypto/india_pdf_engine.v:261$28.ns[127:0]$2765 [18]
  1762/4598: $4\ca30_step$func$../rtl/crypto/india_pdf_engine.v:261$28.ns[127:0]$2765 [17]
  1763/4598: $4\ca30_step$func$../rtl/crypto/india_pdf_engine.v:261$28.ns[127:0]$2765 [16]
  1764/4598: $4\ca30_step$func$../rtl/crypto/india_pdf_engine.v:261$28.ns[127:0]$2765 [15]
  1765/4598: $4\ca30_step$func$../rtl/crypto/india_pdf_engine.v:261$28.ns[127:0]$2765 [14]
  1766/4598: $4\ca30_step$func$../rtl/crypto/india_pdf_engine.v:261$28.ns[127:0]$2765 [13]
  1767/4598: $4\ca30_step$func$../rtl/crypto/india_pdf_engine.v:261$28.ns[127:0]$2765 [12]
  1768/4598: $4\ca30_step$func$../rtl/crypto/india_pdf_engine.v:261$28.ns[127:0]$2765 [11]
  1769/4598: $4\ca30_step$func$../rtl/crypto/india_pdf_engine.v:261$28.ns[127:0]$2765 [10]
  1770/4598: $4\ca30_step$func$../rtl/crypto/india_pdf_engine.v:261$28.ns[127:0]$2765 [9]
  1771/4598: $4\ca30_step$func$../rtl/crypto/india_pdf_engine.v:261$28.ns[127:0]$2765 [8]
  1772/4598: $4\ca30_step$func$../rtl/crypto/india_pdf_engine.v:261$28.ns[127:0]$2765 [7]
  1773/4598: $4\ca30_step$func$../rtl/crypto/india_pdf_engine.v:261$28.ns[127:0]$2765 [6]
  1774/4598: $4\ca30_step$func$../rtl/crypto/india_pdf_engine.v:261$28.ns[127:0]$2765 [5]
  1775/4598: $4\ca30_step$func$../rtl/crypto/india_pdf_engine.v:261$28.ns[127:0]$2765 [4]
  1776/4598: $4\ca30_step$func$../rtl/crypto/india_pdf_engine.v:261$28.ns[127:0]$2765 [3]
  1777/4598: $4\ca30_step$func$../rtl/crypto/india_pdf_engine.v:261$28.ns[127:0]$2765 [2]
  1778/4598: $4\ca30_step$func$../rtl/crypto/india_pdf_engine.v:261$28.ns[127:0]$2765 [1]
  1779/4598: $4\ca30_step$func$../rtl/crypto/india_pdf_engine.v:261$28.ns[127:0]$2765 [0]
  1780/4598: $4\ca30_step$func$../rtl/crypto/india_pdf_engine.v:260$27.ns[127:0]$2761 [126]
  1781/4598: $4\ca30_step$func$../rtl/crypto/india_pdf_engine.v:260$27.ns[127:0]$2761 [125]
  1782/4598: $4\ca30_step$func$../rtl/crypto/india_pdf_engine.v:260$27.ns[127:0]$2761 [124]
  1783/4598: $4\ca30_step$func$../rtl/crypto/india_pdf_engine.v:260$27.ns[127:0]$2761 [123]
  1784/4598: $4\ca30_step$func$../rtl/crypto/india_pdf_engine.v:260$27.ns[127:0]$2761 [122]
  1785/4598: $4\ca30_step$func$../rtl/crypto/india_pdf_engine.v:260$27.ns[127:0]$2761 [121]
  1786/4598: $4\ca30_step$func$../rtl/crypto/india_pdf_engine.v:260$27.ns[127:0]$2761 [120]
  1787/4598: $4\ca30_step$func$../rtl/crypto/india_pdf_engine.v:260$27.ns[127:0]$2761 [119]
  1788/4598: $4\ca30_step$func$../rtl/crypto/india_pdf_engine.v:260$27.ns[127:0]$2761 [118]
  1789/4598: $4\ca30_step$func$../rtl/crypto/india_pdf_engine.v:260$27.ns[127:0]$2761 [117]
  1790/4598: $4\ca30_step$func$../rtl/crypto/india_pdf_engine.v:260$27.ns[127:0]$2761 [116]
  1791/4598: $4\ca30_step$func$../rtl/crypto/india_pdf_engine.v:260$27.ns[127:0]$2761 [115]
  1792/4598: $4\ca30_step$func$../rtl/crypto/india_pdf_engine.v:260$27.ns[127:0]$2761 [114]
  1793/4598: $4\ca30_step$func$../rtl/crypto/india_pdf_engine.v:260$27.ns[127:0]$2761 [113]
  1794/4598: $4\ca30_step$func$../rtl/crypto/india_pdf_engine.v:260$27.ns[127:0]$2761 [112]
  1795/4598: $4\ca30_step$func$../rtl/crypto/india_pdf_engine.v:260$27.ns[127:0]$2761 [111]
  1796/4598: $4\ca30_step$func$../rtl/crypto/india_pdf_engine.v:260$27.ns[127:0]$2761 [110]
  1797/4598: $4\ca30_step$func$../rtl/crypto/india_pdf_engine.v:260$27.ns[127:0]$2761 [109]
  1798/4598: $4\ca30_step$func$../rtl/crypto/india_pdf_engine.v:260$27.ns[127:0]$2761 [108]
  1799/4598: $4\ca30_step$func$../rtl/crypto/india_pdf_engine.v:260$27.ns[127:0]$2761 [107]
  1800/4598: $4\ca30_step$func$../rtl/crypto/india_pdf_engine.v:260$27.ns[127:0]$2761 [106]
  1801/4598: $4\ca30_step$func$../rtl/crypto/india_pdf_engine.v:260$27.ns[127:0]$2761 [105]
  1802/4598: $4\ca30_step$func$../rtl/crypto/india_pdf_engine.v:260$27.ns[127:0]$2761 [104]
  1803/4598: $4\ca30_step$func$../rtl/crypto/india_pdf_engine.v:260$27.ns[127:0]$2761 [103]
  1804/4598: $4\ca30_step$func$../rtl/crypto/india_pdf_engine.v:260$27.ns[127:0]$2761 [102]
  1805/4598: $4\ca30_step$func$../rtl/crypto/india_pdf_engine.v:260$27.ns[127:0]$2761 [101]
  1806/4598: $4\ca30_step$func$../rtl/crypto/india_pdf_engine.v:260$27.ns[127:0]$2761 [100]
  1807/4598: $4\ca30_step$func$../rtl/crypto/india_pdf_engine.v:260$27.ns[127:0]$2761 [99]
  1808/4598: $4\ca30_step$func$../rtl/crypto/india_pdf_engine.v:260$27.ns[127:0]$2761 [98]
  1809/4598: $4\ca30_step$func$../rtl/crypto/india_pdf_engine.v:260$27.ns[127:0]$2761 [97]
  1810/4598: $4\ca30_step$func$../rtl/crypto/india_pdf_engine.v:260$27.ns[127:0]$2761 [96]
  1811/4598: $4\ca30_step$func$../rtl/crypto/india_pdf_engine.v:260$27.ns[127:0]$2761 [95]
  1812/4598: $4\ca30_step$func$../rtl/crypto/india_pdf_engine.v:260$27.ns[127:0]$2761 [94]
  1813/4598: $4\ca30_step$func$../rtl/crypto/india_pdf_engine.v:260$27.ns[127:0]$2761 [93]
  1814/4598: $4\ca30_step$func$../rtl/crypto/india_pdf_engine.v:260$27.ns[127:0]$2761 [92]
  1815/4598: $4\ca30_step$func$../rtl/crypto/india_pdf_engine.v:260$27.ns[127:0]$2761 [91]
  1816/4598: $4\ca30_step$func$../rtl/crypto/india_pdf_engine.v:260$27.ns[127:0]$2761 [90]
  1817/4598: $4\ca30_step$func$../rtl/crypto/india_pdf_engine.v:260$27.ns[127:0]$2761 [89]
  1818/4598: $4\ca30_step$func$../rtl/crypto/india_pdf_engine.v:260$27.ns[127:0]$2761 [88]
  1819/4598: $4\ca30_step$func$../rtl/crypto/india_pdf_engine.v:260$27.ns[127:0]$2761 [87]
  1820/4598: $4\ca30_step$func$../rtl/crypto/india_pdf_engine.v:260$27.ns[127:0]$2761 [86]
  1821/4598: $4\ca30_step$func$../rtl/crypto/india_pdf_engine.v:260$27.ns[127:0]$2761 [85]
  1822/4598: $4\ca30_step$func$../rtl/crypto/india_pdf_engine.v:260$27.ns[127:0]$2761 [84]
  1823/4598: $4\ca30_step$func$../rtl/crypto/india_pdf_engine.v:260$27.ns[127:0]$2761 [83]
  1824/4598: $4\ca30_step$func$../rtl/crypto/india_pdf_engine.v:260$27.ns[127:0]$2761 [82]
  1825/4598: $4\ca30_step$func$../rtl/crypto/india_pdf_engine.v:260$27.ns[127:0]$2761 [81]
  1826/4598: $4\ca30_step$func$../rtl/crypto/india_pdf_engine.v:260$27.ns[127:0]$2761 [80]
  1827/4598: $4\ca30_step$func$../rtl/crypto/india_pdf_engine.v:260$27.ns[127:0]$2761 [79]
  1828/4598: $4\ca30_step$func$../rtl/crypto/india_pdf_engine.v:260$27.ns[127:0]$2761 [78]
  1829/4598: $4\ca30_step$func$../rtl/crypto/india_pdf_engine.v:260$27.ns[127:0]$2761 [77]
  1830/4598: $4\ca30_step$func$../rtl/crypto/india_pdf_engine.v:260$27.ns[127:0]$2761 [76]
  1831/4598: $4\ca30_step$func$../rtl/crypto/india_pdf_engine.v:260$27.ns[127:0]$2761 [75]
  1832/4598: $4\ca30_step$func$../rtl/crypto/india_pdf_engine.v:260$27.ns[127:0]$2761 [74]
  1833/4598: $4\ca30_step$func$../rtl/crypto/india_pdf_engine.v:260$27.ns[127:0]$2761 [73]
  1834/4598: $4\ca30_step$func$../rtl/crypto/india_pdf_engine.v:260$27.ns[127:0]$2761 [72]
  1835/4598: $4\ca30_step$func$../rtl/crypto/india_pdf_engine.v:260$27.ns[127:0]$2761 [71]
  1836/4598: $4\ca30_step$func$../rtl/crypto/india_pdf_engine.v:260$27.ns[127:0]$2761 [70]
  1837/4598: $4\ca30_step$func$../rtl/crypto/india_pdf_engine.v:260$27.ns[127:0]$2761 [69]
  1838/4598: $4\ca30_step$func$../rtl/crypto/india_pdf_engine.v:260$27.ns[127:0]$2761 [68]
  1839/4598: $4\ca30_step$func$../rtl/crypto/india_pdf_engine.v:260$27.ns[127:0]$2761 [67]
  1840/4598: $4\ca30_step$func$../rtl/crypto/india_pdf_engine.v:260$27.ns[127:0]$2761 [66]
  1841/4598: $4\ca30_step$func$../rtl/crypto/india_pdf_engine.v:260$27.ns[127:0]$2761 [65]
  1842/4598: $4\ca30_step$func$../rtl/crypto/india_pdf_engine.v:260$27.ns[127:0]$2761 [64]
  1843/4598: $4\ca30_step$func$../rtl/crypto/india_pdf_engine.v:260$27.ns[127:0]$2761 [63]
  1844/4598: $4\ca30_step$func$../rtl/crypto/india_pdf_engine.v:260$27.ns[127:0]$2761 [62]
  1845/4598: $4\ca30_step$func$../rtl/crypto/india_pdf_engine.v:260$27.ns[127:0]$2761 [61]
  1846/4598: $4\ca30_step$func$../rtl/crypto/india_pdf_engine.v:260$27.ns[127:0]$2761 [60]
  1847/4598: $4\ca30_step$func$../rtl/crypto/india_pdf_engine.v:260$27.ns[127:0]$2761 [59]
  1848/4598: $4\ca30_step$func$../rtl/crypto/india_pdf_engine.v:260$27.ns[127:0]$2761 [58]
  1849/4598: $4\ca30_step$func$../rtl/crypto/india_pdf_engine.v:260$27.ns[127:0]$2761 [57]
  1850/4598: $4\ca30_step$func$../rtl/crypto/india_pdf_engine.v:260$27.ns[127:0]$2761 [56]
  1851/4598: $4\ca30_step$func$../rtl/crypto/india_pdf_engine.v:260$27.ns[127:0]$2761 [55]
  1852/4598: $4\ca30_step$func$../rtl/crypto/india_pdf_engine.v:260$27.ns[127:0]$2761 [54]
  1853/4598: $4\ca30_step$func$../rtl/crypto/india_pdf_engine.v:260$27.ns[127:0]$2761 [53]
  1854/4598: $4\ca30_step$func$../rtl/crypto/india_pdf_engine.v:260$27.ns[127:0]$2761 [52]
  1855/4598: $4\ca30_step$func$../rtl/crypto/india_pdf_engine.v:260$27.ns[127:0]$2761 [51]
  1856/4598: $4\ca30_step$func$../rtl/crypto/india_pdf_engine.v:260$27.ns[127:0]$2761 [50]
  1857/4598: $4\ca30_step$func$../rtl/crypto/india_pdf_engine.v:260$27.ns[127:0]$2761 [49]
  1858/4598: $4\ca30_step$func$../rtl/crypto/india_pdf_engine.v:260$27.ns[127:0]$2761 [48]
  1859/4598: $4\ca30_step$func$../rtl/crypto/india_pdf_engine.v:260$27.ns[127:0]$2761 [47]
  1860/4598: $4\ca30_step$func$../rtl/crypto/india_pdf_engine.v:260$27.ns[127:0]$2761 [46]
  1861/4598: $4\ca30_step$func$../rtl/crypto/india_pdf_engine.v:260$27.ns[127:0]$2761 [45]
  1862/4598: $4\ca30_step$func$../rtl/crypto/india_pdf_engine.v:260$27.ns[127:0]$2761 [44]
  1863/4598: $4\ca30_step$func$../rtl/crypto/india_pdf_engine.v:260$27.ns[127:0]$2761 [43]
  1864/4598: $4\ca30_step$func$../rtl/crypto/india_pdf_engine.v:260$27.ns[127:0]$2761 [42]
  1865/4598: $4\ca30_step$func$../rtl/crypto/india_pdf_engine.v:260$27.ns[127:0]$2761 [41]
  1866/4598: $4\ca30_step$func$../rtl/crypto/india_pdf_engine.v:260$27.ns[127:0]$2761 [40]
  1867/4598: $4\ca30_step$func$../rtl/crypto/india_pdf_engine.v:260$27.ns[127:0]$2761 [39]
  1868/4598: $4\ca30_step$func$../rtl/crypto/india_pdf_engine.v:260$27.ns[127:0]$2761 [38]
  1869/4598: $4\ca30_step$func$../rtl/crypto/india_pdf_engine.v:260$27.ns[127:0]$2761 [37]
  1870/4598: $4\ca30_step$func$../rtl/crypto/india_pdf_engine.v:260$27.ns[127:0]$2761 [36]
  1871/4598: $4\ca30_step$func$../rtl/crypto/india_pdf_engine.v:260$27.ns[127:0]$2761 [35]
  1872/4598: $4\ca30_step$func$../rtl/crypto/india_pdf_engine.v:260$27.ns[127:0]$2761 [34]
  1873/4598: $4\ca30_step$func$../rtl/crypto/india_pdf_engine.v:260$27.ns[127:0]$2761 [33]
  1874/4598: $4\ca30_step$func$../rtl/crypto/india_pdf_engine.v:260$27.ns[127:0]$2761 [32]
  1875/4598: $4\ca30_step$func$../rtl/crypto/india_pdf_engine.v:260$27.ns[127:0]$2761 [31]
  1876/4598: $4\ca30_step$func$../rtl/crypto/india_pdf_engine.v:260$27.ns[127:0]$2761 [30]
  1877/4598: $4\ca30_step$func$../rtl/crypto/india_pdf_engine.v:260$27.ns[127:0]$2761 [29]
  1878/4598: $4\ca30_step$func$../rtl/crypto/india_pdf_engine.v:260$27.ns[127:0]$2761 [28]
  1879/4598: $4\ca30_step$func$../rtl/crypto/india_pdf_engine.v:260$27.ns[127:0]$2761 [27]
  1880/4598: $4\ca30_step$func$../rtl/crypto/india_pdf_engine.v:260$27.ns[127:0]$2761 [26]
  1881/4598: $4\ca30_step$func$../rtl/crypto/india_pdf_engine.v:260$27.ns[127:0]$2761 [25]
  1882/4598: $4\ca30_step$func$../rtl/crypto/india_pdf_engine.v:260$27.ns[127:0]$2761 [24]
  1883/4598: $4\ca30_step$func$../rtl/crypto/india_pdf_engine.v:260$27.ns[127:0]$2761 [23]
  1884/4598: $4\ca30_step$func$../rtl/crypto/india_pdf_engine.v:260$27.ns[127:0]$2761 [22]
  1885/4598: $4\ca30_step$func$../rtl/crypto/india_pdf_engine.v:260$27.ns[127:0]$2761 [21]
  1886/4598: $4\ca30_step$func$../rtl/crypto/india_pdf_engine.v:260$27.ns[127:0]$2761 [20]
  1887/4598: $4\ca30_step$func$../rtl/crypto/india_pdf_engine.v:260$27.ns[127:0]$2761 [19]
  1888/4598: $4\ca30_step$func$../rtl/crypto/india_pdf_engine.v:260$27.ns[127:0]$2761 [18]
  1889/4598: $4\ca30_step$func$../rtl/crypto/india_pdf_engine.v:260$27.ns[127:0]$2761 [17]
  1890/4598: $4\ca30_step$func$../rtl/crypto/india_pdf_engine.v:260$27.ns[127:0]$2761 [16]
  1891/4598: $4\ca30_step$func$../rtl/crypto/india_pdf_engine.v:260$27.ns[127:0]$2761 [15]
  1892/4598: $4\ca30_step$func$../rtl/crypto/india_pdf_engine.v:260$27.ns[127:0]$2761 [14]
  1893/4598: $4\ca30_step$func$../rtl/crypto/india_pdf_engine.v:260$27.ns[127:0]$2761 [13]
  1894/4598: $4\ca30_step$func$../rtl/crypto/india_pdf_engine.v:260$27.ns[127:0]$2761 [12]
  1895/4598: $4\ca30_step$func$../rtl/crypto/india_pdf_engine.v:260$27.ns[127:0]$2761 [11]
  1896/4598: $4\ca30_step$func$../rtl/crypto/india_pdf_engine.v:260$27.ns[127:0]$2761 [10]
  1897/4598: $4\ca30_step$func$../rtl/crypto/india_pdf_engine.v:260$27.ns[127:0]$2761 [9]
  1898/4598: $4\ca30_step$func$../rtl/crypto/india_pdf_engine.v:260$27.ns[127:0]$2761 [8]
  1899/4598: $4\ca30_step$func$../rtl/crypto/india_pdf_engine.v:260$27.ns[127:0]$2761 [7]
  1900/4598: $4\ca30_step$func$../rtl/crypto/india_pdf_engine.v:260$27.ns[127:0]$2761 [6]
  1901/4598: $4\ca30_step$func$../rtl/crypto/india_pdf_engine.v:260$27.ns[127:0]$2761 [5]
  1902/4598: $4\ca30_step$func$../rtl/crypto/india_pdf_engine.v:260$27.ns[127:0]$2761 [4]
  1903/4598: $4\ca30_step$func$../rtl/crypto/india_pdf_engine.v:260$27.ns[127:0]$2761 [3]
  1904/4598: $4\ca30_step$func$../rtl/crypto/india_pdf_engine.v:260$27.ns[127:0]$2761 [2]
  1905/4598: $4\ca30_step$func$../rtl/crypto/india_pdf_engine.v:260$27.ns[127:0]$2761 [1]
  1906/4598: $4\ca30_step$func$../rtl/crypto/india_pdf_engine.v:260$27.ns[127:0]$2761 [0]
  1907/4598: $4\ca30_step$func$../rtl/crypto/india_pdf_engine.v:259$26.ns[127:0]$2757 [126]
  1908/4598: $4\ca30_step$func$../rtl/crypto/india_pdf_engine.v:259$26.ns[127:0]$2757 [125]
  1909/4598: $4\ca30_step$func$../rtl/crypto/india_pdf_engine.v:259$26.ns[127:0]$2757 [124]
  1910/4598: $4\ca30_step$func$../rtl/crypto/india_pdf_engine.v:259$26.ns[127:0]$2757 [123]
  1911/4598: $4\ca30_step$func$../rtl/crypto/india_pdf_engine.v:259$26.ns[127:0]$2757 [122]
  1912/4598: $4\ca30_step$func$../rtl/crypto/india_pdf_engine.v:259$26.ns[127:0]$2757 [121]
  1913/4598: $4\ca30_step$func$../rtl/crypto/india_pdf_engine.v:259$26.ns[127:0]$2757 [120]
  1914/4598: $4\ca30_step$func$../rtl/crypto/india_pdf_engine.v:259$26.ns[127:0]$2757 [119]
  1915/4598: $4\ca30_step$func$../rtl/crypto/india_pdf_engine.v:259$26.ns[127:0]$2757 [118]
  1916/4598: $4\ca30_step$func$../rtl/crypto/india_pdf_engine.v:259$26.ns[127:0]$2757 [117]
  1917/4598: $4\ca30_step$func$../rtl/crypto/india_pdf_engine.v:259$26.ns[127:0]$2757 [116]
  1918/4598: $4\ca30_step$func$../rtl/crypto/india_pdf_engine.v:259$26.ns[127:0]$2757 [115]
  1919/4598: $4\ca30_step$func$../rtl/crypto/india_pdf_engine.v:259$26.ns[127:0]$2757 [114]
  1920/4598: $4\ca30_step$func$../rtl/crypto/india_pdf_engine.v:259$26.ns[127:0]$2757 [113]
  1921/4598: $4\ca30_step$func$../rtl/crypto/india_pdf_engine.v:259$26.ns[127:0]$2757 [112]
  1922/4598: $4\ca30_step$func$../rtl/crypto/india_pdf_engine.v:259$26.ns[127:0]$2757 [111]
  1923/4598: $4\ca30_step$func$../rtl/crypto/india_pdf_engine.v:259$26.ns[127:0]$2757 [110]
  1924/4598: $4\ca30_step$func$../rtl/crypto/india_pdf_engine.v:259$26.ns[127:0]$2757 [109]
  1925/4598: $4\ca30_step$func$../rtl/crypto/india_pdf_engine.v:259$26.ns[127:0]$2757 [108]
  1926/4598: $4\ca30_step$func$../rtl/crypto/india_pdf_engine.v:259$26.ns[127:0]$2757 [107]
  1927/4598: $4\ca30_step$func$../rtl/crypto/india_pdf_engine.v:259$26.ns[127:0]$2757 [106]
  1928/4598: $4\ca30_step$func$../rtl/crypto/india_pdf_engine.v:259$26.ns[127:0]$2757 [105]
  1929/4598: $4\ca30_step$func$../rtl/crypto/india_pdf_engine.v:259$26.ns[127:0]$2757 [104]
  1930/4598: $4\ca30_step$func$../rtl/crypto/india_pdf_engine.v:259$26.ns[127:0]$2757 [103]
  1931/4598: $4\ca30_step$func$../rtl/crypto/india_pdf_engine.v:259$26.ns[127:0]$2757 [102]
  1932/4598: $4\ca30_step$func$../rtl/crypto/india_pdf_engine.v:259$26.ns[127:0]$2757 [101]
  1933/4598: $4\ca30_step$func$../rtl/crypto/india_pdf_engine.v:259$26.ns[127:0]$2757 [100]
  1934/4598: $4\ca30_step$func$../rtl/crypto/india_pdf_engine.v:259$26.ns[127:0]$2757 [99]
  1935/4598: $4\ca30_step$func$../rtl/crypto/india_pdf_engine.v:259$26.ns[127:0]$2757 [98]
  1936/4598: $4\ca30_step$func$../rtl/crypto/india_pdf_engine.v:259$26.ns[127:0]$2757 [97]
  1937/4598: $4\ca30_step$func$../rtl/crypto/india_pdf_engine.v:259$26.ns[127:0]$2757 [96]
  1938/4598: $4\ca30_step$func$../rtl/crypto/india_pdf_engine.v:259$26.ns[127:0]$2757 [95]
  1939/4598: $4\ca30_step$func$../rtl/crypto/india_pdf_engine.v:259$26.ns[127:0]$2757 [94]
  1940/4598: $4\ca30_step$func$../rtl/crypto/india_pdf_engine.v:259$26.ns[127:0]$2757 [93]
  1941/4598: $4\ca30_step$func$../rtl/crypto/india_pdf_engine.v:259$26.ns[127:0]$2757 [92]
  1942/4598: $4\ca30_step$func$../rtl/crypto/india_pdf_engine.v:259$26.ns[127:0]$2757 [91]
  1943/4598: $4\ca30_step$func$../rtl/crypto/india_pdf_engine.v:259$26.ns[127:0]$2757 [90]
  1944/4598: $4\ca30_step$func$../rtl/crypto/india_pdf_engine.v:259$26.ns[127:0]$2757 [89]
  1945/4598: $4\ca30_step$func$../rtl/crypto/india_pdf_engine.v:259$26.ns[127:0]$2757 [88]
  1946/4598: $4\ca30_step$func$../rtl/crypto/india_pdf_engine.v:259$26.ns[127:0]$2757 [87]
  1947/4598: $4\ca30_step$func$../rtl/crypto/india_pdf_engine.v:259$26.ns[127:0]$2757 [86]
  1948/4598: $4\ca30_step$func$../rtl/crypto/india_pdf_engine.v:259$26.ns[127:0]$2757 [85]
  1949/4598: $4\ca30_step$func$../rtl/crypto/india_pdf_engine.v:259$26.ns[127:0]$2757 [84]
  1950/4598: $4\ca30_step$func$../rtl/crypto/india_pdf_engine.v:259$26.ns[127:0]$2757 [83]
  1951/4598: $4\ca30_step$func$../rtl/crypto/india_pdf_engine.v:259$26.ns[127:0]$2757 [82]
  1952/4598: $4\ca30_step$func$../rtl/crypto/india_pdf_engine.v:259$26.ns[127:0]$2757 [81]
  1953/4598: $4\ca30_step$func$../rtl/crypto/india_pdf_engine.v:259$26.ns[127:0]$2757 [80]
  1954/4598: $4\ca30_step$func$../rtl/crypto/india_pdf_engine.v:259$26.ns[127:0]$2757 [79]
  1955/4598: $4\ca30_step$func$../rtl/crypto/india_pdf_engine.v:259$26.ns[127:0]$2757 [78]
  1956/4598: $4\ca30_step$func$../rtl/crypto/india_pdf_engine.v:259$26.ns[127:0]$2757 [77]
  1957/4598: $4\ca30_step$func$../rtl/crypto/india_pdf_engine.v:259$26.ns[127:0]$2757 [76]
  1958/4598: $4\ca30_step$func$../rtl/crypto/india_pdf_engine.v:259$26.ns[127:0]$2757 [75]
  1959/4598: $4\ca30_step$func$../rtl/crypto/india_pdf_engine.v:259$26.ns[127:0]$2757 [74]
  1960/4598: $4\ca30_step$func$../rtl/crypto/india_pdf_engine.v:259$26.ns[127:0]$2757 [73]
  1961/4598: $4\ca30_step$func$../rtl/crypto/india_pdf_engine.v:259$26.ns[127:0]$2757 [72]
  1962/4598: $4\ca30_step$func$../rtl/crypto/india_pdf_engine.v:259$26.ns[127:0]$2757 [71]
  1963/4598: $4\ca30_step$func$../rtl/crypto/india_pdf_engine.v:259$26.ns[127:0]$2757 [70]
  1964/4598: $4\ca30_step$func$../rtl/crypto/india_pdf_engine.v:259$26.ns[127:0]$2757 [69]
  1965/4598: $4\ca30_step$func$../rtl/crypto/india_pdf_engine.v:259$26.ns[127:0]$2757 [68]
  1966/4598: $4\ca30_step$func$../rtl/crypto/india_pdf_engine.v:259$26.ns[127:0]$2757 [67]
  1967/4598: $4\ca30_step$func$../rtl/crypto/india_pdf_engine.v:259$26.ns[127:0]$2757 [66]
  1968/4598: $4\ca30_step$func$../rtl/crypto/india_pdf_engine.v:259$26.ns[127:0]$2757 [65]
  1969/4598: $4\ca30_step$func$../rtl/crypto/india_pdf_engine.v:259$26.ns[127:0]$2757 [64]
  1970/4598: $4\ca30_step$func$../rtl/crypto/india_pdf_engine.v:259$26.ns[127:0]$2757 [63]
  1971/4598: $4\ca30_step$func$../rtl/crypto/india_pdf_engine.v:259$26.ns[127:0]$2757 [62]
  1972/4598: $4\ca30_step$func$../rtl/crypto/india_pdf_engine.v:259$26.ns[127:0]$2757 [61]
  1973/4598: $4\ca30_step$func$../rtl/crypto/india_pdf_engine.v:259$26.ns[127:0]$2757 [60]
  1974/4598: $4\ca30_step$func$../rtl/crypto/india_pdf_engine.v:259$26.ns[127:0]$2757 [59]
  1975/4598: $4\ca30_step$func$../rtl/crypto/india_pdf_engine.v:259$26.ns[127:0]$2757 [58]
  1976/4598: $4\ca30_step$func$../rtl/crypto/india_pdf_engine.v:259$26.ns[127:0]$2757 [57]
  1977/4598: $4\ca30_step$func$../rtl/crypto/india_pdf_engine.v:259$26.ns[127:0]$2757 [56]
  1978/4598: $4\ca30_step$func$../rtl/crypto/india_pdf_engine.v:259$26.ns[127:0]$2757 [55]
  1979/4598: $4\ca30_step$func$../rtl/crypto/india_pdf_engine.v:259$26.ns[127:0]$2757 [54]
  1980/4598: $4\ca30_step$func$../rtl/crypto/india_pdf_engine.v:259$26.ns[127:0]$2757 [53]
  1981/4598: $4\ca30_step$func$../rtl/crypto/india_pdf_engine.v:259$26.ns[127:0]$2757 [52]
  1982/4598: $4\ca30_step$func$../rtl/crypto/india_pdf_engine.v:259$26.ns[127:0]$2757 [51]
  1983/4598: $4\ca30_step$func$../rtl/crypto/india_pdf_engine.v:259$26.ns[127:0]$2757 [50]
  1984/4598: $4\ca30_step$func$../rtl/crypto/india_pdf_engine.v:259$26.ns[127:0]$2757 [49]
  1985/4598: $4\ca30_step$func$../rtl/crypto/india_pdf_engine.v:259$26.ns[127:0]$2757 [48]
  1986/4598: $4\ca30_step$func$../rtl/crypto/india_pdf_engine.v:259$26.ns[127:0]$2757 [47]
  1987/4598: $4\ca30_step$func$../rtl/crypto/india_pdf_engine.v:259$26.ns[127:0]$2757 [46]
  1988/4598: $4\ca30_step$func$../rtl/crypto/india_pdf_engine.v:259$26.ns[127:0]$2757 [45]
  1989/4598: $4\ca30_step$func$../rtl/crypto/india_pdf_engine.v:259$26.ns[127:0]$2757 [44]
  1990/4598: $4\ca30_step$func$../rtl/crypto/india_pdf_engine.v:259$26.ns[127:0]$2757 [43]
  1991/4598: $4\ca30_step$func$../rtl/crypto/india_pdf_engine.v:259$26.ns[127:0]$2757 [42]
  1992/4598: $4\ca30_step$func$../rtl/crypto/india_pdf_engine.v:259$26.ns[127:0]$2757 [41]
  1993/4598: $4\ca30_step$func$../rtl/crypto/india_pdf_engine.v:259$26.ns[127:0]$2757 [40]
  1994/4598: $4\ca30_step$func$../rtl/crypto/india_pdf_engine.v:259$26.ns[127:0]$2757 [39]
  1995/4598: $4\ca30_step$func$../rtl/crypto/india_pdf_engine.v:259$26.ns[127:0]$2757 [38]
  1996/4598: $4\ca30_step$func$../rtl/crypto/india_pdf_engine.v:259$26.ns[127:0]$2757 [37]
  1997/4598: $4\ca30_step$func$../rtl/crypto/india_pdf_engine.v:259$26.ns[127:0]$2757 [36]
  1998/4598: $4\ca30_step$func$../rtl/crypto/india_pdf_engine.v:259$26.ns[127:0]$2757 [35]
  1999/4598: $4\ca30_step$func$../rtl/crypto/india_pdf_engine.v:259$26.ns[127:0]$2757 [34]
  2000/4598: $4\ca30_step$func$../rtl/crypto/india_pdf_engine.v:259$26.ns[127:0]$2757 [33]
  2001/4598: $4\ca30_step$func$../rtl/crypto/india_pdf_engine.v:259$26.ns[127:0]$2757 [32]
  2002/4598: $4\ca30_step$func$../rtl/crypto/india_pdf_engine.v:259$26.ns[127:0]$2757 [31]
  2003/4598: $4\ca30_step$func$../rtl/crypto/india_pdf_engine.v:259$26.ns[127:0]$2757 [30]
  2004/4598: $4\ca30_step$func$../rtl/crypto/india_pdf_engine.v:259$26.ns[127:0]$2757 [29]
  2005/4598: $4\ca30_step$func$../rtl/crypto/india_pdf_engine.v:259$26.ns[127:0]$2757 [28]
  2006/4598: $4\ca30_step$func$../rtl/crypto/india_pdf_engine.v:259$26.ns[127:0]$2757 [27]
  2007/4598: $4\ca30_step$func$../rtl/crypto/india_pdf_engine.v:259$26.ns[127:0]$2757 [26]
  2008/4598: $4\ca30_step$func$../rtl/crypto/india_pdf_engine.v:259$26.ns[127:0]$2757 [25]
  2009/4598: $4\ca30_step$func$../rtl/crypto/india_pdf_engine.v:259$26.ns[127:0]$2757 [24]
  2010/4598: $4\ca30_step$func$../rtl/crypto/india_pdf_engine.v:259$26.ns[127:0]$2757 [23]
  2011/4598: $4\ca30_step$func$../rtl/crypto/india_pdf_engine.v:259$26.ns[127:0]$2757 [22]
  2012/4598: $4\ca30_step$func$../rtl/crypto/india_pdf_engine.v:259$26.ns[127:0]$2757 [21]
  2013/4598: $4\ca30_step$func$../rtl/crypto/india_pdf_engine.v:259$26.ns[127:0]$2757 [20]
  2014/4598: $4\ca30_step$func$../rtl/crypto/india_pdf_engine.v:259$26.ns[127:0]$2757 [19]
  2015/4598: $4\ca30_step$func$../rtl/crypto/india_pdf_engine.v:259$26.ns[127:0]$2757 [18]
  2016/4598: $4\ca30_step$func$../rtl/crypto/india_pdf_engine.v:259$26.ns[127:0]$2757 [17]
  2017/4598: $4\ca30_step$func$../rtl/crypto/india_pdf_engine.v:259$26.ns[127:0]$2757 [16]
  2018/4598: $4\ca30_step$func$../rtl/crypto/india_pdf_engine.v:259$26.ns[127:0]$2757 [15]
  2019/4598: $4\ca30_step$func$../rtl/crypto/india_pdf_engine.v:259$26.ns[127:0]$2757 [14]
  2020/4598: $4\ca30_step$func$../rtl/crypto/india_pdf_engine.v:259$26.ns[127:0]$2757 [13]
  2021/4598: $4\ca30_step$func$../rtl/crypto/india_pdf_engine.v:259$26.ns[127:0]$2757 [12]
  2022/4598: $4\ca30_step$func$../rtl/crypto/india_pdf_engine.v:259$26.ns[127:0]$2757 [11]
  2023/4598: $4\ca30_step$func$../rtl/crypto/india_pdf_engine.v:259$26.ns[127:0]$2757 [10]
  2024/4598: $4\ca30_step$func$../rtl/crypto/india_pdf_engine.v:259$26.ns[127:0]$2757 [9]
  2025/4598: $4\ca30_step$func$../rtl/crypto/india_pdf_engine.v:259$26.ns[127:0]$2757 [8]
  2026/4598: $4\ca30_step$func$../rtl/crypto/india_pdf_engine.v:259$26.ns[127:0]$2757 [7]
  2027/4598: $4\ca30_step$func$../rtl/crypto/india_pdf_engine.v:259$26.ns[127:0]$2757 [6]
  2028/4598: $4\ca30_step$func$../rtl/crypto/india_pdf_engine.v:259$26.ns[127:0]$2757 [5]
  2029/4598: $4\ca30_step$func$../rtl/crypto/india_pdf_engine.v:259$26.ns[127:0]$2757 [4]
  2030/4598: $4\ca30_step$func$../rtl/crypto/india_pdf_engine.v:259$26.ns[127:0]$2757 [3]
  2031/4598: $4\ca30_step$func$../rtl/crypto/india_pdf_engine.v:259$26.ns[127:0]$2757 [2]
  2032/4598: $4\ca30_step$func$../rtl/crypto/india_pdf_engine.v:259$26.ns[127:0]$2757 [1]
  2033/4598: $4\ca30_step$func$../rtl/crypto/india_pdf_engine.v:259$26.ns[127:0]$2757 [0]
  2034/4598: $4\ca30_8rounds$func$../rtl/crypto/india_pdf_engine.v:772$16.t[127:0]$2719
  2035/4598: $4\ca30_step$func$../rtl/crypto/india_pdf_engine.v:266$24.$result[127:0]$2748
  2036/4598: $4\ca30_step$func$../rtl/crypto/india_pdf_engine.v:266$24.i[31:0]$2751
  2037/4598: $4\ca30_step$func$../rtl/crypto/india_pdf_engine.v:266$24.ns[127:0]$2750 [126]
  2038/4598: $4\ca30_step$func$../rtl/crypto/india_pdf_engine.v:266$24.ns[127:0]$2750 [125]
  2039/4598: $4\ca30_step$func$../rtl/crypto/india_pdf_engine.v:266$24.ns[127:0]$2750 [124]
  2040/4598: $4\ca30_step$func$../rtl/crypto/india_pdf_engine.v:266$24.ns[127:0]$2750 [123]
  2041/4598: $4\ca30_step$func$../rtl/crypto/india_pdf_engine.v:266$24.ns[127:0]$2750 [122]
  2042/4598: $4\ca30_step$func$../rtl/crypto/india_pdf_engine.v:266$24.ns[127:0]$2750 [121]
  2043/4598: $4\ca30_step$func$../rtl/crypto/india_pdf_engine.v:266$24.ns[127:0]$2750 [120]
  2044/4598: $4\ca30_step$func$../rtl/crypto/india_pdf_engine.v:266$24.ns[127:0]$2750 [119]
  2045/4598: $4\ca30_step$func$../rtl/crypto/india_pdf_engine.v:266$24.ns[127:0]$2750 [118]
  2046/4598: $4\ca30_step$func$../rtl/crypto/india_pdf_engine.v:266$24.ns[127:0]$2750 [117]
  2047/4598: $4\ca30_step$func$../rtl/crypto/india_pdf_engine.v:266$24.ns[127:0]$2750 [116]
  2048/4598: $4\ca30_step$func$../rtl/crypto/india_pdf_engine.v:266$24.ns[127:0]$2750 [115]
  2049/4598: $4\ca30_step$func$../rtl/crypto/india_pdf_engine.v:266$24.ns[127:0]$2750 [114]
  2050/4598: $4\ca30_step$func$../rtl/crypto/india_pdf_engine.v:266$24.ns[127:0]$2750 [113]
  2051/4598: $4\ca30_step$func$../rtl/crypto/india_pdf_engine.v:266$24.ns[127:0]$2750 [112]
  2052/4598: $4\ca30_step$func$../rtl/crypto/india_pdf_engine.v:266$24.ns[127:0]$2750 [111]
  2053/4598: $4\ca30_step$func$../rtl/crypto/india_pdf_engine.v:266$24.ns[127:0]$2750 [110]
  2054/4598: $4\ca30_step$func$../rtl/crypto/india_pdf_engine.v:266$24.ns[127:0]$2750 [109]
  2055/4598: $4\ca30_step$func$../rtl/crypto/india_pdf_engine.v:266$24.ns[127:0]$2750 [108]
  2056/4598: $4\ca30_step$func$../rtl/crypto/india_pdf_engine.v:266$24.ns[127:0]$2750 [107]
  2057/4598: $4\ca30_step$func$../rtl/crypto/india_pdf_engine.v:266$24.ns[127:0]$2750 [106]
  2058/4598: $4\ca30_step$func$../rtl/crypto/india_pdf_engine.v:266$24.ns[127:0]$2750 [105]
  2059/4598: $4\ca30_step$func$../rtl/crypto/india_pdf_engine.v:266$24.ns[127:0]$2750 [104]
  2060/4598: $4\ca30_step$func$../rtl/crypto/india_pdf_engine.v:266$24.ns[127:0]$2750 [103]
  2061/4598: $4\ca30_step$func$../rtl/crypto/india_pdf_engine.v:266$24.ns[127:0]$2750 [102]
  2062/4598: $4\ca30_step$func$../rtl/crypto/india_pdf_engine.v:266$24.ns[127:0]$2750 [101]
  2063/4598: $4\ca30_step$func$../rtl/crypto/india_pdf_engine.v:266$24.ns[127:0]$2750 [100]
  2064/4598: $4\ca30_step$func$../rtl/crypto/india_pdf_engine.v:266$24.ns[127:0]$2750 [99]
  2065/4598: $4\ca30_step$func$../rtl/crypto/india_pdf_engine.v:266$24.ns[127:0]$2750 [98]
  2066/4598: $4\ca30_step$func$../rtl/crypto/india_pdf_engine.v:266$24.ns[127:0]$2750 [97]
  2067/4598: $4\ca30_step$func$../rtl/crypto/india_pdf_engine.v:266$24.ns[127:0]$2750 [96]
  2068/4598: $4\ca30_step$func$../rtl/crypto/india_pdf_engine.v:266$24.ns[127:0]$2750 [95]
  2069/4598: $4\ca30_step$func$../rtl/crypto/india_pdf_engine.v:266$24.ns[127:0]$2750 [94]
  2070/4598: $4\ca30_step$func$../rtl/crypto/india_pdf_engine.v:266$24.ns[127:0]$2750 [93]
  2071/4598: $4\ca30_step$func$../rtl/crypto/india_pdf_engine.v:266$24.ns[127:0]$2750 [92]
  2072/4598: $4\ca30_step$func$../rtl/crypto/india_pdf_engine.v:266$24.ns[127:0]$2750 [91]
  2073/4598: $4\ca30_step$func$../rtl/crypto/india_pdf_engine.v:266$24.ns[127:0]$2750 [90]
  2074/4598: $4\ca30_step$func$../rtl/crypto/india_pdf_engine.v:266$24.ns[127:0]$2750 [89]
  2075/4598: $4\ca30_step$func$../rtl/crypto/india_pdf_engine.v:266$24.ns[127:0]$2750 [88]
  2076/4598: $4\ca30_step$func$../rtl/crypto/india_pdf_engine.v:266$24.ns[127:0]$2750 [87]
  2077/4598: $4\ca30_step$func$../rtl/crypto/india_pdf_engine.v:266$24.ns[127:0]$2750 [86]
  2078/4598: $4\ca30_step$func$../rtl/crypto/india_pdf_engine.v:266$24.ns[127:0]$2750 [85]
  2079/4598: $4\ca30_step$func$../rtl/crypto/india_pdf_engine.v:266$24.ns[127:0]$2750 [84]
  2080/4598: $4\ca30_step$func$../rtl/crypto/india_pdf_engine.v:266$24.ns[127:0]$2750 [83]
  2081/4598: $4\ca30_step$func$../rtl/crypto/india_pdf_engine.v:266$24.ns[127:0]$2750 [82]
  2082/4598: $4\ca30_step$func$../rtl/crypto/india_pdf_engine.v:266$24.ns[127:0]$2750 [81]
  2083/4598: $4\ca30_step$func$../rtl/crypto/india_pdf_engine.v:266$24.ns[127:0]$2750 [80]
  2084/4598: $4\ca30_step$func$../rtl/crypto/india_pdf_engine.v:266$24.ns[127:0]$2750 [79]
  2085/4598: $4\ca30_step$func$../rtl/crypto/india_pdf_engine.v:266$24.ns[127:0]$2750 [78]
  2086/4598: $4\ca30_step$func$../rtl/crypto/india_pdf_engine.v:266$24.ns[127:0]$2750 [77]
  2087/4598: $4\ca30_step$func$../rtl/crypto/india_pdf_engine.v:266$24.ns[127:0]$2750 [76]
  2088/4598: $4\ca30_step$func$../rtl/crypto/india_pdf_engine.v:266$24.ns[127:0]$2750 [75]
  2089/4598: $4\ca30_step$func$../rtl/crypto/india_pdf_engine.v:266$24.ns[127:0]$2750 [74]
  2090/4598: $4\ca30_step$func$../rtl/crypto/india_pdf_engine.v:266$24.ns[127:0]$2750 [73]
  2091/4598: $4\ca30_step$func$../rtl/crypto/india_pdf_engine.v:266$24.ns[127:0]$2750 [72]
  2092/4598: $4\ca30_step$func$../rtl/crypto/india_pdf_engine.v:266$24.ns[127:0]$2750 [71]
  2093/4598: $4\ca30_step$func$../rtl/crypto/india_pdf_engine.v:266$24.ns[127:0]$2750 [70]
  2094/4598: $4\ca30_step$func$../rtl/crypto/india_pdf_engine.v:266$24.ns[127:0]$2750 [69]
  2095/4598: $4\ca30_step$func$../rtl/crypto/india_pdf_engine.v:266$24.ns[127:0]$2750 [68]
  2096/4598: $4\ca30_step$func$../rtl/crypto/india_pdf_engine.v:266$24.ns[127:0]$2750 [67]
  2097/4598: $4\ca30_step$func$../rtl/crypto/india_pdf_engine.v:266$24.ns[127:0]$2750 [66]
  2098/4598: $4\ca30_step$func$../rtl/crypto/india_pdf_engine.v:266$24.ns[127:0]$2750 [65]
  2099/4598: $4\ca30_step$func$../rtl/crypto/india_pdf_engine.v:266$24.ns[127:0]$2750 [64]
  2100/4598: $4\ca30_step$func$../rtl/crypto/india_pdf_engine.v:266$24.ns[127:0]$2750 [63]
  2101/4598: $4\ca30_step$func$../rtl/crypto/india_pdf_engine.v:266$24.ns[127:0]$2750 [62]
  2102/4598: $4\ca30_step$func$../rtl/crypto/india_pdf_engine.v:266$24.ns[127:0]$2750 [61]
  2103/4598: $4\ca30_step$func$../rtl/crypto/india_pdf_engine.v:266$24.ns[127:0]$2750 [60]
  2104/4598: $4\ca30_step$func$../rtl/crypto/india_pdf_engine.v:266$24.ns[127:0]$2750 [59]
  2105/4598: $4\ca30_step$func$../rtl/crypto/india_pdf_engine.v:266$24.ns[127:0]$2750 [58]
  2106/4598: $4\ca30_step$func$../rtl/crypto/india_pdf_engine.v:266$24.ns[127:0]$2750 [57]
  2107/4598: $4\ca30_step$func$../rtl/crypto/india_pdf_engine.v:266$24.ns[127:0]$2750 [56]
  2108/4598: $4\ca30_step$func$../rtl/crypto/india_pdf_engine.v:266$24.ns[127:0]$2750 [55]
  2109/4598: $4\ca30_step$func$../rtl/crypto/india_pdf_engine.v:266$24.ns[127:0]$2750 [54]
  2110/4598: $4\ca30_step$func$../rtl/crypto/india_pdf_engine.v:266$24.ns[127:0]$2750 [53]
  2111/4598: $4\ca30_step$func$../rtl/crypto/india_pdf_engine.v:266$24.ns[127:0]$2750 [52]
  2112/4598: $4\ca30_step$func$../rtl/crypto/india_pdf_engine.v:266$24.ns[127:0]$2750 [51]
  2113/4598: $4\ca30_step$func$../rtl/crypto/india_pdf_engine.v:266$24.ns[127:0]$2750 [50]
  2114/4598: $4\ca30_step$func$../rtl/crypto/india_pdf_engine.v:266$24.ns[127:0]$2750 [49]
  2115/4598: $4\ca30_step$func$../rtl/crypto/india_pdf_engine.v:266$24.ns[127:0]$2750 [48]
  2116/4598: $4\ca30_step$func$../rtl/crypto/india_pdf_engine.v:266$24.ns[127:0]$2750 [47]
  2117/4598: $4\ca30_step$func$../rtl/crypto/india_pdf_engine.v:266$24.ns[127:0]$2750 [46]
  2118/4598: $4\ca30_step$func$../rtl/crypto/india_pdf_engine.v:266$24.ns[127:0]$2750 [45]
  2119/4598: $4\ca30_step$func$../rtl/crypto/india_pdf_engine.v:266$24.ns[127:0]$2750 [44]
  2120/4598: $4\ca30_step$func$../rtl/crypto/india_pdf_engine.v:266$24.ns[127:0]$2750 [43]
  2121/4598: $4\ca30_step$func$../rtl/crypto/india_pdf_engine.v:266$24.ns[127:0]$2750 [42]
  2122/4598: $4\ca30_step$func$../rtl/crypto/india_pdf_engine.v:266$24.ns[127:0]$2750 [41]
  2123/4598: $4\ca30_step$func$../rtl/crypto/india_pdf_engine.v:266$24.ns[127:0]$2750 [40]
  2124/4598: $4\ca30_step$func$../rtl/crypto/india_pdf_engine.v:266$24.ns[127:0]$2750 [39]
  2125/4598: $4\ca30_step$func$../rtl/crypto/india_pdf_engine.v:266$24.ns[127:0]$2750 [38]
  2126/4598: $4\ca30_step$func$../rtl/crypto/india_pdf_engine.v:266$24.ns[127:0]$2750 [37]
  2127/4598: $4\ca30_step$func$../rtl/crypto/india_pdf_engine.v:266$24.ns[127:0]$2750 [36]
  2128/4598: $4\ca30_step$func$../rtl/crypto/india_pdf_engine.v:266$24.ns[127:0]$2750 [35]
  2129/4598: $4\ca30_step$func$../rtl/crypto/india_pdf_engine.v:266$24.ns[127:0]$2750 [34]
  2130/4598: $4\ca30_step$func$../rtl/crypto/india_pdf_engine.v:266$24.ns[127:0]$2750 [33]
  2131/4598: $4\ca30_step$func$../rtl/crypto/india_pdf_engine.v:266$24.ns[127:0]$2750 [32]
  2132/4598: $4\ca30_step$func$../rtl/crypto/india_pdf_engine.v:266$24.ns[127:0]$2750 [31]
  2133/4598: $4\ca30_step$func$../rtl/crypto/india_pdf_engine.v:266$24.ns[127:0]$2750 [30]
  2134/4598: $4\ca30_step$func$../rtl/crypto/india_pdf_engine.v:266$24.ns[127:0]$2750 [29]
  2135/4598: $4\ca30_step$func$../rtl/crypto/india_pdf_engine.v:266$24.ns[127:0]$2750 [28]
  2136/4598: $4\ca30_step$func$../rtl/crypto/india_pdf_engine.v:266$24.ns[127:0]$2750 [27]
  2137/4598: $4\ca30_step$func$../rtl/crypto/india_pdf_engine.v:266$24.ns[127:0]$2750 [26]
  2138/4598: $4\ca30_step$func$../rtl/crypto/india_pdf_engine.v:266$24.ns[127:0]$2750 [25]
  2139/4598: $4\ca30_step$func$../rtl/crypto/india_pdf_engine.v:266$24.ns[127:0]$2750 [24]
  2140/4598: $4\ca30_step$func$../rtl/crypto/india_pdf_engine.v:266$24.ns[127:0]$2750 [23]
  2141/4598: $4\ca30_step$func$../rtl/crypto/india_pdf_engine.v:266$24.ns[127:0]$2750 [22]
  2142/4598: $4\ca30_step$func$../rtl/crypto/india_pdf_engine.v:266$24.ns[127:0]$2750 [21]
  2143/4598: $4\ca30_step$func$../rtl/crypto/india_pdf_engine.v:266$24.ns[127:0]$2750 [20]
  2144/4598: $4\ca30_step$func$../rtl/crypto/india_pdf_engine.v:266$24.ns[127:0]$2750 [19]
  2145/4598: $4\ca30_step$func$../rtl/crypto/india_pdf_engine.v:266$24.ns[127:0]$2750 [18]
  2146/4598: $4\ca30_step$func$../rtl/crypto/india_pdf_engine.v:266$24.ns[127:0]$2750 [17]
  2147/4598: $4\ca30_step$func$../rtl/crypto/india_pdf_engine.v:266$24.ns[127:0]$2750 [16]
  2148/4598: $4\ca30_step$func$../rtl/crypto/india_pdf_engine.v:266$24.ns[127:0]$2750 [15]
  2149/4598: $4\ca30_step$func$../rtl/crypto/india_pdf_engine.v:266$24.ns[127:0]$2750 [14]
  2150/4598: $4\ca30_step$func$../rtl/crypto/india_pdf_engine.v:266$24.ns[127:0]$2750 [13]
  2151/4598: $4\ca30_step$func$../rtl/crypto/india_pdf_engine.v:266$24.ns[127:0]$2750 [12]
  2152/4598: $4\ca30_step$func$../rtl/crypto/india_pdf_engine.v:266$24.ns[127:0]$2750 [11]
  2153/4598: $4\ca30_step$func$../rtl/crypto/india_pdf_engine.v:266$24.ns[127:0]$2750 [10]
  2154/4598: $4\ca30_step$func$../rtl/crypto/india_pdf_engine.v:266$24.ns[127:0]$2750 [9]
  2155/4598: $4\ca30_step$func$../rtl/crypto/india_pdf_engine.v:266$24.ns[127:0]$2750 [8]
  2156/4598: $4\ca30_step$func$../rtl/crypto/india_pdf_engine.v:266$24.ns[127:0]$2750 [7]
  2157/4598: $4\ca30_step$func$../rtl/crypto/india_pdf_engine.v:266$24.ns[127:0]$2750 [6]
  2158/4598: $4\ca30_step$func$../rtl/crypto/india_pdf_engine.v:266$24.ns[127:0]$2750 [5]
  2159/4598: $4\ca30_step$func$../rtl/crypto/india_pdf_engine.v:266$24.ns[127:0]$2750 [4]
  2160/4598: $4\ca30_step$func$../rtl/crypto/india_pdf_engine.v:266$24.ns[127:0]$2750 [3]
  2161/4598: $4\ca30_step$func$../rtl/crypto/india_pdf_engine.v:266$24.ns[127:0]$2750 [2]
  2162/4598: $4\ca30_step$func$../rtl/crypto/india_pdf_engine.v:266$24.ns[127:0]$2750 [1]
  2163/4598: $4\ca30_step$func$../rtl/crypto/india_pdf_engine.v:266$24.ns[127:0]$2750 [0]
  2164/4598: $4\ca30_step$func$../rtl/crypto/india_pdf_engine.v:265$23.ns[127:0]$2746 [127]
  2165/4598: $4\ca30_step$func$../rtl/crypto/india_pdf_engine.v:266$24.s[127:0]$2749
  2166/4598: $4\ca30_step$func$../rtl/crypto/india_pdf_engine.v:265$23.$result[127:0]$2744
  2167/4598: $4\ca30_step$func$../rtl/crypto/india_pdf_engine.v:265$23.i[31:0]$2747
  2168/4598: $4\ca30_step$func$../rtl/crypto/india_pdf_engine.v:265$23.ns[127:0]$2746 [126]
  2169/4598: $4\ca30_step$func$../rtl/crypto/india_pdf_engine.v:265$23.ns[127:0]$2746 [125]
  2170/4598: $4\ca30_step$func$../rtl/crypto/india_pdf_engine.v:265$23.ns[127:0]$2746 [124]
  2171/4598: $4\ca30_step$func$../rtl/crypto/india_pdf_engine.v:265$23.ns[127:0]$2746 [123]
  2172/4598: $4\ca30_step$func$../rtl/crypto/india_pdf_engine.v:265$23.ns[127:0]$2746 [122]
  2173/4598: $4\ca30_step$func$../rtl/crypto/india_pdf_engine.v:265$23.ns[127:0]$2746 [121]
  2174/4598: $4\ca30_step$func$../rtl/crypto/india_pdf_engine.v:265$23.ns[127:0]$2746 [120]
  2175/4598: $4\ca30_step$func$../rtl/crypto/india_pdf_engine.v:265$23.ns[127:0]$2746 [119]
  2176/4598: $4\ca30_step$func$../rtl/crypto/india_pdf_engine.v:265$23.ns[127:0]$2746 [118]
  2177/4598: $4\ca30_step$func$../rtl/crypto/india_pdf_engine.v:265$23.ns[127:0]$2746 [117]
  2178/4598: $4\ca30_step$func$../rtl/crypto/india_pdf_engine.v:265$23.ns[127:0]$2746 [116]
  2179/4598: $4\ca30_step$func$../rtl/crypto/india_pdf_engine.v:265$23.ns[127:0]$2746 [115]
  2180/4598: $4\ca30_step$func$../rtl/crypto/india_pdf_engine.v:265$23.ns[127:0]$2746 [114]
  2181/4598: $4\ca30_step$func$../rtl/crypto/india_pdf_engine.v:265$23.ns[127:0]$2746 [113]
  2182/4598: $4\ca30_step$func$../rtl/crypto/india_pdf_engine.v:265$23.ns[127:0]$2746 [112]
  2183/4598: $4\ca30_step$func$../rtl/crypto/india_pdf_engine.v:265$23.ns[127:0]$2746 [111]
  2184/4598: $4\ca30_step$func$../rtl/crypto/india_pdf_engine.v:265$23.ns[127:0]$2746 [110]
  2185/4598: $4\ca30_step$func$../rtl/crypto/india_pdf_engine.v:265$23.ns[127:0]$2746 [109]
  2186/4598: $4\ca30_step$func$../rtl/crypto/india_pdf_engine.v:265$23.ns[127:0]$2746 [108]
  2187/4598: $4\ca30_step$func$../rtl/crypto/india_pdf_engine.v:265$23.ns[127:0]$2746 [107]
  2188/4598: $4\ca30_step$func$../rtl/crypto/india_pdf_engine.v:265$23.ns[127:0]$2746 [106]
  2189/4598: $4\ca30_step$func$../rtl/crypto/india_pdf_engine.v:265$23.ns[127:0]$2746 [105]
  2190/4598: $4\ca30_step$func$../rtl/crypto/india_pdf_engine.v:265$23.ns[127:0]$2746 [104]
  2191/4598: $4\ca30_step$func$../rtl/crypto/india_pdf_engine.v:265$23.ns[127:0]$2746 [103]
  2192/4598: $4\ca30_step$func$../rtl/crypto/india_pdf_engine.v:265$23.ns[127:0]$2746 [102]
  2193/4598: $4\ca30_step$func$../rtl/crypto/india_pdf_engine.v:265$23.ns[127:0]$2746 [101]
  2194/4598: $4\ca30_step$func$../rtl/crypto/india_pdf_engine.v:265$23.ns[127:0]$2746 [100]
  2195/4598: $4\ca30_step$func$../rtl/crypto/india_pdf_engine.v:265$23.ns[127:0]$2746 [99]
  2196/4598: $4\ca30_step$func$../rtl/crypto/india_pdf_engine.v:265$23.ns[127:0]$2746 [98]
  2197/4598: $4\ca30_step$func$../rtl/crypto/india_pdf_engine.v:265$23.ns[127:0]$2746 [97]
  2198/4598: $4\ca30_step$func$../rtl/crypto/india_pdf_engine.v:265$23.ns[127:0]$2746 [96]
  2199/4598: $4\ca30_step$func$../rtl/crypto/india_pdf_engine.v:265$23.ns[127:0]$2746 [95]
  2200/4598: $4\ca30_step$func$../rtl/crypto/india_pdf_engine.v:265$23.ns[127:0]$2746 [94]
  2201/4598: $4\ca30_step$func$../rtl/crypto/india_pdf_engine.v:265$23.ns[127:0]$2746 [93]
  2202/4598: $4\ca30_step$func$../rtl/crypto/india_pdf_engine.v:265$23.ns[127:0]$2746 [92]
  2203/4598: $4\ca30_step$func$../rtl/crypto/india_pdf_engine.v:265$23.ns[127:0]$2746 [91]
  2204/4598: $4\ca30_step$func$../rtl/crypto/india_pdf_engine.v:265$23.ns[127:0]$2746 [90]
  2205/4598: $4\ca30_step$func$../rtl/crypto/india_pdf_engine.v:265$23.ns[127:0]$2746 [89]
  2206/4598: $4\ca30_step$func$../rtl/crypto/india_pdf_engine.v:265$23.ns[127:0]$2746 [88]
  2207/4598: $4\ca30_step$func$../rtl/crypto/india_pdf_engine.v:265$23.ns[127:0]$2746 [87]
  2208/4598: $4\ca30_step$func$../rtl/crypto/india_pdf_engine.v:265$23.ns[127:0]$2746 [86]
  2209/4598: $4\ca30_step$func$../rtl/crypto/india_pdf_engine.v:265$23.ns[127:0]$2746 [85]
  2210/4598: $4\ca30_step$func$../rtl/crypto/india_pdf_engine.v:265$23.ns[127:0]$2746 [84]
  2211/4598: $4\ca30_step$func$../rtl/crypto/india_pdf_engine.v:265$23.ns[127:0]$2746 [83]
  2212/4598: $4\ca30_step$func$../rtl/crypto/india_pdf_engine.v:265$23.ns[127:0]$2746 [82]
  2213/4598: $4\ca30_step$func$../rtl/crypto/india_pdf_engine.v:265$23.ns[127:0]$2746 [81]
  2214/4598: $4\ca30_step$func$../rtl/crypto/india_pdf_engine.v:265$23.ns[127:0]$2746 [80]
  2215/4598: $4\ca30_step$func$../rtl/crypto/india_pdf_engine.v:265$23.ns[127:0]$2746 [79]
  2216/4598: $4\ca30_step$func$../rtl/crypto/india_pdf_engine.v:265$23.ns[127:0]$2746 [78]
  2217/4598: $4\ca30_step$func$../rtl/crypto/india_pdf_engine.v:265$23.ns[127:0]$2746 [77]
  2218/4598: $4\ca30_step$func$../rtl/crypto/india_pdf_engine.v:265$23.ns[127:0]$2746 [76]
  2219/4598: $4\ca30_step$func$../rtl/crypto/india_pdf_engine.v:265$23.ns[127:0]$2746 [75]
  2220/4598: $4\ca30_step$func$../rtl/crypto/india_pdf_engine.v:265$23.ns[127:0]$2746 [74]
  2221/4598: $4\ca30_step$func$../rtl/crypto/india_pdf_engine.v:265$23.ns[127:0]$2746 [73]
  2222/4598: $4\ca30_step$func$../rtl/crypto/india_pdf_engine.v:265$23.ns[127:0]$2746 [72]
  2223/4598: $4\ca30_step$func$../rtl/crypto/india_pdf_engine.v:265$23.ns[127:0]$2746 [71]
  2224/4598: $4\ca30_step$func$../rtl/crypto/india_pdf_engine.v:265$23.ns[127:0]$2746 [70]
  2225/4598: $4\ca30_step$func$../rtl/crypto/india_pdf_engine.v:265$23.ns[127:0]$2746 [69]
  2226/4598: $4\ca30_step$func$../rtl/crypto/india_pdf_engine.v:265$23.ns[127:0]$2746 [68]
  2227/4598: $4\ca30_step$func$../rtl/crypto/india_pdf_engine.v:265$23.ns[127:0]$2746 [67]
  2228/4598: $4\ca30_step$func$../rtl/crypto/india_pdf_engine.v:265$23.ns[127:0]$2746 [66]
  2229/4598: $4\ca30_step$func$../rtl/crypto/india_pdf_engine.v:265$23.ns[127:0]$2746 [65]
  2230/4598: $4\ca30_step$func$../rtl/crypto/india_pdf_engine.v:265$23.ns[127:0]$2746 [64]
  2231/4598: $4\ca30_step$func$../rtl/crypto/india_pdf_engine.v:265$23.ns[127:0]$2746 [63]
  2232/4598: $4\ca30_step$func$../rtl/crypto/india_pdf_engine.v:265$23.ns[127:0]$2746 [62]
  2233/4598: $4\ca30_step$func$../rtl/crypto/india_pdf_engine.v:265$23.ns[127:0]$2746 [61]
  2234/4598: $4\ca30_step$func$../rtl/crypto/india_pdf_engine.v:265$23.ns[127:0]$2746 [60]
  2235/4598: $4\ca30_step$func$../rtl/crypto/india_pdf_engine.v:265$23.ns[127:0]$2746 [59]
  2236/4598: $4\ca30_step$func$../rtl/crypto/india_pdf_engine.v:265$23.ns[127:0]$2746 [58]
  2237/4598: $4\ca30_step$func$../rtl/crypto/india_pdf_engine.v:265$23.ns[127:0]$2746 [57]
  2238/4598: $4\ca30_step$func$../rtl/crypto/india_pdf_engine.v:265$23.ns[127:0]$2746 [56]
  2239/4598: $4\ca30_step$func$../rtl/crypto/india_pdf_engine.v:265$23.ns[127:0]$2746 [55]
  2240/4598: $4\ca30_step$func$../rtl/crypto/india_pdf_engine.v:265$23.ns[127:0]$2746 [54]
  2241/4598: $4\ca30_step$func$../rtl/crypto/india_pdf_engine.v:265$23.ns[127:0]$2746 [53]
  2242/4598: $4\ca30_step$func$../rtl/crypto/india_pdf_engine.v:265$23.ns[127:0]$2746 [52]
  2243/4598: $4\ca30_step$func$../rtl/crypto/india_pdf_engine.v:265$23.ns[127:0]$2746 [51]
  2244/4598: $4\ca30_step$func$../rtl/crypto/india_pdf_engine.v:265$23.ns[127:0]$2746 [50]
  2245/4598: $4\ca30_step$func$../rtl/crypto/india_pdf_engine.v:265$23.ns[127:0]$2746 [49]
  2246/4598: $4\ca30_step$func$../rtl/crypto/india_pdf_engine.v:265$23.ns[127:0]$2746 [48]
  2247/4598: $4\ca30_step$func$../rtl/crypto/india_pdf_engine.v:265$23.ns[127:0]$2746 [47]
  2248/4598: $4\ca30_step$func$../rtl/crypto/india_pdf_engine.v:265$23.ns[127:0]$2746 [46]
  2249/4598: $4\ca30_step$func$../rtl/crypto/india_pdf_engine.v:265$23.ns[127:0]$2746 [45]
  2250/4598: $4\ca30_step$func$../rtl/crypto/india_pdf_engine.v:265$23.ns[127:0]$2746 [44]
  2251/4598: $4\ca30_step$func$../rtl/crypto/india_pdf_engine.v:265$23.ns[127:0]$2746 [43]
  2252/4598: $4\ca30_step$func$../rtl/crypto/india_pdf_engine.v:265$23.ns[127:0]$2746 [42]
  2253/4598: $4\ca30_step$func$../rtl/crypto/india_pdf_engine.v:265$23.ns[127:0]$2746 [41]
  2254/4598: $4\ca30_step$func$../rtl/crypto/india_pdf_engine.v:265$23.ns[127:0]$2746 [40]
  2255/4598: $4\ca30_step$func$../rtl/crypto/india_pdf_engine.v:265$23.ns[127:0]$2746 [39]
  2256/4598: $4\ca30_step$func$../rtl/crypto/india_pdf_engine.v:265$23.ns[127:0]$2746 [38]
  2257/4598: $4\ca30_step$func$../rtl/crypto/india_pdf_engine.v:265$23.ns[127:0]$2746 [37]
  2258/4598: $4\ca30_step$func$../rtl/crypto/india_pdf_engine.v:265$23.ns[127:0]$2746 [36]
  2259/4598: $4\ca30_step$func$../rtl/crypto/india_pdf_engine.v:265$23.ns[127:0]$2746 [35]
  2260/4598: $4\ca30_step$func$../rtl/crypto/india_pdf_engine.v:265$23.ns[127:0]$2746 [34]
  2261/4598: $4\ca30_step$func$../rtl/crypto/india_pdf_engine.v:265$23.ns[127:0]$2746 [33]
  2262/4598: $4\ca30_step$func$../rtl/crypto/india_pdf_engine.v:265$23.ns[127:0]$2746 [32]
  2263/4598: $4\ca30_step$func$../rtl/crypto/india_pdf_engine.v:265$23.ns[127:0]$2746 [31]
  2264/4598: $4\ca30_step$func$../rtl/crypto/india_pdf_engine.v:265$23.ns[127:0]$2746 [30]
  2265/4598: $4\ca30_step$func$../rtl/crypto/india_pdf_engine.v:265$23.ns[127:0]$2746 [29]
  2266/4598: $4\ca30_step$func$../rtl/crypto/india_pdf_engine.v:265$23.ns[127:0]$2746 [28]
  2267/4598: $4\ca30_step$func$../rtl/crypto/india_pdf_engine.v:265$23.ns[127:0]$2746 [27]
  2268/4598: $4\ca30_step$func$../rtl/crypto/india_pdf_engine.v:265$23.ns[127:0]$2746 [26]
  2269/4598: $4\ca30_step$func$../rtl/crypto/india_pdf_engine.v:265$23.ns[127:0]$2746 [25]
  2270/4598: $4\ca30_step$func$../rtl/crypto/india_pdf_engine.v:265$23.ns[127:0]$2746 [24]
  2271/4598: $4\ca30_step$func$../rtl/crypto/india_pdf_engine.v:265$23.ns[127:0]$2746 [23]
  2272/4598: $4\ca30_step$func$../rtl/crypto/india_pdf_engine.v:265$23.ns[127:0]$2746 [22]
  2273/4598: $4\ca30_step$func$../rtl/crypto/india_pdf_engine.v:265$23.ns[127:0]$2746 [21]
  2274/4598: $4\ca30_step$func$../rtl/crypto/india_pdf_engine.v:265$23.ns[127:0]$2746 [20]
  2275/4598: $4\ca30_step$func$../rtl/crypto/india_pdf_engine.v:265$23.ns[127:0]$2746 [19]
  2276/4598: $4\ca30_step$func$../rtl/crypto/india_pdf_engine.v:265$23.ns[127:0]$2746 [18]
  2277/4598: $4\ca30_step$func$../rtl/crypto/india_pdf_engine.v:265$23.ns[127:0]$2746 [17]
  2278/4598: $4\ca30_step$func$../rtl/crypto/india_pdf_engine.v:265$23.ns[127:0]$2746 [16]
  2279/4598: $4\ca30_step$func$../rtl/crypto/india_pdf_engine.v:265$23.ns[127:0]$2746 [15]
  2280/4598: $4\ca30_step$func$../rtl/crypto/india_pdf_engine.v:265$23.ns[127:0]$2746 [14]
  2281/4598: $4\ca30_step$func$../rtl/crypto/india_pdf_engine.v:265$23.ns[127:0]$2746 [13]
  2282/4598: $4\ca30_step$func$../rtl/crypto/india_pdf_engine.v:265$23.ns[127:0]$2746 [12]
  2283/4598: $4\ca30_step$func$../rtl/crypto/india_pdf_engine.v:265$23.ns[127:0]$2746 [11]
  2284/4598: $4\ca30_step$func$../rtl/crypto/india_pdf_engine.v:265$23.ns[127:0]$2746 [10]
  2285/4598: $4\ca30_step$func$../rtl/crypto/india_pdf_engine.v:265$23.ns[127:0]$2746 [9]
  2286/4598: $4\ca30_step$func$../rtl/crypto/india_pdf_engine.v:265$23.ns[127:0]$2746 [8]
  2287/4598: $4\ca30_step$func$../rtl/crypto/india_pdf_engine.v:265$23.ns[127:0]$2746 [7]
  2288/4598: $4\ca30_step$func$../rtl/crypto/india_pdf_engine.v:265$23.ns[127:0]$2746 [6]
  2289/4598: $4\ca30_step$func$../rtl/crypto/india_pdf_engine.v:265$23.ns[127:0]$2746 [5]
  2290/4598: $4\ca30_step$func$../rtl/crypto/india_pdf_engine.v:265$23.ns[127:0]$2746 [4]
  2291/4598: $4\ca30_step$func$../rtl/crypto/india_pdf_engine.v:265$23.ns[127:0]$2746 [3]
  2292/4598: $4\ca30_step$func$../rtl/crypto/india_pdf_engine.v:265$23.ns[127:0]$2746 [2]
  2293/4598: $4\ca30_step$func$../rtl/crypto/india_pdf_engine.v:265$23.ns[127:0]$2746 [1]
  2294/4598: $4\ca30_step$func$../rtl/crypto/india_pdf_engine.v:265$23.ns[127:0]$2746 [0]
  2295/4598: $4\ca30_step$func$../rtl/crypto/india_pdf_engine.v:264$22.ns[127:0]$2742 [127]
  2296/4598: $4\ca30_step$func$../rtl/crypto/india_pdf_engine.v:265$23.s[127:0]$2745
  2297/4598: $4\ca30_step$func$../rtl/crypto/india_pdf_engine.v:264$22.$result[127:0]$2740
  2298/4598: $4\ca30_step$func$../rtl/crypto/india_pdf_engine.v:264$22.i[31:0]$2743
  2299/4598: $4\ca30_step$func$../rtl/crypto/india_pdf_engine.v:264$22.ns[127:0]$2742 [126]
  2300/4598: $4\ca30_step$func$../rtl/crypto/india_pdf_engine.v:264$22.ns[127:0]$2742 [125]
  2301/4598: $4\ca30_step$func$../rtl/crypto/india_pdf_engine.v:264$22.ns[127:0]$2742 [124]
  2302/4598: $4\ca30_step$func$../rtl/crypto/india_pdf_engine.v:264$22.ns[127:0]$2742 [123]
  2303/4598: $4\ca30_step$func$../rtl/crypto/india_pdf_engine.v:264$22.ns[127:0]$2742 [122]
  2304/4598: $4\ca30_step$func$../rtl/crypto/india_pdf_engine.v:264$22.ns[127:0]$2742 [121]
  2305/4598: $4\ca30_step$func$../rtl/crypto/india_pdf_engine.v:264$22.ns[127:0]$2742 [120]
  2306/4598: $4\ca30_step$func$../rtl/crypto/india_pdf_engine.v:264$22.ns[127:0]$2742 [119]
  2307/4598: $4\ca30_step$func$../rtl/crypto/india_pdf_engine.v:264$22.ns[127:0]$2742 [118]
  2308/4598: $4\ca30_step$func$../rtl/crypto/india_pdf_engine.v:264$22.ns[127:0]$2742 [117]
  2309/4598: $4\ca30_step$func$../rtl/crypto/india_pdf_engine.v:264$22.ns[127:0]$2742 [116]
  2310/4598: $4\ca30_step$func$../rtl/crypto/india_pdf_engine.v:264$22.ns[127:0]$2742 [115]
  2311/4598: $4\ca30_step$func$../rtl/crypto/india_pdf_engine.v:264$22.ns[127:0]$2742 [114]
  2312/4598: $4\ca30_step$func$../rtl/crypto/india_pdf_engine.v:264$22.ns[127:0]$2742 [113]
  2313/4598: $4\ca30_step$func$../rtl/crypto/india_pdf_engine.v:264$22.ns[127:0]$2742 [112]
  2314/4598: $4\ca30_step$func$../rtl/crypto/india_pdf_engine.v:264$22.ns[127:0]$2742 [111]
  2315/4598: $4\ca30_step$func$../rtl/crypto/india_pdf_engine.v:264$22.ns[127:0]$2742 [110]
  2316/4598: $4\ca30_step$func$../rtl/crypto/india_pdf_engine.v:264$22.ns[127:0]$2742 [109]
  2317/4598: $4\ca30_step$func$../rtl/crypto/india_pdf_engine.v:264$22.ns[127:0]$2742 [108]
  2318/4598: $4\ca30_step$func$../rtl/crypto/india_pdf_engine.v:264$22.ns[127:0]$2742 [107]
  2319/4598: $4\ca30_step$func$../rtl/crypto/india_pdf_engine.v:264$22.ns[127:0]$2742 [106]
  2320/4598: $4\ca30_step$func$../rtl/crypto/india_pdf_engine.v:264$22.ns[127:0]$2742 [105]
  2321/4598: $4\ca30_step$func$../rtl/crypto/india_pdf_engine.v:264$22.ns[127:0]$2742 [104]
  2322/4598: $4\ca30_step$func$../rtl/crypto/india_pdf_engine.v:264$22.ns[127:0]$2742 [103]
  2323/4598: $4\ca30_step$func$../rtl/crypto/india_pdf_engine.v:264$22.ns[127:0]$2742 [102]
  2324/4598: $4\ca30_step$func$../rtl/crypto/india_pdf_engine.v:264$22.ns[127:0]$2742 [101]
  2325/4598: $4\ca30_step$func$../rtl/crypto/india_pdf_engine.v:264$22.ns[127:0]$2742 [100]
  2326/4598: $4\ca30_step$func$../rtl/crypto/india_pdf_engine.v:264$22.ns[127:0]$2742 [99]
  2327/4598: $4\ca30_step$func$../rtl/crypto/india_pdf_engine.v:264$22.ns[127:0]$2742 [98]
  2328/4598: $4\ca30_step$func$../rtl/crypto/india_pdf_engine.v:264$22.ns[127:0]$2742 [97]
  2329/4598: $4\ca30_step$func$../rtl/crypto/india_pdf_engine.v:264$22.ns[127:0]$2742 [96]
  2330/4598: $4\ca30_step$func$../rtl/crypto/india_pdf_engine.v:264$22.ns[127:0]$2742 [95]
  2331/4598: $4\ca30_step$func$../rtl/crypto/india_pdf_engine.v:264$22.ns[127:0]$2742 [94]
  2332/4598: $4\ca30_step$func$../rtl/crypto/india_pdf_engine.v:264$22.ns[127:0]$2742 [93]
  2333/4598: $4\ca30_step$func$../rtl/crypto/india_pdf_engine.v:264$22.ns[127:0]$2742 [92]
  2334/4598: $4\ca30_step$func$../rtl/crypto/india_pdf_engine.v:264$22.ns[127:0]$2742 [91]
  2335/4598: $4\ca30_step$func$../rtl/crypto/india_pdf_engine.v:264$22.ns[127:0]$2742 [90]
  2336/4598: $4\ca30_step$func$../rtl/crypto/india_pdf_engine.v:264$22.ns[127:0]$2742 [89]
  2337/4598: $4\ca30_step$func$../rtl/crypto/india_pdf_engine.v:264$22.ns[127:0]$2742 [88]
  2338/4598: $4\ca30_step$func$../rtl/crypto/india_pdf_engine.v:264$22.ns[127:0]$2742 [87]
  2339/4598: $4\ca30_step$func$../rtl/crypto/india_pdf_engine.v:264$22.ns[127:0]$2742 [86]
  2340/4598: $4\ca30_step$func$../rtl/crypto/india_pdf_engine.v:264$22.ns[127:0]$2742 [85]
  2341/4598: $4\ca30_step$func$../rtl/crypto/india_pdf_engine.v:264$22.ns[127:0]$2742 [84]
  2342/4598: $4\ca30_step$func$../rtl/crypto/india_pdf_engine.v:264$22.ns[127:0]$2742 [83]
  2343/4598: $4\ca30_step$func$../rtl/crypto/india_pdf_engine.v:264$22.ns[127:0]$2742 [82]
  2344/4598: $4\ca30_step$func$../rtl/crypto/india_pdf_engine.v:264$22.ns[127:0]$2742 [81]
  2345/4598: $4\ca30_step$func$../rtl/crypto/india_pdf_engine.v:264$22.ns[127:0]$2742 [80]
  2346/4598: $4\ca30_step$func$../rtl/crypto/india_pdf_engine.v:264$22.ns[127:0]$2742 [79]
  2347/4598: $4\ca30_step$func$../rtl/crypto/india_pdf_engine.v:264$22.ns[127:0]$2742 [78]
  2348/4598: $4\ca30_step$func$../rtl/crypto/india_pdf_engine.v:264$22.ns[127:0]$2742 [77]
  2349/4598: $4\ca30_step$func$../rtl/crypto/india_pdf_engine.v:264$22.ns[127:0]$2742 [76]
  2350/4598: $4\ca30_step$func$../rtl/crypto/india_pdf_engine.v:264$22.ns[127:0]$2742 [75]
  2351/4598: $4\ca30_step$func$../rtl/crypto/india_pdf_engine.v:264$22.ns[127:0]$2742 [74]
  2352/4598: $4\ca30_step$func$../rtl/crypto/india_pdf_engine.v:264$22.ns[127:0]$2742 [73]
  2353/4598: $4\ca30_step$func$../rtl/crypto/india_pdf_engine.v:264$22.ns[127:0]$2742 [72]
  2354/4598: $4\ca30_step$func$../rtl/crypto/india_pdf_engine.v:264$22.ns[127:0]$2742 [71]
  2355/4598: $4\ca30_step$func$../rtl/crypto/india_pdf_engine.v:264$22.ns[127:0]$2742 [70]
  2356/4598: $4\ca30_step$func$../rtl/crypto/india_pdf_engine.v:264$22.ns[127:0]$2742 [69]
  2357/4598: $4\ca30_step$func$../rtl/crypto/india_pdf_engine.v:264$22.ns[127:0]$2742 [68]
  2358/4598: $4\ca30_step$func$../rtl/crypto/india_pdf_engine.v:264$22.ns[127:0]$2742 [67]
  2359/4598: $4\ca30_step$func$../rtl/crypto/india_pdf_engine.v:264$22.ns[127:0]$2742 [66]
  2360/4598: $4\ca30_step$func$../rtl/crypto/india_pdf_engine.v:264$22.ns[127:0]$2742 [65]
  2361/4598: $4\ca30_step$func$../rtl/crypto/india_pdf_engine.v:264$22.ns[127:0]$2742 [64]
  2362/4598: $4\ca30_step$func$../rtl/crypto/india_pdf_engine.v:264$22.ns[127:0]$2742 [63]
  2363/4598: $4\ca30_step$func$../rtl/crypto/india_pdf_engine.v:264$22.ns[127:0]$2742 [62]
  2364/4598: $4\ca30_step$func$../rtl/crypto/india_pdf_engine.v:264$22.ns[127:0]$2742 [61]
  2365/4598: $4\ca30_step$func$../rtl/crypto/india_pdf_engine.v:264$22.ns[127:0]$2742 [60]
  2366/4598: $4\ca30_step$func$../rtl/crypto/india_pdf_engine.v:264$22.ns[127:0]$2742 [59]
  2367/4598: $4\ca30_step$func$../rtl/crypto/india_pdf_engine.v:264$22.ns[127:0]$2742 [58]
  2368/4598: $4\ca30_step$func$../rtl/crypto/india_pdf_engine.v:264$22.ns[127:0]$2742 [57]
  2369/4598: $4\ca30_step$func$../rtl/crypto/india_pdf_engine.v:264$22.ns[127:0]$2742 [56]
  2370/4598: $4\ca30_step$func$../rtl/crypto/india_pdf_engine.v:264$22.ns[127:0]$2742 [55]
  2371/4598: $4\ca30_step$func$../rtl/crypto/india_pdf_engine.v:264$22.ns[127:0]$2742 [54]
  2372/4598: $4\ca30_step$func$../rtl/crypto/india_pdf_engine.v:264$22.ns[127:0]$2742 [53]
  2373/4598: $4\ca30_step$func$../rtl/crypto/india_pdf_engine.v:264$22.ns[127:0]$2742 [52]
  2374/4598: $4\ca30_step$func$../rtl/crypto/india_pdf_engine.v:264$22.ns[127:0]$2742 [51]
  2375/4598: $4\ca30_step$func$../rtl/crypto/india_pdf_engine.v:264$22.ns[127:0]$2742 [50]
  2376/4598: $4\ca30_step$func$../rtl/crypto/india_pdf_engine.v:264$22.ns[127:0]$2742 [49]
  2377/4598: $4\ca30_step$func$../rtl/crypto/india_pdf_engine.v:264$22.ns[127:0]$2742 [48]
  2378/4598: $4\ca30_step$func$../rtl/crypto/india_pdf_engine.v:264$22.ns[127:0]$2742 [47]
  2379/4598: $4\ca30_step$func$../rtl/crypto/india_pdf_engine.v:264$22.ns[127:0]$2742 [46]
  2380/4598: $4\ca30_step$func$../rtl/crypto/india_pdf_engine.v:264$22.ns[127:0]$2742 [45]
  2381/4598: $4\ca30_step$func$../rtl/crypto/india_pdf_engine.v:264$22.ns[127:0]$2742 [44]
  2382/4598: $4\ca30_step$func$../rtl/crypto/india_pdf_engine.v:264$22.ns[127:0]$2742 [43]
  2383/4598: $4\ca30_step$func$../rtl/crypto/india_pdf_engine.v:264$22.ns[127:0]$2742 [42]
  2384/4598: $4\ca30_step$func$../rtl/crypto/india_pdf_engine.v:264$22.ns[127:0]$2742 [41]
  2385/4598: $4\ca30_step$func$../rtl/crypto/india_pdf_engine.v:264$22.ns[127:0]$2742 [40]
  2386/4598: $4\ca30_step$func$../rtl/crypto/india_pdf_engine.v:264$22.ns[127:0]$2742 [39]
  2387/4598: $4\ca30_step$func$../rtl/crypto/india_pdf_engine.v:264$22.ns[127:0]$2742 [38]
  2388/4598: $4\ca30_step$func$../rtl/crypto/india_pdf_engine.v:264$22.ns[127:0]$2742 [37]
  2389/4598: $4\ca30_step$func$../rtl/crypto/india_pdf_engine.v:264$22.ns[127:0]$2742 [36]
  2390/4598: $4\ca30_step$func$../rtl/crypto/india_pdf_engine.v:264$22.ns[127:0]$2742 [35]
  2391/4598: $4\ca30_step$func$../rtl/crypto/india_pdf_engine.v:264$22.ns[127:0]$2742 [34]
  2392/4598: $4\ca30_step$func$../rtl/crypto/india_pdf_engine.v:264$22.ns[127:0]$2742 [33]
  2393/4598: $4\ca30_step$func$../rtl/crypto/india_pdf_engine.v:264$22.ns[127:0]$2742 [32]
  2394/4598: $4\ca30_step$func$../rtl/crypto/india_pdf_engine.v:264$22.ns[127:0]$2742 [31]
  2395/4598: $4\ca30_step$func$../rtl/crypto/india_pdf_engine.v:264$22.ns[127:0]$2742 [30]
  2396/4598: $4\ca30_step$func$../rtl/crypto/india_pdf_engine.v:264$22.ns[127:0]$2742 [29]
  2397/4598: $4\ca30_step$func$../rtl/crypto/india_pdf_engine.v:264$22.ns[127:0]$2742 [28]
  2398/4598: $4\ca30_step$func$../rtl/crypto/india_pdf_engine.v:264$22.ns[127:0]$2742 [27]
  2399/4598: $4\ca30_step$func$../rtl/crypto/india_pdf_engine.v:264$22.ns[127:0]$2742 [26]
  2400/4598: $4\ca30_step$func$../rtl/crypto/india_pdf_engine.v:264$22.ns[127:0]$2742 [25]
  2401/4598: $4\ca30_step$func$../rtl/crypto/india_pdf_engine.v:264$22.ns[127:0]$2742 [24]
  2402/4598: $4\ca30_step$func$../rtl/crypto/india_pdf_engine.v:264$22.ns[127:0]$2742 [23]
  2403/4598: $4\ca30_step$func$../rtl/crypto/india_pdf_engine.v:264$22.ns[127:0]$2742 [22]
  2404/4598: $4\ca30_step$func$../rtl/crypto/india_pdf_engine.v:264$22.ns[127:0]$2742 [21]
  2405/4598: $4\ca30_step$func$../rtl/crypto/india_pdf_engine.v:264$22.ns[127:0]$2742 [20]
  2406/4598: $4\ca30_step$func$../rtl/crypto/india_pdf_engine.v:264$22.ns[127:0]$2742 [19]
  2407/4598: $4\ca30_step$func$../rtl/crypto/india_pdf_engine.v:264$22.ns[127:0]$2742 [18]
  2408/4598: $4\ca30_step$func$../rtl/crypto/india_pdf_engine.v:264$22.ns[127:0]$2742 [17]
  2409/4598: $4\ca30_step$func$../rtl/crypto/india_pdf_engine.v:264$22.ns[127:0]$2742 [16]
  2410/4598: $4\ca30_step$func$../rtl/crypto/india_pdf_engine.v:264$22.ns[127:0]$2742 [15]
  2411/4598: $4\ca30_step$func$../rtl/crypto/india_pdf_engine.v:264$22.ns[127:0]$2742 [14]
  2412/4598: $4\ca30_step$func$../rtl/crypto/india_pdf_engine.v:264$22.ns[127:0]$2742 [13]
  2413/4598: $4\ca30_step$func$../rtl/crypto/india_pdf_engine.v:264$22.ns[127:0]$2742 [12]
  2414/4598: $4\ca30_step$func$../rtl/crypto/india_pdf_engine.v:264$22.ns[127:0]$2742 [11]
  2415/4598: $4\ca30_step$func$../rtl/crypto/india_pdf_engine.v:264$22.ns[127:0]$2742 [10]
  2416/4598: $4\ca30_step$func$../rtl/crypto/india_pdf_engine.v:264$22.ns[127:0]$2742 [9]
  2417/4598: $4\ca30_step$func$../rtl/crypto/india_pdf_engine.v:264$22.ns[127:0]$2742 [8]
  2418/4598: $4\ca30_step$func$../rtl/crypto/india_pdf_engine.v:264$22.ns[127:0]$2742 [7]
  2419/4598: $4\ca30_step$func$../rtl/crypto/india_pdf_engine.v:264$22.ns[127:0]$2742 [6]
  2420/4598: $4\ca30_step$func$../rtl/crypto/india_pdf_engine.v:264$22.ns[127:0]$2742 [5]
  2421/4598: $4\ca30_step$func$../rtl/crypto/india_pdf_engine.v:264$22.ns[127:0]$2742 [4]
  2422/4598: $4\ca30_step$func$../rtl/crypto/india_pdf_engine.v:264$22.ns[127:0]$2742 [3]
  2423/4598: $4\ca30_step$func$../rtl/crypto/india_pdf_engine.v:264$22.ns[127:0]$2742 [2]
  2424/4598: $4\ca30_step$func$../rtl/crypto/india_pdf_engine.v:264$22.ns[127:0]$2742 [1]
  2425/4598: $4\ca30_step$func$../rtl/crypto/india_pdf_engine.v:264$22.ns[127:0]$2742 [0]
  2426/4598: $4\ca30_step$func$../rtl/crypto/india_pdf_engine.v:263$21.ns[127:0]$2738 [127]
  2427/4598: $4\ca30_step$func$../rtl/crypto/india_pdf_engine.v:264$22.s[127:0]$2741
  2428/4598: $4\ca30_step$func$../rtl/crypto/india_pdf_engine.v:263$21.$result[127:0]$2736
  2429/4598: $4\ca30_step$func$../rtl/crypto/india_pdf_engine.v:263$21.i[31:0]$2739
  2430/4598: $4\ca30_step$func$../rtl/crypto/india_pdf_engine.v:263$21.ns[127:0]$2738 [126]
  2431/4598: $4\ca30_step$func$../rtl/crypto/india_pdf_engine.v:263$21.ns[127:0]$2738 [125]
  2432/4598: $4\ca30_step$func$../rtl/crypto/india_pdf_engine.v:263$21.ns[127:0]$2738 [124]
  2433/4598: $4\ca30_step$func$../rtl/crypto/india_pdf_engine.v:263$21.ns[127:0]$2738 [123]
  2434/4598: $4\ca30_step$func$../rtl/crypto/india_pdf_engine.v:263$21.ns[127:0]$2738 [122]
  2435/4598: $4\ca30_step$func$../rtl/crypto/india_pdf_engine.v:263$21.ns[127:0]$2738 [121]
  2436/4598: $4\ca30_step$func$../rtl/crypto/india_pdf_engine.v:263$21.ns[127:0]$2738 [120]
  2437/4598: $4\ca30_step$func$../rtl/crypto/india_pdf_engine.v:263$21.ns[127:0]$2738 [119]
  2438/4598: $4\ca30_step$func$../rtl/crypto/india_pdf_engine.v:263$21.ns[127:0]$2738 [118]
  2439/4598: $4\ca30_step$func$../rtl/crypto/india_pdf_engine.v:263$21.ns[127:0]$2738 [117]
  2440/4598: $4\ca30_step$func$../rtl/crypto/india_pdf_engine.v:263$21.ns[127:0]$2738 [116]
  2441/4598: $4\ca30_step$func$../rtl/crypto/india_pdf_engine.v:263$21.ns[127:0]$2738 [115]
  2442/4598: $4\ca30_step$func$../rtl/crypto/india_pdf_engine.v:263$21.ns[127:0]$2738 [114]
  2443/4598: $4\ca30_step$func$../rtl/crypto/india_pdf_engine.v:263$21.ns[127:0]$2738 [113]
  2444/4598: $4\ca30_step$func$../rtl/crypto/india_pdf_engine.v:263$21.ns[127:0]$2738 [112]
  2445/4598: $4\ca30_step$func$../rtl/crypto/india_pdf_engine.v:263$21.ns[127:0]$2738 [111]
  2446/4598: $4\ca30_step$func$../rtl/crypto/india_pdf_engine.v:263$21.ns[127:0]$2738 [110]
  2447/4598: $4\ca30_step$func$../rtl/crypto/india_pdf_engine.v:263$21.ns[127:0]$2738 [109]
  2448/4598: $4\ca30_step$func$../rtl/crypto/india_pdf_engine.v:263$21.ns[127:0]$2738 [108]
  2449/4598: $4\ca30_step$func$../rtl/crypto/india_pdf_engine.v:263$21.ns[127:0]$2738 [107]
  2450/4598: $4\ca30_step$func$../rtl/crypto/india_pdf_engine.v:263$21.ns[127:0]$2738 [106]
  2451/4598: $4\ca30_step$func$../rtl/crypto/india_pdf_engine.v:263$21.ns[127:0]$2738 [105]
  2452/4598: $4\ca30_step$func$../rtl/crypto/india_pdf_engine.v:263$21.ns[127:0]$2738 [104]
  2453/4598: $4\ca30_step$func$../rtl/crypto/india_pdf_engine.v:263$21.ns[127:0]$2738 [103]
  2454/4598: $4\ca30_step$func$../rtl/crypto/india_pdf_engine.v:263$21.ns[127:0]$2738 [102]
  2455/4598: $4\ca30_step$func$../rtl/crypto/india_pdf_engine.v:263$21.ns[127:0]$2738 [101]
  2456/4598: $4\ca30_step$func$../rtl/crypto/india_pdf_engine.v:263$21.ns[127:0]$2738 [100]
  2457/4598: $4\ca30_step$func$../rtl/crypto/india_pdf_engine.v:263$21.ns[127:0]$2738 [99]
  2458/4598: $4\ca30_step$func$../rtl/crypto/india_pdf_engine.v:263$21.ns[127:0]$2738 [98]
  2459/4598: $4\ca30_step$func$../rtl/crypto/india_pdf_engine.v:263$21.ns[127:0]$2738 [97]
  2460/4598: $4\ca30_step$func$../rtl/crypto/india_pdf_engine.v:263$21.ns[127:0]$2738 [96]
  2461/4598: $4\ca30_step$func$../rtl/crypto/india_pdf_engine.v:263$21.ns[127:0]$2738 [95]
  2462/4598: $4\ca30_step$func$../rtl/crypto/india_pdf_engine.v:263$21.ns[127:0]$2738 [94]
  2463/4598: $4\ca30_step$func$../rtl/crypto/india_pdf_engine.v:263$21.ns[127:0]$2738 [93]
  2464/4598: $4\ca30_step$func$../rtl/crypto/india_pdf_engine.v:263$21.ns[127:0]$2738 [92]
  2465/4598: $4\ca30_step$func$../rtl/crypto/india_pdf_engine.v:263$21.ns[127:0]$2738 [91]
  2466/4598: $4\ca30_step$func$../rtl/crypto/india_pdf_engine.v:263$21.ns[127:0]$2738 [90]
  2467/4598: $4\ca30_step$func$../rtl/crypto/india_pdf_engine.v:263$21.ns[127:0]$2738 [89]
  2468/4598: $4\ca30_step$func$../rtl/crypto/india_pdf_engine.v:263$21.ns[127:0]$2738 [88]
  2469/4598: $4\ca30_step$func$../rtl/crypto/india_pdf_engine.v:263$21.ns[127:0]$2738 [87]
  2470/4598: $4\ca30_step$func$../rtl/crypto/india_pdf_engine.v:263$21.ns[127:0]$2738 [86]
  2471/4598: $4\ca30_step$func$../rtl/crypto/india_pdf_engine.v:263$21.ns[127:0]$2738 [85]
  2472/4598: $4\ca30_step$func$../rtl/crypto/india_pdf_engine.v:263$21.ns[127:0]$2738 [84]
  2473/4598: $4\ca30_step$func$../rtl/crypto/india_pdf_engine.v:263$21.ns[127:0]$2738 [83]
  2474/4598: $4\ca30_step$func$../rtl/crypto/india_pdf_engine.v:263$21.ns[127:0]$2738 [82]
  2475/4598: $4\ca30_step$func$../rtl/crypto/india_pdf_engine.v:263$21.ns[127:0]$2738 [81]
  2476/4598: $4\ca30_step$func$../rtl/crypto/india_pdf_engine.v:263$21.ns[127:0]$2738 [80]
  2477/4598: $4\ca30_step$func$../rtl/crypto/india_pdf_engine.v:263$21.ns[127:0]$2738 [79]
  2478/4598: $4\ca30_step$func$../rtl/crypto/india_pdf_engine.v:263$21.ns[127:0]$2738 [78]
  2479/4598: $4\ca30_step$func$../rtl/crypto/india_pdf_engine.v:263$21.ns[127:0]$2738 [77]
  2480/4598: $4\ca30_step$func$../rtl/crypto/india_pdf_engine.v:263$21.ns[127:0]$2738 [76]
  2481/4598: $4\ca30_step$func$../rtl/crypto/india_pdf_engine.v:263$21.ns[127:0]$2738 [75]
  2482/4598: $4\ca30_step$func$../rtl/crypto/india_pdf_engine.v:263$21.ns[127:0]$2738 [74]
  2483/4598: $4\ca30_step$func$../rtl/crypto/india_pdf_engine.v:263$21.ns[127:0]$2738 [73]
  2484/4598: $4\ca30_step$func$../rtl/crypto/india_pdf_engine.v:263$21.ns[127:0]$2738 [72]
  2485/4598: $4\ca30_step$func$../rtl/crypto/india_pdf_engine.v:263$21.ns[127:0]$2738 [71]
  2486/4598: $4\ca30_step$func$../rtl/crypto/india_pdf_engine.v:263$21.ns[127:0]$2738 [70]
  2487/4598: $4\ca30_step$func$../rtl/crypto/india_pdf_engine.v:263$21.ns[127:0]$2738 [69]
  2488/4598: $4\ca30_step$func$../rtl/crypto/india_pdf_engine.v:263$21.ns[127:0]$2738 [68]
  2489/4598: $4\ca30_step$func$../rtl/crypto/india_pdf_engine.v:263$21.ns[127:0]$2738 [67]
  2490/4598: $4\ca30_step$func$../rtl/crypto/india_pdf_engine.v:263$21.ns[127:0]$2738 [66]
  2491/4598: $4\ca30_step$func$../rtl/crypto/india_pdf_engine.v:263$21.ns[127:0]$2738 [65]
  2492/4598: $4\ca30_step$func$../rtl/crypto/india_pdf_engine.v:263$21.ns[127:0]$2738 [64]
  2493/4598: $4\ca30_step$func$../rtl/crypto/india_pdf_engine.v:263$21.ns[127:0]$2738 [63]
  2494/4598: $4\ca30_step$func$../rtl/crypto/india_pdf_engine.v:263$21.ns[127:0]$2738 [62]
  2495/4598: $4\ca30_step$func$../rtl/crypto/india_pdf_engine.v:263$21.ns[127:0]$2738 [61]
  2496/4598: $4\ca30_step$func$../rtl/crypto/india_pdf_engine.v:263$21.ns[127:0]$2738 [60]
  2497/4598: $4\ca30_step$func$../rtl/crypto/india_pdf_engine.v:263$21.ns[127:0]$2738 [59]
  2498/4598: $4\ca30_step$func$../rtl/crypto/india_pdf_engine.v:263$21.ns[127:0]$2738 [58]
  2499/4598: $4\ca30_step$func$../rtl/crypto/india_pdf_engine.v:263$21.ns[127:0]$2738 [57]
  2500/4598: $4\ca30_step$func$../rtl/crypto/india_pdf_engine.v:263$21.ns[127:0]$2738 [56]
  2501/4598: $4\ca30_step$func$../rtl/crypto/india_pdf_engine.v:263$21.ns[127:0]$2738 [55]
  2502/4598: $4\ca30_step$func$../rtl/crypto/india_pdf_engine.v:263$21.ns[127:0]$2738 [54]
  2503/4598: $4\ca30_step$func$../rtl/crypto/india_pdf_engine.v:263$21.ns[127:0]$2738 [53]
  2504/4598: $4\ca30_step$func$../rtl/crypto/india_pdf_engine.v:263$21.ns[127:0]$2738 [52]
  2505/4598: $4\ca30_step$func$../rtl/crypto/india_pdf_engine.v:263$21.ns[127:0]$2738 [51]
  2506/4598: $4\ca30_step$func$../rtl/crypto/india_pdf_engine.v:263$21.ns[127:0]$2738 [50]
  2507/4598: $4\ca30_step$func$../rtl/crypto/india_pdf_engine.v:263$21.ns[127:0]$2738 [49]
  2508/4598: $4\ca30_step$func$../rtl/crypto/india_pdf_engine.v:263$21.ns[127:0]$2738 [48]
  2509/4598: $4\ca30_step$func$../rtl/crypto/india_pdf_engine.v:263$21.ns[127:0]$2738 [47]
  2510/4598: $4\ca30_step$func$../rtl/crypto/india_pdf_engine.v:263$21.ns[127:0]$2738 [46]
  2511/4598: $4\ca30_step$func$../rtl/crypto/india_pdf_engine.v:263$21.ns[127:0]$2738 [45]
  2512/4598: $4\ca30_step$func$../rtl/crypto/india_pdf_engine.v:263$21.ns[127:0]$2738 [44]
  2513/4598: $4\ca30_step$func$../rtl/crypto/india_pdf_engine.v:263$21.ns[127:0]$2738 [43]
  2514/4598: $4\ca30_step$func$../rtl/crypto/india_pdf_engine.v:263$21.ns[127:0]$2738 [42]
  2515/4598: $4\ca30_step$func$../rtl/crypto/india_pdf_engine.v:263$21.ns[127:0]$2738 [41]
  2516/4598: $4\ca30_step$func$../rtl/crypto/india_pdf_engine.v:263$21.ns[127:0]$2738 [40]
  2517/4598: $4\ca30_step$func$../rtl/crypto/india_pdf_engine.v:263$21.ns[127:0]$2738 [39]
  2518/4598: $4\ca30_step$func$../rtl/crypto/india_pdf_engine.v:263$21.ns[127:0]$2738 [38]
  2519/4598: $4\ca30_step$func$../rtl/crypto/india_pdf_engine.v:263$21.ns[127:0]$2738 [37]
  2520/4598: $4\ca30_step$func$../rtl/crypto/india_pdf_engine.v:263$21.ns[127:0]$2738 [36]
  2521/4598: $4\ca30_step$func$../rtl/crypto/india_pdf_engine.v:263$21.ns[127:0]$2738 [35]
  2522/4598: $4\ca30_step$func$../rtl/crypto/india_pdf_engine.v:263$21.ns[127:0]$2738 [34]
  2523/4598: $4\ca30_step$func$../rtl/crypto/india_pdf_engine.v:263$21.ns[127:0]$2738 [33]
  2524/4598: $4\ca30_step$func$../rtl/crypto/india_pdf_engine.v:263$21.ns[127:0]$2738 [32]
  2525/4598: $4\ca30_step$func$../rtl/crypto/india_pdf_engine.v:263$21.ns[127:0]$2738 [31]
  2526/4598: $4\ca30_step$func$../rtl/crypto/india_pdf_engine.v:263$21.ns[127:0]$2738 [30]
  2527/4598: $4\ca30_step$func$../rtl/crypto/india_pdf_engine.v:263$21.ns[127:0]$2738 [29]
  2528/4598: $4\ca30_step$func$../rtl/crypto/india_pdf_engine.v:263$21.ns[127:0]$2738 [28]
  2529/4598: $4\ca30_step$func$../rtl/crypto/india_pdf_engine.v:263$21.ns[127:0]$2738 [27]
  2530/4598: $4\ca30_step$func$../rtl/crypto/india_pdf_engine.v:263$21.ns[127:0]$2738 [26]
  2531/4598: $4\ca30_step$func$../rtl/crypto/india_pdf_engine.v:263$21.ns[127:0]$2738 [25]
  2532/4598: $4\ca30_step$func$../rtl/crypto/india_pdf_engine.v:263$21.ns[127:0]$2738 [24]
  2533/4598: $4\ca30_step$func$../rtl/crypto/india_pdf_engine.v:263$21.ns[127:0]$2738 [23]
  2534/4598: $4\ca30_step$func$../rtl/crypto/india_pdf_engine.v:263$21.ns[127:0]$2738 [22]
  2535/4598: $4\ca30_step$func$../rtl/crypto/india_pdf_engine.v:263$21.ns[127:0]$2738 [21]
  2536/4598: $4\ca30_step$func$../rtl/crypto/india_pdf_engine.v:263$21.ns[127:0]$2738 [20]
  2537/4598: $4\ca30_step$func$../rtl/crypto/india_pdf_engine.v:263$21.ns[127:0]$2738 [19]
  2538/4598: $4\ca30_step$func$../rtl/crypto/india_pdf_engine.v:263$21.ns[127:0]$2738 [18]
  2539/4598: $4\ca30_step$func$../rtl/crypto/india_pdf_engine.v:263$21.ns[127:0]$2738 [17]
  2540/4598: $4\ca30_step$func$../rtl/crypto/india_pdf_engine.v:263$21.ns[127:0]$2738 [16]
  2541/4598: $4\ca30_step$func$../rtl/crypto/india_pdf_engine.v:263$21.ns[127:0]$2738 [15]
  2542/4598: $4\ca30_step$func$../rtl/crypto/india_pdf_engine.v:263$21.ns[127:0]$2738 [14]
  2543/4598: $4\ca30_step$func$../rtl/crypto/india_pdf_engine.v:263$21.ns[127:0]$2738 [13]
  2544/4598: $4\ca30_step$func$../rtl/crypto/india_pdf_engine.v:263$21.ns[127:0]$2738 [12]
  2545/4598: $4\ca30_step$func$../rtl/crypto/india_pdf_engine.v:263$21.ns[127:0]$2738 [11]
  2546/4598: $4\ca30_step$func$../rtl/crypto/india_pdf_engine.v:263$21.ns[127:0]$2738 [10]
  2547/4598: $4\ca30_step$func$../rtl/crypto/india_pdf_engine.v:263$21.ns[127:0]$2738 [9]
  2548/4598: $4\ca30_step$func$../rtl/crypto/india_pdf_engine.v:263$21.ns[127:0]$2738 [8]
  2549/4598: $4\ca30_step$func$../rtl/crypto/india_pdf_engine.v:263$21.ns[127:0]$2738 [7]
  2550/4598: $4\ca30_step$func$../rtl/crypto/india_pdf_engine.v:263$21.ns[127:0]$2738 [6]
  2551/4598: $4\ca30_step$func$../rtl/crypto/india_pdf_engine.v:263$21.ns[127:0]$2738 [5]
  2552/4598: $4\ca30_step$func$../rtl/crypto/india_pdf_engine.v:263$21.ns[127:0]$2738 [4]
  2553/4598: $4\ca30_step$func$../rtl/crypto/india_pdf_engine.v:263$21.ns[127:0]$2738 [3]
  2554/4598: $4\ca30_step$func$../rtl/crypto/india_pdf_engine.v:263$21.ns[127:0]$2738 [2]
  2555/4598: $4\ca30_step$func$../rtl/crypto/india_pdf_engine.v:263$21.ns[127:0]$2738 [1]
  2556/4598: $4\ca30_step$func$../rtl/crypto/india_pdf_engine.v:263$21.ns[127:0]$2738 [0]
  2557/4598: $4\ca30_step$func$../rtl/crypto/india_pdf_engine.v:262$20.ns[127:0]$2734 [127]
  2558/4598: $4\ca30_step$func$../rtl/crypto/india_pdf_engine.v:263$21.s[127:0]$2737
  2559/4598: $4\ca30_step$func$../rtl/crypto/india_pdf_engine.v:262$20.$result[127:0]$2732
  2560/4598: $4\ca30_step$func$../rtl/crypto/india_pdf_engine.v:262$20.i[31:0]$2735
  2561/4598: $4\ca30_step$func$../rtl/crypto/india_pdf_engine.v:262$20.ns[127:0]$2734 [126]
  2562/4598: $4\ca30_step$func$../rtl/crypto/india_pdf_engine.v:262$20.ns[127:0]$2734 [125]
  2563/4598: $4\ca30_step$func$../rtl/crypto/india_pdf_engine.v:262$20.ns[127:0]$2734 [124]
  2564/4598: $4\ca30_step$func$../rtl/crypto/india_pdf_engine.v:262$20.ns[127:0]$2734 [123]
  2565/4598: $4\ca30_step$func$../rtl/crypto/india_pdf_engine.v:262$20.ns[127:0]$2734 [122]
  2566/4598: $4\ca30_step$func$../rtl/crypto/india_pdf_engine.v:262$20.ns[127:0]$2734 [121]
  2567/4598: $4\ca30_step$func$../rtl/crypto/india_pdf_engine.v:262$20.ns[127:0]$2734 [120]
  2568/4598: $4\ca30_step$func$../rtl/crypto/india_pdf_engine.v:262$20.ns[127:0]$2734 [119]
  2569/4598: $4\ca30_step$func$../rtl/crypto/india_pdf_engine.v:262$20.ns[127:0]$2734 [118]
  2570/4598: $4\ca30_step$func$../rtl/crypto/india_pdf_engine.v:262$20.ns[127:0]$2734 [117]
  2571/4598: $4\ca30_step$func$../rtl/crypto/india_pdf_engine.v:262$20.ns[127:0]$2734 [116]
  2572/4598: $4\ca30_step$func$../rtl/crypto/india_pdf_engine.v:262$20.ns[127:0]$2734 [115]
  2573/4598: $4\ca30_step$func$../rtl/crypto/india_pdf_engine.v:262$20.ns[127:0]$2734 [114]
  2574/4598: $4\ca30_step$func$../rtl/crypto/india_pdf_engine.v:262$20.ns[127:0]$2734 [113]
  2575/4598: $4\ca30_step$func$../rtl/crypto/india_pdf_engine.v:262$20.ns[127:0]$2734 [112]
  2576/4598: $4\ca30_step$func$../rtl/crypto/india_pdf_engine.v:262$20.ns[127:0]$2734 [111]
  2577/4598: $4\ca30_step$func$../rtl/crypto/india_pdf_engine.v:262$20.ns[127:0]$2734 [110]
  2578/4598: $4\ca30_step$func$../rtl/crypto/india_pdf_engine.v:262$20.ns[127:0]$2734 [109]
  2579/4598: $4\ca30_step$func$../rtl/crypto/india_pdf_engine.v:262$20.ns[127:0]$2734 [108]
  2580/4598: $4\ca30_step$func$../rtl/crypto/india_pdf_engine.v:262$20.ns[127:0]$2734 [107]
  2581/4598: $4\ca30_step$func$../rtl/crypto/india_pdf_engine.v:262$20.ns[127:0]$2734 [106]
  2582/4598: $4\ca30_step$func$../rtl/crypto/india_pdf_engine.v:262$20.ns[127:0]$2734 [105]
  2583/4598: $4\ca30_step$func$../rtl/crypto/india_pdf_engine.v:262$20.ns[127:0]$2734 [104]
  2584/4598: $4\ca30_step$func$../rtl/crypto/india_pdf_engine.v:262$20.ns[127:0]$2734 [103]
  2585/4598: $4\ca30_step$func$../rtl/crypto/india_pdf_engine.v:262$20.ns[127:0]$2734 [102]
  2586/4598: $4\ca30_step$func$../rtl/crypto/india_pdf_engine.v:262$20.ns[127:0]$2734 [101]
  2587/4598: $4\ca30_step$func$../rtl/crypto/india_pdf_engine.v:262$20.ns[127:0]$2734 [100]
  2588/4598: $4\ca30_step$func$../rtl/crypto/india_pdf_engine.v:262$20.ns[127:0]$2734 [99]
  2589/4598: $4\ca30_step$func$../rtl/crypto/india_pdf_engine.v:262$20.ns[127:0]$2734 [98]
  2590/4598: $4\ca30_step$func$../rtl/crypto/india_pdf_engine.v:262$20.ns[127:0]$2734 [97]
  2591/4598: $4\ca30_step$func$../rtl/crypto/india_pdf_engine.v:262$20.ns[127:0]$2734 [96]
  2592/4598: $4\ca30_step$func$../rtl/crypto/india_pdf_engine.v:262$20.ns[127:0]$2734 [95]
  2593/4598: $4\ca30_step$func$../rtl/crypto/india_pdf_engine.v:262$20.ns[127:0]$2734 [94]
  2594/4598: $4\ca30_step$func$../rtl/crypto/india_pdf_engine.v:262$20.ns[127:0]$2734 [93]
  2595/4598: $4\ca30_step$func$../rtl/crypto/india_pdf_engine.v:262$20.ns[127:0]$2734 [92]
  2596/4598: $4\ca30_step$func$../rtl/crypto/india_pdf_engine.v:262$20.ns[127:0]$2734 [91]
  2597/4598: $4\ca30_step$func$../rtl/crypto/india_pdf_engine.v:262$20.ns[127:0]$2734 [90]
  2598/4598: $4\ca30_step$func$../rtl/crypto/india_pdf_engine.v:262$20.ns[127:0]$2734 [89]
  2599/4598: $4\ca30_step$func$../rtl/crypto/india_pdf_engine.v:262$20.ns[127:0]$2734 [88]
  2600/4598: $4\ca30_step$func$../rtl/crypto/india_pdf_engine.v:262$20.ns[127:0]$2734 [87]
  2601/4598: $4\ca30_step$func$../rtl/crypto/india_pdf_engine.v:262$20.ns[127:0]$2734 [86]
  2602/4598: $4\ca30_step$func$../rtl/crypto/india_pdf_engine.v:262$20.ns[127:0]$2734 [85]
  2603/4598: $4\ca30_step$func$../rtl/crypto/india_pdf_engine.v:262$20.ns[127:0]$2734 [84]
  2604/4598: $4\ca30_step$func$../rtl/crypto/india_pdf_engine.v:262$20.ns[127:0]$2734 [83]
  2605/4598: $4\ca30_step$func$../rtl/crypto/india_pdf_engine.v:262$20.ns[127:0]$2734 [82]
  2606/4598: $4\ca30_step$func$../rtl/crypto/india_pdf_engine.v:262$20.ns[127:0]$2734 [81]
  2607/4598: $4\ca30_step$func$../rtl/crypto/india_pdf_engine.v:262$20.ns[127:0]$2734 [80]
  2608/4598: $4\ca30_step$func$../rtl/crypto/india_pdf_engine.v:262$20.ns[127:0]$2734 [79]
  2609/4598: $4\ca30_step$func$../rtl/crypto/india_pdf_engine.v:262$20.ns[127:0]$2734 [78]
  2610/4598: $4\ca30_step$func$../rtl/crypto/india_pdf_engine.v:262$20.ns[127:0]$2734 [77]
  2611/4598: $4\ca30_step$func$../rtl/crypto/india_pdf_engine.v:262$20.ns[127:0]$2734 [76]
  2612/4598: $4\ca30_step$func$../rtl/crypto/india_pdf_engine.v:262$20.ns[127:0]$2734 [75]
  2613/4598: $4\ca30_step$func$../rtl/crypto/india_pdf_engine.v:262$20.ns[127:0]$2734 [74]
  2614/4598: $4\ca30_step$func$../rtl/crypto/india_pdf_engine.v:262$20.ns[127:0]$2734 [73]
  2615/4598: $4\ca30_step$func$../rtl/crypto/india_pdf_engine.v:262$20.ns[127:0]$2734 [72]
  2616/4598: $4\ca30_step$func$../rtl/crypto/india_pdf_engine.v:262$20.ns[127:0]$2734 [71]
  2617/4598: $4\ca30_step$func$../rtl/crypto/india_pdf_engine.v:262$20.ns[127:0]$2734 [70]
  2618/4598: $4\ca30_step$func$../rtl/crypto/india_pdf_engine.v:262$20.ns[127:0]$2734 [69]
  2619/4598: $4\ca30_step$func$../rtl/crypto/india_pdf_engine.v:262$20.ns[127:0]$2734 [68]
  2620/4598: $4\ca30_step$func$../rtl/crypto/india_pdf_engine.v:262$20.ns[127:0]$2734 [67]
  2621/4598: $4\ca30_step$func$../rtl/crypto/india_pdf_engine.v:262$20.ns[127:0]$2734 [66]
  2622/4598: $4\ca30_step$func$../rtl/crypto/india_pdf_engine.v:262$20.ns[127:0]$2734 [65]
  2623/4598: $4\ca30_step$func$../rtl/crypto/india_pdf_engine.v:262$20.ns[127:0]$2734 [64]
  2624/4598: $4\ca30_step$func$../rtl/crypto/india_pdf_engine.v:262$20.ns[127:0]$2734 [63]
  2625/4598: $4\ca30_step$func$../rtl/crypto/india_pdf_engine.v:262$20.ns[127:0]$2734 [62]
  2626/4598: $4\ca30_step$func$../rtl/crypto/india_pdf_engine.v:262$20.ns[127:0]$2734 [61]
  2627/4598: $4\ca30_step$func$../rtl/crypto/india_pdf_engine.v:262$20.ns[127:0]$2734 [60]
  2628/4598: $4\ca30_step$func$../rtl/crypto/india_pdf_engine.v:262$20.ns[127:0]$2734 [59]
  2629/4598: $4\ca30_step$func$../rtl/crypto/india_pdf_engine.v:262$20.ns[127:0]$2734 [58]
  2630/4598: $4\ca30_step$func$../rtl/crypto/india_pdf_engine.v:262$20.ns[127:0]$2734 [57]
  2631/4598: $4\ca30_step$func$../rtl/crypto/india_pdf_engine.v:262$20.ns[127:0]$2734 [56]
  2632/4598: $4\ca30_step$func$../rtl/crypto/india_pdf_engine.v:262$20.ns[127:0]$2734 [55]
  2633/4598: $4\ca30_step$func$../rtl/crypto/india_pdf_engine.v:262$20.ns[127:0]$2734 [54]
  2634/4598: $4\ca30_step$func$../rtl/crypto/india_pdf_engine.v:262$20.ns[127:0]$2734 [53]
  2635/4598: $4\ca30_step$func$../rtl/crypto/india_pdf_engine.v:262$20.ns[127:0]$2734 [52]
  2636/4598: $4\ca30_step$func$../rtl/crypto/india_pdf_engine.v:262$20.ns[127:0]$2734 [51]
  2637/4598: $4\ca30_step$func$../rtl/crypto/india_pdf_engine.v:262$20.ns[127:0]$2734 [50]
  2638/4598: $4\ca30_step$func$../rtl/crypto/india_pdf_engine.v:262$20.ns[127:0]$2734 [49]
  2639/4598: $4\ca30_step$func$../rtl/crypto/india_pdf_engine.v:262$20.ns[127:0]$2734 [48]
  2640/4598: $4\ca30_step$func$../rtl/crypto/india_pdf_engine.v:262$20.ns[127:0]$2734 [47]
  2641/4598: $4\ca30_step$func$../rtl/crypto/india_pdf_engine.v:262$20.ns[127:0]$2734 [46]
  2642/4598: $4\ca30_step$func$../rtl/crypto/india_pdf_engine.v:262$20.ns[127:0]$2734 [45]
  2643/4598: $4\ca30_step$func$../rtl/crypto/india_pdf_engine.v:262$20.ns[127:0]$2734 [44]
  2644/4598: $4\ca30_step$func$../rtl/crypto/india_pdf_engine.v:262$20.ns[127:0]$2734 [43]
  2645/4598: $4\ca30_step$func$../rtl/crypto/india_pdf_engine.v:262$20.ns[127:0]$2734 [42]
  2646/4598: $4\ca30_step$func$../rtl/crypto/india_pdf_engine.v:262$20.ns[127:0]$2734 [41]
  2647/4598: $4\ca30_step$func$../rtl/crypto/india_pdf_engine.v:262$20.ns[127:0]$2734 [40]
  2648/4598: $4\ca30_step$func$../rtl/crypto/india_pdf_engine.v:262$20.ns[127:0]$2734 [39]
  2649/4598: $4\ca30_step$func$../rtl/crypto/india_pdf_engine.v:262$20.ns[127:0]$2734 [38]
  2650/4598: $4\ca30_step$func$../rtl/crypto/india_pdf_engine.v:262$20.ns[127:0]$2734 [37]
  2651/4598: $4\ca30_step$func$../rtl/crypto/india_pdf_engine.v:262$20.ns[127:0]$2734 [36]
  2652/4598: $4\ca30_step$func$../rtl/crypto/india_pdf_engine.v:262$20.ns[127:0]$2734 [35]
  2653/4598: $4\ca30_step$func$../rtl/crypto/india_pdf_engine.v:262$20.ns[127:0]$2734 [34]
  2654/4598: $4\ca30_step$func$../rtl/crypto/india_pdf_engine.v:262$20.ns[127:0]$2734 [33]
  2655/4598: $4\ca30_step$func$../rtl/crypto/india_pdf_engine.v:262$20.ns[127:0]$2734 [32]
  2656/4598: $4\ca30_step$func$../rtl/crypto/india_pdf_engine.v:262$20.ns[127:0]$2734 [31]
  2657/4598: $4\ca30_step$func$../rtl/crypto/india_pdf_engine.v:262$20.ns[127:0]$2734 [30]
  2658/4598: $4\ca30_step$func$../rtl/crypto/india_pdf_engine.v:262$20.ns[127:0]$2734 [29]
  2659/4598: $4\ca30_step$func$../rtl/crypto/india_pdf_engine.v:262$20.ns[127:0]$2734 [28]
  2660/4598: $4\ca30_step$func$../rtl/crypto/india_pdf_engine.v:262$20.ns[127:0]$2734 [27]
  2661/4598: $4\ca30_step$func$../rtl/crypto/india_pdf_engine.v:262$20.ns[127:0]$2734 [26]
  2662/4598: $4\ca30_step$func$../rtl/crypto/india_pdf_engine.v:262$20.ns[127:0]$2734 [25]
  2663/4598: $4\ca30_step$func$../rtl/crypto/india_pdf_engine.v:262$20.ns[127:0]$2734 [24]
  2664/4598: $4\ca30_step$func$../rtl/crypto/india_pdf_engine.v:262$20.ns[127:0]$2734 [23]
  2665/4598: $4\ca30_step$func$../rtl/crypto/india_pdf_engine.v:262$20.ns[127:0]$2734 [22]
  2666/4598: $4\ca30_step$func$../rtl/crypto/india_pdf_engine.v:262$20.ns[127:0]$2734 [21]
  2667/4598: $4\ca30_step$func$../rtl/crypto/india_pdf_engine.v:262$20.ns[127:0]$2734 [20]
  2668/4598: $4\ca30_step$func$../rtl/crypto/india_pdf_engine.v:262$20.ns[127:0]$2734 [19]
  2669/4598: $4\ca30_step$func$../rtl/crypto/india_pdf_engine.v:262$20.ns[127:0]$2734 [18]
  2670/4598: $4\ca30_step$func$../rtl/crypto/india_pdf_engine.v:262$20.ns[127:0]$2734 [17]
  2671/4598: $4\ca30_step$func$../rtl/crypto/india_pdf_engine.v:262$20.ns[127:0]$2734 [16]
  2672/4598: $4\ca30_step$func$../rtl/crypto/india_pdf_engine.v:262$20.ns[127:0]$2734 [15]
  2673/4598: $4\ca30_step$func$../rtl/crypto/india_pdf_engine.v:262$20.ns[127:0]$2734 [14]
  2674/4598: $4\ca30_step$func$../rtl/crypto/india_pdf_engine.v:262$20.ns[127:0]$2734 [13]
  2675/4598: $4\ca30_step$func$../rtl/crypto/india_pdf_engine.v:262$20.ns[127:0]$2734 [12]
  2676/4598: $4\ca30_step$func$../rtl/crypto/india_pdf_engine.v:262$20.ns[127:0]$2734 [11]
  2677/4598: $4\ca30_step$func$../rtl/crypto/india_pdf_engine.v:262$20.ns[127:0]$2734 [10]
  2678/4598: $4\ca30_step$func$../rtl/crypto/india_pdf_engine.v:262$20.ns[127:0]$2734 [9]
  2679/4598: $4\ca30_step$func$../rtl/crypto/india_pdf_engine.v:262$20.ns[127:0]$2734 [8]
  2680/4598: $4\ca30_step$func$../rtl/crypto/india_pdf_engine.v:262$20.ns[127:0]$2734 [7]
  2681/4598: $4\ca30_step$func$../rtl/crypto/india_pdf_engine.v:262$20.ns[127:0]$2734 [6]
  2682/4598: $4\ca30_step$func$../rtl/crypto/india_pdf_engine.v:262$20.ns[127:0]$2734 [5]
  2683/4598: $4\ca30_step$func$../rtl/crypto/india_pdf_engine.v:262$20.ns[127:0]$2734 [4]
  2684/4598: $4\ca30_step$func$../rtl/crypto/india_pdf_engine.v:262$20.ns[127:0]$2734 [3]
  2685/4598: $4\ca30_step$func$../rtl/crypto/india_pdf_engine.v:262$20.ns[127:0]$2734 [2]
  2686/4598: $4\ca30_step$func$../rtl/crypto/india_pdf_engine.v:262$20.ns[127:0]$2734 [1]
  2687/4598: $4\ca30_step$func$../rtl/crypto/india_pdf_engine.v:262$20.ns[127:0]$2734 [0]
  2688/4598: $4\ca30_step$func$../rtl/crypto/india_pdf_engine.v:261$19.ns[127:0]$2730 [127]
  2689/4598: $4\ca30_step$func$../rtl/crypto/india_pdf_engine.v:262$20.s[127:0]$2733
  2690/4598: $4\ca30_step$func$../rtl/crypto/india_pdf_engine.v:261$19.$result[127:0]$2728
  2691/4598: $4\ca30_step$func$../rtl/crypto/india_pdf_engine.v:261$19.i[31:0]$2731
  2692/4598: $4\ca30_step$func$../rtl/crypto/india_pdf_engine.v:261$19.ns[127:0]$2730 [126]
  2693/4598: $4\ca30_step$func$../rtl/crypto/india_pdf_engine.v:261$19.ns[127:0]$2730 [125]
  2694/4598: $4\ca30_step$func$../rtl/crypto/india_pdf_engine.v:261$19.ns[127:0]$2730 [124]
  2695/4598: $4\ca30_step$func$../rtl/crypto/india_pdf_engine.v:261$19.ns[127:0]$2730 [123]
  2696/4598: $4\ca30_step$func$../rtl/crypto/india_pdf_engine.v:261$19.ns[127:0]$2730 [122]
  2697/4598: $4\ca30_step$func$../rtl/crypto/india_pdf_engine.v:261$19.ns[127:0]$2730 [121]
  2698/4598: $4\ca30_step$func$../rtl/crypto/india_pdf_engine.v:261$19.ns[127:0]$2730 [120]
  2699/4598: $4\ca30_step$func$../rtl/crypto/india_pdf_engine.v:261$19.ns[127:0]$2730 [119]
  2700/4598: $4\ca30_step$func$../rtl/crypto/india_pdf_engine.v:261$19.ns[127:0]$2730 [118]
  2701/4598: $4\ca30_step$func$../rtl/crypto/india_pdf_engine.v:261$19.ns[127:0]$2730 [117]
  2702/4598: $4\ca30_step$func$../rtl/crypto/india_pdf_engine.v:261$19.ns[127:0]$2730 [116]
  2703/4598: $4\ca30_step$func$../rtl/crypto/india_pdf_engine.v:261$19.ns[127:0]$2730 [115]
  2704/4598: $4\ca30_step$func$../rtl/crypto/india_pdf_engine.v:261$19.ns[127:0]$2730 [114]
  2705/4598: $4\ca30_step$func$../rtl/crypto/india_pdf_engine.v:261$19.ns[127:0]$2730 [113]
  2706/4598: $4\ca30_step$func$../rtl/crypto/india_pdf_engine.v:261$19.ns[127:0]$2730 [112]
  2707/4598: $4\ca30_step$func$../rtl/crypto/india_pdf_engine.v:261$19.ns[127:0]$2730 [111]
  2708/4598: $4\ca30_step$func$../rtl/crypto/india_pdf_engine.v:261$19.ns[127:0]$2730 [110]
  2709/4598: $4\ca30_step$func$../rtl/crypto/india_pdf_engine.v:261$19.ns[127:0]$2730 [109]
  2710/4598: $4\ca30_step$func$../rtl/crypto/india_pdf_engine.v:261$19.ns[127:0]$2730 [108]
  2711/4598: $4\ca30_step$func$../rtl/crypto/india_pdf_engine.v:261$19.ns[127:0]$2730 [107]
  2712/4598: $4\ca30_step$func$../rtl/crypto/india_pdf_engine.v:261$19.ns[127:0]$2730 [106]
  2713/4598: $4\ca30_step$func$../rtl/crypto/india_pdf_engine.v:261$19.ns[127:0]$2730 [105]
  2714/4598: $4\ca30_step$func$../rtl/crypto/india_pdf_engine.v:261$19.ns[127:0]$2730 [104]
  2715/4598: $4\ca30_step$func$../rtl/crypto/india_pdf_engine.v:261$19.ns[127:0]$2730 [103]
  2716/4598: $4\ca30_step$func$../rtl/crypto/india_pdf_engine.v:261$19.ns[127:0]$2730 [102]
  2717/4598: $4\ca30_step$func$../rtl/crypto/india_pdf_engine.v:261$19.ns[127:0]$2730 [101]
  2718/4598: $4\ca30_step$func$../rtl/crypto/india_pdf_engine.v:261$19.ns[127:0]$2730 [100]
  2719/4598: $4\ca30_step$func$../rtl/crypto/india_pdf_engine.v:261$19.ns[127:0]$2730 [99]
  2720/4598: $4\ca30_step$func$../rtl/crypto/india_pdf_engine.v:261$19.ns[127:0]$2730 [98]
  2721/4598: $4\ca30_step$func$../rtl/crypto/india_pdf_engine.v:261$19.ns[127:0]$2730 [97]
  2722/4598: $4\ca30_step$func$../rtl/crypto/india_pdf_engine.v:261$19.ns[127:0]$2730 [96]
  2723/4598: $4\ca30_step$func$../rtl/crypto/india_pdf_engine.v:261$19.ns[127:0]$2730 [95]
  2724/4598: $4\ca30_step$func$../rtl/crypto/india_pdf_engine.v:261$19.ns[127:0]$2730 [94]
  2725/4598: $4\ca30_step$func$../rtl/crypto/india_pdf_engine.v:261$19.ns[127:0]$2730 [93]
  2726/4598: $4\ca30_step$func$../rtl/crypto/india_pdf_engine.v:261$19.ns[127:0]$2730 [92]
  2727/4598: $4\ca30_step$func$../rtl/crypto/india_pdf_engine.v:261$19.ns[127:0]$2730 [91]
  2728/4598: $4\ca30_step$func$../rtl/crypto/india_pdf_engine.v:261$19.ns[127:0]$2730 [90]
  2729/4598: $4\ca30_step$func$../rtl/crypto/india_pdf_engine.v:261$19.ns[127:0]$2730 [89]
  2730/4598: $4\ca30_step$func$../rtl/crypto/india_pdf_engine.v:261$19.ns[127:0]$2730 [88]
  2731/4598: $4\ca30_step$func$../rtl/crypto/india_pdf_engine.v:261$19.ns[127:0]$2730 [87]
  2732/4598: $4\ca30_step$func$../rtl/crypto/india_pdf_engine.v:261$19.ns[127:0]$2730 [86]
  2733/4598: $4\ca30_step$func$../rtl/crypto/india_pdf_engine.v:261$19.ns[127:0]$2730 [85]
  2734/4598: $4\ca30_step$func$../rtl/crypto/india_pdf_engine.v:261$19.ns[127:0]$2730 [84]
  2735/4598: $4\ca30_step$func$../rtl/crypto/india_pdf_engine.v:261$19.ns[127:0]$2730 [83]
  2736/4598: $4\ca30_step$func$../rtl/crypto/india_pdf_engine.v:261$19.ns[127:0]$2730 [82]
  2737/4598: $4\ca30_step$func$../rtl/crypto/india_pdf_engine.v:261$19.ns[127:0]$2730 [81]
  2738/4598: $4\ca30_step$func$../rtl/crypto/india_pdf_engine.v:261$19.ns[127:0]$2730 [80]
  2739/4598: $4\ca30_step$func$../rtl/crypto/india_pdf_engine.v:261$19.ns[127:0]$2730 [79]
  2740/4598: $4\ca30_step$func$../rtl/crypto/india_pdf_engine.v:261$19.ns[127:0]$2730 [78]
  2741/4598: $4\ca30_step$func$../rtl/crypto/india_pdf_engine.v:261$19.ns[127:0]$2730 [77]
  2742/4598: $4\ca30_step$func$../rtl/crypto/india_pdf_engine.v:261$19.ns[127:0]$2730 [76]
  2743/4598: $4\ca30_step$func$../rtl/crypto/india_pdf_engine.v:261$19.ns[127:0]$2730 [75]
  2744/4598: $4\ca30_step$func$../rtl/crypto/india_pdf_engine.v:261$19.ns[127:0]$2730 [74]
  2745/4598: $4\ca30_step$func$../rtl/crypto/india_pdf_engine.v:261$19.ns[127:0]$2730 [73]
  2746/4598: $4\ca30_step$func$../rtl/crypto/india_pdf_engine.v:261$19.ns[127:0]$2730 [72]
  2747/4598: $4\ca30_step$func$../rtl/crypto/india_pdf_engine.v:261$19.ns[127:0]$2730 [71]
  2748/4598: $4\ca30_step$func$../rtl/crypto/india_pdf_engine.v:261$19.ns[127:0]$2730 [70]
  2749/4598: $4\ca30_step$func$../rtl/crypto/india_pdf_engine.v:261$19.ns[127:0]$2730 [69]
  2750/4598: $4\ca30_step$func$../rtl/crypto/india_pdf_engine.v:261$19.ns[127:0]$2730 [68]
  2751/4598: $4\ca30_step$func$../rtl/crypto/india_pdf_engine.v:261$19.ns[127:0]$2730 [67]
  2752/4598: $4\ca30_step$func$../rtl/crypto/india_pdf_engine.v:261$19.ns[127:0]$2730 [66]
  2753/4598: $4\ca30_step$func$../rtl/crypto/india_pdf_engine.v:261$19.ns[127:0]$2730 [65]
  2754/4598: $4\ca30_step$func$../rtl/crypto/india_pdf_engine.v:261$19.ns[127:0]$2730 [64]
  2755/4598: $4\ca30_step$func$../rtl/crypto/india_pdf_engine.v:261$19.ns[127:0]$2730 [63]
  2756/4598: $4\ca30_step$func$../rtl/crypto/india_pdf_engine.v:261$19.ns[127:0]$2730 [62]
  2757/4598: $4\ca30_step$func$../rtl/crypto/india_pdf_engine.v:261$19.ns[127:0]$2730 [61]
  2758/4598: $4\ca30_step$func$../rtl/crypto/india_pdf_engine.v:261$19.ns[127:0]$2730 [60]
  2759/4598: $4\ca30_step$func$../rtl/crypto/india_pdf_engine.v:261$19.ns[127:0]$2730 [59]
  2760/4598: $4\ca30_step$func$../rtl/crypto/india_pdf_engine.v:261$19.ns[127:0]$2730 [58]
  2761/4598: $4\ca30_step$func$../rtl/crypto/india_pdf_engine.v:261$19.ns[127:0]$2730 [57]
  2762/4598: $4\ca30_step$func$../rtl/crypto/india_pdf_engine.v:261$19.ns[127:0]$2730 [56]
  2763/4598: $4\ca30_step$func$../rtl/crypto/india_pdf_engine.v:261$19.ns[127:0]$2730 [55]
  2764/4598: $4\ca30_step$func$../rtl/crypto/india_pdf_engine.v:261$19.ns[127:0]$2730 [54]
  2765/4598: $4\ca30_step$func$../rtl/crypto/india_pdf_engine.v:261$19.ns[127:0]$2730 [53]
  2766/4598: $4\ca30_step$func$../rtl/crypto/india_pdf_engine.v:261$19.ns[127:0]$2730 [52]
  2767/4598: $4\ca30_step$func$../rtl/crypto/india_pdf_engine.v:261$19.ns[127:0]$2730 [51]
  2768/4598: $4\ca30_step$func$../rtl/crypto/india_pdf_engine.v:261$19.ns[127:0]$2730 [50]
  2769/4598: $4\ca30_step$func$../rtl/crypto/india_pdf_engine.v:261$19.ns[127:0]$2730 [49]
  2770/4598: $4\ca30_step$func$../rtl/crypto/india_pdf_engine.v:261$19.ns[127:0]$2730 [48]
  2771/4598: $4\ca30_step$func$../rtl/crypto/india_pdf_engine.v:261$19.ns[127:0]$2730 [47]
  2772/4598: $4\ca30_step$func$../rtl/crypto/india_pdf_engine.v:261$19.ns[127:0]$2730 [46]
  2773/4598: $4\ca30_step$func$../rtl/crypto/india_pdf_engine.v:261$19.ns[127:0]$2730 [45]
  2774/4598: $4\ca30_step$func$../rtl/crypto/india_pdf_engine.v:261$19.ns[127:0]$2730 [44]
  2775/4598: $4\ca30_step$func$../rtl/crypto/india_pdf_engine.v:261$19.ns[127:0]$2730 [43]
  2776/4598: $4\ca30_step$func$../rtl/crypto/india_pdf_engine.v:261$19.ns[127:0]$2730 [42]
  2777/4598: $4\ca30_step$func$../rtl/crypto/india_pdf_engine.v:261$19.ns[127:0]$2730 [41]
  2778/4598: $4\ca30_step$func$../rtl/crypto/india_pdf_engine.v:261$19.ns[127:0]$2730 [40]
  2779/4598: $4\ca30_step$func$../rtl/crypto/india_pdf_engine.v:261$19.ns[127:0]$2730 [39]
  2780/4598: $4\ca30_step$func$../rtl/crypto/india_pdf_engine.v:261$19.ns[127:0]$2730 [38]
  2781/4598: $4\ca30_step$func$../rtl/crypto/india_pdf_engine.v:261$19.ns[127:0]$2730 [37]
  2782/4598: $4\ca30_step$func$../rtl/crypto/india_pdf_engine.v:261$19.ns[127:0]$2730 [36]
  2783/4598: $4\ca30_step$func$../rtl/crypto/india_pdf_engine.v:261$19.ns[127:0]$2730 [35]
  2784/4598: $4\ca30_step$func$../rtl/crypto/india_pdf_engine.v:261$19.ns[127:0]$2730 [34]
  2785/4598: $4\ca30_step$func$../rtl/crypto/india_pdf_engine.v:261$19.ns[127:0]$2730 [33]
  2786/4598: $4\ca30_step$func$../rtl/crypto/india_pdf_engine.v:261$19.ns[127:0]$2730 [32]
  2787/4598: $4\ca30_step$func$../rtl/crypto/india_pdf_engine.v:261$19.ns[127:0]$2730 [31]
  2788/4598: $4\ca30_step$func$../rtl/crypto/india_pdf_engine.v:261$19.ns[127:0]$2730 [30]
  2789/4598: $4\ca30_step$func$../rtl/crypto/india_pdf_engine.v:261$19.ns[127:0]$2730 [29]
  2790/4598: $4\ca30_step$func$../rtl/crypto/india_pdf_engine.v:261$19.ns[127:0]$2730 [28]
  2791/4598: $4\ca30_step$func$../rtl/crypto/india_pdf_engine.v:261$19.ns[127:0]$2730 [27]
  2792/4598: $4\ca30_step$func$../rtl/crypto/india_pdf_engine.v:261$19.ns[127:0]$2730 [26]
  2793/4598: $4\ca30_step$func$../rtl/crypto/india_pdf_engine.v:261$19.ns[127:0]$2730 [25]
  2794/4598: $4\ca30_step$func$../rtl/crypto/india_pdf_engine.v:261$19.ns[127:0]$2730 [24]
  2795/4598: $4\ca30_step$func$../rtl/crypto/india_pdf_engine.v:261$19.ns[127:0]$2730 [23]
  2796/4598: $4\ca30_step$func$../rtl/crypto/india_pdf_engine.v:261$19.ns[127:0]$2730 [22]
  2797/4598: $4\ca30_step$func$../rtl/crypto/india_pdf_engine.v:261$19.ns[127:0]$2730 [21]
  2798/4598: $4\ca30_step$func$../rtl/crypto/india_pdf_engine.v:261$19.ns[127:0]$2730 [20]
  2799/4598: $4\ca30_step$func$../rtl/crypto/india_pdf_engine.v:261$19.ns[127:0]$2730 [19]
  2800/4598: $4\ca30_step$func$../rtl/crypto/india_pdf_engine.v:261$19.ns[127:0]$2730 [18]
  2801/4598: $4\ca30_step$func$../rtl/crypto/india_pdf_engine.v:261$19.ns[127:0]$2730 [17]
  2802/4598: $4\ca30_step$func$../rtl/crypto/india_pdf_engine.v:261$19.ns[127:0]$2730 [16]
  2803/4598: $4\ca30_step$func$../rtl/crypto/india_pdf_engine.v:261$19.ns[127:0]$2730 [15]
  2804/4598: $4\ca30_step$func$../rtl/crypto/india_pdf_engine.v:261$19.ns[127:0]$2730 [14]
  2805/4598: $4\ca30_step$func$../rtl/crypto/india_pdf_engine.v:261$19.ns[127:0]$2730 [13]
  2806/4598: $4\ca30_step$func$../rtl/crypto/india_pdf_engine.v:261$19.ns[127:0]$2730 [12]
  2807/4598: $4\ca30_step$func$../rtl/crypto/india_pdf_engine.v:261$19.ns[127:0]$2730 [11]
  2808/4598: $4\ca30_step$func$../rtl/crypto/india_pdf_engine.v:261$19.ns[127:0]$2730 [10]
  2809/4598: $4\ca30_step$func$../rtl/crypto/india_pdf_engine.v:261$19.ns[127:0]$2730 [9]
  2810/4598: $4\ca30_step$func$../rtl/crypto/india_pdf_engine.v:261$19.ns[127:0]$2730 [8]
  2811/4598: $4\ca30_step$func$../rtl/crypto/india_pdf_engine.v:261$19.ns[127:0]$2730 [7]
  2812/4598: $4\ca30_step$func$../rtl/crypto/india_pdf_engine.v:261$19.ns[127:0]$2730 [6]
  2813/4598: $4\ca30_step$func$../rtl/crypto/india_pdf_engine.v:261$19.ns[127:0]$2730 [5]
  2814/4598: $4\ca30_step$func$../rtl/crypto/india_pdf_engine.v:261$19.ns[127:0]$2730 [4]
  2815/4598: $4\ca30_step$func$../rtl/crypto/india_pdf_engine.v:261$19.ns[127:0]$2730 [3]
  2816/4598: $4\ca30_step$func$../rtl/crypto/india_pdf_engine.v:261$19.ns[127:0]$2730 [2]
  2817/4598: $4\ca30_step$func$../rtl/crypto/india_pdf_engine.v:261$19.ns[127:0]$2730 [1]
  2818/4598: $4\ca30_step$func$../rtl/crypto/india_pdf_engine.v:261$19.ns[127:0]$2730 [0]
  2819/4598: $4\ca30_step$func$../rtl/crypto/india_pdf_engine.v:260$18.ns[127:0]$2726 [127]
  2820/4598: $4\ca30_step$func$../rtl/crypto/india_pdf_engine.v:261$19.s[127:0]$2729
  2821/4598: $4\ca30_step$func$../rtl/crypto/india_pdf_engine.v:260$18.$result[127:0]$2724
  2822/4598: $4\ca30_step$func$../rtl/crypto/india_pdf_engine.v:260$18.i[31:0]$2727
  2823/4598: $4\ca30_step$func$../rtl/crypto/india_pdf_engine.v:260$18.ns[127:0]$2726 [126]
  2824/4598: $4\ca30_step$func$../rtl/crypto/india_pdf_engine.v:260$18.ns[127:0]$2726 [125]
  2825/4598: $4\ca30_step$func$../rtl/crypto/india_pdf_engine.v:260$18.ns[127:0]$2726 [124]
  2826/4598: $4\ca30_step$func$../rtl/crypto/india_pdf_engine.v:260$18.ns[127:0]$2726 [123]
  2827/4598: $4\ca30_step$func$../rtl/crypto/india_pdf_engine.v:260$18.ns[127:0]$2726 [122]
  2828/4598: $4\ca30_step$func$../rtl/crypto/india_pdf_engine.v:260$18.ns[127:0]$2726 [121]
  2829/4598: $4\ca30_step$func$../rtl/crypto/india_pdf_engine.v:260$18.ns[127:0]$2726 [120]
  2830/4598: $4\ca30_step$func$../rtl/crypto/india_pdf_engine.v:260$18.ns[127:0]$2726 [119]
  2831/4598: $4\ca30_step$func$../rtl/crypto/india_pdf_engine.v:260$18.ns[127:0]$2726 [118]
  2832/4598: $4\ca30_step$func$../rtl/crypto/india_pdf_engine.v:260$18.ns[127:0]$2726 [117]
  2833/4598: $4\ca30_step$func$../rtl/crypto/india_pdf_engine.v:260$18.ns[127:0]$2726 [116]
  2834/4598: $4\ca30_step$func$../rtl/crypto/india_pdf_engine.v:260$18.ns[127:0]$2726 [115]
  2835/4598: $4\ca30_step$func$../rtl/crypto/india_pdf_engine.v:260$18.ns[127:0]$2726 [114]
  2836/4598: $4\ca30_step$func$../rtl/crypto/india_pdf_engine.v:260$18.ns[127:0]$2726 [113]
  2837/4598: $4\ca30_step$func$../rtl/crypto/india_pdf_engine.v:260$18.ns[127:0]$2726 [112]
  2838/4598: $4\ca30_step$func$../rtl/crypto/india_pdf_engine.v:260$18.ns[127:0]$2726 [111]
  2839/4598: $4\ca30_step$func$../rtl/crypto/india_pdf_engine.v:260$18.ns[127:0]$2726 [110]
  2840/4598: $4\ca30_step$func$../rtl/crypto/india_pdf_engine.v:260$18.ns[127:0]$2726 [109]
  2841/4598: $4\ca30_step$func$../rtl/crypto/india_pdf_engine.v:260$18.ns[127:0]$2726 [108]
  2842/4598: $4\ca30_step$func$../rtl/crypto/india_pdf_engine.v:260$18.ns[127:0]$2726 [107]
  2843/4598: $4\ca30_step$func$../rtl/crypto/india_pdf_engine.v:260$18.ns[127:0]$2726 [106]
  2844/4598: $4\ca30_step$func$../rtl/crypto/india_pdf_engine.v:260$18.ns[127:0]$2726 [105]
  2845/4598: $4\ca30_step$func$../rtl/crypto/india_pdf_engine.v:260$18.ns[127:0]$2726 [104]
  2846/4598: $4\ca30_step$func$../rtl/crypto/india_pdf_engine.v:260$18.ns[127:0]$2726 [103]
  2847/4598: $4\ca30_step$func$../rtl/crypto/india_pdf_engine.v:260$18.ns[127:0]$2726 [102]
  2848/4598: $4\ca30_step$func$../rtl/crypto/india_pdf_engine.v:260$18.ns[127:0]$2726 [101]
  2849/4598: $4\ca30_step$func$../rtl/crypto/india_pdf_engine.v:260$18.ns[127:0]$2726 [100]
  2850/4598: $4\ca30_step$func$../rtl/crypto/india_pdf_engine.v:260$18.ns[127:0]$2726 [99]
  2851/4598: $4\ca30_step$func$../rtl/crypto/india_pdf_engine.v:260$18.ns[127:0]$2726 [98]
  2852/4598: $4\ca30_step$func$../rtl/crypto/india_pdf_engine.v:260$18.ns[127:0]$2726 [97]
  2853/4598: $4\ca30_step$func$../rtl/crypto/india_pdf_engine.v:260$18.ns[127:0]$2726 [96]
  2854/4598: $4\ca30_step$func$../rtl/crypto/india_pdf_engine.v:260$18.ns[127:0]$2726 [95]
  2855/4598: $4\ca30_step$func$../rtl/crypto/india_pdf_engine.v:260$18.ns[127:0]$2726 [94]
  2856/4598: $4\ca30_step$func$../rtl/crypto/india_pdf_engine.v:260$18.ns[127:0]$2726 [93]
  2857/4598: $4\ca30_step$func$../rtl/crypto/india_pdf_engine.v:260$18.ns[127:0]$2726 [92]
  2858/4598: $4\ca30_step$func$../rtl/crypto/india_pdf_engine.v:260$18.ns[127:0]$2726 [91]
  2859/4598: $4\ca30_step$func$../rtl/crypto/india_pdf_engine.v:260$18.ns[127:0]$2726 [90]
  2860/4598: $4\ca30_step$func$../rtl/crypto/india_pdf_engine.v:260$18.ns[127:0]$2726 [89]
  2861/4598: $4\ca30_step$func$../rtl/crypto/india_pdf_engine.v:260$18.ns[127:0]$2726 [88]
  2862/4598: $4\ca30_step$func$../rtl/crypto/india_pdf_engine.v:260$18.ns[127:0]$2726 [87]
  2863/4598: $4\ca30_step$func$../rtl/crypto/india_pdf_engine.v:260$18.ns[127:0]$2726 [86]
  2864/4598: $4\ca30_step$func$../rtl/crypto/india_pdf_engine.v:260$18.ns[127:0]$2726 [85]
  2865/4598: $4\ca30_step$func$../rtl/crypto/india_pdf_engine.v:260$18.ns[127:0]$2726 [84]
  2866/4598: $4\ca30_step$func$../rtl/crypto/india_pdf_engine.v:260$18.ns[127:0]$2726 [83]
  2867/4598: $4\ca30_step$func$../rtl/crypto/india_pdf_engine.v:260$18.ns[127:0]$2726 [82]
  2868/4598: $4\ca30_step$func$../rtl/crypto/india_pdf_engine.v:260$18.ns[127:0]$2726 [81]
  2869/4598: $4\ca30_step$func$../rtl/crypto/india_pdf_engine.v:260$18.ns[127:0]$2726 [80]
  2870/4598: $4\ca30_step$func$../rtl/crypto/india_pdf_engine.v:260$18.ns[127:0]$2726 [79]
  2871/4598: $4\ca30_step$func$../rtl/crypto/india_pdf_engine.v:260$18.ns[127:0]$2726 [78]
  2872/4598: $4\ca30_step$func$../rtl/crypto/india_pdf_engine.v:260$18.ns[127:0]$2726 [77]
  2873/4598: $4\ca30_step$func$../rtl/crypto/india_pdf_engine.v:260$18.ns[127:0]$2726 [76]
  2874/4598: $4\ca30_step$func$../rtl/crypto/india_pdf_engine.v:260$18.ns[127:0]$2726 [75]
  2875/4598: $4\ca30_step$func$../rtl/crypto/india_pdf_engine.v:260$18.ns[127:0]$2726 [74]
  2876/4598: $4\ca30_step$func$../rtl/crypto/india_pdf_engine.v:260$18.ns[127:0]$2726 [73]
  2877/4598: $4\ca30_step$func$../rtl/crypto/india_pdf_engine.v:260$18.ns[127:0]$2726 [72]
  2878/4598: $4\ca30_step$func$../rtl/crypto/india_pdf_engine.v:260$18.ns[127:0]$2726 [71]
  2879/4598: $4\ca30_step$func$../rtl/crypto/india_pdf_engine.v:260$18.ns[127:0]$2726 [70]
  2880/4598: $4\ca30_step$func$../rtl/crypto/india_pdf_engine.v:260$18.ns[127:0]$2726 [69]
  2881/4598: $4\ca30_step$func$../rtl/crypto/india_pdf_engine.v:260$18.ns[127:0]$2726 [68]
  2882/4598: $4\ca30_step$func$../rtl/crypto/india_pdf_engine.v:260$18.ns[127:0]$2726 [67]
  2883/4598: $4\ca30_step$func$../rtl/crypto/india_pdf_engine.v:260$18.ns[127:0]$2726 [66]
  2884/4598: $4\ca30_step$func$../rtl/crypto/india_pdf_engine.v:260$18.ns[127:0]$2726 [65]
  2885/4598: $4\ca30_step$func$../rtl/crypto/india_pdf_engine.v:260$18.ns[127:0]$2726 [64]
  2886/4598: $4\ca30_step$func$../rtl/crypto/india_pdf_engine.v:260$18.ns[127:0]$2726 [63]
  2887/4598: $4\ca30_step$func$../rtl/crypto/india_pdf_engine.v:260$18.ns[127:0]$2726 [62]
  2888/4598: $4\ca30_step$func$../rtl/crypto/india_pdf_engine.v:260$18.ns[127:0]$2726 [61]
  2889/4598: $4\ca30_step$func$../rtl/crypto/india_pdf_engine.v:260$18.ns[127:0]$2726 [60]
  2890/4598: $4\ca30_step$func$../rtl/crypto/india_pdf_engine.v:260$18.ns[127:0]$2726 [59]
  2891/4598: $4\ca30_step$func$../rtl/crypto/india_pdf_engine.v:260$18.ns[127:0]$2726 [58]
  2892/4598: $4\ca30_step$func$../rtl/crypto/india_pdf_engine.v:260$18.ns[127:0]$2726 [57]
  2893/4598: $4\ca30_step$func$../rtl/crypto/india_pdf_engine.v:260$18.ns[127:0]$2726 [56]
  2894/4598: $4\ca30_step$func$../rtl/crypto/india_pdf_engine.v:260$18.ns[127:0]$2726 [55]
  2895/4598: $4\ca30_step$func$../rtl/crypto/india_pdf_engine.v:260$18.ns[127:0]$2726 [54]
  2896/4598: $4\ca30_step$func$../rtl/crypto/india_pdf_engine.v:260$18.ns[127:0]$2726 [53]
  2897/4598: $4\ca30_step$func$../rtl/crypto/india_pdf_engine.v:260$18.ns[127:0]$2726 [52]
  2898/4598: $4\ca30_step$func$../rtl/crypto/india_pdf_engine.v:260$18.ns[127:0]$2726 [51]
  2899/4598: $4\ca30_step$func$../rtl/crypto/india_pdf_engine.v:260$18.ns[127:0]$2726 [50]
  2900/4598: $4\ca30_step$func$../rtl/crypto/india_pdf_engine.v:260$18.ns[127:0]$2726 [49]
  2901/4598: $4\ca30_step$func$../rtl/crypto/india_pdf_engine.v:260$18.ns[127:0]$2726 [48]
  2902/4598: $4\ca30_step$func$../rtl/crypto/india_pdf_engine.v:260$18.ns[127:0]$2726 [47]
  2903/4598: $4\ca30_step$func$../rtl/crypto/india_pdf_engine.v:260$18.ns[127:0]$2726 [46]
  2904/4598: $4\ca30_step$func$../rtl/crypto/india_pdf_engine.v:260$18.ns[127:0]$2726 [45]
  2905/4598: $4\ca30_step$func$../rtl/crypto/india_pdf_engine.v:260$18.ns[127:0]$2726 [44]
  2906/4598: $4\ca30_step$func$../rtl/crypto/india_pdf_engine.v:260$18.ns[127:0]$2726 [43]
  2907/4598: $4\ca30_step$func$../rtl/crypto/india_pdf_engine.v:260$18.ns[127:0]$2726 [42]
  2908/4598: $4\ca30_step$func$../rtl/crypto/india_pdf_engine.v:260$18.ns[127:0]$2726 [41]
  2909/4598: $4\ca30_step$func$../rtl/crypto/india_pdf_engine.v:260$18.ns[127:0]$2726 [40]
  2910/4598: $4\ca30_step$func$../rtl/crypto/india_pdf_engine.v:260$18.ns[127:0]$2726 [39]
  2911/4598: $4\ca30_step$func$../rtl/crypto/india_pdf_engine.v:260$18.ns[127:0]$2726 [38]
  2912/4598: $4\ca30_step$func$../rtl/crypto/india_pdf_engine.v:260$18.ns[127:0]$2726 [37]
  2913/4598: $4\ca30_step$func$../rtl/crypto/india_pdf_engine.v:260$18.ns[127:0]$2726 [36]
  2914/4598: $4\ca30_step$func$../rtl/crypto/india_pdf_engine.v:260$18.ns[127:0]$2726 [35]
  2915/4598: $4\ca30_step$func$../rtl/crypto/india_pdf_engine.v:260$18.ns[127:0]$2726 [34]
  2916/4598: $4\ca30_step$func$../rtl/crypto/india_pdf_engine.v:260$18.ns[127:0]$2726 [33]
  2917/4598: $4\ca30_step$func$../rtl/crypto/india_pdf_engine.v:260$18.ns[127:0]$2726 [32]
  2918/4598: $4\ca30_step$func$../rtl/crypto/india_pdf_engine.v:260$18.ns[127:0]$2726 [31]
  2919/4598: $4\ca30_step$func$../rtl/crypto/india_pdf_engine.v:260$18.ns[127:0]$2726 [30]
  2920/4598: $4\ca30_step$func$../rtl/crypto/india_pdf_engine.v:260$18.ns[127:0]$2726 [29]
  2921/4598: $4\ca30_step$func$../rtl/crypto/india_pdf_engine.v:260$18.ns[127:0]$2726 [28]
  2922/4598: $4\ca30_step$func$../rtl/crypto/india_pdf_engine.v:260$18.ns[127:0]$2726 [27]
  2923/4598: $4\ca30_step$func$../rtl/crypto/india_pdf_engine.v:260$18.ns[127:0]$2726 [26]
  2924/4598: $4\ca30_step$func$../rtl/crypto/india_pdf_engine.v:260$18.ns[127:0]$2726 [25]
  2925/4598: $4\ca30_step$func$../rtl/crypto/india_pdf_engine.v:260$18.ns[127:0]$2726 [24]
  2926/4598: $4\ca30_step$func$../rtl/crypto/india_pdf_engine.v:260$18.ns[127:0]$2726 [23]
  2927/4598: $4\ca30_step$func$../rtl/crypto/india_pdf_engine.v:260$18.ns[127:0]$2726 [22]
  2928/4598: $4\ca30_step$func$../rtl/crypto/india_pdf_engine.v:260$18.ns[127:0]$2726 [21]
  2929/4598: $4\ca30_step$func$../rtl/crypto/india_pdf_engine.v:260$18.ns[127:0]$2726 [20]
  2930/4598: $4\ca30_step$func$../rtl/crypto/india_pdf_engine.v:260$18.ns[127:0]$2726 [19]
  2931/4598: $4\ca30_step$func$../rtl/crypto/india_pdf_engine.v:260$18.ns[127:0]$2726 [18]
  2932/4598: $4\ca30_step$func$../rtl/crypto/india_pdf_engine.v:260$18.ns[127:0]$2726 [17]
  2933/4598: $4\ca30_step$func$../rtl/crypto/india_pdf_engine.v:260$18.ns[127:0]$2726 [16]
  2934/4598: $4\ca30_step$func$../rtl/crypto/india_pdf_engine.v:260$18.ns[127:0]$2726 [15]
  2935/4598: $4\ca30_step$func$../rtl/crypto/india_pdf_engine.v:260$18.ns[127:0]$2726 [14]
  2936/4598: $4\ca30_step$func$../rtl/crypto/india_pdf_engine.v:260$18.ns[127:0]$2726 [13]
  2937/4598: $4\ca30_step$func$../rtl/crypto/india_pdf_engine.v:260$18.ns[127:0]$2726 [12]
  2938/4598: $4\ca30_step$func$../rtl/crypto/india_pdf_engine.v:260$18.ns[127:0]$2726 [11]
  2939/4598: $4\ca30_step$func$../rtl/crypto/india_pdf_engine.v:260$18.ns[127:0]$2726 [10]
  2940/4598: $4\ca30_step$func$../rtl/crypto/india_pdf_engine.v:260$18.ns[127:0]$2726 [9]
  2941/4598: $4\ca30_step$func$../rtl/crypto/india_pdf_engine.v:260$18.ns[127:0]$2726 [8]
  2942/4598: $4\ca30_step$func$../rtl/crypto/india_pdf_engine.v:260$18.ns[127:0]$2726 [7]
  2943/4598: $4\ca30_step$func$../rtl/crypto/india_pdf_engine.v:260$18.ns[127:0]$2726 [6]
  2944/4598: $4\ca30_step$func$../rtl/crypto/india_pdf_engine.v:260$18.ns[127:0]$2726 [5]
  2945/4598: $4\ca30_step$func$../rtl/crypto/india_pdf_engine.v:260$18.ns[127:0]$2726 [4]
  2946/4598: $4\ca30_step$func$../rtl/crypto/india_pdf_engine.v:260$18.ns[127:0]$2726 [3]
  2947/4598: $4\ca30_step$func$../rtl/crypto/india_pdf_engine.v:260$18.ns[127:0]$2726 [2]
  2948/4598: $4\ca30_step$func$../rtl/crypto/india_pdf_engine.v:260$18.ns[127:0]$2726 [1]
  2949/4598: $4\ca30_step$func$../rtl/crypto/india_pdf_engine.v:260$18.ns[127:0]$2726 [0]
  2950/4598: $4\ca30_step$func$../rtl/crypto/india_pdf_engine.v:259$17.ns[127:0]$2722 [127]
  2951/4598: $4\ca30_step$func$../rtl/crypto/india_pdf_engine.v:260$18.s[127:0]$2725
  2952/4598: $4\ca30_step$func$../rtl/crypto/india_pdf_engine.v:259$17.$result[127:0]$2720
  2953/4598: $4\ca30_step$func$../rtl/crypto/india_pdf_engine.v:259$17.i[31:0]$2723
  2954/4598: $4\ca30_step$func$../rtl/crypto/india_pdf_engine.v:259$17.ns[127:0]$2722 [126]
  2955/4598: $4\ca30_step$func$../rtl/crypto/india_pdf_engine.v:259$17.ns[127:0]$2722 [125]
  2956/4598: $4\ca30_step$func$../rtl/crypto/india_pdf_engine.v:259$17.ns[127:0]$2722 [124]
  2957/4598: $4\ca30_step$func$../rtl/crypto/india_pdf_engine.v:259$17.ns[127:0]$2722 [123]
  2958/4598: $4\ca30_step$func$../rtl/crypto/india_pdf_engine.v:259$17.ns[127:0]$2722 [122]
  2959/4598: $4\ca30_step$func$../rtl/crypto/india_pdf_engine.v:259$17.ns[127:0]$2722 [121]
  2960/4598: $4\ca30_step$func$../rtl/crypto/india_pdf_engine.v:259$17.ns[127:0]$2722 [120]
  2961/4598: $4\ca30_step$func$../rtl/crypto/india_pdf_engine.v:259$17.ns[127:0]$2722 [119]
  2962/4598: $4\ca30_step$func$../rtl/crypto/india_pdf_engine.v:259$17.ns[127:0]$2722 [118]
  2963/4598: $4\ca30_step$func$../rtl/crypto/india_pdf_engine.v:259$17.ns[127:0]$2722 [117]
  2964/4598: $4\ca30_step$func$../rtl/crypto/india_pdf_engine.v:259$17.ns[127:0]$2722 [116]
  2965/4598: $4\ca30_step$func$../rtl/crypto/india_pdf_engine.v:259$17.ns[127:0]$2722 [115]
  2966/4598: $4\ca30_step$func$../rtl/crypto/india_pdf_engine.v:259$17.ns[127:0]$2722 [114]
  2967/4598: $4\ca30_step$func$../rtl/crypto/india_pdf_engine.v:259$17.ns[127:0]$2722 [113]
  2968/4598: $4\ca30_step$func$../rtl/crypto/india_pdf_engine.v:259$17.ns[127:0]$2722 [112]
  2969/4598: $4\ca30_step$func$../rtl/crypto/india_pdf_engine.v:259$17.ns[127:0]$2722 [111]
  2970/4598: $4\ca30_step$func$../rtl/crypto/india_pdf_engine.v:259$17.ns[127:0]$2722 [110]
  2971/4598: $4\ca30_step$func$../rtl/crypto/india_pdf_engine.v:259$17.ns[127:0]$2722 [109]
  2972/4598: $4\ca30_step$func$../rtl/crypto/india_pdf_engine.v:259$17.ns[127:0]$2722 [108]
  2973/4598: $4\ca30_step$func$../rtl/crypto/india_pdf_engine.v:259$17.ns[127:0]$2722 [107]
  2974/4598: $4\ca30_step$func$../rtl/crypto/india_pdf_engine.v:259$17.ns[127:0]$2722 [106]
  2975/4598: $4\ca30_step$func$../rtl/crypto/india_pdf_engine.v:259$17.ns[127:0]$2722 [105]
  2976/4598: $4\ca30_step$func$../rtl/crypto/india_pdf_engine.v:259$17.ns[127:0]$2722 [104]
  2977/4598: $4\ca30_step$func$../rtl/crypto/india_pdf_engine.v:259$17.ns[127:0]$2722 [103]
  2978/4598: $4\ca30_step$func$../rtl/crypto/india_pdf_engine.v:259$17.ns[127:0]$2722 [102]
  2979/4598: $4\ca30_step$func$../rtl/crypto/india_pdf_engine.v:259$17.ns[127:0]$2722 [101]
  2980/4598: $4\ca30_step$func$../rtl/crypto/india_pdf_engine.v:259$17.ns[127:0]$2722 [100]
  2981/4598: $4\ca30_step$func$../rtl/crypto/india_pdf_engine.v:259$17.ns[127:0]$2722 [99]
  2982/4598: $4\ca30_step$func$../rtl/crypto/india_pdf_engine.v:259$17.ns[127:0]$2722 [98]
  2983/4598: $4\ca30_step$func$../rtl/crypto/india_pdf_engine.v:259$17.ns[127:0]$2722 [97]
  2984/4598: $4\ca30_step$func$../rtl/crypto/india_pdf_engine.v:259$17.ns[127:0]$2722 [96]
  2985/4598: $4\ca30_step$func$../rtl/crypto/india_pdf_engine.v:259$17.ns[127:0]$2722 [95]
  2986/4598: $4\ca30_step$func$../rtl/crypto/india_pdf_engine.v:259$17.ns[127:0]$2722 [94]
  2987/4598: $4\ca30_step$func$../rtl/crypto/india_pdf_engine.v:259$17.ns[127:0]$2722 [93]
  2988/4598: $4\ca30_step$func$../rtl/crypto/india_pdf_engine.v:259$17.ns[127:0]$2722 [92]
  2989/4598: $4\ca30_step$func$../rtl/crypto/india_pdf_engine.v:259$17.ns[127:0]$2722 [91]
  2990/4598: $4\ca30_step$func$../rtl/crypto/india_pdf_engine.v:259$17.ns[127:0]$2722 [90]
  2991/4598: $4\ca30_step$func$../rtl/crypto/india_pdf_engine.v:259$17.ns[127:0]$2722 [89]
  2992/4598: $4\ca30_step$func$../rtl/crypto/india_pdf_engine.v:259$17.ns[127:0]$2722 [88]
  2993/4598: $4\ca30_step$func$../rtl/crypto/india_pdf_engine.v:259$17.ns[127:0]$2722 [87]
  2994/4598: $4\ca30_step$func$../rtl/crypto/india_pdf_engine.v:259$17.ns[127:0]$2722 [86]
  2995/4598: $4\ca30_step$func$../rtl/crypto/india_pdf_engine.v:259$17.ns[127:0]$2722 [85]
  2996/4598: $4\ca30_step$func$../rtl/crypto/india_pdf_engine.v:259$17.ns[127:0]$2722 [84]
  2997/4598: $4\ca30_step$func$../rtl/crypto/india_pdf_engine.v:259$17.ns[127:0]$2722 [83]
  2998/4598: $4\ca30_step$func$../rtl/crypto/india_pdf_engine.v:259$17.ns[127:0]$2722 [82]
  2999/4598: $4\ca30_step$func$../rtl/crypto/india_pdf_engine.v:259$17.ns[127:0]$2722 [81]
  3000/4598: $4\ca30_step$func$../rtl/crypto/india_pdf_engine.v:259$17.ns[127:0]$2722 [80]
  3001/4598: $4\ca30_step$func$../rtl/crypto/india_pdf_engine.v:259$17.ns[127:0]$2722 [79]
  3002/4598: $4\ca30_step$func$../rtl/crypto/india_pdf_engine.v:259$17.ns[127:0]$2722 [78]
  3003/4598: $4\ca30_step$func$../rtl/crypto/india_pdf_engine.v:259$17.ns[127:0]$2722 [77]
  3004/4598: $4\ca30_step$func$../rtl/crypto/india_pdf_engine.v:259$17.ns[127:0]$2722 [76]
  3005/4598: $4\ca30_step$func$../rtl/crypto/india_pdf_engine.v:259$17.ns[127:0]$2722 [75]
  3006/4598: $4\ca30_step$func$../rtl/crypto/india_pdf_engine.v:259$17.ns[127:0]$2722 [74]
  3007/4598: $4\ca30_step$func$../rtl/crypto/india_pdf_engine.v:259$17.ns[127:0]$2722 [73]
  3008/4598: $4\ca30_step$func$../rtl/crypto/india_pdf_engine.v:259$17.ns[127:0]$2722 [72]
  3009/4598: $4\ca30_step$func$../rtl/crypto/india_pdf_engine.v:259$17.ns[127:0]$2722 [71]
  3010/4598: $4\ca30_step$func$../rtl/crypto/india_pdf_engine.v:259$17.ns[127:0]$2722 [70]
  3011/4598: $4\ca30_step$func$../rtl/crypto/india_pdf_engine.v:259$17.ns[127:0]$2722 [69]
  3012/4598: $4\ca30_step$func$../rtl/crypto/india_pdf_engine.v:259$17.ns[127:0]$2722 [68]
  3013/4598: $4\ca30_step$func$../rtl/crypto/india_pdf_engine.v:259$17.ns[127:0]$2722 [67]
  3014/4598: $4\ca30_step$func$../rtl/crypto/india_pdf_engine.v:259$17.ns[127:0]$2722 [66]
  3015/4598: $4\ca30_step$func$../rtl/crypto/india_pdf_engine.v:259$17.ns[127:0]$2722 [65]
  3016/4598: $4\ca30_step$func$../rtl/crypto/india_pdf_engine.v:259$17.ns[127:0]$2722 [64]
  3017/4598: $4\ca30_step$func$../rtl/crypto/india_pdf_engine.v:259$17.ns[127:0]$2722 [63]
  3018/4598: $4\ca30_step$func$../rtl/crypto/india_pdf_engine.v:259$17.ns[127:0]$2722 [62]
  3019/4598: $4\ca30_step$func$../rtl/crypto/india_pdf_engine.v:259$17.ns[127:0]$2722 [61]
  3020/4598: $4\ca30_step$func$../rtl/crypto/india_pdf_engine.v:259$17.ns[127:0]$2722 [60]
  3021/4598: $4\ca30_step$func$../rtl/crypto/india_pdf_engine.v:259$17.ns[127:0]$2722 [59]
  3022/4598: $4\ca30_step$func$../rtl/crypto/india_pdf_engine.v:259$17.ns[127:0]$2722 [58]
  3023/4598: $4\ca30_step$func$../rtl/crypto/india_pdf_engine.v:259$17.ns[127:0]$2722 [57]
  3024/4598: $4\ca30_step$func$../rtl/crypto/india_pdf_engine.v:259$17.ns[127:0]$2722 [56]
  3025/4598: $4\ca30_step$func$../rtl/crypto/india_pdf_engine.v:259$17.ns[127:0]$2722 [55]
  3026/4598: $4\ca30_step$func$../rtl/crypto/india_pdf_engine.v:259$17.ns[127:0]$2722 [54]
  3027/4598: $4\ca30_step$func$../rtl/crypto/india_pdf_engine.v:259$17.ns[127:0]$2722 [53]
  3028/4598: $4\ca30_step$func$../rtl/crypto/india_pdf_engine.v:259$17.ns[127:0]$2722 [52]
  3029/4598: $4\ca30_step$func$../rtl/crypto/india_pdf_engine.v:259$17.ns[127:0]$2722 [51]
  3030/4598: $4\ca30_step$func$../rtl/crypto/india_pdf_engine.v:259$17.ns[127:0]$2722 [50]
  3031/4598: $4\ca30_step$func$../rtl/crypto/india_pdf_engine.v:259$17.ns[127:0]$2722 [49]
  3032/4598: $4\ca30_step$func$../rtl/crypto/india_pdf_engine.v:259$17.ns[127:0]$2722 [48]
  3033/4598: $4\ca30_step$func$../rtl/crypto/india_pdf_engine.v:259$17.ns[127:0]$2722 [47]
  3034/4598: $4\ca30_step$func$../rtl/crypto/india_pdf_engine.v:259$17.ns[127:0]$2722 [46]
  3035/4598: $4\ca30_step$func$../rtl/crypto/india_pdf_engine.v:259$17.ns[127:0]$2722 [45]
  3036/4598: $4\ca30_step$func$../rtl/crypto/india_pdf_engine.v:259$17.ns[127:0]$2722 [44]
  3037/4598: $4\ca30_step$func$../rtl/crypto/india_pdf_engine.v:259$17.ns[127:0]$2722 [43]
  3038/4598: $4\ca30_step$func$../rtl/crypto/india_pdf_engine.v:259$17.ns[127:0]$2722 [42]
  3039/4598: $4\ca30_step$func$../rtl/crypto/india_pdf_engine.v:259$17.ns[127:0]$2722 [41]
  3040/4598: $4\ca30_step$func$../rtl/crypto/india_pdf_engine.v:259$17.ns[127:0]$2722 [40]
  3041/4598: $4\ca30_step$func$../rtl/crypto/india_pdf_engine.v:259$17.ns[127:0]$2722 [39]
  3042/4598: $4\ca30_step$func$../rtl/crypto/india_pdf_engine.v:259$17.ns[127:0]$2722 [38]
  3043/4598: $4\ca30_step$func$../rtl/crypto/india_pdf_engine.v:259$17.ns[127:0]$2722 [37]
  3044/4598: $4\ca30_step$func$../rtl/crypto/india_pdf_engine.v:259$17.ns[127:0]$2722 [36]
  3045/4598: $4\ca30_step$func$../rtl/crypto/india_pdf_engine.v:259$17.ns[127:0]$2722 [35]
  3046/4598: $4\ca30_step$func$../rtl/crypto/india_pdf_engine.v:259$17.ns[127:0]$2722 [34]
  3047/4598: $4\ca30_step$func$../rtl/crypto/india_pdf_engine.v:259$17.ns[127:0]$2722 [33]
  3048/4598: $4\ca30_step$func$../rtl/crypto/india_pdf_engine.v:259$17.ns[127:0]$2722 [32]
  3049/4598: $4\ca30_step$func$../rtl/crypto/india_pdf_engine.v:259$17.ns[127:0]$2722 [31]
  3050/4598: $4\ca30_step$func$../rtl/crypto/india_pdf_engine.v:259$17.ns[127:0]$2722 [30]
  3051/4598: $4\ca30_step$func$../rtl/crypto/india_pdf_engine.v:259$17.ns[127:0]$2722 [29]
  3052/4598: $4\ca30_step$func$../rtl/crypto/india_pdf_engine.v:259$17.ns[127:0]$2722 [28]
  3053/4598: $4\ca30_step$func$../rtl/crypto/india_pdf_engine.v:259$17.ns[127:0]$2722 [27]
  3054/4598: $4\ca30_step$func$../rtl/crypto/india_pdf_engine.v:259$17.ns[127:0]$2722 [26]
  3055/4598: $4\ca30_step$func$../rtl/crypto/india_pdf_engine.v:259$17.ns[127:0]$2722 [25]
  3056/4598: $4\ca30_step$func$../rtl/crypto/india_pdf_engine.v:259$17.ns[127:0]$2722 [24]
  3057/4598: $4\ca30_step$func$../rtl/crypto/india_pdf_engine.v:259$17.ns[127:0]$2722 [23]
  3058/4598: $4\ca30_step$func$../rtl/crypto/india_pdf_engine.v:259$17.ns[127:0]$2722 [22]
  3059/4598: $4\ca30_step$func$../rtl/crypto/india_pdf_engine.v:259$17.ns[127:0]$2722 [21]
  3060/4598: $4\ca30_step$func$../rtl/crypto/india_pdf_engine.v:259$17.ns[127:0]$2722 [20]
  3061/4598: $4\ca30_step$func$../rtl/crypto/india_pdf_engine.v:259$17.ns[127:0]$2722 [19]
  3062/4598: $4\ca30_step$func$../rtl/crypto/india_pdf_engine.v:259$17.ns[127:0]$2722 [18]
  3063/4598: $4\ca30_step$func$../rtl/crypto/india_pdf_engine.v:259$17.ns[127:0]$2722 [17]
  3064/4598: $4\ca30_step$func$../rtl/crypto/india_pdf_engine.v:259$17.ns[127:0]$2722 [16]
  3065/4598: $4\ca30_step$func$../rtl/crypto/india_pdf_engine.v:259$17.ns[127:0]$2722 [15]
  3066/4598: $4\ca30_step$func$../rtl/crypto/india_pdf_engine.v:259$17.ns[127:0]$2722 [14]
  3067/4598: $4\ca30_step$func$../rtl/crypto/india_pdf_engine.v:259$17.ns[127:0]$2722 [13]
  3068/4598: $4\ca30_step$func$../rtl/crypto/india_pdf_engine.v:259$17.ns[127:0]$2722 [12]
  3069/4598: $4\ca30_step$func$../rtl/crypto/india_pdf_engine.v:259$17.ns[127:0]$2722 [11]
  3070/4598: $4\ca30_step$func$../rtl/crypto/india_pdf_engine.v:259$17.ns[127:0]$2722 [10]
  3071/4598: $4\ca30_step$func$../rtl/crypto/india_pdf_engine.v:259$17.ns[127:0]$2722 [9]
  3072/4598: $4\ca30_step$func$../rtl/crypto/india_pdf_engine.v:259$17.ns[127:0]$2722 [8]
  3073/4598: $4\ca30_step$func$../rtl/crypto/india_pdf_engine.v:259$17.ns[127:0]$2722 [7]
  3074/4598: $4\ca30_step$func$../rtl/crypto/india_pdf_engine.v:259$17.ns[127:0]$2722 [6]
  3075/4598: $4\ca30_step$func$../rtl/crypto/india_pdf_engine.v:259$17.ns[127:0]$2722 [5]
  3076/4598: $4\ca30_step$func$../rtl/crypto/india_pdf_engine.v:259$17.ns[127:0]$2722 [4]
  3077/4598: $4\ca30_step$func$../rtl/crypto/india_pdf_engine.v:259$17.ns[127:0]$2722 [3]
  3078/4598: $4\ca30_step$func$../rtl/crypto/india_pdf_engine.v:259$17.ns[127:0]$2722 [2]
  3079/4598: $4\ca30_step$func$../rtl/crypto/india_pdf_engine.v:259$17.ns[127:0]$2722 [1]
  3080/4598: $4\ca30_step$func$../rtl/crypto/india_pdf_engine.v:259$17.ns[127:0]$2722 [0]
  3081/4598: $4\ca30_8rounds$func$../rtl/crypto/india_pdf_engine.v:772$16.$result[127:0]$2717
  3082/4598: $4\ca30_step$func$../rtl/crypto/india_pdf_engine.v:259$17.s[127:0]$2721
  3083/4598: $4\ca30_8rounds$func$../rtl/crypto/india_pdf_engine.v:772$16.s[127:0]$2718
  3084/4598: $4\ca30_step$func$../rtl/crypto/india_pdf_engine.v:266$33.i[31:0]$2786
  3085/4598: $4\ca30_step$func$../rtl/crypto/india_pdf_engine.v:265$32.ns[127:0]$2781 [127]
  3086/4598: $4\ca30_step$func$../rtl/crypto/india_pdf_engine.v:266$33.s[127:0]$2784
  3087/4598: $4\ca30_step$func$../rtl/crypto/india_pdf_engine.v:266$33.$result[127:0]$2783
  3088/4598: $4\ca30_step$func$../rtl/crypto/india_pdf_engine.v:265$32.i[31:0]$2782
  3089/4598: $4\ca30_step$func$../rtl/crypto/india_pdf_engine.v:264$31.ns[127:0]$2777 [127]
  3090/4598: $4\ca30_step$func$../rtl/crypto/india_pdf_engine.v:265$32.s[127:0]$2780
  3091/4598: $4\ca30_step$func$../rtl/crypto/india_pdf_engine.v:265$32.$result[127:0]$2779
  3092/4598: $4\ca30_step$func$../rtl/crypto/india_pdf_engine.v:264$31.i[31:0]$2778
  3093/4598: $4\ca30_step$func$../rtl/crypto/india_pdf_engine.v:263$30.ns[127:0]$2773 [127]
  3094/4598: $4\ca30_step$func$../rtl/crypto/india_pdf_engine.v:264$31.s[127:0]$2776
  3095/4598: $4\ca30_step$func$../rtl/crypto/india_pdf_engine.v:264$31.$result[127:0]$2775
  3096/4598: $4\ca30_step$func$../rtl/crypto/india_pdf_engine.v:263$30.i[31:0]$2774
  3097/4598: $4\ca30_step$func$../rtl/crypto/india_pdf_engine.v:262$29.ns[127:0]$2769 [127]
  3098/4598: $4\ca30_step$func$../rtl/crypto/india_pdf_engine.v:263$30.s[127:0]$2772
  3099/4598: $4\ca30_step$func$../rtl/crypto/india_pdf_engine.v:263$30.$result[127:0]$2771
  3100/4598: $4\ca30_step$func$../rtl/crypto/india_pdf_engine.v:262$29.i[31:0]$2770
  3101/4598: $4\ca30_step$func$../rtl/crypto/india_pdf_engine.v:261$28.ns[127:0]$2765 [127]
  3102/4598: $4\ca30_step$func$../rtl/crypto/india_pdf_engine.v:262$29.s[127:0]$2768
  3103/4598: $4\ca30_step$func$../rtl/crypto/india_pdf_engine.v:262$29.$result[127:0]$2767
  3104/4598: $4\ca30_step$func$../rtl/crypto/india_pdf_engine.v:261$28.i[31:0]$2766
  3105/4598: $4\ca30_step$func$../rtl/crypto/india_pdf_engine.v:260$27.ns[127:0]$2761 [127]
  3106/4598: $4\ca30_step$func$../rtl/crypto/india_pdf_engine.v:261$28.s[127:0]$2764
  3107/4598: $4\ca30_step$func$../rtl/crypto/india_pdf_engine.v:261$28.$result[127:0]$2763
  3108/4598: $4\ca30_step$func$../rtl/crypto/india_pdf_engine.v:260$27.i[31:0]$2762
  3109/4598: $4\ca30_step$func$../rtl/crypto/india_pdf_engine.v:259$26.ns[127:0]$2757 [127]
  3110/4598: $4\ca30_step$func$../rtl/crypto/india_pdf_engine.v:260$27.s[127:0]$2760
  3111/4598: $4\ca30_step$func$../rtl/crypto/india_pdf_engine.v:260$27.$result[127:0]$2759
  3112/4598: $4\ca30_step$func$../rtl/crypto/india_pdf_engine.v:259$26.i[31:0]$2758
  3113/4598: $4\ca30_step$func$../rtl/crypto/india_pdf_engine.v:266$24.ns[127:0]$2750 [127]
  3114/4598: $4\ca30_step$func$../rtl/crypto/india_pdf_engine.v:259$26.s[127:0]$2756
  3115/4598: $4\ca30_step$func$../rtl/crypto/india_pdf_engine.v:259$26.$result[127:0]$2755
  3116/4598: $4\ca30_8rounds$func$../rtl/crypto/india_pdf_engine.v:774$25.t[127:0]$2754
  3117/4598: $4\ca30_8rounds$func$../rtl/crypto/india_pdf_engine.v:774$25.s[127:0]$2753
  3118/4598: $4\ca30_8rounds$func$../rtl/crypto/india_pdf_engine.v:774$25.$result[127:0]$2752
  3119/4598: $3\ca30_step$func$../rtl/crypto/india_pdf_engine.v:266$33.i[31:0]$2714
  3120/4598: $3\ca30_step$func$../rtl/crypto/india_pdf_engine.v:266$33.ns[127:0]$2713
  3121/4598: $3\ca30_step$func$../rtl/crypto/india_pdf_engine.v:266$33.s[127:0]$2712
  3122/4598: $3\ca30_step$func$../rtl/crypto/india_pdf_engine.v:266$33.$result[127:0]$2711
  3123/4598: $3\ca30_step$func$../rtl/crypto/india_pdf_engine.v:265$32.i[31:0]$2710
  3124/4598: $3\ca30_step$func$../rtl/crypto/india_pdf_engine.v:265$32.ns[127:0]$2709
  3125/4598: $3\ca30_step$func$../rtl/crypto/india_pdf_engine.v:265$32.s[127:0]$2708
  3126/4598: $3\ca30_step$func$../rtl/crypto/india_pdf_engine.v:265$32.$result[127:0]$2707
  3127/4598: $3\ca30_step$func$../rtl/crypto/india_pdf_engine.v:264$31.i[31:0]$2706
  3128/4598: $3\ca30_step$func$../rtl/crypto/india_pdf_engine.v:264$31.ns[127:0]$2705
  3129/4598: $3\ca30_step$func$../rtl/crypto/india_pdf_engine.v:264$31.s[127:0]$2704
  3130/4598: $3\ca30_step$func$../rtl/crypto/india_pdf_engine.v:264$31.$result[127:0]$2703
  3131/4598: $3\ca30_step$func$../rtl/crypto/india_pdf_engine.v:263$30.i[31:0]$2702
  3132/4598: $3\ca30_step$func$../rtl/crypto/india_pdf_engine.v:263$30.ns[127:0]$2701
  3133/4598: $3\ca30_step$func$../rtl/crypto/india_pdf_engine.v:263$30.s[127:0]$2700
  3134/4598: $3\ca30_step$func$../rtl/crypto/india_pdf_engine.v:263$30.$result[127:0]$2699
  3135/4598: $3\ca30_step$func$../rtl/crypto/india_pdf_engine.v:262$29.i[31:0]$2698
  3136/4598: $3\ca30_step$func$../rtl/crypto/india_pdf_engine.v:262$29.ns[127:0]$2697
  3137/4598: $3\ca30_step$func$../rtl/crypto/india_pdf_engine.v:262$29.s[127:0]$2696
  3138/4598: $3\ca30_step$func$../rtl/crypto/india_pdf_engine.v:262$29.$result[127:0]$2695
  3139/4598: $3\ca30_step$func$../rtl/crypto/india_pdf_engine.v:261$28.i[31:0]$2694
  3140/4598: $3\ca30_step$func$../rtl/crypto/india_pdf_engine.v:261$28.ns[127:0]$2693
  3141/4598: $3\ca30_step$func$../rtl/crypto/india_pdf_engine.v:261$28.s[127:0]$2692
  3142/4598: $3\ca30_step$func$../rtl/crypto/india_pdf_engine.v:261$28.$result[127:0]$2691
  3143/4598: $3\ca30_step$func$../rtl/crypto/india_pdf_engine.v:260$27.i[31:0]$2690
  3144/4598: $3\ca30_step$func$../rtl/crypto/india_pdf_engine.v:260$27.ns[127:0]$2689
  3145/4598: $3\ca30_step$func$../rtl/crypto/india_pdf_engine.v:260$27.s[127:0]$2688
  3146/4598: $3\ca30_step$func$../rtl/crypto/india_pdf_engine.v:260$27.$result[127:0]$2687
  3147/4598: $3\ca30_step$func$../rtl/crypto/india_pdf_engine.v:259$26.i[31:0]$2686
  3148/4598: $3\ca30_step$func$../rtl/crypto/india_pdf_engine.v:259$26.ns[127:0]$2685
  3149/4598: $3\ca30_step$func$../rtl/crypto/india_pdf_engine.v:259$26.s[127:0]$2684
  3150/4598: $3\ca30_step$func$../rtl/crypto/india_pdf_engine.v:259$26.$result[127:0]$2683
  3151/4598: $3\ca30_8rounds$func$../rtl/crypto/india_pdf_engine.v:774$25.t[127:0]$2682
  3152/4598: $3\ca30_8rounds$func$../rtl/crypto/india_pdf_engine.v:774$25.s[127:0]$2681
  3153/4598: $3\ca30_8rounds$func$../rtl/crypto/india_pdf_engine.v:774$25.$result[127:0]$2680
  3154/4598: $3\ca30_step$func$../rtl/crypto/india_pdf_engine.v:266$24.i[31:0]$2679
  3155/4598: $3\ca30_step$func$../rtl/crypto/india_pdf_engine.v:266$24.ns[127:0]$2678
  3156/4598: $3\ca30_step$func$../rtl/crypto/india_pdf_engine.v:266$24.s[127:0]$2677
  3157/4598: $3\ca30_step$func$../rtl/crypto/india_pdf_engine.v:266$24.$result[127:0]$2676
  3158/4598: $3\ca30_step$func$../rtl/crypto/india_pdf_engine.v:265$23.i[31:0]$2675
  3159/4598: $3\ca30_step$func$../rtl/crypto/india_pdf_engine.v:265$23.ns[127:0]$2674
  3160/4598: $3\ca30_step$func$../rtl/crypto/india_pdf_engine.v:265$23.s[127:0]$2673
  3161/4598: $3\ca30_step$func$../rtl/crypto/india_pdf_engine.v:265$23.$result[127:0]$2672
  3162/4598: $3\ca30_step$func$../rtl/crypto/india_pdf_engine.v:264$22.i[31:0]$2671
  3163/4598: $3\ca30_step$func$../rtl/crypto/india_pdf_engine.v:264$22.ns[127:0]$2670
  3164/4598: $3\ca30_step$func$../rtl/crypto/india_pdf_engine.v:264$22.s[127:0]$2669
  3165/4598: $3\ca30_step$func$../rtl/crypto/india_pdf_engine.v:264$22.$result[127:0]$2668
  3166/4598: $3\ca30_step$func$../rtl/crypto/india_pdf_engine.v:263$21.i[31:0]$2667
  3167/4598: $3\ca30_step$func$../rtl/crypto/india_pdf_engine.v:263$21.ns[127:0]$2666
  3168/4598: $3\ca30_step$func$../rtl/crypto/india_pdf_engine.v:263$21.s[127:0]$2665
  3169/4598: $3\ca30_step$func$../rtl/crypto/india_pdf_engine.v:263$21.$result[127:0]$2664
  3170/4598: $3\ca30_step$func$../rtl/crypto/india_pdf_engine.v:262$20.i[31:0]$2663
  3171/4598: $3\ca30_step$func$../rtl/crypto/india_pdf_engine.v:262$20.ns[127:0]$2662
  3172/4598: $3\ca30_step$func$../rtl/crypto/india_pdf_engine.v:262$20.s[127:0]$2661
  3173/4598: $3\ca30_step$func$../rtl/crypto/india_pdf_engine.v:262$20.$result[127:0]$2660
  3174/4598: $3\ca30_step$func$../rtl/crypto/india_pdf_engine.v:261$19.i[31:0]$2659
  3175/4598: $3\ca30_step$func$../rtl/crypto/india_pdf_engine.v:261$19.ns[127:0]$2658
  3176/4598: $3\ca30_step$func$../rtl/crypto/india_pdf_engine.v:261$19.s[127:0]$2657
  3177/4598: $3\ca30_step$func$../rtl/crypto/india_pdf_engine.v:261$19.$result[127:0]$2656
  3178/4598: $3\ca30_step$func$../rtl/crypto/india_pdf_engine.v:260$18.i[31:0]$2655
  3179/4598: $3\ca30_step$func$../rtl/crypto/india_pdf_engine.v:260$18.ns[127:0]$2654
  3180/4598: $3\ca30_step$func$../rtl/crypto/india_pdf_engine.v:260$18.s[127:0]$2653
  3181/4598: $3\ca30_step$func$../rtl/crypto/india_pdf_engine.v:260$18.$result[127:0]$2652
  3182/4598: $3\ca30_step$func$../rtl/crypto/india_pdf_engine.v:259$17.i[31:0]$2651
  3183/4598: $3\ca30_step$func$../rtl/crypto/india_pdf_engine.v:259$17.ns[127:0]$2650
  3184/4598: $3\ca30_step$func$../rtl/crypto/india_pdf_engine.v:259$17.s[127:0]$2649
  3185/4598: $3\ca30_step$func$../rtl/crypto/india_pdf_engine.v:259$17.$result[127:0]$2648
  3186/4598: $3\ca30_8rounds$func$../rtl/crypto/india_pdf_engine.v:772$16.t[127:0]$2647
  3187/4598: $3\ca30_8rounds$func$../rtl/crypto/india_pdf_engine.v:772$16.s[127:0]$2646
  3188/4598: $3\ca30_8rounds$func$../rtl/crypto/india_pdf_engine.v:772$16.$result[127:0]$2645
  3189/4598: $2\ca30_step$func$../rtl/crypto/india_pdf_engine.v:266$12.ns[127:0]$446 [118]
  3190/4598: $0\data_buf[127:0] [31:0]
  3191/4598: $0\data_buf[127:0] [95:64]
  3192/4598: $0\data_buf[127:0] [127:96]
  3193/4598: $3\build_header_block$func$../rtl/crypto/india_pdf_engine.v:670$14.dlo[31:0]$2635
  3194/4598: $3\build_header_block$func$../rtl/crypto/india_pdf_engine.v:670$14.dhi[31:0]$2634
  3195/4598: $3\build_header_block$func$../rtl/crypto/india_pdf_engine.v:670$14.plen[31:0]$2633
  3196/4598: $3\build_header_block$func$../rtl/crypto/india_pdf_engine.v:670$14.al[1:0]$2632
  3197/4598: $3\build_header_block$func$../rtl/crypto/india_pdf_engine.v:670$14.am[1:0]$2631
  3198/4598: $2\ca30_step$func$../rtl/crypto/india_pdf_engine.v:266$12.ns[127:0]$446 [114]
  3199/4598: $2\ca30_step$func$../rtl/crypto/india_pdf_engine.v:266$12.ns[127:0]$446 [112]
  3200/4598: $2\ca30_step$func$../rtl/crypto/india_pdf_engine.v:266$12.ns[127:0]$446 [111]
  3201/4598: $2\ca30_step$func$../rtl/crypto/india_pdf_engine.v:266$12.ns[127:0]$446 [110]
  3202/4598: $2\ca30_step$func$../rtl/crypto/india_pdf_engine.v:266$12.ns[127:0]$446 [109]
  3203/4598: $2\ca30_step$func$../rtl/crypto/india_pdf_engine.v:266$12.ns[127:0]$446 [108]
  3204/4598: $2\ca30_step$func$../rtl/crypto/india_pdf_engine.v:266$12.ns[127:0]$446 [107]
  3205/4598: $2\ca30_step$func$../rtl/crypto/india_pdf_engine.v:266$12.ns[127:0]$446 [106]
  3206/4598: $2\ca30_step$func$../rtl/crypto/india_pdf_engine.v:266$12.ns[127:0]$446 [105]
  3207/4598: $2\ca30_step$func$../rtl/crypto/india_pdf_engine.v:266$12.ns[127:0]$446 [104]
  3208/4598: $2\ca30_step$func$../rtl/crypto/india_pdf_engine.v:266$12.ns[127:0]$446 [103]
  3209/4598: $2\ca30_step$func$../rtl/crypto/india_pdf_engine.v:266$12.ns[127:0]$446 [102]
  3210/4598: $2\ca30_step$func$../rtl/crypto/india_pdf_engine.v:266$12.ns[127:0]$446 [101]
  3211/4598: $2\ca30_step$func$../rtl/crypto/india_pdf_engine.v:266$12.ns[127:0]$446 [100]
  3212/4598: $2\ca30_step$func$../rtl/crypto/india_pdf_engine.v:266$12.ns[127:0]$446 [99]
  3213/4598: $2\ca30_step$func$../rtl/crypto/india_pdf_engine.v:266$12.ns[127:0]$446 [98]
  3214/4598: $2\ca30_step$func$../rtl/crypto/india_pdf_engine.v:266$12.ns[127:0]$446 [97]
  3215/4598: $2\ca30_step$func$../rtl/crypto/india_pdf_engine.v:266$12.ns[127:0]$446 [96]
  3216/4598: $2\ca30_step$func$../rtl/crypto/india_pdf_engine.v:266$12.ns[127:0]$446 [95]
  3217/4598: $2\ca30_step$func$../rtl/crypto/india_pdf_engine.v:266$12.ns[127:0]$446 [94]
  3218/4598: $2\ca30_step$func$../rtl/crypto/india_pdf_engine.v:266$12.ns[127:0]$446 [93]
  3219/4598: $2\ca30_step$func$../rtl/crypto/india_pdf_engine.v:266$12.ns[127:0]$446 [92]
  3220/4598: $2\ca30_step$func$../rtl/crypto/india_pdf_engine.v:266$12.ns[127:0]$446 [91]
  3221/4598: $2\ca30_step$func$../rtl/crypto/india_pdf_engine.v:266$12.ns[127:0]$446 [90]
  3222/4598: $2\ca30_step$func$../rtl/crypto/india_pdf_engine.v:266$12.ns[127:0]$446 [89]
  3223/4598: $2\ca30_step$func$../rtl/crypto/india_pdf_engine.v:266$12.ns[127:0]$446 [88]
  3224/4598: $2\ca30_step$func$../rtl/crypto/india_pdf_engine.v:266$12.ns[127:0]$446 [87]
  3225/4598: $2\ca30_step$func$../rtl/crypto/india_pdf_engine.v:266$12.ns[127:0]$446 [86]
  3226/4598: $2\ca30_step$func$../rtl/crypto/india_pdf_engine.v:266$12.ns[127:0]$446 [85]
  3227/4598: $2\ca30_step$func$../rtl/crypto/india_pdf_engine.v:266$12.ns[127:0]$446 [84]
  3228/4598: $2\ca30_step$func$../rtl/crypto/india_pdf_engine.v:266$12.ns[127:0]$446 [83]
  3229/4598: $2\ca30_step$func$../rtl/crypto/india_pdf_engine.v:266$12.ns[127:0]$446 [82]
  3230/4598: $2\ca30_step$func$../rtl/crypto/india_pdf_engine.v:266$12.ns[127:0]$446 [81]
  3231/4598: $2\ca30_step$func$../rtl/crypto/india_pdf_engine.v:266$12.ns[127:0]$446 [80]
  3232/4598: $2\ca30_step$func$../rtl/crypto/india_pdf_engine.v:266$12.ns[127:0]$446 [79]
  3233/4598: $2\ca30_step$func$../rtl/crypto/india_pdf_engine.v:266$12.ns[127:0]$446 [78]
  3234/4598: $2\ca30_step$func$../rtl/crypto/india_pdf_engine.v:266$12.ns[127:0]$446 [77]
  3235/4598: $2\ca30_step$func$../rtl/crypto/india_pdf_engine.v:266$12.ns[127:0]$446 [76]
  3236/4598: $2\ca30_step$func$../rtl/crypto/india_pdf_engine.v:266$12.ns[127:0]$446 [75]
  3237/4598: $2\ca30_step$func$../rtl/crypto/india_pdf_engine.v:266$12.ns[127:0]$446 [74]
  3238/4598: $2\ca30_step$func$../rtl/crypto/india_pdf_engine.v:266$12.ns[127:0]$446 [73]
  3239/4598: $2\ca30_step$func$../rtl/crypto/india_pdf_engine.v:266$12.ns[127:0]$446 [72]
  3240/4598: $2\ca30_step$func$../rtl/crypto/india_pdf_engine.v:266$12.ns[127:0]$446 [71]
  3241/4598: $2\ca30_step$func$../rtl/crypto/india_pdf_engine.v:266$12.ns[127:0]$446 [70]
  3242/4598: $2\ca30_step$func$../rtl/crypto/india_pdf_engine.v:266$12.ns[127:0]$446 [69]
  3243/4598: $2\ca30_step$func$../rtl/crypto/india_pdf_engine.v:266$12.ns[127:0]$446 [68]
  3244/4598: $2\ca30_step$func$../rtl/crypto/india_pdf_engine.v:266$12.ns[127:0]$446 [67]
  3245/4598: $2\ca30_step$func$../rtl/crypto/india_pdf_engine.v:266$12.ns[127:0]$446 [66]
  3246/4598: $2\ca30_step$func$../rtl/crypto/india_pdf_engine.v:266$12.ns[127:0]$446 [65]
  3247/4598: $2\ca30_step$func$../rtl/crypto/india_pdf_engine.v:266$12.ns[127:0]$446 [64]
  3248/4598: $2\ca30_step$func$../rtl/crypto/india_pdf_engine.v:266$12.ns[127:0]$446 [63]
  3249/4598: $2\ca30_step$func$../rtl/crypto/india_pdf_engine.v:266$12.ns[127:0]$446 [62]
  3250/4598: $2\ca30_step$func$../rtl/crypto/india_pdf_engine.v:266$12.ns[127:0]$446 [61]
  3251/4598: $2\ca30_step$func$../rtl/crypto/india_pdf_engine.v:266$12.ns[127:0]$446 [60]
  3252/4598: $2\ca30_step$func$../rtl/crypto/india_pdf_engine.v:266$12.ns[127:0]$446 [59]
  3253/4598: $2\ca30_step$func$../rtl/crypto/india_pdf_engine.v:266$12.ns[127:0]$446 [58]
  3254/4598: $2\ca30_step$func$../rtl/crypto/india_pdf_engine.v:266$12.ns[127:0]$446 [57]
  3255/4598: $2\ca30_step$func$../rtl/crypto/india_pdf_engine.v:266$12.ns[127:0]$446 [56]
  3256/4598: $2\ca30_step$func$../rtl/crypto/india_pdf_engine.v:266$12.ns[127:0]$446 [55]
  3257/4598: $2\ca30_step$func$../rtl/crypto/india_pdf_engine.v:266$12.ns[127:0]$446 [54]
  3258/4598: $2\ca30_step$func$../rtl/crypto/india_pdf_engine.v:266$12.ns[127:0]$446 [53]
  3259/4598: $2\ca30_step$func$../rtl/crypto/india_pdf_engine.v:266$12.ns[127:0]$446 [52]
  3260/4598: $2\ca30_step$func$../rtl/crypto/india_pdf_engine.v:266$12.ns[127:0]$446 [51]
  3261/4598: $2\ca30_step$func$../rtl/crypto/india_pdf_engine.v:266$12.ns[127:0]$446 [50]
  3262/4598: $2\ca30_step$func$../rtl/crypto/india_pdf_engine.v:266$12.ns[127:0]$446 [49]
  3263/4598: $2\ca30_step$func$../rtl/crypto/india_pdf_engine.v:266$12.ns[127:0]$446 [48]
  3264/4598: $2\ca30_step$func$../rtl/crypto/india_pdf_engine.v:266$12.ns[127:0]$446 [47]
  3265/4598: $2\ca30_step$func$../rtl/crypto/india_pdf_engine.v:266$12.ns[127:0]$446 [46]
  3266/4598: $2\ca30_step$func$../rtl/crypto/india_pdf_engine.v:266$12.ns[127:0]$446 [45]
  3267/4598: $2\ca30_step$func$../rtl/crypto/india_pdf_engine.v:266$12.ns[127:0]$446 [44]
  3268/4598: $2\ca30_step$func$../rtl/crypto/india_pdf_engine.v:266$12.ns[127:0]$446 [43]
  3269/4598: $2\ca30_step$func$../rtl/crypto/india_pdf_engine.v:266$12.ns[127:0]$446 [42]
  3270/4598: $2\ca30_step$func$../rtl/crypto/india_pdf_engine.v:266$12.ns[127:0]$446 [41]
  3271/4598: $2\ca30_step$func$../rtl/crypto/india_pdf_engine.v:266$12.ns[127:0]$446 [40]
  3272/4598: $2\ca30_step$func$../rtl/crypto/india_pdf_engine.v:266$12.ns[127:0]$446 [39]
  3273/4598: $2\ca30_step$func$../rtl/crypto/india_pdf_engine.v:266$12.ns[127:0]$446 [38]
  3274/4598: $2\ca30_step$func$../rtl/crypto/india_pdf_engine.v:266$12.ns[127:0]$446 [37]
  3275/4598: $2\ca30_step$func$../rtl/crypto/india_pdf_engine.v:266$12.ns[127:0]$446 [36]
  3276/4598: $2\ca30_step$func$../rtl/crypto/india_pdf_engine.v:266$12.ns[127:0]$446 [35]
  3277/4598: $2\ca30_step$func$../rtl/crypto/india_pdf_engine.v:266$12.ns[127:0]$446 [34]
  3278/4598: $2\ca30_step$func$../rtl/crypto/india_pdf_engine.v:266$12.ns[127:0]$446 [33]
  3279/4598: $2\ca30_step$func$../rtl/crypto/india_pdf_engine.v:266$12.ns[127:0]$446 [32]
  3280/4598: $2\ca30_step$func$../rtl/crypto/india_pdf_engine.v:266$12.ns[127:0]$446 [31]
  3281/4598: $2\ca30_step$func$../rtl/crypto/india_pdf_engine.v:266$12.ns[127:0]$446 [30]
  3282/4598: $2\ca30_step$func$../rtl/crypto/india_pdf_engine.v:266$12.ns[127:0]$446 [29]
  3283/4598: $2\ca30_step$func$../rtl/crypto/india_pdf_engine.v:266$12.ns[127:0]$446 [28]
  3284/4598: $2\ca30_step$func$../rtl/crypto/india_pdf_engine.v:266$12.ns[127:0]$446 [27]
  3285/4598: $2\ca30_step$func$../rtl/crypto/india_pdf_engine.v:266$12.ns[127:0]$446 [26]
  3286/4598: $2\ca30_step$func$../rtl/crypto/india_pdf_engine.v:266$12.ns[127:0]$446 [25]
  3287/4598: $2\ca30_step$func$../rtl/crypto/india_pdf_engine.v:266$12.ns[127:0]$446 [24]
  3288/4598: $2\ca30_step$func$../rtl/crypto/india_pdf_engine.v:266$12.ns[127:0]$446 [23]
  3289/4598: $2\ca30_step$func$../rtl/crypto/india_pdf_engine.v:266$12.ns[127:0]$446 [22]
  3290/4598: $2\ca30_step$func$../rtl/crypto/india_pdf_engine.v:266$12.ns[127:0]$446 [21]
  3291/4598: $2\ca30_step$func$../rtl/crypto/india_pdf_engine.v:266$12.ns[127:0]$446 [20]
  3292/4598: $2\ca30_step$func$../rtl/crypto/india_pdf_engine.v:266$12.ns[127:0]$446 [19]
  3293/4598: $2\ca30_step$func$../rtl/crypto/india_pdf_engine.v:266$12.ns[127:0]$446 [18]
  3294/4598: $2\ca30_step$func$../rtl/crypto/india_pdf_engine.v:266$12.ns[127:0]$446 [17]
  3295/4598: $2\ca30_step$func$../rtl/crypto/india_pdf_engine.v:266$12.ns[127:0]$446 [16]
  3296/4598: $2\ca30_step$func$../rtl/crypto/india_pdf_engine.v:266$12.ns[127:0]$446 [15]
  3297/4598: $2\ca30_step$func$../rtl/crypto/india_pdf_engine.v:266$12.ns[127:0]$446 [14]
  3298/4598: $2\ca30_step$func$../rtl/crypto/india_pdf_engine.v:266$12.ns[127:0]$446 [13]
  3299/4598: $2\ca30_step$func$../rtl/crypto/india_pdf_engine.v:266$12.ns[127:0]$446 [12]
  3300/4598: $2\ca30_step$func$../rtl/crypto/india_pdf_engine.v:266$12.ns[127:0]$446 [11]
  3301/4598: $2\ca30_step$func$../rtl/crypto/india_pdf_engine.v:266$12.ns[127:0]$446 [10]
  3302/4598: $2\ca30_step$func$../rtl/crypto/india_pdf_engine.v:266$12.ns[127:0]$446 [9]
  3303/4598: $2\ca30_step$func$../rtl/crypto/india_pdf_engine.v:266$12.ns[127:0]$446 [8]
  3304/4598: $2\ca30_step$func$../rtl/crypto/india_pdf_engine.v:266$12.ns[127:0]$446 [7]
  3305/4598: $2\ca30_step$func$../rtl/crypto/india_pdf_engine.v:266$12.ns[127:0]$446 [6]
  3306/4598: $2\ca30_step$func$../rtl/crypto/india_pdf_engine.v:266$12.ns[127:0]$446 [5]
  3307/4598: $2\ca30_step$func$../rtl/crypto/india_pdf_engine.v:266$12.ns[127:0]$446 [4]
  3308/4598: $2\ca30_step$func$../rtl/crypto/india_pdf_engine.v:266$12.ns[127:0]$446 [3]
  3309/4598: $2\ca30_step$func$../rtl/crypto/india_pdf_engine.v:266$12.ns[127:0]$446 [2]
  3310/4598: $2\ca30_step$func$../rtl/crypto/india_pdf_engine.v:266$12.ns[127:0]$446 [1]
  3311/4598: $2\ca30_step$func$../rtl/crypto/india_pdf_engine.v:266$12.ns[127:0]$446 [0]
  3312/4598: $2\ca30_step$func$../rtl/crypto/india_pdf_engine.v:265$11.ns[127:0]$442 [127]
  3313/4598: $2\ca30_step$func$../rtl/crypto/india_pdf_engine.v:265$11.ns[127:0]$442 [126]
  3314/4598: $2\ca30_step$func$../rtl/crypto/india_pdf_engine.v:265$11.ns[127:0]$442 [125]
  3315/4598: $2\ca30_step$func$../rtl/crypto/india_pdf_engine.v:265$11.ns[127:0]$442 [124]
  3316/4598: $2\ca30_step$func$../rtl/crypto/india_pdf_engine.v:265$11.ns[127:0]$442 [123]
  3317/4598: $2\ca30_step$func$../rtl/crypto/india_pdf_engine.v:265$11.ns[127:0]$442 [122]
  3318/4598: $2\ca30_step$func$../rtl/crypto/india_pdf_engine.v:265$11.ns[127:0]$442 [121]
  3319/4598: $2\ca30_step$func$../rtl/crypto/india_pdf_engine.v:265$11.ns[127:0]$442 [120]
  3320/4598: $2\ca30_step$func$../rtl/crypto/india_pdf_engine.v:265$11.ns[127:0]$442 [119]
  3321/4598: $2\ca30_step$func$../rtl/crypto/india_pdf_engine.v:265$11.ns[127:0]$442 [118]
  3322/4598: $2\ca30_step$func$../rtl/crypto/india_pdf_engine.v:265$11.ns[127:0]$442 [117]
  3323/4598: $2\ca30_step$func$../rtl/crypto/india_pdf_engine.v:265$11.ns[127:0]$442 [116]
  3324/4598: $2\ca30_step$func$../rtl/crypto/india_pdf_engine.v:265$11.ns[127:0]$442 [115]
  3325/4598: $2\ca30_step$func$../rtl/crypto/india_pdf_engine.v:265$11.ns[127:0]$442 [114]
  3326/4598: $2\ca30_step$func$../rtl/crypto/india_pdf_engine.v:265$11.ns[127:0]$442 [112]
  3327/4598: $2\ca30_step$func$../rtl/crypto/india_pdf_engine.v:265$11.ns[127:0]$442 [111]
  3328/4598: $2\ca30_step$func$../rtl/crypto/india_pdf_engine.v:265$11.ns[127:0]$442 [110]
  3329/4598: $2\ca30_step$func$../rtl/crypto/india_pdf_engine.v:265$11.ns[127:0]$442 [109]
  3330/4598: $2\ca30_step$func$../rtl/crypto/india_pdf_engine.v:265$11.ns[127:0]$442 [108]
  3331/4598: $2\ca30_step$func$../rtl/crypto/india_pdf_engine.v:265$11.ns[127:0]$442 [107]
  3332/4598: $2\ca30_step$func$../rtl/crypto/india_pdf_engine.v:265$11.ns[127:0]$442 [106]
  3333/4598: $2\ca30_step$func$../rtl/crypto/india_pdf_engine.v:265$11.ns[127:0]$442 [105]
  3334/4598: $2\ca30_step$func$../rtl/crypto/india_pdf_engine.v:265$11.ns[127:0]$442 [104]
  3335/4598: $2\ca30_step$func$../rtl/crypto/india_pdf_engine.v:265$11.ns[127:0]$442 [103]
  3336/4598: $2\ca30_step$func$../rtl/crypto/india_pdf_engine.v:265$11.ns[127:0]$442 [102]
  3337/4598: $2\ca30_step$func$../rtl/crypto/india_pdf_engine.v:265$11.ns[127:0]$442 [101]
  3338/4598: $2\ca30_step$func$../rtl/crypto/india_pdf_engine.v:265$11.ns[127:0]$442 [100]
  3339/4598: $2\ca30_step$func$../rtl/crypto/india_pdf_engine.v:265$11.ns[127:0]$442 [99]
  3340/4598: $2\ca30_step$func$../rtl/crypto/india_pdf_engine.v:265$11.ns[127:0]$442 [98]
  3341/4598: $2\ca30_step$func$../rtl/crypto/india_pdf_engine.v:265$11.ns[127:0]$442 [97]
  3342/4598: $2\ca30_step$func$../rtl/crypto/india_pdf_engine.v:265$11.ns[127:0]$442 [96]
  3343/4598: $2\ca30_step$func$../rtl/crypto/india_pdf_engine.v:265$11.ns[127:0]$442 [95]
  3344/4598: $2\ca30_step$func$../rtl/crypto/india_pdf_engine.v:265$11.ns[127:0]$442 [94]
  3345/4598: $2\ca30_step$func$../rtl/crypto/india_pdf_engine.v:265$11.ns[127:0]$442 [93]
  3346/4598: $2\ca30_step$func$../rtl/crypto/india_pdf_engine.v:265$11.ns[127:0]$442 [92]
  3347/4598: $2\ca30_step$func$../rtl/crypto/india_pdf_engine.v:265$11.ns[127:0]$442 [91]
  3348/4598: $2\ca30_step$func$../rtl/crypto/india_pdf_engine.v:265$11.ns[127:0]$442 [90]
  3349/4598: $2\ca30_step$func$../rtl/crypto/india_pdf_engine.v:265$11.ns[127:0]$442 [89]
  3350/4598: $2\ca30_step$func$../rtl/crypto/india_pdf_engine.v:265$11.ns[127:0]$442 [88]
  3351/4598: $2\ca30_step$func$../rtl/crypto/india_pdf_engine.v:265$11.ns[127:0]$442 [87]
  3352/4598: $2\ca30_step$func$../rtl/crypto/india_pdf_engine.v:265$11.ns[127:0]$442 [86]
  3353/4598: $2\ca30_step$func$../rtl/crypto/india_pdf_engine.v:265$11.ns[127:0]$442 [85]
  3354/4598: $2\ca30_step$func$../rtl/crypto/india_pdf_engine.v:265$11.ns[127:0]$442 [84]
  3355/4598: $2\ca30_step$func$../rtl/crypto/india_pdf_engine.v:265$11.ns[127:0]$442 [83]
  3356/4598: $2\ca30_step$func$../rtl/crypto/india_pdf_engine.v:265$11.ns[127:0]$442 [82]
  3357/4598: $2\ca30_step$func$../rtl/crypto/india_pdf_engine.v:265$11.ns[127:0]$442 [81]
  3358/4598: $2\ca30_step$func$../rtl/crypto/india_pdf_engine.v:265$11.ns[127:0]$442 [80]
  3359/4598: $2\ca30_step$func$../rtl/crypto/india_pdf_engine.v:265$11.ns[127:0]$442 [79]
  3360/4598: $2\ca30_step$func$../rtl/crypto/india_pdf_engine.v:265$11.ns[127:0]$442 [78]
  3361/4598: $2\ca30_step$func$../rtl/crypto/india_pdf_engine.v:265$11.ns[127:0]$442 [77]
  3362/4598: $2\ca30_step$func$../rtl/crypto/india_pdf_engine.v:265$11.ns[127:0]$442 [76]
  3363/4598: $2\ca30_step$func$../rtl/crypto/india_pdf_engine.v:265$11.ns[127:0]$442 [75]
  3364/4598: $2\ca30_step$func$../rtl/crypto/india_pdf_engine.v:265$11.ns[127:0]$442 [74]
  3365/4598: $2\ca30_step$func$../rtl/crypto/india_pdf_engine.v:265$11.ns[127:0]$442 [73]
  3366/4598: $2\ca30_step$func$../rtl/crypto/india_pdf_engine.v:265$11.ns[127:0]$442 [72]
  3367/4598: $2\ca30_step$func$../rtl/crypto/india_pdf_engine.v:265$11.ns[127:0]$442 [71]
  3368/4598: $2\ca30_step$func$../rtl/crypto/india_pdf_engine.v:265$11.ns[127:0]$442 [70]
  3369/4598: $2\ca30_step$func$../rtl/crypto/india_pdf_engine.v:265$11.ns[127:0]$442 [69]
  3370/4598: $2\ca30_step$func$../rtl/crypto/india_pdf_engine.v:265$11.ns[127:0]$442 [68]
  3371/4598: $2\ca30_step$func$../rtl/crypto/india_pdf_engine.v:265$11.ns[127:0]$442 [67]
  3372/4598: $2\ca30_step$func$../rtl/crypto/india_pdf_engine.v:265$11.ns[127:0]$442 [66]
  3373/4598: $2\ca30_step$func$../rtl/crypto/india_pdf_engine.v:265$11.ns[127:0]$442 [65]
  3374/4598: $2\ca30_step$func$../rtl/crypto/india_pdf_engine.v:265$11.ns[127:0]$442 [64]
  3375/4598: $2\ca30_step$func$../rtl/crypto/india_pdf_engine.v:265$11.ns[127:0]$442 [63]
  3376/4598: $2\ca30_step$func$../rtl/crypto/india_pdf_engine.v:265$11.ns[127:0]$442 [62]
  3377/4598: $2\ca30_step$func$../rtl/crypto/india_pdf_engine.v:265$11.ns[127:0]$442 [61]
  3378/4598: $2\ca30_step$func$../rtl/crypto/india_pdf_engine.v:265$11.ns[127:0]$442 [60]
  3379/4598: $2\ca30_step$func$../rtl/crypto/india_pdf_engine.v:265$11.ns[127:0]$442 [59]
  3380/4598: $2\ca30_step$func$../rtl/crypto/india_pdf_engine.v:265$11.ns[127:0]$442 [58]
  3381/4598: $2\ca30_step$func$../rtl/crypto/india_pdf_engine.v:265$11.ns[127:0]$442 [57]
  3382/4598: $2\ca30_step$func$../rtl/crypto/india_pdf_engine.v:265$11.ns[127:0]$442 [56]
  3383/4598: $2\ca30_step$func$../rtl/crypto/india_pdf_engine.v:265$11.ns[127:0]$442 [55]
  3384/4598: $2\ca30_step$func$../rtl/crypto/india_pdf_engine.v:265$11.ns[127:0]$442 [54]
  3385/4598: $2\ca30_step$func$../rtl/crypto/india_pdf_engine.v:265$11.ns[127:0]$442 [53]
  3386/4598: $2\ca30_step$func$../rtl/crypto/india_pdf_engine.v:265$11.ns[127:0]$442 [52]
  3387/4598: $2\ca30_step$func$../rtl/crypto/india_pdf_engine.v:265$11.ns[127:0]$442 [51]
  3388/4598: $2\ca30_step$func$../rtl/crypto/india_pdf_engine.v:265$11.ns[127:0]$442 [50]
  3389/4598: $2\ca30_step$func$../rtl/crypto/india_pdf_engine.v:265$11.ns[127:0]$442 [49]
  3390/4598: $2\ca30_step$func$../rtl/crypto/india_pdf_engine.v:265$11.ns[127:0]$442 [48]
  3391/4598: $2\ca30_step$func$../rtl/crypto/india_pdf_engine.v:265$11.ns[127:0]$442 [47]
  3392/4598: $2\ca30_step$func$../rtl/crypto/india_pdf_engine.v:265$11.ns[127:0]$442 [46]
  3393/4598: $2\ca30_step$func$../rtl/crypto/india_pdf_engine.v:265$11.ns[127:0]$442 [45]
  3394/4598: $2\ca30_step$func$../rtl/crypto/india_pdf_engine.v:265$11.ns[127:0]$442 [44]
  3395/4598: $2\ca30_step$func$../rtl/crypto/india_pdf_engine.v:265$11.ns[127:0]$442 [43]
  3396/4598: $2\ca30_step$func$../rtl/crypto/india_pdf_engine.v:265$11.ns[127:0]$442 [42]
  3397/4598: $2\ca30_step$func$../rtl/crypto/india_pdf_engine.v:265$11.ns[127:0]$442 [41]
  3398/4598: $2\ca30_step$func$../rtl/crypto/india_pdf_engine.v:265$11.ns[127:0]$442 [40]
  3399/4598: $2\ca30_step$func$../rtl/crypto/india_pdf_engine.v:265$11.ns[127:0]$442 [39]
  3400/4598: $2\ca30_step$func$../rtl/crypto/india_pdf_engine.v:265$11.ns[127:0]$442 [38]
  3401/4598: $2\ca30_step$func$../rtl/crypto/india_pdf_engine.v:265$11.ns[127:0]$442 [37]
  3402/4598: $2\ca30_step$func$../rtl/crypto/india_pdf_engine.v:265$11.ns[127:0]$442 [36]
  3403/4598: $2\ca30_step$func$../rtl/crypto/india_pdf_engine.v:265$11.ns[127:0]$442 [35]
  3404/4598: $2\ca30_step$func$../rtl/crypto/india_pdf_engine.v:265$11.ns[127:0]$442 [34]
  3405/4598: $2\ca30_step$func$../rtl/crypto/india_pdf_engine.v:265$11.ns[127:0]$442 [33]
  3406/4598: $2\ca30_step$func$../rtl/crypto/india_pdf_engine.v:265$11.ns[127:0]$442 [32]
  3407/4598: $2\ca30_step$func$../rtl/crypto/india_pdf_engine.v:265$11.ns[127:0]$442 [31]
  3408/4598: $2\ca30_step$func$../rtl/crypto/india_pdf_engine.v:265$11.ns[127:0]$442 [30]
  3409/4598: $2\ca30_step$func$../rtl/crypto/india_pdf_engine.v:265$11.ns[127:0]$442 [29]
  3410/4598: $2\ca30_step$func$../rtl/crypto/india_pdf_engine.v:265$11.ns[127:0]$442 [28]
  3411/4598: $2\ca30_step$func$../rtl/crypto/india_pdf_engine.v:265$11.ns[127:0]$442 [27]
  3412/4598: $2\ca30_step$func$../rtl/crypto/india_pdf_engine.v:265$11.ns[127:0]$442 [26]
  3413/4598: $2\ca30_step$func$../rtl/crypto/india_pdf_engine.v:265$11.ns[127:0]$442 [25]
  3414/4598: $2\ca30_step$func$../rtl/crypto/india_pdf_engine.v:265$11.ns[127:0]$442 [24]
  3415/4598: $2\ca30_step$func$../rtl/crypto/india_pdf_engine.v:265$11.ns[127:0]$442 [23]
  3416/4598: $2\ca30_step$func$../rtl/crypto/india_pdf_engine.v:265$11.ns[127:0]$442 [22]
  3417/4598: $2\ca30_step$func$../rtl/crypto/india_pdf_engine.v:265$11.ns[127:0]$442 [21]
  3418/4598: $2\ca30_step$func$../rtl/crypto/india_pdf_engine.v:265$11.ns[127:0]$442 [20]
  3419/4598: $2\ca30_step$func$../rtl/crypto/india_pdf_engine.v:265$11.ns[127:0]$442 [19]
  3420/4598: $2\ca30_step$func$../rtl/crypto/india_pdf_engine.v:265$11.ns[127:0]$442 [18]
  3421/4598: $2\ca30_step$func$../rtl/crypto/india_pdf_engine.v:265$11.ns[127:0]$442 [17]
  3422/4598: $2\ca30_step$func$../rtl/crypto/india_pdf_engine.v:265$11.ns[127:0]$442 [16]
  3423/4598: $2\ca30_step$func$../rtl/crypto/india_pdf_engine.v:265$11.ns[127:0]$442 [15]
  3424/4598: $2\ca30_step$func$../rtl/crypto/india_pdf_engine.v:265$11.ns[127:0]$442 [14]
  3425/4598: $2\ca30_step$func$../rtl/crypto/india_pdf_engine.v:265$11.ns[127:0]$442 [13]
  3426/4598: $2\ca30_step$func$../rtl/crypto/india_pdf_engine.v:265$11.ns[127:0]$442 [12]
  3427/4598: $2\ca30_step$func$../rtl/crypto/india_pdf_engine.v:265$11.ns[127:0]$442 [11]
  3428/4598: $2\ca30_step$func$../rtl/crypto/india_pdf_engine.v:265$11.ns[127:0]$442 [10]
  3429/4598: $2\ca30_step$func$../rtl/crypto/india_pdf_engine.v:265$11.ns[127:0]$442 [9]
  3430/4598: $2\ca30_step$func$../rtl/crypto/india_pdf_engine.v:265$11.ns[127:0]$442 [8]
  3431/4598: $2\ca30_step$func$../rtl/crypto/india_pdf_engine.v:265$11.ns[127:0]$442 [7]
  3432/4598: $2\ca30_step$func$../rtl/crypto/india_pdf_engine.v:265$11.ns[127:0]$442 [6]
  3433/4598: $2\ca30_step$func$../rtl/crypto/india_pdf_engine.v:265$11.ns[127:0]$442 [5]
  3434/4598: $2\ca30_step$func$../rtl/crypto/india_pdf_engine.v:265$11.ns[127:0]$442 [4]
  3435/4598: $2\ca30_step$func$../rtl/crypto/india_pdf_engine.v:265$11.ns[127:0]$442 [3]
  3436/4598: $2\ca30_step$func$../rtl/crypto/india_pdf_engine.v:265$11.ns[127:0]$442 [2]
  3437/4598: $2\ca30_step$func$../rtl/crypto/india_pdf_engine.v:265$11.ns[127:0]$442 [1]
  3438/4598: $2\ca30_step$func$../rtl/crypto/india_pdf_engine.v:265$11.ns[127:0]$442 [0]
  3439/4598: $2\ca30_step$func$../rtl/crypto/india_pdf_engine.v:264$10.ns[127:0]$438 [127]
  3440/4598: $2\ca30_step$func$../rtl/crypto/india_pdf_engine.v:264$10.ns[127:0]$438 [126]
  3441/4598: $2\ca30_step$func$../rtl/crypto/india_pdf_engine.v:264$10.ns[127:0]$438 [125]
  3442/4598: $2\ca30_step$func$../rtl/crypto/india_pdf_engine.v:264$10.ns[127:0]$438 [124]
  3443/4598: $2\ca30_step$func$../rtl/crypto/india_pdf_engine.v:264$10.ns[127:0]$438 [123]
  3444/4598: $2\ca30_step$func$../rtl/crypto/india_pdf_engine.v:264$10.ns[127:0]$438 [122]
  3445/4598: $2\ca30_step$func$../rtl/crypto/india_pdf_engine.v:264$10.ns[127:0]$438 [121]
  3446/4598: $2\ca30_step$func$../rtl/crypto/india_pdf_engine.v:264$10.ns[127:0]$438 [120]
  3447/4598: $2\ca30_step$func$../rtl/crypto/india_pdf_engine.v:264$10.ns[127:0]$438 [119]
  3448/4598: $2\ca30_step$func$../rtl/crypto/india_pdf_engine.v:264$10.ns[127:0]$438 [118]
  3449/4598: $2\ca30_step$func$../rtl/crypto/india_pdf_engine.v:264$10.ns[127:0]$438 [117]
  3450/4598: $2\ca30_step$func$../rtl/crypto/india_pdf_engine.v:264$10.ns[127:0]$438 [116]
  3451/4598: $2\ca30_step$func$../rtl/crypto/india_pdf_engine.v:264$10.ns[127:0]$438 [115]
  3452/4598: $2\ca30_step$func$../rtl/crypto/india_pdf_engine.v:264$10.ns[127:0]$438 [114]
  3453/4598: $2\ca30_step$func$../rtl/crypto/india_pdf_engine.v:264$10.ns[127:0]$438 [112]
  3454/4598: $2\ca30_step$func$../rtl/crypto/india_pdf_engine.v:264$10.ns[127:0]$438 [111]
  3455/4598: $2\ca30_step$func$../rtl/crypto/india_pdf_engine.v:264$10.ns[127:0]$438 [110]
  3456/4598: $2\ca30_step$func$../rtl/crypto/india_pdf_engine.v:264$10.ns[127:0]$438 [109]
  3457/4598: $2\ca30_step$func$../rtl/crypto/india_pdf_engine.v:264$10.ns[127:0]$438 [108]
  3458/4598: $2\ca30_step$func$../rtl/crypto/india_pdf_engine.v:264$10.ns[127:0]$438 [107]
  3459/4598: $2\ca30_step$func$../rtl/crypto/india_pdf_engine.v:264$10.ns[127:0]$438 [106]
  3460/4598: $2\ca30_step$func$../rtl/crypto/india_pdf_engine.v:264$10.ns[127:0]$438 [105]
  3461/4598: $2\ca30_step$func$../rtl/crypto/india_pdf_engine.v:264$10.ns[127:0]$438 [104]
  3462/4598: $2\ca30_step$func$../rtl/crypto/india_pdf_engine.v:264$10.ns[127:0]$438 [103]
  3463/4598: $2\ca30_step$func$../rtl/crypto/india_pdf_engine.v:264$10.ns[127:0]$438 [102]
  3464/4598: $2\ca30_step$func$../rtl/crypto/india_pdf_engine.v:264$10.ns[127:0]$438 [101]
  3465/4598: $2\ca30_step$func$../rtl/crypto/india_pdf_engine.v:264$10.ns[127:0]$438 [100]
  3466/4598: $2\ca30_step$func$../rtl/crypto/india_pdf_engine.v:264$10.ns[127:0]$438 [99]
  3467/4598: $2\ca30_step$func$../rtl/crypto/india_pdf_engine.v:264$10.ns[127:0]$438 [98]
  3468/4598: $2\ca30_step$func$../rtl/crypto/india_pdf_engine.v:264$10.ns[127:0]$438 [97]
  3469/4598: $2\ca30_step$func$../rtl/crypto/india_pdf_engine.v:264$10.ns[127:0]$438 [96]
  3470/4598: $2\ca30_step$func$../rtl/crypto/india_pdf_engine.v:264$10.ns[127:0]$438 [95]
  3471/4598: $2\ca30_step$func$../rtl/crypto/india_pdf_engine.v:264$10.ns[127:0]$438 [94]
  3472/4598: $2\ca30_step$func$../rtl/crypto/india_pdf_engine.v:264$10.ns[127:0]$438 [93]
  3473/4598: $2\ca30_step$func$../rtl/crypto/india_pdf_engine.v:264$10.ns[127:0]$438 [92]
  3474/4598: $2\ca30_step$func$../rtl/crypto/india_pdf_engine.v:264$10.ns[127:0]$438 [91]
  3475/4598: $2\ca30_step$func$../rtl/crypto/india_pdf_engine.v:264$10.ns[127:0]$438 [90]
  3476/4598: $2\ca30_step$func$../rtl/crypto/india_pdf_engine.v:264$10.ns[127:0]$438 [89]
  3477/4598: $2\ca30_step$func$../rtl/crypto/india_pdf_engine.v:264$10.ns[127:0]$438 [88]
  3478/4598: $2\ca30_step$func$../rtl/crypto/india_pdf_engine.v:264$10.ns[127:0]$438 [87]
  3479/4598: $2\ca30_step$func$../rtl/crypto/india_pdf_engine.v:264$10.ns[127:0]$438 [86]
  3480/4598: $2\ca30_step$func$../rtl/crypto/india_pdf_engine.v:264$10.ns[127:0]$438 [85]
  3481/4598: $2\ca30_step$func$../rtl/crypto/india_pdf_engine.v:264$10.ns[127:0]$438 [84]
  3482/4598: $2\ca30_step$func$../rtl/crypto/india_pdf_engine.v:264$10.ns[127:0]$438 [83]
  3483/4598: $2\ca30_step$func$../rtl/crypto/india_pdf_engine.v:264$10.ns[127:0]$438 [82]
  3484/4598: $2\ca30_step$func$../rtl/crypto/india_pdf_engine.v:264$10.ns[127:0]$438 [81]
  3485/4598: $2\ca30_step$func$../rtl/crypto/india_pdf_engine.v:264$10.ns[127:0]$438 [80]
  3486/4598: $2\ca30_step$func$../rtl/crypto/india_pdf_engine.v:264$10.ns[127:0]$438 [79]
  3487/4598: $2\ca30_step$func$../rtl/crypto/india_pdf_engine.v:264$10.ns[127:0]$438 [78]
  3488/4598: $2\ca30_step$func$../rtl/crypto/india_pdf_engine.v:264$10.ns[127:0]$438 [77]
  3489/4598: $2\ca30_step$func$../rtl/crypto/india_pdf_engine.v:264$10.ns[127:0]$438 [76]
  3490/4598: $2\ca30_step$func$../rtl/crypto/india_pdf_engine.v:264$10.ns[127:0]$438 [75]
  3491/4598: $2\ca30_step$func$../rtl/crypto/india_pdf_engine.v:264$10.ns[127:0]$438 [74]
  3492/4598: $2\ca30_step$func$../rtl/crypto/india_pdf_engine.v:264$10.ns[127:0]$438 [73]
  3493/4598: $2\ca30_step$func$../rtl/crypto/india_pdf_engine.v:264$10.ns[127:0]$438 [72]
  3494/4598: $2\ca30_step$func$../rtl/crypto/india_pdf_engine.v:264$10.ns[127:0]$438 [71]
  3495/4598: $2\ca30_step$func$../rtl/crypto/india_pdf_engine.v:264$10.ns[127:0]$438 [70]
  3496/4598: $2\ca30_step$func$../rtl/crypto/india_pdf_engine.v:264$10.ns[127:0]$438 [69]
  3497/4598: $2\ca30_step$func$../rtl/crypto/india_pdf_engine.v:264$10.ns[127:0]$438 [68]
  3498/4598: $2\ca30_step$func$../rtl/crypto/india_pdf_engine.v:264$10.ns[127:0]$438 [67]
  3499/4598: $2\ca30_step$func$../rtl/crypto/india_pdf_engine.v:264$10.ns[127:0]$438 [66]
  3500/4598: $2\ca30_step$func$../rtl/crypto/india_pdf_engine.v:264$10.ns[127:0]$438 [65]
  3501/4598: $2\ca30_step$func$../rtl/crypto/india_pdf_engine.v:264$10.ns[127:0]$438 [64]
  3502/4598: $2\ca30_step$func$../rtl/crypto/india_pdf_engine.v:264$10.ns[127:0]$438 [63]
  3503/4598: $2\ca30_step$func$../rtl/crypto/india_pdf_engine.v:264$10.ns[127:0]$438 [62]
  3504/4598: $2\ca30_step$func$../rtl/crypto/india_pdf_engine.v:264$10.ns[127:0]$438 [61]
  3505/4598: $2\ca30_step$func$../rtl/crypto/india_pdf_engine.v:264$10.ns[127:0]$438 [60]
  3506/4598: $2\ca30_step$func$../rtl/crypto/india_pdf_engine.v:264$10.ns[127:0]$438 [59]
  3507/4598: $2\ca30_step$func$../rtl/crypto/india_pdf_engine.v:264$10.ns[127:0]$438 [58]
  3508/4598: $2\ca30_step$func$../rtl/crypto/india_pdf_engine.v:264$10.ns[127:0]$438 [57]
  3509/4598: $2\ca30_step$func$../rtl/crypto/india_pdf_engine.v:264$10.ns[127:0]$438 [56]
  3510/4598: $2\ca30_step$func$../rtl/crypto/india_pdf_engine.v:264$10.ns[127:0]$438 [55]
  3511/4598: $2\ca30_step$func$../rtl/crypto/india_pdf_engine.v:264$10.ns[127:0]$438 [54]
  3512/4598: $2\ca30_step$func$../rtl/crypto/india_pdf_engine.v:264$10.ns[127:0]$438 [53]
  3513/4598: $2\ca30_step$func$../rtl/crypto/india_pdf_engine.v:264$10.ns[127:0]$438 [52]
  3514/4598: $2\ca30_step$func$../rtl/crypto/india_pdf_engine.v:264$10.ns[127:0]$438 [51]
  3515/4598: $2\ca30_step$func$../rtl/crypto/india_pdf_engine.v:264$10.ns[127:0]$438 [50]
  3516/4598: $2\ca30_step$func$../rtl/crypto/india_pdf_engine.v:264$10.ns[127:0]$438 [49]
  3517/4598: $2\ca30_step$func$../rtl/crypto/india_pdf_engine.v:264$10.ns[127:0]$438 [48]
  3518/4598: $2\ca30_step$func$../rtl/crypto/india_pdf_engine.v:264$10.ns[127:0]$438 [47]
  3519/4598: $2\ca30_step$func$../rtl/crypto/india_pdf_engine.v:264$10.ns[127:0]$438 [46]
  3520/4598: $2\ca30_step$func$../rtl/crypto/india_pdf_engine.v:264$10.ns[127:0]$438 [45]
  3521/4598: $2\ca30_step$func$../rtl/crypto/india_pdf_engine.v:264$10.ns[127:0]$438 [44]
  3522/4598: $2\ca30_step$func$../rtl/crypto/india_pdf_engine.v:264$10.ns[127:0]$438 [43]
  3523/4598: $2\ca30_step$func$../rtl/crypto/india_pdf_engine.v:264$10.ns[127:0]$438 [42]
  3524/4598: $2\ca30_step$func$../rtl/crypto/india_pdf_engine.v:264$10.ns[127:0]$438 [41]
  3525/4598: $2\ca30_step$func$../rtl/crypto/india_pdf_engine.v:264$10.ns[127:0]$438 [40]
  3526/4598: $2\ca30_step$func$../rtl/crypto/india_pdf_engine.v:264$10.ns[127:0]$438 [39]
  3527/4598: $2\ca30_step$func$../rtl/crypto/india_pdf_engine.v:264$10.ns[127:0]$438 [38]
  3528/4598: $2\ca30_step$func$../rtl/crypto/india_pdf_engine.v:264$10.ns[127:0]$438 [37]
  3529/4598: $2\ca30_step$func$../rtl/crypto/india_pdf_engine.v:264$10.ns[127:0]$438 [36]
  3530/4598: $2\ca30_step$func$../rtl/crypto/india_pdf_engine.v:264$10.ns[127:0]$438 [35]
  3531/4598: $2\ca30_step$func$../rtl/crypto/india_pdf_engine.v:264$10.ns[127:0]$438 [34]
  3532/4598: $2\ca30_step$func$../rtl/crypto/india_pdf_engine.v:264$10.ns[127:0]$438 [33]
  3533/4598: $2\ca30_step$func$../rtl/crypto/india_pdf_engine.v:264$10.ns[127:0]$438 [32]
  3534/4598: $2\ca30_step$func$../rtl/crypto/india_pdf_engine.v:264$10.ns[127:0]$438 [31]
  3535/4598: $2\ca30_step$func$../rtl/crypto/india_pdf_engine.v:264$10.ns[127:0]$438 [30]
  3536/4598: $2\ca30_step$func$../rtl/crypto/india_pdf_engine.v:264$10.ns[127:0]$438 [29]
  3537/4598: $2\ca30_step$func$../rtl/crypto/india_pdf_engine.v:264$10.ns[127:0]$438 [28]
  3538/4598: $2\ca30_step$func$../rtl/crypto/india_pdf_engine.v:264$10.ns[127:0]$438 [27]
  3539/4598: $2\ca30_step$func$../rtl/crypto/india_pdf_engine.v:264$10.ns[127:0]$438 [26]
  3540/4598: $2\ca30_step$func$../rtl/crypto/india_pdf_engine.v:264$10.ns[127:0]$438 [25]
  3541/4598: $2\ca30_step$func$../rtl/crypto/india_pdf_engine.v:264$10.ns[127:0]$438 [24]
  3542/4598: $2\ca30_step$func$../rtl/crypto/india_pdf_engine.v:264$10.ns[127:0]$438 [23]
  3543/4598: $2\ca30_step$func$../rtl/crypto/india_pdf_engine.v:264$10.ns[127:0]$438 [22]
  3544/4598: $2\ca30_step$func$../rtl/crypto/india_pdf_engine.v:264$10.ns[127:0]$438 [21]
  3545/4598: $2\ca30_step$func$../rtl/crypto/india_pdf_engine.v:264$10.ns[127:0]$438 [20]
  3546/4598: $2\ca30_step$func$../rtl/crypto/india_pdf_engine.v:264$10.ns[127:0]$438 [19]
  3547/4598: $2\ca30_step$func$../rtl/crypto/india_pdf_engine.v:264$10.ns[127:0]$438 [18]
  3548/4598: $2\ca30_step$func$../rtl/crypto/india_pdf_engine.v:264$10.ns[127:0]$438 [17]
  3549/4598: $2\ca30_step$func$../rtl/crypto/india_pdf_engine.v:264$10.ns[127:0]$438 [16]
  3550/4598: $2\ca30_step$func$../rtl/crypto/india_pdf_engine.v:264$10.ns[127:0]$438 [15]
  3551/4598: $2\ca30_step$func$../rtl/crypto/india_pdf_engine.v:264$10.ns[127:0]$438 [14]
  3552/4598: $2\ca30_step$func$../rtl/crypto/india_pdf_engine.v:264$10.ns[127:0]$438 [13]
  3553/4598: $2\ca30_step$func$../rtl/crypto/india_pdf_engine.v:264$10.ns[127:0]$438 [12]
  3554/4598: $2\ca30_step$func$../rtl/crypto/india_pdf_engine.v:264$10.ns[127:0]$438 [11]
  3555/4598: $2\ca30_step$func$../rtl/crypto/india_pdf_engine.v:264$10.ns[127:0]$438 [10]
  3556/4598: $2\ca30_step$func$../rtl/crypto/india_pdf_engine.v:264$10.ns[127:0]$438 [9]
  3557/4598: $2\ca30_step$func$../rtl/crypto/india_pdf_engine.v:264$10.ns[127:0]$438 [8]
  3558/4598: $2\ca30_step$func$../rtl/crypto/india_pdf_engine.v:264$10.ns[127:0]$438 [7]
  3559/4598: $2\ca30_step$func$../rtl/crypto/india_pdf_engine.v:264$10.ns[127:0]$438 [6]
  3560/4598: $2\ca30_step$func$../rtl/crypto/india_pdf_engine.v:264$10.ns[127:0]$438 [5]
  3561/4598: $2\ca30_step$func$../rtl/crypto/india_pdf_engine.v:264$10.ns[127:0]$438 [4]
  3562/4598: $2\ca30_step$func$../rtl/crypto/india_pdf_engine.v:264$10.ns[127:0]$438 [3]
  3563/4598: $2\ca30_step$func$../rtl/crypto/india_pdf_engine.v:264$10.ns[127:0]$438 [2]
  3564/4598: $2\ca30_step$func$../rtl/crypto/india_pdf_engine.v:264$10.ns[127:0]$438 [1]
  3565/4598: $2\ca30_step$func$../rtl/crypto/india_pdf_engine.v:264$10.ns[127:0]$438 [0]
  3566/4598: $2\ca30_step$func$../rtl/crypto/india_pdf_engine.v:263$9.ns[127:0]$434 [127]
  3567/4598: $2\ca30_step$func$../rtl/crypto/india_pdf_engine.v:263$9.ns[127:0]$434 [126]
  3568/4598: $2\ca30_step$func$../rtl/crypto/india_pdf_engine.v:263$9.ns[127:0]$434 [125]
  3569/4598: $2\ca30_step$func$../rtl/crypto/india_pdf_engine.v:263$9.ns[127:0]$434 [124]
  3570/4598: $2\ca30_step$func$../rtl/crypto/india_pdf_engine.v:263$9.ns[127:0]$434 [123]
  3571/4598: $2\ca30_step$func$../rtl/crypto/india_pdf_engine.v:263$9.ns[127:0]$434 [122]
  3572/4598: $2\ca30_step$func$../rtl/crypto/india_pdf_engine.v:263$9.ns[127:0]$434 [121]
  3573/4598: $2\ca30_step$func$../rtl/crypto/india_pdf_engine.v:263$9.ns[127:0]$434 [120]
  3574/4598: $2\ca30_step$func$../rtl/crypto/india_pdf_engine.v:263$9.ns[127:0]$434 [119]
  3575/4598: $2\ca30_step$func$../rtl/crypto/india_pdf_engine.v:263$9.ns[127:0]$434 [118]
  3576/4598: $2\ca30_step$func$../rtl/crypto/india_pdf_engine.v:263$9.ns[127:0]$434 [117]
  3577/4598: $2\ca30_step$func$../rtl/crypto/india_pdf_engine.v:263$9.ns[127:0]$434 [116]
  3578/4598: $2\ca30_step$func$../rtl/crypto/india_pdf_engine.v:263$9.ns[127:0]$434 [115]
  3579/4598: $2\ca30_step$func$../rtl/crypto/india_pdf_engine.v:263$9.ns[127:0]$434 [114]
  3580/4598: $2\ca30_step$func$../rtl/crypto/india_pdf_engine.v:263$9.ns[127:0]$434 [112]
  3581/4598: $2\ca30_step$func$../rtl/crypto/india_pdf_engine.v:263$9.ns[127:0]$434 [111]
  3582/4598: $2\ca30_step$func$../rtl/crypto/india_pdf_engine.v:263$9.ns[127:0]$434 [110]
  3583/4598: $2\ca30_step$func$../rtl/crypto/india_pdf_engine.v:263$9.ns[127:0]$434 [109]
  3584/4598: $2\ca30_step$func$../rtl/crypto/india_pdf_engine.v:263$9.ns[127:0]$434 [108]
  3585/4598: $2\ca30_step$func$../rtl/crypto/india_pdf_engine.v:263$9.ns[127:0]$434 [107]
  3586/4598: $2\ca30_step$func$../rtl/crypto/india_pdf_engine.v:263$9.ns[127:0]$434 [106]
  3587/4598: $2\ca30_step$func$../rtl/crypto/india_pdf_engine.v:263$9.ns[127:0]$434 [105]
  3588/4598: $2\ca30_step$func$../rtl/crypto/india_pdf_engine.v:263$9.ns[127:0]$434 [104]
  3589/4598: $2\ca30_step$func$../rtl/crypto/india_pdf_engine.v:263$9.ns[127:0]$434 [103]
  3590/4598: $2\ca30_step$func$../rtl/crypto/india_pdf_engine.v:263$9.ns[127:0]$434 [102]
  3591/4598: $2\ca30_step$func$../rtl/crypto/india_pdf_engine.v:263$9.ns[127:0]$434 [101]
  3592/4598: $2\ca30_step$func$../rtl/crypto/india_pdf_engine.v:263$9.ns[127:0]$434 [100]
  3593/4598: $2\ca30_step$func$../rtl/crypto/india_pdf_engine.v:263$9.ns[127:0]$434 [99]
  3594/4598: $2\ca30_step$func$../rtl/crypto/india_pdf_engine.v:263$9.ns[127:0]$434 [98]
  3595/4598: $2\ca30_step$func$../rtl/crypto/india_pdf_engine.v:263$9.ns[127:0]$434 [97]
  3596/4598: $2\ca30_step$func$../rtl/crypto/india_pdf_engine.v:263$9.ns[127:0]$434 [96]
  3597/4598: $2\ca30_step$func$../rtl/crypto/india_pdf_engine.v:263$9.ns[127:0]$434 [95]
  3598/4598: $2\ca30_step$func$../rtl/crypto/india_pdf_engine.v:263$9.ns[127:0]$434 [94]
  3599/4598: $2\ca30_step$func$../rtl/crypto/india_pdf_engine.v:263$9.ns[127:0]$434 [93]
  3600/4598: $2\ca30_step$func$../rtl/crypto/india_pdf_engine.v:263$9.ns[127:0]$434 [92]
  3601/4598: $2\ca30_step$func$../rtl/crypto/india_pdf_engine.v:263$9.ns[127:0]$434 [91]
  3602/4598: $2\ca30_step$func$../rtl/crypto/india_pdf_engine.v:263$9.ns[127:0]$434 [90]
  3603/4598: $2\ca30_step$func$../rtl/crypto/india_pdf_engine.v:263$9.ns[127:0]$434 [89]
  3604/4598: $2\ca30_step$func$../rtl/crypto/india_pdf_engine.v:263$9.ns[127:0]$434 [88]
  3605/4598: $2\ca30_step$func$../rtl/crypto/india_pdf_engine.v:263$9.ns[127:0]$434 [87]
  3606/4598: $2\ca30_step$func$../rtl/crypto/india_pdf_engine.v:263$9.ns[127:0]$434 [86]
  3607/4598: $2\ca30_step$func$../rtl/crypto/india_pdf_engine.v:263$9.ns[127:0]$434 [85]
  3608/4598: $2\ca30_step$func$../rtl/crypto/india_pdf_engine.v:263$9.ns[127:0]$434 [84]
  3609/4598: $2\ca30_step$func$../rtl/crypto/india_pdf_engine.v:263$9.ns[127:0]$434 [83]
  3610/4598: $2\ca30_step$func$../rtl/crypto/india_pdf_engine.v:263$9.ns[127:0]$434 [82]
  3611/4598: $2\ca30_step$func$../rtl/crypto/india_pdf_engine.v:263$9.ns[127:0]$434 [81]
  3612/4598: $2\ca30_step$func$../rtl/crypto/india_pdf_engine.v:263$9.ns[127:0]$434 [80]
  3613/4598: $2\ca30_step$func$../rtl/crypto/india_pdf_engine.v:263$9.ns[127:0]$434 [79]
  3614/4598: $2\ca30_step$func$../rtl/crypto/india_pdf_engine.v:263$9.ns[127:0]$434 [78]
  3615/4598: $2\ca30_step$func$../rtl/crypto/india_pdf_engine.v:263$9.ns[127:0]$434 [77]
  3616/4598: $2\ca30_step$func$../rtl/crypto/india_pdf_engine.v:263$9.ns[127:0]$434 [76]
  3617/4598: $2\ca30_step$func$../rtl/crypto/india_pdf_engine.v:263$9.ns[127:0]$434 [75]
  3618/4598: $2\ca30_step$func$../rtl/crypto/india_pdf_engine.v:263$9.ns[127:0]$434 [74]
  3619/4598: $2\ca30_step$func$../rtl/crypto/india_pdf_engine.v:263$9.ns[127:0]$434 [73]
  3620/4598: $2\ca30_step$func$../rtl/crypto/india_pdf_engine.v:263$9.ns[127:0]$434 [72]
  3621/4598: $2\ca30_step$func$../rtl/crypto/india_pdf_engine.v:263$9.ns[127:0]$434 [71]
  3622/4598: $2\ca30_step$func$../rtl/crypto/india_pdf_engine.v:263$9.ns[127:0]$434 [70]
  3623/4598: $2\ca30_step$func$../rtl/crypto/india_pdf_engine.v:263$9.ns[127:0]$434 [69]
  3624/4598: $2\ca30_step$func$../rtl/crypto/india_pdf_engine.v:263$9.ns[127:0]$434 [68]
  3625/4598: $2\ca30_step$func$../rtl/crypto/india_pdf_engine.v:263$9.ns[127:0]$434 [67]
  3626/4598: $2\ca30_step$func$../rtl/crypto/india_pdf_engine.v:263$9.ns[127:0]$434 [66]
  3627/4598: $2\ca30_step$func$../rtl/crypto/india_pdf_engine.v:263$9.ns[127:0]$434 [65]
  3628/4598: $2\ca30_step$func$../rtl/crypto/india_pdf_engine.v:263$9.ns[127:0]$434 [64]
  3629/4598: $2\ca30_step$func$../rtl/crypto/india_pdf_engine.v:263$9.ns[127:0]$434 [63]
  3630/4598: $2\ca30_step$func$../rtl/crypto/india_pdf_engine.v:263$9.ns[127:0]$434 [62]
  3631/4598: $2\ca30_step$func$../rtl/crypto/india_pdf_engine.v:263$9.ns[127:0]$434 [61]
  3632/4598: $2\ca30_step$func$../rtl/crypto/india_pdf_engine.v:263$9.ns[127:0]$434 [60]
  3633/4598: $2\ca30_step$func$../rtl/crypto/india_pdf_engine.v:263$9.ns[127:0]$434 [59]
  3634/4598: $2\ca30_step$func$../rtl/crypto/india_pdf_engine.v:263$9.ns[127:0]$434 [58]
  3635/4598: $2\ca30_step$func$../rtl/crypto/india_pdf_engine.v:263$9.ns[127:0]$434 [57]
  3636/4598: $2\ca30_step$func$../rtl/crypto/india_pdf_engine.v:263$9.ns[127:0]$434 [56]
  3637/4598: $2\ca30_step$func$../rtl/crypto/india_pdf_engine.v:263$9.ns[127:0]$434 [55]
  3638/4598: $2\ca30_step$func$../rtl/crypto/india_pdf_engine.v:263$9.ns[127:0]$434 [54]
  3639/4598: $2\ca30_step$func$../rtl/crypto/india_pdf_engine.v:263$9.ns[127:0]$434 [53]
  3640/4598: $2\ca30_step$func$../rtl/crypto/india_pdf_engine.v:263$9.ns[127:0]$434 [52]
  3641/4598: $2\ca30_step$func$../rtl/crypto/india_pdf_engine.v:263$9.ns[127:0]$434 [51]
  3642/4598: $2\ca30_step$func$../rtl/crypto/india_pdf_engine.v:263$9.ns[127:0]$434 [50]
  3643/4598: $2\ca30_step$func$../rtl/crypto/india_pdf_engine.v:263$9.ns[127:0]$434 [49]
  3644/4598: $2\ca30_step$func$../rtl/crypto/india_pdf_engine.v:263$9.ns[127:0]$434 [48]
  3645/4598: $2\ca30_step$func$../rtl/crypto/india_pdf_engine.v:263$9.ns[127:0]$434 [47]
  3646/4598: $2\ca30_step$func$../rtl/crypto/india_pdf_engine.v:263$9.ns[127:0]$434 [46]
  3647/4598: $2\ca30_step$func$../rtl/crypto/india_pdf_engine.v:263$9.ns[127:0]$434 [45]
  3648/4598: $2\ca30_step$func$../rtl/crypto/india_pdf_engine.v:263$9.ns[127:0]$434 [44]
  3649/4598: $2\ca30_step$func$../rtl/crypto/india_pdf_engine.v:263$9.ns[127:0]$434 [43]
  3650/4598: $2\ca30_step$func$../rtl/crypto/india_pdf_engine.v:263$9.ns[127:0]$434 [42]
  3651/4598: $2\ca30_step$func$../rtl/crypto/india_pdf_engine.v:263$9.ns[127:0]$434 [41]
  3652/4598: $2\ca30_step$func$../rtl/crypto/india_pdf_engine.v:263$9.ns[127:0]$434 [40]
  3653/4598: $2\ca30_step$func$../rtl/crypto/india_pdf_engine.v:263$9.ns[127:0]$434 [39]
  3654/4598: $2\ca30_step$func$../rtl/crypto/india_pdf_engine.v:263$9.ns[127:0]$434 [38]
  3655/4598: $2\ca30_step$func$../rtl/crypto/india_pdf_engine.v:263$9.ns[127:0]$434 [37]
  3656/4598: $2\ca30_step$func$../rtl/crypto/india_pdf_engine.v:263$9.ns[127:0]$434 [36]
  3657/4598: $2\ca30_step$func$../rtl/crypto/india_pdf_engine.v:263$9.ns[127:0]$434 [35]
  3658/4598: $2\ca30_step$func$../rtl/crypto/india_pdf_engine.v:263$9.ns[127:0]$434 [34]
  3659/4598: $2\ca30_step$func$../rtl/crypto/india_pdf_engine.v:263$9.ns[127:0]$434 [33]
  3660/4598: $2\ca30_step$func$../rtl/crypto/india_pdf_engine.v:263$9.ns[127:0]$434 [32]
  3661/4598: $2\ca30_step$func$../rtl/crypto/india_pdf_engine.v:263$9.ns[127:0]$434 [31]
  3662/4598: $2\ca30_step$func$../rtl/crypto/india_pdf_engine.v:263$9.ns[127:0]$434 [30]
  3663/4598: $2\ca30_step$func$../rtl/crypto/india_pdf_engine.v:263$9.ns[127:0]$434 [29]
  3664/4598: $2\ca30_step$func$../rtl/crypto/india_pdf_engine.v:263$9.ns[127:0]$434 [28]
  3665/4598: $2\ca30_step$func$../rtl/crypto/india_pdf_engine.v:263$9.ns[127:0]$434 [27]
  3666/4598: $2\ca30_step$func$../rtl/crypto/india_pdf_engine.v:263$9.ns[127:0]$434 [26]
  3667/4598: $2\ca30_step$func$../rtl/crypto/india_pdf_engine.v:263$9.ns[127:0]$434 [25]
  3668/4598: $2\ca30_step$func$../rtl/crypto/india_pdf_engine.v:263$9.ns[127:0]$434 [24]
  3669/4598: $2\ca30_step$func$../rtl/crypto/india_pdf_engine.v:263$9.ns[127:0]$434 [23]
  3670/4598: $2\ca30_step$func$../rtl/crypto/india_pdf_engine.v:263$9.ns[127:0]$434 [22]
  3671/4598: $2\ca30_step$func$../rtl/crypto/india_pdf_engine.v:263$9.ns[127:0]$434 [21]
  3672/4598: $2\ca30_step$func$../rtl/crypto/india_pdf_engine.v:263$9.ns[127:0]$434 [20]
  3673/4598: $2\ca30_step$func$../rtl/crypto/india_pdf_engine.v:263$9.ns[127:0]$434 [19]
  3674/4598: $2\ca30_step$func$../rtl/crypto/india_pdf_engine.v:263$9.ns[127:0]$434 [18]
  3675/4598: $2\ca30_step$func$../rtl/crypto/india_pdf_engine.v:263$9.ns[127:0]$434 [17]
  3676/4598: $2\ca30_step$func$../rtl/crypto/india_pdf_engine.v:263$9.ns[127:0]$434 [16]
  3677/4598: $2\ca30_step$func$../rtl/crypto/india_pdf_engine.v:263$9.ns[127:0]$434 [15]
  3678/4598: $2\ca30_step$func$../rtl/crypto/india_pdf_engine.v:263$9.ns[127:0]$434 [14]
  3679/4598: $2\ca30_step$func$../rtl/crypto/india_pdf_engine.v:263$9.ns[127:0]$434 [13]
  3680/4598: $2\ca30_step$func$../rtl/crypto/india_pdf_engine.v:263$9.ns[127:0]$434 [12]
  3681/4598: $2\ca30_step$func$../rtl/crypto/india_pdf_engine.v:263$9.ns[127:0]$434 [11]
  3682/4598: $2\ca30_step$func$../rtl/crypto/india_pdf_engine.v:263$9.ns[127:0]$434 [10]
  3683/4598: $2\ca30_step$func$../rtl/crypto/india_pdf_engine.v:263$9.ns[127:0]$434 [9]
  3684/4598: $2\ca30_step$func$../rtl/crypto/india_pdf_engine.v:263$9.ns[127:0]$434 [8]
  3685/4598: $2\ca30_step$func$../rtl/crypto/india_pdf_engine.v:263$9.ns[127:0]$434 [7]
  3686/4598: $2\ca30_step$func$../rtl/crypto/india_pdf_engine.v:263$9.ns[127:0]$434 [6]
  3687/4598: $2\ca30_step$func$../rtl/crypto/india_pdf_engine.v:263$9.ns[127:0]$434 [5]
  3688/4598: $2\ca30_step$func$../rtl/crypto/india_pdf_engine.v:263$9.ns[127:0]$434 [4]
  3689/4598: $2\ca30_step$func$../rtl/crypto/india_pdf_engine.v:263$9.ns[127:0]$434 [3]
  3690/4598: $2\ca30_step$func$../rtl/crypto/india_pdf_engine.v:263$9.ns[127:0]$434 [2]
  3691/4598: $2\ca30_step$func$../rtl/crypto/india_pdf_engine.v:263$9.ns[127:0]$434 [1]
  3692/4598: $2\ca30_step$func$../rtl/crypto/india_pdf_engine.v:263$9.ns[127:0]$434 [0]
  3693/4598: $2\ca30_step$func$../rtl/crypto/india_pdf_engine.v:262$8.ns[127:0]$430 [127]
  3694/4598: $2\ca30_step$func$../rtl/crypto/india_pdf_engine.v:262$8.ns[127:0]$430 [126]
  3695/4598: $2\ca30_step$func$../rtl/crypto/india_pdf_engine.v:262$8.ns[127:0]$430 [125]
  3696/4598: $2\ca30_step$func$../rtl/crypto/india_pdf_engine.v:262$8.ns[127:0]$430 [124]
  3697/4598: $2\ca30_step$func$../rtl/crypto/india_pdf_engine.v:262$8.ns[127:0]$430 [123]
  3698/4598: $2\ca30_step$func$../rtl/crypto/india_pdf_engine.v:262$8.ns[127:0]$430 [122]
  3699/4598: $2\ca30_step$func$../rtl/crypto/india_pdf_engine.v:262$8.ns[127:0]$430 [121]
  3700/4598: $2\ca30_step$func$../rtl/crypto/india_pdf_engine.v:262$8.ns[127:0]$430 [120]
  3701/4598: $2\ca30_step$func$../rtl/crypto/india_pdf_engine.v:262$8.ns[127:0]$430 [119]
  3702/4598: $2\ca30_step$func$../rtl/crypto/india_pdf_engine.v:262$8.ns[127:0]$430 [118]
  3703/4598: $2\ca30_step$func$../rtl/crypto/india_pdf_engine.v:262$8.ns[127:0]$430 [117]
  3704/4598: $2\ca30_step$func$../rtl/crypto/india_pdf_engine.v:262$8.ns[127:0]$430 [116]
  3705/4598: $2\ca30_step$func$../rtl/crypto/india_pdf_engine.v:262$8.ns[127:0]$430 [115]
  3706/4598: $2\ca30_step$func$../rtl/crypto/india_pdf_engine.v:262$8.ns[127:0]$430 [114]
  3707/4598: $2\ca30_step$func$../rtl/crypto/india_pdf_engine.v:262$8.ns[127:0]$430 [112]
  3708/4598: $2\ca30_step$func$../rtl/crypto/india_pdf_engine.v:262$8.ns[127:0]$430 [111]
  3709/4598: $2\ca30_step$func$../rtl/crypto/india_pdf_engine.v:262$8.ns[127:0]$430 [110]
  3710/4598: $2\ca30_step$func$../rtl/crypto/india_pdf_engine.v:262$8.ns[127:0]$430 [109]
  3711/4598: $2\ca30_step$func$../rtl/crypto/india_pdf_engine.v:262$8.ns[127:0]$430 [108]
  3712/4598: $2\ca30_step$func$../rtl/crypto/india_pdf_engine.v:262$8.ns[127:0]$430 [107]
  3713/4598: $2\ca30_step$func$../rtl/crypto/india_pdf_engine.v:262$8.ns[127:0]$430 [106]
  3714/4598: $2\ca30_step$func$../rtl/crypto/india_pdf_engine.v:262$8.ns[127:0]$430 [105]
  3715/4598: $2\ca30_step$func$../rtl/crypto/india_pdf_engine.v:262$8.ns[127:0]$430 [104]
  3716/4598: $2\ca30_step$func$../rtl/crypto/india_pdf_engine.v:262$8.ns[127:0]$430 [103]
  3717/4598: $2\ca30_step$func$../rtl/crypto/india_pdf_engine.v:262$8.ns[127:0]$430 [102]
  3718/4598: $2\ca30_step$func$../rtl/crypto/india_pdf_engine.v:262$8.ns[127:0]$430 [101]
  3719/4598: $2\ca30_step$func$../rtl/crypto/india_pdf_engine.v:262$8.ns[127:0]$430 [100]
  3720/4598: $2\ca30_step$func$../rtl/crypto/india_pdf_engine.v:262$8.ns[127:0]$430 [99]
  3721/4598: $2\ca30_step$func$../rtl/crypto/india_pdf_engine.v:262$8.ns[127:0]$430 [98]
  3722/4598: $2\ca30_step$func$../rtl/crypto/india_pdf_engine.v:262$8.ns[127:0]$430 [97]
  3723/4598: $2\ca30_step$func$../rtl/crypto/india_pdf_engine.v:262$8.ns[127:0]$430 [96]
  3724/4598: $2\ca30_step$func$../rtl/crypto/india_pdf_engine.v:262$8.ns[127:0]$430 [95]
  3725/4598: $2\ca30_step$func$../rtl/crypto/india_pdf_engine.v:262$8.ns[127:0]$430 [94]
  3726/4598: $2\ca30_step$func$../rtl/crypto/india_pdf_engine.v:262$8.ns[127:0]$430 [93]
  3727/4598: $2\ca30_step$func$../rtl/crypto/india_pdf_engine.v:262$8.ns[127:0]$430 [92]
  3728/4598: $2\ca30_step$func$../rtl/crypto/india_pdf_engine.v:262$8.ns[127:0]$430 [91]
  3729/4598: $2\ca30_step$func$../rtl/crypto/india_pdf_engine.v:262$8.ns[127:0]$430 [90]
  3730/4598: $2\ca30_step$func$../rtl/crypto/india_pdf_engine.v:262$8.ns[127:0]$430 [89]
  3731/4598: $2\ca30_step$func$../rtl/crypto/india_pdf_engine.v:262$8.ns[127:0]$430 [88]
  3732/4598: $2\ca30_step$func$../rtl/crypto/india_pdf_engine.v:262$8.ns[127:0]$430 [87]
  3733/4598: $2\ca30_step$func$../rtl/crypto/india_pdf_engine.v:262$8.ns[127:0]$430 [86]
  3734/4598: $2\ca30_step$func$../rtl/crypto/india_pdf_engine.v:262$8.ns[127:0]$430 [85]
  3735/4598: $2\ca30_step$func$../rtl/crypto/india_pdf_engine.v:262$8.ns[127:0]$430 [84]
  3736/4598: $2\ca30_step$func$../rtl/crypto/india_pdf_engine.v:262$8.ns[127:0]$430 [83]
  3737/4598: $2\ca30_step$func$../rtl/crypto/india_pdf_engine.v:262$8.ns[127:0]$430 [82]
  3738/4598: $2\ca30_step$func$../rtl/crypto/india_pdf_engine.v:262$8.ns[127:0]$430 [81]
  3739/4598: $2\ca30_step$func$../rtl/crypto/india_pdf_engine.v:262$8.ns[127:0]$430 [80]
  3740/4598: $2\ca30_step$func$../rtl/crypto/india_pdf_engine.v:262$8.ns[127:0]$430 [79]
  3741/4598: $2\ca30_step$func$../rtl/crypto/india_pdf_engine.v:262$8.ns[127:0]$430 [78]
  3742/4598: $2\ca30_step$func$../rtl/crypto/india_pdf_engine.v:262$8.ns[127:0]$430 [77]
  3743/4598: $2\ca30_step$func$../rtl/crypto/india_pdf_engine.v:262$8.ns[127:0]$430 [76]
  3744/4598: $2\ca30_step$func$../rtl/crypto/india_pdf_engine.v:262$8.ns[127:0]$430 [75]
  3745/4598: $2\ca30_step$func$../rtl/crypto/india_pdf_engine.v:262$8.ns[127:0]$430 [74]
  3746/4598: $2\ca30_step$func$../rtl/crypto/india_pdf_engine.v:262$8.ns[127:0]$430 [73]
  3747/4598: $2\ca30_step$func$../rtl/crypto/india_pdf_engine.v:262$8.ns[127:0]$430 [72]
  3748/4598: $2\ca30_step$func$../rtl/crypto/india_pdf_engine.v:262$8.ns[127:0]$430 [71]
  3749/4598: $2\ca30_step$func$../rtl/crypto/india_pdf_engine.v:262$8.ns[127:0]$430 [70]
  3750/4598: $2\ca30_step$func$../rtl/crypto/india_pdf_engine.v:262$8.ns[127:0]$430 [69]
  3751/4598: $2\ca30_step$func$../rtl/crypto/india_pdf_engine.v:262$8.ns[127:0]$430 [68]
  3752/4598: $2\ca30_step$func$../rtl/crypto/india_pdf_engine.v:262$8.ns[127:0]$430 [67]
  3753/4598: $2\ca30_step$func$../rtl/crypto/india_pdf_engine.v:262$8.ns[127:0]$430 [66]
  3754/4598: $2\ca30_step$func$../rtl/crypto/india_pdf_engine.v:262$8.ns[127:0]$430 [65]
  3755/4598: $2\ca30_step$func$../rtl/crypto/india_pdf_engine.v:262$8.ns[127:0]$430 [64]
  3756/4598: $2\ca30_step$func$../rtl/crypto/india_pdf_engine.v:262$8.ns[127:0]$430 [63]
  3757/4598: $2\ca30_step$func$../rtl/crypto/india_pdf_engine.v:262$8.ns[127:0]$430 [62]
  3758/4598: $2\ca30_step$func$../rtl/crypto/india_pdf_engine.v:262$8.ns[127:0]$430 [61]
  3759/4598: $2\ca30_step$func$../rtl/crypto/india_pdf_engine.v:262$8.ns[127:0]$430 [60]
  3760/4598: $2\ca30_step$func$../rtl/crypto/india_pdf_engine.v:262$8.ns[127:0]$430 [59]
  3761/4598: $2\ca30_step$func$../rtl/crypto/india_pdf_engine.v:262$8.ns[127:0]$430 [58]
  3762/4598: $2\ca30_step$func$../rtl/crypto/india_pdf_engine.v:262$8.ns[127:0]$430 [57]
  3763/4598: $2\ca30_step$func$../rtl/crypto/india_pdf_engine.v:262$8.ns[127:0]$430 [56]
  3764/4598: $2\ca30_step$func$../rtl/crypto/india_pdf_engine.v:262$8.ns[127:0]$430 [55]
  3765/4598: $2\ca30_step$func$../rtl/crypto/india_pdf_engine.v:262$8.ns[127:0]$430 [54]
  3766/4598: $2\ca30_step$func$../rtl/crypto/india_pdf_engine.v:262$8.ns[127:0]$430 [53]
  3767/4598: $2\ca30_step$func$../rtl/crypto/india_pdf_engine.v:262$8.ns[127:0]$430 [52]
  3768/4598: $2\ca30_step$func$../rtl/crypto/india_pdf_engine.v:262$8.ns[127:0]$430 [51]
  3769/4598: $2\ca30_step$func$../rtl/crypto/india_pdf_engine.v:262$8.ns[127:0]$430 [50]
  3770/4598: $2\ca30_step$func$../rtl/crypto/india_pdf_engine.v:262$8.ns[127:0]$430 [49]
  3771/4598: $2\ca30_step$func$../rtl/crypto/india_pdf_engine.v:262$8.ns[127:0]$430 [48]
  3772/4598: $2\ca30_step$func$../rtl/crypto/india_pdf_engine.v:262$8.ns[127:0]$430 [47]
  3773/4598: $2\ca30_step$func$../rtl/crypto/india_pdf_engine.v:262$8.ns[127:0]$430 [46]
  3774/4598: $2\ca30_step$func$../rtl/crypto/india_pdf_engine.v:262$8.ns[127:0]$430 [45]
  3775/4598: $2\ca30_step$func$../rtl/crypto/india_pdf_engine.v:262$8.ns[127:0]$430 [44]
  3776/4598: $2\ca30_step$func$../rtl/crypto/india_pdf_engine.v:262$8.ns[127:0]$430 [43]
  3777/4598: $2\ca30_step$func$../rtl/crypto/india_pdf_engine.v:262$8.ns[127:0]$430 [42]
  3778/4598: $2\ca30_step$func$../rtl/crypto/india_pdf_engine.v:262$8.ns[127:0]$430 [41]
  3779/4598: $2\ca30_step$func$../rtl/crypto/india_pdf_engine.v:262$8.ns[127:0]$430 [40]
  3780/4598: $2\ca30_step$func$../rtl/crypto/india_pdf_engine.v:262$8.ns[127:0]$430 [39]
  3781/4598: $2\ca30_step$func$../rtl/crypto/india_pdf_engine.v:262$8.ns[127:0]$430 [38]
  3782/4598: $2\ca30_step$func$../rtl/crypto/india_pdf_engine.v:262$8.ns[127:0]$430 [37]
  3783/4598: $2\ca30_step$func$../rtl/crypto/india_pdf_engine.v:262$8.ns[127:0]$430 [36]
  3784/4598: $2\ca30_step$func$../rtl/crypto/india_pdf_engine.v:262$8.ns[127:0]$430 [35]
  3785/4598: $2\ca30_step$func$../rtl/crypto/india_pdf_engine.v:262$8.ns[127:0]$430 [34]
  3786/4598: $2\ca30_step$func$../rtl/crypto/india_pdf_engine.v:262$8.ns[127:0]$430 [33]
  3787/4598: $2\ca30_step$func$../rtl/crypto/india_pdf_engine.v:262$8.ns[127:0]$430 [32]
  3788/4598: $2\ca30_step$func$../rtl/crypto/india_pdf_engine.v:262$8.ns[127:0]$430 [31]
  3789/4598: $2\ca30_step$func$../rtl/crypto/india_pdf_engine.v:262$8.ns[127:0]$430 [30]
  3790/4598: $2\ca30_step$func$../rtl/crypto/india_pdf_engine.v:262$8.ns[127:0]$430 [29]
  3791/4598: $2\ca30_step$func$../rtl/crypto/india_pdf_engine.v:262$8.ns[127:0]$430 [28]
  3792/4598: $2\ca30_step$func$../rtl/crypto/india_pdf_engine.v:262$8.ns[127:0]$430 [27]
  3793/4598: $2\ca30_step$func$../rtl/crypto/india_pdf_engine.v:262$8.ns[127:0]$430 [26]
  3794/4598: $2\ca30_step$func$../rtl/crypto/india_pdf_engine.v:262$8.ns[127:0]$430 [25]
  3795/4598: $2\ca30_step$func$../rtl/crypto/india_pdf_engine.v:262$8.ns[127:0]$430 [24]
  3796/4598: $2\ca30_step$func$../rtl/crypto/india_pdf_engine.v:262$8.ns[127:0]$430 [23]
  3797/4598: $2\ca30_step$func$../rtl/crypto/india_pdf_engine.v:262$8.ns[127:0]$430 [22]
  3798/4598: $2\ca30_step$func$../rtl/crypto/india_pdf_engine.v:262$8.ns[127:0]$430 [21]
  3799/4598: $2\ca30_step$func$../rtl/crypto/india_pdf_engine.v:262$8.ns[127:0]$430 [20]
  3800/4598: $2\ca30_step$func$../rtl/crypto/india_pdf_engine.v:262$8.ns[127:0]$430 [19]
  3801/4598: $2\ca30_step$func$../rtl/crypto/india_pdf_engine.v:262$8.ns[127:0]$430 [18]
  3802/4598: $2\ca30_step$func$../rtl/crypto/india_pdf_engine.v:262$8.ns[127:0]$430 [17]
  3803/4598: $2\ca30_step$func$../rtl/crypto/india_pdf_engine.v:262$8.ns[127:0]$430 [16]
  3804/4598: $2\ca30_step$func$../rtl/crypto/india_pdf_engine.v:262$8.ns[127:0]$430 [15]
  3805/4598: $2\ca30_step$func$../rtl/crypto/india_pdf_engine.v:262$8.ns[127:0]$430 [14]
  3806/4598: $2\ca30_step$func$../rtl/crypto/india_pdf_engine.v:262$8.ns[127:0]$430 [13]
  3807/4598: $2\ca30_step$func$../rtl/crypto/india_pdf_engine.v:262$8.ns[127:0]$430 [12]
  3808/4598: $2\ca30_step$func$../rtl/crypto/india_pdf_engine.v:262$8.ns[127:0]$430 [11]
  3809/4598: $2\ca30_step$func$../rtl/crypto/india_pdf_engine.v:262$8.ns[127:0]$430 [10]
  3810/4598: $2\ca30_step$func$../rtl/crypto/india_pdf_engine.v:262$8.ns[127:0]$430 [9]
  3811/4598: $2\ca30_step$func$../rtl/crypto/india_pdf_engine.v:262$8.ns[127:0]$430 [8]
  3812/4598: $2\ca30_step$func$../rtl/crypto/india_pdf_engine.v:262$8.ns[127:0]$430 [7]
  3813/4598: $2\ca30_step$func$../rtl/crypto/india_pdf_engine.v:262$8.ns[127:0]$430 [6]
  3814/4598: $2\ca30_step$func$../rtl/crypto/india_pdf_engine.v:262$8.ns[127:0]$430 [5]
  3815/4598: $2\ca30_step$func$../rtl/crypto/india_pdf_engine.v:262$8.ns[127:0]$430 [4]
  3816/4598: $2\ca30_step$func$../rtl/crypto/india_pdf_engine.v:262$8.ns[127:0]$430 [3]
  3817/4598: $2\ca30_step$func$../rtl/crypto/india_pdf_engine.v:262$8.ns[127:0]$430 [2]
  3818/4598: $2\ca30_step$func$../rtl/crypto/india_pdf_engine.v:262$8.ns[127:0]$430 [1]
  3819/4598: $2\ca30_step$func$../rtl/crypto/india_pdf_engine.v:262$8.ns[127:0]$430 [0]
  3820/4598: $2\ca30_step$func$../rtl/crypto/india_pdf_engine.v:261$7.ns[127:0]$426 [127]
  3821/4598: $2\ca30_step$func$../rtl/crypto/india_pdf_engine.v:261$7.ns[127:0]$426 [126]
  3822/4598: $2\ca30_step$func$../rtl/crypto/india_pdf_engine.v:261$7.ns[127:0]$426 [125]
  3823/4598: $2\ca30_step$func$../rtl/crypto/india_pdf_engine.v:261$7.ns[127:0]$426 [124]
  3824/4598: $2\ca30_step$func$../rtl/crypto/india_pdf_engine.v:261$7.ns[127:0]$426 [123]
  3825/4598: $2\ca30_step$func$../rtl/crypto/india_pdf_engine.v:261$7.ns[127:0]$426 [122]
  3826/4598: $2\ca30_step$func$../rtl/crypto/india_pdf_engine.v:261$7.ns[127:0]$426 [121]
  3827/4598: $2\ca30_step$func$../rtl/crypto/india_pdf_engine.v:261$7.ns[127:0]$426 [120]
  3828/4598: $2\ca30_step$func$../rtl/crypto/india_pdf_engine.v:261$7.ns[127:0]$426 [119]
  3829/4598: $2\ca30_step$func$../rtl/crypto/india_pdf_engine.v:261$7.ns[127:0]$426 [118]
  3830/4598: $2\ca30_step$func$../rtl/crypto/india_pdf_engine.v:261$7.ns[127:0]$426 [117]
  3831/4598: $2\ca30_step$func$../rtl/crypto/india_pdf_engine.v:261$7.ns[127:0]$426 [116]
  3832/4598: $2\ca30_step$func$../rtl/crypto/india_pdf_engine.v:261$7.ns[127:0]$426 [115]
  3833/4598: $2\ca30_step$func$../rtl/crypto/india_pdf_engine.v:261$7.ns[127:0]$426 [114]
  3834/4598: $2\ca30_step$func$../rtl/crypto/india_pdf_engine.v:261$7.ns[127:0]$426 [112]
  3835/4598: $2\ca30_step$func$../rtl/crypto/india_pdf_engine.v:261$7.ns[127:0]$426 [111]
  3836/4598: $2\ca30_step$func$../rtl/crypto/india_pdf_engine.v:261$7.ns[127:0]$426 [110]
  3837/4598: $2\ca30_step$func$../rtl/crypto/india_pdf_engine.v:261$7.ns[127:0]$426 [109]
  3838/4598: $2\ca30_step$func$../rtl/crypto/india_pdf_engine.v:261$7.ns[127:0]$426 [108]
  3839/4598: $2\ca30_step$func$../rtl/crypto/india_pdf_engine.v:261$7.ns[127:0]$426 [107]
  3840/4598: $2\ca30_step$func$../rtl/crypto/india_pdf_engine.v:261$7.ns[127:0]$426 [106]
  3841/4598: $2\ca30_step$func$../rtl/crypto/india_pdf_engine.v:261$7.ns[127:0]$426 [105]
  3842/4598: $2\ca30_step$func$../rtl/crypto/india_pdf_engine.v:261$7.ns[127:0]$426 [104]
  3843/4598: $2\ca30_step$func$../rtl/crypto/india_pdf_engine.v:261$7.ns[127:0]$426 [103]
  3844/4598: $2\ca30_step$func$../rtl/crypto/india_pdf_engine.v:261$7.ns[127:0]$426 [102]
  3845/4598: $2\ca30_step$func$../rtl/crypto/india_pdf_engine.v:261$7.ns[127:0]$426 [101]
  3846/4598: $2\ca30_step$func$../rtl/crypto/india_pdf_engine.v:261$7.ns[127:0]$426 [100]
  3847/4598: $2\ca30_step$func$../rtl/crypto/india_pdf_engine.v:261$7.ns[127:0]$426 [99]
  3848/4598: $2\ca30_step$func$../rtl/crypto/india_pdf_engine.v:261$7.ns[127:0]$426 [98]
  3849/4598: $2\ca30_step$func$../rtl/crypto/india_pdf_engine.v:261$7.ns[127:0]$426 [97]
  3850/4598: $2\ca30_step$func$../rtl/crypto/india_pdf_engine.v:261$7.ns[127:0]$426 [96]
  3851/4598: $2\ca30_step$func$../rtl/crypto/india_pdf_engine.v:261$7.ns[127:0]$426 [95]
  3852/4598: $2\ca30_step$func$../rtl/crypto/india_pdf_engine.v:261$7.ns[127:0]$426 [94]
  3853/4598: $2\ca30_step$func$../rtl/crypto/india_pdf_engine.v:261$7.ns[127:0]$426 [93]
  3854/4598: $2\ca30_step$func$../rtl/crypto/india_pdf_engine.v:261$7.ns[127:0]$426 [92]
  3855/4598: $2\ca30_step$func$../rtl/crypto/india_pdf_engine.v:261$7.ns[127:0]$426 [91]
  3856/4598: $2\ca30_step$func$../rtl/crypto/india_pdf_engine.v:261$7.ns[127:0]$426 [90]
  3857/4598: $2\ca30_step$func$../rtl/crypto/india_pdf_engine.v:261$7.ns[127:0]$426 [89]
  3858/4598: $2\ca30_step$func$../rtl/crypto/india_pdf_engine.v:261$7.ns[127:0]$426 [88]
  3859/4598: $2\ca30_step$func$../rtl/crypto/india_pdf_engine.v:261$7.ns[127:0]$426 [87]
  3860/4598: $2\ca30_step$func$../rtl/crypto/india_pdf_engine.v:261$7.ns[127:0]$426 [86]
  3861/4598: $2\ca30_step$func$../rtl/crypto/india_pdf_engine.v:261$7.ns[127:0]$426 [85]
  3862/4598: $2\ca30_step$func$../rtl/crypto/india_pdf_engine.v:261$7.ns[127:0]$426 [84]
  3863/4598: $2\ca30_step$func$../rtl/crypto/india_pdf_engine.v:261$7.ns[127:0]$426 [83]
  3864/4598: $2\ca30_step$func$../rtl/crypto/india_pdf_engine.v:261$7.ns[127:0]$426 [82]
  3865/4598: $2\ca30_step$func$../rtl/crypto/india_pdf_engine.v:261$7.ns[127:0]$426 [81]
  3866/4598: $2\ca30_step$func$../rtl/crypto/india_pdf_engine.v:261$7.ns[127:0]$426 [80]
  3867/4598: $2\ca30_step$func$../rtl/crypto/india_pdf_engine.v:261$7.ns[127:0]$426 [79]
  3868/4598: $2\ca30_step$func$../rtl/crypto/india_pdf_engine.v:261$7.ns[127:0]$426 [78]
  3869/4598: $2\ca30_step$func$../rtl/crypto/india_pdf_engine.v:261$7.ns[127:0]$426 [77]
  3870/4598: $2\ca30_step$func$../rtl/crypto/india_pdf_engine.v:261$7.ns[127:0]$426 [76]
  3871/4598: $2\ca30_step$func$../rtl/crypto/india_pdf_engine.v:261$7.ns[127:0]$426 [75]
  3872/4598: $2\ca30_step$func$../rtl/crypto/india_pdf_engine.v:261$7.ns[127:0]$426 [74]
  3873/4598: $2\ca30_step$func$../rtl/crypto/india_pdf_engine.v:261$7.ns[127:0]$426 [73]
  3874/4598: $2\ca30_step$func$../rtl/crypto/india_pdf_engine.v:261$7.ns[127:0]$426 [72]
  3875/4598: $2\ca30_step$func$../rtl/crypto/india_pdf_engine.v:261$7.ns[127:0]$426 [71]
  3876/4598: $2\ca30_step$func$../rtl/crypto/india_pdf_engine.v:261$7.ns[127:0]$426 [70]
  3877/4598: $2\ca30_step$func$../rtl/crypto/india_pdf_engine.v:261$7.ns[127:0]$426 [69]
  3878/4598: $2\ca30_step$func$../rtl/crypto/india_pdf_engine.v:261$7.ns[127:0]$426 [68]
  3879/4598: $2\ca30_step$func$../rtl/crypto/india_pdf_engine.v:261$7.ns[127:0]$426 [67]
  3880/4598: $2\ca30_step$func$../rtl/crypto/india_pdf_engine.v:261$7.ns[127:0]$426 [66]
  3881/4598: $2\ca30_step$func$../rtl/crypto/india_pdf_engine.v:261$7.ns[127:0]$426 [65]
  3882/4598: $2\ca30_step$func$../rtl/crypto/india_pdf_engine.v:261$7.ns[127:0]$426 [64]
  3883/4598: $2\ca30_step$func$../rtl/crypto/india_pdf_engine.v:261$7.ns[127:0]$426 [63]
  3884/4598: $2\ca30_step$func$../rtl/crypto/india_pdf_engine.v:261$7.ns[127:0]$426 [62]
  3885/4598: $2\ca30_step$func$../rtl/crypto/india_pdf_engine.v:261$7.ns[127:0]$426 [61]
  3886/4598: $2\ca30_step$func$../rtl/crypto/india_pdf_engine.v:261$7.ns[127:0]$426 [60]
  3887/4598: $2\ca30_step$func$../rtl/crypto/india_pdf_engine.v:261$7.ns[127:0]$426 [59]
  3888/4598: $2\ca30_step$func$../rtl/crypto/india_pdf_engine.v:261$7.ns[127:0]$426 [58]
  3889/4598: $2\ca30_step$func$../rtl/crypto/india_pdf_engine.v:261$7.ns[127:0]$426 [57]
  3890/4598: $2\ca30_step$func$../rtl/crypto/india_pdf_engine.v:261$7.ns[127:0]$426 [56]
  3891/4598: $2\ca30_step$func$../rtl/crypto/india_pdf_engine.v:261$7.ns[127:0]$426 [55]
  3892/4598: $2\ca30_step$func$../rtl/crypto/india_pdf_engine.v:261$7.ns[127:0]$426 [54]
  3893/4598: $2\ca30_step$func$../rtl/crypto/india_pdf_engine.v:261$7.ns[127:0]$426 [53]
  3894/4598: $2\ca30_step$func$../rtl/crypto/india_pdf_engine.v:261$7.ns[127:0]$426 [52]
  3895/4598: $2\ca30_step$func$../rtl/crypto/india_pdf_engine.v:261$7.ns[127:0]$426 [51]
  3896/4598: $2\ca30_step$func$../rtl/crypto/india_pdf_engine.v:261$7.ns[127:0]$426 [50]
  3897/4598: $2\ca30_step$func$../rtl/crypto/india_pdf_engine.v:261$7.ns[127:0]$426 [49]
  3898/4598: $2\ca30_step$func$../rtl/crypto/india_pdf_engine.v:261$7.ns[127:0]$426 [48]
  3899/4598: $2\ca30_step$func$../rtl/crypto/india_pdf_engine.v:261$7.ns[127:0]$426 [47]
  3900/4598: $2\ca30_step$func$../rtl/crypto/india_pdf_engine.v:261$7.ns[127:0]$426 [46]
  3901/4598: $2\ca30_step$func$../rtl/crypto/india_pdf_engine.v:261$7.ns[127:0]$426 [45]
  3902/4598: $2\ca30_step$func$../rtl/crypto/india_pdf_engine.v:261$7.ns[127:0]$426 [44]
  3903/4598: $2\ca30_step$func$../rtl/crypto/india_pdf_engine.v:261$7.ns[127:0]$426 [43]
  3904/4598: $2\ca30_step$func$../rtl/crypto/india_pdf_engine.v:261$7.ns[127:0]$426 [42]
  3905/4598: $2\ca30_step$func$../rtl/crypto/india_pdf_engine.v:261$7.ns[127:0]$426 [41]
  3906/4598: $2\ca30_step$func$../rtl/crypto/india_pdf_engine.v:261$7.ns[127:0]$426 [40]
  3907/4598: $2\ca30_step$func$../rtl/crypto/india_pdf_engine.v:261$7.ns[127:0]$426 [39]
  3908/4598: $2\ca30_step$func$../rtl/crypto/india_pdf_engine.v:261$7.ns[127:0]$426 [38]
  3909/4598: $2\ca30_step$func$../rtl/crypto/india_pdf_engine.v:261$7.ns[127:0]$426 [37]
  3910/4598: $2\ca30_step$func$../rtl/crypto/india_pdf_engine.v:261$7.ns[127:0]$426 [36]
  3911/4598: $2\ca30_step$func$../rtl/crypto/india_pdf_engine.v:261$7.ns[127:0]$426 [35]
  3912/4598: $2\ca30_step$func$../rtl/crypto/india_pdf_engine.v:261$7.ns[127:0]$426 [34]
  3913/4598: $2\ca30_step$func$../rtl/crypto/india_pdf_engine.v:261$7.ns[127:0]$426 [33]
  3914/4598: $2\ca30_step$func$../rtl/crypto/india_pdf_engine.v:261$7.ns[127:0]$426 [32]
  3915/4598: $2\ca30_step$func$../rtl/crypto/india_pdf_engine.v:261$7.ns[127:0]$426 [31]
  3916/4598: $2\ca30_step$func$../rtl/crypto/india_pdf_engine.v:261$7.ns[127:0]$426 [30]
  3917/4598: $2\ca30_step$func$../rtl/crypto/india_pdf_engine.v:261$7.ns[127:0]$426 [29]
  3918/4598: $2\ca30_step$func$../rtl/crypto/india_pdf_engine.v:261$7.ns[127:0]$426 [28]
  3919/4598: $2\ca30_step$func$../rtl/crypto/india_pdf_engine.v:261$7.ns[127:0]$426 [27]
  3920/4598: $2\ca30_step$func$../rtl/crypto/india_pdf_engine.v:261$7.ns[127:0]$426 [26]
  3921/4598: $2\ca30_step$func$../rtl/crypto/india_pdf_engine.v:261$7.ns[127:0]$426 [25]
  3922/4598: $2\ca30_step$func$../rtl/crypto/india_pdf_engine.v:261$7.ns[127:0]$426 [24]
  3923/4598: $2\ca30_step$func$../rtl/crypto/india_pdf_engine.v:261$7.ns[127:0]$426 [23]
  3924/4598: $2\ca30_step$func$../rtl/crypto/india_pdf_engine.v:261$7.ns[127:0]$426 [22]
  3925/4598: $2\ca30_step$func$../rtl/crypto/india_pdf_engine.v:261$7.ns[127:0]$426 [21]
  3926/4598: $2\ca30_step$func$../rtl/crypto/india_pdf_engine.v:261$7.ns[127:0]$426 [20]
  3927/4598: $2\ca30_step$func$../rtl/crypto/india_pdf_engine.v:261$7.ns[127:0]$426 [19]
  3928/4598: $2\ca30_step$func$../rtl/crypto/india_pdf_engine.v:261$7.ns[127:0]$426 [18]
  3929/4598: $2\ca30_step$func$../rtl/crypto/india_pdf_engine.v:261$7.ns[127:0]$426 [17]
  3930/4598: $2\ca30_step$func$../rtl/crypto/india_pdf_engine.v:261$7.ns[127:0]$426 [16]
  3931/4598: $2\ca30_step$func$../rtl/crypto/india_pdf_engine.v:261$7.ns[127:0]$426 [15]
  3932/4598: $2\ca30_step$func$../rtl/crypto/india_pdf_engine.v:261$7.ns[127:0]$426 [14]
  3933/4598: $2\ca30_step$func$../rtl/crypto/india_pdf_engine.v:261$7.ns[127:0]$426 [13]
  3934/4598: $2\ca30_step$func$../rtl/crypto/india_pdf_engine.v:261$7.ns[127:0]$426 [12]
  3935/4598: $2\ca30_step$func$../rtl/crypto/india_pdf_engine.v:261$7.ns[127:0]$426 [11]
  3936/4598: $2\ca30_step$func$../rtl/crypto/india_pdf_engine.v:261$7.ns[127:0]$426 [10]
  3937/4598: $2\ca30_step$func$../rtl/crypto/india_pdf_engine.v:261$7.ns[127:0]$426 [9]
  3938/4598: $2\ca30_step$func$../rtl/crypto/india_pdf_engine.v:261$7.ns[127:0]$426 [8]
  3939/4598: $2\ca30_step$func$../rtl/crypto/india_pdf_engine.v:261$7.ns[127:0]$426 [7]
  3940/4598: $2\ca30_step$func$../rtl/crypto/india_pdf_engine.v:261$7.ns[127:0]$426 [6]
  3941/4598: $2\ca30_step$func$../rtl/crypto/india_pdf_engine.v:261$7.ns[127:0]$426 [5]
  3942/4598: $2\ca30_step$func$../rtl/crypto/india_pdf_engine.v:261$7.ns[127:0]$426 [4]
  3943/4598: $2\ca30_step$func$../rtl/crypto/india_pdf_engine.v:261$7.ns[127:0]$426 [3]
  3944/4598: $2\ca30_step$func$../rtl/crypto/india_pdf_engine.v:261$7.ns[127:0]$426 [2]
  3945/4598: $2\ca30_step$func$../rtl/crypto/india_pdf_engine.v:261$7.ns[127:0]$426 [1]
  3946/4598: $2\ca30_step$func$../rtl/crypto/india_pdf_engine.v:261$7.ns[127:0]$426 [0]
  3947/4598: $2\ca30_step$func$../rtl/crypto/india_pdf_engine.v:260$6.ns[127:0]$422 [127]
  3948/4598: $2\ca30_step$func$../rtl/crypto/india_pdf_engine.v:260$6.ns[127:0]$422 [126]
  3949/4598: $2\ca30_step$func$../rtl/crypto/india_pdf_engine.v:260$6.ns[127:0]$422 [125]
  3950/4598: $2\ca30_step$func$../rtl/crypto/india_pdf_engine.v:260$6.ns[127:0]$422 [124]
  3951/4598: $2\ca30_step$func$../rtl/crypto/india_pdf_engine.v:260$6.ns[127:0]$422 [123]
  3952/4598: $2\ca30_step$func$../rtl/crypto/india_pdf_engine.v:260$6.ns[127:0]$422 [122]
  3953/4598: $2\ca30_step$func$../rtl/crypto/india_pdf_engine.v:260$6.ns[127:0]$422 [121]
  3954/4598: $2\ca30_step$func$../rtl/crypto/india_pdf_engine.v:260$6.ns[127:0]$422 [120]
  3955/4598: $2\ca30_step$func$../rtl/crypto/india_pdf_engine.v:260$6.ns[127:0]$422 [119]
  3956/4598: $2\ca30_step$func$../rtl/crypto/india_pdf_engine.v:260$6.ns[127:0]$422 [118]
  3957/4598: $2\ca30_step$func$../rtl/crypto/india_pdf_engine.v:260$6.ns[127:0]$422 [117]
  3958/4598: $2\ca30_step$func$../rtl/crypto/india_pdf_engine.v:260$6.ns[127:0]$422 [116]
  3959/4598: $2\ca30_step$func$../rtl/crypto/india_pdf_engine.v:260$6.ns[127:0]$422 [115]
  3960/4598: $2\ca30_step$func$../rtl/crypto/india_pdf_engine.v:260$6.ns[127:0]$422 [114]
  3961/4598: $2\ca30_step$func$../rtl/crypto/india_pdf_engine.v:260$6.ns[127:0]$422 [112]
  3962/4598: $2\ca30_step$func$../rtl/crypto/india_pdf_engine.v:260$6.ns[127:0]$422 [111]
  3963/4598: $2\ca30_step$func$../rtl/crypto/india_pdf_engine.v:260$6.ns[127:0]$422 [110]
  3964/4598: $2\ca30_step$func$../rtl/crypto/india_pdf_engine.v:260$6.ns[127:0]$422 [109]
  3965/4598: $2\ca30_step$func$../rtl/crypto/india_pdf_engine.v:260$6.ns[127:0]$422 [108]
  3966/4598: $2\ca30_step$func$../rtl/crypto/india_pdf_engine.v:260$6.ns[127:0]$422 [107]
  3967/4598: $2\ca30_step$func$../rtl/crypto/india_pdf_engine.v:260$6.ns[127:0]$422 [106]
  3968/4598: $2\ca30_step$func$../rtl/crypto/india_pdf_engine.v:260$6.ns[127:0]$422 [105]
  3969/4598: $2\ca30_step$func$../rtl/crypto/india_pdf_engine.v:260$6.ns[127:0]$422 [104]
  3970/4598: $2\ca30_step$func$../rtl/crypto/india_pdf_engine.v:260$6.ns[127:0]$422 [103]
  3971/4598: $2\ca30_step$func$../rtl/crypto/india_pdf_engine.v:260$6.ns[127:0]$422 [102]
  3972/4598: $2\ca30_step$func$../rtl/crypto/india_pdf_engine.v:260$6.ns[127:0]$422 [101]
  3973/4598: $2\ca30_step$func$../rtl/crypto/india_pdf_engine.v:260$6.ns[127:0]$422 [100]
  3974/4598: $2\ca30_step$func$../rtl/crypto/india_pdf_engine.v:260$6.ns[127:0]$422 [99]
  3975/4598: $2\ca30_step$func$../rtl/crypto/india_pdf_engine.v:260$6.ns[127:0]$422 [98]
  3976/4598: $2\ca30_step$func$../rtl/crypto/india_pdf_engine.v:260$6.ns[127:0]$422 [97]
  3977/4598: $2\ca30_step$func$../rtl/crypto/india_pdf_engine.v:260$6.ns[127:0]$422 [96]
  3978/4598: $2\ca30_step$func$../rtl/crypto/india_pdf_engine.v:260$6.ns[127:0]$422 [95]
  3979/4598: $2\ca30_step$func$../rtl/crypto/india_pdf_engine.v:260$6.ns[127:0]$422 [94]
  3980/4598: $2\ca30_step$func$../rtl/crypto/india_pdf_engine.v:260$6.ns[127:0]$422 [93]
  3981/4598: $2\ca30_step$func$../rtl/crypto/india_pdf_engine.v:260$6.ns[127:0]$422 [92]
  3982/4598: $2\ca30_step$func$../rtl/crypto/india_pdf_engine.v:260$6.ns[127:0]$422 [91]
  3983/4598: $2\ca30_step$func$../rtl/crypto/india_pdf_engine.v:260$6.ns[127:0]$422 [90]
  3984/4598: $2\ca30_step$func$../rtl/crypto/india_pdf_engine.v:260$6.ns[127:0]$422 [89]
  3985/4598: $2\ca30_step$func$../rtl/crypto/india_pdf_engine.v:260$6.ns[127:0]$422 [88]
  3986/4598: $2\ca30_step$func$../rtl/crypto/india_pdf_engine.v:260$6.ns[127:0]$422 [87]
  3987/4598: $2\ca30_step$func$../rtl/crypto/india_pdf_engine.v:260$6.ns[127:0]$422 [86]
  3988/4598: $2\ca30_step$func$../rtl/crypto/india_pdf_engine.v:260$6.ns[127:0]$422 [85]
  3989/4598: $2\ca30_step$func$../rtl/crypto/india_pdf_engine.v:260$6.ns[127:0]$422 [84]
  3990/4598: $2\ca30_step$func$../rtl/crypto/india_pdf_engine.v:260$6.ns[127:0]$422 [83]
  3991/4598: $2\ca30_step$func$../rtl/crypto/india_pdf_engine.v:260$6.ns[127:0]$422 [82]
  3992/4598: $2\ca30_step$func$../rtl/crypto/india_pdf_engine.v:260$6.ns[127:0]$422 [81]
  3993/4598: $2\ca30_step$func$../rtl/crypto/india_pdf_engine.v:260$6.ns[127:0]$422 [80]
  3994/4598: $2\ca30_step$func$../rtl/crypto/india_pdf_engine.v:260$6.ns[127:0]$422 [79]
  3995/4598: $2\ca30_step$func$../rtl/crypto/india_pdf_engine.v:260$6.ns[127:0]$422 [78]
  3996/4598: $2\ca30_step$func$../rtl/crypto/india_pdf_engine.v:260$6.ns[127:0]$422 [77]
  3997/4598: $2\ca30_step$func$../rtl/crypto/india_pdf_engine.v:260$6.ns[127:0]$422 [76]
  3998/4598: $2\ca30_step$func$../rtl/crypto/india_pdf_engine.v:260$6.ns[127:0]$422 [75]
  3999/4598: $2\ca30_step$func$../rtl/crypto/india_pdf_engine.v:260$6.ns[127:0]$422 [74]
  4000/4598: $2\ca30_step$func$../rtl/crypto/india_pdf_engine.v:260$6.ns[127:0]$422 [73]
  4001/4598: $2\ca30_step$func$../rtl/crypto/india_pdf_engine.v:260$6.ns[127:0]$422 [72]
  4002/4598: $2\ca30_step$func$../rtl/crypto/india_pdf_engine.v:260$6.ns[127:0]$422 [71]
  4003/4598: $2\ca30_step$func$../rtl/crypto/india_pdf_engine.v:260$6.ns[127:0]$422 [70]
  4004/4598: $2\ca30_step$func$../rtl/crypto/india_pdf_engine.v:260$6.ns[127:0]$422 [69]
  4005/4598: $2\ca30_step$func$../rtl/crypto/india_pdf_engine.v:260$6.ns[127:0]$422 [68]
  4006/4598: $2\ca30_step$func$../rtl/crypto/india_pdf_engine.v:260$6.ns[127:0]$422 [67]
  4007/4598: $2\ca30_step$func$../rtl/crypto/india_pdf_engine.v:260$6.ns[127:0]$422 [66]
  4008/4598: $2\ca30_step$func$../rtl/crypto/india_pdf_engine.v:260$6.ns[127:0]$422 [65]
  4009/4598: $2\ca30_step$func$../rtl/crypto/india_pdf_engine.v:260$6.ns[127:0]$422 [64]
  4010/4598: $2\ca30_step$func$../rtl/crypto/india_pdf_engine.v:260$6.ns[127:0]$422 [63]
  4011/4598: $2\ca30_step$func$../rtl/crypto/india_pdf_engine.v:260$6.ns[127:0]$422 [62]
  4012/4598: $2\ca30_step$func$../rtl/crypto/india_pdf_engine.v:260$6.ns[127:0]$422 [61]
  4013/4598: $2\ca30_step$func$../rtl/crypto/india_pdf_engine.v:260$6.ns[127:0]$422 [60]
  4014/4598: $2\ca30_step$func$../rtl/crypto/india_pdf_engine.v:260$6.ns[127:0]$422 [59]
  4015/4598: $2\ca30_step$func$../rtl/crypto/india_pdf_engine.v:260$6.ns[127:0]$422 [58]
  4016/4598: $2\ca30_step$func$../rtl/crypto/india_pdf_engine.v:260$6.ns[127:0]$422 [57]
  4017/4598: $2\ca30_step$func$../rtl/crypto/india_pdf_engine.v:260$6.ns[127:0]$422 [56]
  4018/4598: $2\ca30_step$func$../rtl/crypto/india_pdf_engine.v:260$6.ns[127:0]$422 [55]
  4019/4598: $2\ca30_step$func$../rtl/crypto/india_pdf_engine.v:260$6.ns[127:0]$422 [54]
  4020/4598: $2\ca30_step$func$../rtl/crypto/india_pdf_engine.v:260$6.ns[127:0]$422 [53]
  4021/4598: $2\ca30_step$func$../rtl/crypto/india_pdf_engine.v:260$6.ns[127:0]$422 [52]
  4022/4598: $2\ca30_step$func$../rtl/crypto/india_pdf_engine.v:260$6.ns[127:0]$422 [51]
  4023/4598: $2\ca30_step$func$../rtl/crypto/india_pdf_engine.v:260$6.ns[127:0]$422 [50]
  4024/4598: $2\ca30_step$func$../rtl/crypto/india_pdf_engine.v:260$6.ns[127:0]$422 [49]
  4025/4598: $2\ca30_step$func$../rtl/crypto/india_pdf_engine.v:260$6.ns[127:0]$422 [48]
  4026/4598: $2\ca30_step$func$../rtl/crypto/india_pdf_engine.v:260$6.ns[127:0]$422 [47]
  4027/4598: $2\ca30_step$func$../rtl/crypto/india_pdf_engine.v:260$6.ns[127:0]$422 [46]
  4028/4598: $2\ca30_step$func$../rtl/crypto/india_pdf_engine.v:260$6.ns[127:0]$422 [45]
  4029/4598: $2\ca30_step$func$../rtl/crypto/india_pdf_engine.v:260$6.ns[127:0]$422 [44]
  4030/4598: $2\ca30_step$func$../rtl/crypto/india_pdf_engine.v:260$6.ns[127:0]$422 [43]
  4031/4598: $2\ca30_step$func$../rtl/crypto/india_pdf_engine.v:260$6.ns[127:0]$422 [42]
  4032/4598: $2\ca30_step$func$../rtl/crypto/india_pdf_engine.v:260$6.ns[127:0]$422 [41]
  4033/4598: $2\ca30_step$func$../rtl/crypto/india_pdf_engine.v:260$6.ns[127:0]$422 [40]
  4034/4598: $2\ca30_step$func$../rtl/crypto/india_pdf_engine.v:260$6.ns[127:0]$422 [39]
  4035/4598: $2\ca30_step$func$../rtl/crypto/india_pdf_engine.v:260$6.ns[127:0]$422 [38]
  4036/4598: $2\ca30_step$func$../rtl/crypto/india_pdf_engine.v:260$6.ns[127:0]$422 [37]
  4037/4598: $2\ca30_step$func$../rtl/crypto/india_pdf_engine.v:260$6.ns[127:0]$422 [36]
  4038/4598: $2\ca30_step$func$../rtl/crypto/india_pdf_engine.v:260$6.ns[127:0]$422 [35]
  4039/4598: $2\ca30_step$func$../rtl/crypto/india_pdf_engine.v:260$6.ns[127:0]$422 [34]
  4040/4598: $2\ca30_step$func$../rtl/crypto/india_pdf_engine.v:260$6.ns[127:0]$422 [33]
  4041/4598: $2\ca30_step$func$../rtl/crypto/india_pdf_engine.v:260$6.ns[127:0]$422 [32]
  4042/4598: $2\ca30_step$func$../rtl/crypto/india_pdf_engine.v:260$6.ns[127:0]$422 [31]
  4043/4598: $2\ca30_step$func$../rtl/crypto/india_pdf_engine.v:260$6.ns[127:0]$422 [30]
  4044/4598: $2\ca30_step$func$../rtl/crypto/india_pdf_engine.v:260$6.ns[127:0]$422 [29]
  4045/4598: $2\ca30_step$func$../rtl/crypto/india_pdf_engine.v:260$6.ns[127:0]$422 [28]
  4046/4598: $2\ca30_step$func$../rtl/crypto/india_pdf_engine.v:260$6.ns[127:0]$422 [27]
  4047/4598: $2\ca30_step$func$../rtl/crypto/india_pdf_engine.v:260$6.ns[127:0]$422 [26]
  4048/4598: $2\ca30_step$func$../rtl/crypto/india_pdf_engine.v:260$6.ns[127:0]$422 [25]
  4049/4598: $2\ca30_step$func$../rtl/crypto/india_pdf_engine.v:260$6.ns[127:0]$422 [24]
  4050/4598: $2\ca30_step$func$../rtl/crypto/india_pdf_engine.v:260$6.ns[127:0]$422 [23]
  4051/4598: $2\ca30_step$func$../rtl/crypto/india_pdf_engine.v:260$6.ns[127:0]$422 [22]
  4052/4598: $2\ca30_step$func$../rtl/crypto/india_pdf_engine.v:260$6.ns[127:0]$422 [21]
  4053/4598: $2\ca30_step$func$../rtl/crypto/india_pdf_engine.v:260$6.ns[127:0]$422 [20]
  4054/4598: $2\ca30_step$func$../rtl/crypto/india_pdf_engine.v:260$6.ns[127:0]$422 [19]
  4055/4598: $2\ca30_step$func$../rtl/crypto/india_pdf_engine.v:260$6.ns[127:0]$422 [18]
  4056/4598: $2\ca30_step$func$../rtl/crypto/india_pdf_engine.v:260$6.ns[127:0]$422 [17]
  4057/4598: $2\ca30_step$func$../rtl/crypto/india_pdf_engine.v:260$6.ns[127:0]$422 [16]
  4058/4598: $2\ca30_step$func$../rtl/crypto/india_pdf_engine.v:260$6.ns[127:0]$422 [15]
  4059/4598: $2\ca30_step$func$../rtl/crypto/india_pdf_engine.v:260$6.ns[127:0]$422 [14]
  4060/4598: $2\ca30_step$func$../rtl/crypto/india_pdf_engine.v:260$6.ns[127:0]$422 [13]
  4061/4598: $2\ca30_step$func$../rtl/crypto/india_pdf_engine.v:260$6.ns[127:0]$422 [12]
  4062/4598: $2\ca30_step$func$../rtl/crypto/india_pdf_engine.v:260$6.ns[127:0]$422 [11]
  4063/4598: $2\ca30_step$func$../rtl/crypto/india_pdf_engine.v:260$6.ns[127:0]$422 [10]
  4064/4598: $2\ca30_step$func$../rtl/crypto/india_pdf_engine.v:260$6.ns[127:0]$422 [9]
  4065/4598: $2\ca30_step$func$../rtl/crypto/india_pdf_engine.v:260$6.ns[127:0]$422 [8]
  4066/4598: $2\ca30_step$func$../rtl/crypto/india_pdf_engine.v:260$6.ns[127:0]$422 [7]
  4067/4598: $2\ca30_step$func$../rtl/crypto/india_pdf_engine.v:260$6.ns[127:0]$422 [6]
  4068/4598: $2\ca30_step$func$../rtl/crypto/india_pdf_engine.v:260$6.ns[127:0]$422 [5]
  4069/4598: $2\ca30_step$func$../rtl/crypto/india_pdf_engine.v:260$6.ns[127:0]$422 [4]
  4070/4598: $2\ca30_step$func$../rtl/crypto/india_pdf_engine.v:260$6.ns[127:0]$422 [3]
  4071/4598: $2\ca30_step$func$../rtl/crypto/india_pdf_engine.v:260$6.ns[127:0]$422 [2]
  4072/4598: $2\ca30_step$func$../rtl/crypto/india_pdf_engine.v:260$6.ns[127:0]$422 [1]
  4073/4598: $2\ca30_step$func$../rtl/crypto/india_pdf_engine.v:260$6.ns[127:0]$422 [0]
  4074/4598: $2\ca30_step$func$../rtl/crypto/india_pdf_engine.v:259$5.ns[127:0]$418 [127]
  4075/4598: $2\ca30_step$func$../rtl/crypto/india_pdf_engine.v:259$5.ns[127:0]$418 [126]
  4076/4598: $2\ca30_step$func$../rtl/crypto/india_pdf_engine.v:259$5.ns[127:0]$418 [125]
  4077/4598: $2\ca30_step$func$../rtl/crypto/india_pdf_engine.v:259$5.ns[127:0]$418 [124]
  4078/4598: $2\ca30_step$func$../rtl/crypto/india_pdf_engine.v:259$5.ns[127:0]$418 [123]
  4079/4598: $2\ca30_step$func$../rtl/crypto/india_pdf_engine.v:259$5.ns[127:0]$418 [122]
  4080/4598: $2\ca30_step$func$../rtl/crypto/india_pdf_engine.v:259$5.ns[127:0]$418 [121]
  4081/4598: $2\ca30_step$func$../rtl/crypto/india_pdf_engine.v:259$5.ns[127:0]$418 [120]
  4082/4598: $2\ca30_step$func$../rtl/crypto/india_pdf_engine.v:259$5.ns[127:0]$418 [119]
  4083/4598: $2\ca30_step$func$../rtl/crypto/india_pdf_engine.v:259$5.ns[127:0]$418 [118]
  4084/4598: $2\ca30_step$func$../rtl/crypto/india_pdf_engine.v:259$5.ns[127:0]$418 [117]
  4085/4598: $2\ca30_step$func$../rtl/crypto/india_pdf_engine.v:259$5.ns[127:0]$418 [116]
  4086/4598: $2\ca30_step$func$../rtl/crypto/india_pdf_engine.v:259$5.ns[127:0]$418 [115]
  4087/4598: $2\ca30_step$func$../rtl/crypto/india_pdf_engine.v:259$5.ns[127:0]$418 [114]
  4088/4598: $2\ca30_step$func$../rtl/crypto/india_pdf_engine.v:259$5.ns[127:0]$418 [112]
  4089/4598: $2\ca30_step$func$../rtl/crypto/india_pdf_engine.v:259$5.ns[127:0]$418 [111]
  4090/4598: $2\ca30_step$func$../rtl/crypto/india_pdf_engine.v:259$5.ns[127:0]$418 [110]
  4091/4598: $2\ca30_step$func$../rtl/crypto/india_pdf_engine.v:259$5.ns[127:0]$418 [109]
  4092/4598: $2\ca30_step$func$../rtl/crypto/india_pdf_engine.v:259$5.ns[127:0]$418 [108]
  4093/4598: $2\ca30_step$func$../rtl/crypto/india_pdf_engine.v:259$5.ns[127:0]$418 [107]
  4094/4598: $2\ca30_step$func$../rtl/crypto/india_pdf_engine.v:259$5.ns[127:0]$418 [106]
  4095/4598: $2\ca30_step$func$../rtl/crypto/india_pdf_engine.v:259$5.ns[127:0]$418 [105]
  4096/4598: $2\ca30_step$func$../rtl/crypto/india_pdf_engine.v:259$5.ns[127:0]$418 [104]
  4097/4598: $2\ca30_step$func$../rtl/crypto/india_pdf_engine.v:259$5.ns[127:0]$418 [103]
  4098/4598: $2\ca30_step$func$../rtl/crypto/india_pdf_engine.v:259$5.ns[127:0]$418 [102]
  4099/4598: $2\ca30_step$func$../rtl/crypto/india_pdf_engine.v:259$5.ns[127:0]$418 [101]
  4100/4598: $2\ca30_step$func$../rtl/crypto/india_pdf_engine.v:259$5.ns[127:0]$418 [100]
  4101/4598: $2\ca30_step$func$../rtl/crypto/india_pdf_engine.v:259$5.ns[127:0]$418 [99]
  4102/4598: $2\ca30_step$func$../rtl/crypto/india_pdf_engine.v:259$5.ns[127:0]$418 [98]
  4103/4598: $2\ca30_step$func$../rtl/crypto/india_pdf_engine.v:259$5.ns[127:0]$418 [97]
  4104/4598: $2\ca30_step$func$../rtl/crypto/india_pdf_engine.v:259$5.ns[127:0]$418 [96]
  4105/4598: $2\ca30_step$func$../rtl/crypto/india_pdf_engine.v:259$5.ns[127:0]$418 [95]
  4106/4598: $2\ca30_step$func$../rtl/crypto/india_pdf_engine.v:259$5.ns[127:0]$418 [94]
  4107/4598: $2\ca30_step$func$../rtl/crypto/india_pdf_engine.v:259$5.ns[127:0]$418 [93]
  4108/4598: $2\ca30_step$func$../rtl/crypto/india_pdf_engine.v:259$5.ns[127:0]$418 [92]
  4109/4598: $2\ca30_step$func$../rtl/crypto/india_pdf_engine.v:259$5.ns[127:0]$418 [91]
  4110/4598: $2\ca30_step$func$../rtl/crypto/india_pdf_engine.v:259$5.ns[127:0]$418 [90]
  4111/4598: $2\ca30_step$func$../rtl/crypto/india_pdf_engine.v:259$5.ns[127:0]$418 [89]
  4112/4598: $2\ca30_step$func$../rtl/crypto/india_pdf_engine.v:259$5.ns[127:0]$418 [88]
  4113/4598: $2\ca30_step$func$../rtl/crypto/india_pdf_engine.v:259$5.ns[127:0]$418 [87]
  4114/4598: $2\ca30_step$func$../rtl/crypto/india_pdf_engine.v:259$5.ns[127:0]$418 [86]
  4115/4598: $2\ca30_step$func$../rtl/crypto/india_pdf_engine.v:259$5.ns[127:0]$418 [85]
  4116/4598: $2\ca30_step$func$../rtl/crypto/india_pdf_engine.v:259$5.ns[127:0]$418 [84]
  4117/4598: $2\ca30_step$func$../rtl/crypto/india_pdf_engine.v:259$5.ns[127:0]$418 [83]
  4118/4598: $2\ca30_step$func$../rtl/crypto/india_pdf_engine.v:259$5.ns[127:0]$418 [82]
  4119/4598: $2\ca30_step$func$../rtl/crypto/india_pdf_engine.v:259$5.ns[127:0]$418 [81]
  4120/4598: $2\ca30_step$func$../rtl/crypto/india_pdf_engine.v:259$5.ns[127:0]$418 [80]
  4121/4598: $2\ca30_step$func$../rtl/crypto/india_pdf_engine.v:259$5.ns[127:0]$418 [79]
  4122/4598: $2\ca30_step$func$../rtl/crypto/india_pdf_engine.v:259$5.ns[127:0]$418 [78]
  4123/4598: $2\ca30_step$func$../rtl/crypto/india_pdf_engine.v:259$5.ns[127:0]$418 [77]
  4124/4598: $2\ca30_step$func$../rtl/crypto/india_pdf_engine.v:259$5.ns[127:0]$418 [76]
  4125/4598: $2\ca30_step$func$../rtl/crypto/india_pdf_engine.v:259$5.ns[127:0]$418 [75]
  4126/4598: $2\ca30_step$func$../rtl/crypto/india_pdf_engine.v:259$5.ns[127:0]$418 [74]
  4127/4598: $2\ca30_step$func$../rtl/crypto/india_pdf_engine.v:259$5.ns[127:0]$418 [73]
  4128/4598: $2\ca30_step$func$../rtl/crypto/india_pdf_engine.v:259$5.ns[127:0]$418 [72]
  4129/4598: $2\ca30_step$func$../rtl/crypto/india_pdf_engine.v:259$5.ns[127:0]$418 [71]
  4130/4598: $2\ca30_step$func$../rtl/crypto/india_pdf_engine.v:259$5.ns[127:0]$418 [70]
  4131/4598: $2\ca30_step$func$../rtl/crypto/india_pdf_engine.v:259$5.ns[127:0]$418 [69]
  4132/4598: $2\ca30_step$func$../rtl/crypto/india_pdf_engine.v:259$5.ns[127:0]$418 [68]
  4133/4598: $2\ca30_step$func$../rtl/crypto/india_pdf_engine.v:259$5.ns[127:0]$418 [67]
  4134/4598: $2\ca30_step$func$../rtl/crypto/india_pdf_engine.v:259$5.ns[127:0]$418 [66]
  4135/4598: $2\ca30_step$func$../rtl/crypto/india_pdf_engine.v:259$5.ns[127:0]$418 [65]
  4136/4598: $2\ca30_step$func$../rtl/crypto/india_pdf_engine.v:259$5.ns[127:0]$418 [64]
  4137/4598: $2\ca30_step$func$../rtl/crypto/india_pdf_engine.v:259$5.ns[127:0]$418 [63]
  4138/4598: $2\ca30_step$func$../rtl/crypto/india_pdf_engine.v:259$5.ns[127:0]$418 [62]
  4139/4598: $2\ca30_step$func$../rtl/crypto/india_pdf_engine.v:259$5.ns[127:0]$418 [61]
  4140/4598: $2\ca30_step$func$../rtl/crypto/india_pdf_engine.v:259$5.ns[127:0]$418 [60]
  4141/4598: $2\ca30_step$func$../rtl/crypto/india_pdf_engine.v:259$5.ns[127:0]$418 [59]
  4142/4598: $2\ca30_step$func$../rtl/crypto/india_pdf_engine.v:259$5.ns[127:0]$418 [58]
  4143/4598: $2\ca30_step$func$../rtl/crypto/india_pdf_engine.v:259$5.ns[127:0]$418 [57]
  4144/4598: $2\ca30_step$func$../rtl/crypto/india_pdf_engine.v:259$5.ns[127:0]$418 [56]
  4145/4598: $2\ca30_step$func$../rtl/crypto/india_pdf_engine.v:259$5.ns[127:0]$418 [55]
  4146/4598: $2\ca30_step$func$../rtl/crypto/india_pdf_engine.v:259$5.ns[127:0]$418 [54]
  4147/4598: $2\ca30_step$func$../rtl/crypto/india_pdf_engine.v:259$5.ns[127:0]$418 [53]
  4148/4598: $2\ca30_step$func$../rtl/crypto/india_pdf_engine.v:259$5.ns[127:0]$418 [52]
  4149/4598: $2\ca30_step$func$../rtl/crypto/india_pdf_engine.v:259$5.ns[127:0]$418 [51]
  4150/4598: $2\ca30_step$func$../rtl/crypto/india_pdf_engine.v:259$5.ns[127:0]$418 [50]
  4151/4598: $2\ca30_step$func$../rtl/crypto/india_pdf_engine.v:259$5.ns[127:0]$418 [49]
  4152/4598: $2\ca30_step$func$../rtl/crypto/india_pdf_engine.v:259$5.ns[127:0]$418 [48]
  4153/4598: $2\ca30_step$func$../rtl/crypto/india_pdf_engine.v:259$5.ns[127:0]$418 [47]
  4154/4598: $2\ca30_step$func$../rtl/crypto/india_pdf_engine.v:259$5.ns[127:0]$418 [46]
  4155/4598: $2\ca30_step$func$../rtl/crypto/india_pdf_engine.v:259$5.ns[127:0]$418 [45]
  4156/4598: $2\ca30_step$func$../rtl/crypto/india_pdf_engine.v:259$5.ns[127:0]$418 [44]
  4157/4598: $2\ca30_step$func$../rtl/crypto/india_pdf_engine.v:259$5.ns[127:0]$418 [43]
  4158/4598: $2\ca30_step$func$../rtl/crypto/india_pdf_engine.v:259$5.ns[127:0]$418 [42]
  4159/4598: $2\ca30_step$func$../rtl/crypto/india_pdf_engine.v:259$5.ns[127:0]$418 [41]
  4160/4598: $2\ca30_step$func$../rtl/crypto/india_pdf_engine.v:259$5.ns[127:0]$418 [40]
  4161/4598: $2\ca30_step$func$../rtl/crypto/india_pdf_engine.v:259$5.ns[127:0]$418 [39]
  4162/4598: $2\ca30_step$func$../rtl/crypto/india_pdf_engine.v:259$5.ns[127:0]$418 [38]
  4163/4598: $2\ca30_step$func$../rtl/crypto/india_pdf_engine.v:259$5.ns[127:0]$418 [37]
  4164/4598: $2\ca30_step$func$../rtl/crypto/india_pdf_engine.v:259$5.ns[127:0]$418 [36]
  4165/4598: $2\ca30_step$func$../rtl/crypto/india_pdf_engine.v:259$5.ns[127:0]$418 [35]
  4166/4598: $2\ca30_step$func$../rtl/crypto/india_pdf_engine.v:259$5.ns[127:0]$418 [34]
  4167/4598: $2\ca30_step$func$../rtl/crypto/india_pdf_engine.v:259$5.ns[127:0]$418 [33]
  4168/4598: $2\ca30_step$func$../rtl/crypto/india_pdf_engine.v:259$5.ns[127:0]$418 [32]
  4169/4598: $2\ca30_step$func$../rtl/crypto/india_pdf_engine.v:259$5.ns[127:0]$418 [31]
  4170/4598: $2\ca30_step$func$../rtl/crypto/india_pdf_engine.v:259$5.ns[127:0]$418 [30]
  4171/4598: $2\ca30_step$func$../rtl/crypto/india_pdf_engine.v:259$5.ns[127:0]$418 [29]
  4172/4598: $2\ca30_step$func$../rtl/crypto/india_pdf_engine.v:259$5.ns[127:0]$418 [28]
  4173/4598: $2\ca30_step$func$../rtl/crypto/india_pdf_engine.v:259$5.ns[127:0]$418 [27]
  4174/4598: $2\ca30_step$func$../rtl/crypto/india_pdf_engine.v:259$5.ns[127:0]$418 [26]
  4175/4598: $2\ca30_step$func$../rtl/crypto/india_pdf_engine.v:259$5.ns[127:0]$418 [25]
  4176/4598: $2\ca30_step$func$../rtl/crypto/india_pdf_engine.v:259$5.ns[127:0]$418 [24]
  4177/4598: $2\ca30_step$func$../rtl/crypto/india_pdf_engine.v:259$5.ns[127:0]$418 [23]
  4178/4598: $2\ca30_step$func$../rtl/crypto/india_pdf_engine.v:259$5.ns[127:0]$418 [22]
  4179/4598: $2\ca30_step$func$../rtl/crypto/india_pdf_engine.v:259$5.ns[127:0]$418 [21]
  4180/4598: $2\ca30_step$func$../rtl/crypto/india_pdf_engine.v:259$5.ns[127:0]$418 [20]
  4181/4598: $2\ca30_step$func$../rtl/crypto/india_pdf_engine.v:259$5.ns[127:0]$418 [19]
  4182/4598: $2\ca30_step$func$../rtl/crypto/india_pdf_engine.v:259$5.ns[127:0]$418 [18]
  4183/4598: $2\ca30_step$func$../rtl/crypto/india_pdf_engine.v:259$5.ns[127:0]$418 [17]
  4184/4598: $2\ca30_step$func$../rtl/crypto/india_pdf_engine.v:259$5.ns[127:0]$418 [16]
  4185/4598: $2\ca30_step$func$../rtl/crypto/india_pdf_engine.v:259$5.ns[127:0]$418 [15]
  4186/4598: $2\ca30_step$func$../rtl/crypto/india_pdf_engine.v:259$5.ns[127:0]$418 [14]
  4187/4598: $2\ca30_step$func$../rtl/crypto/india_pdf_engine.v:259$5.ns[127:0]$418 [13]
  4188/4598: $2\ca30_step$func$../rtl/crypto/india_pdf_engine.v:259$5.ns[127:0]$418 [12]
  4189/4598: $2\ca30_step$func$../rtl/crypto/india_pdf_engine.v:259$5.ns[127:0]$418 [11]
  4190/4598: $2\ca30_step$func$../rtl/crypto/india_pdf_engine.v:259$5.ns[127:0]$418 [10]
  4191/4598: $2\ca30_step$func$../rtl/crypto/india_pdf_engine.v:259$5.ns[127:0]$418 [9]
  4192/4598: $2\ca30_step$func$../rtl/crypto/india_pdf_engine.v:259$5.ns[127:0]$418 [8]
  4193/4598: $2\ca30_step$func$../rtl/crypto/india_pdf_engine.v:259$5.ns[127:0]$418 [7]
  4194/4598: $2\ca30_step$func$../rtl/crypto/india_pdf_engine.v:259$5.ns[127:0]$418 [6]
  4195/4598: $2\ca30_step$func$../rtl/crypto/india_pdf_engine.v:259$5.ns[127:0]$418 [5]
  4196/4598: $2\ca30_step$func$../rtl/crypto/india_pdf_engine.v:259$5.ns[127:0]$418 [4]
  4197/4598: $2\ca30_step$func$../rtl/crypto/india_pdf_engine.v:259$5.ns[127:0]$418 [3]
  4198/4598: $2\ca30_step$func$../rtl/crypto/india_pdf_engine.v:259$5.ns[127:0]$418 [2]
  4199/4598: $2\ca30_step$func$../rtl/crypto/india_pdf_engine.v:259$5.ns[127:0]$418 [1]
  4200/4598: $2\ca30_step$func$../rtl/crypto/india_pdf_engine.v:259$5.ns[127:0]$418 [0]
  4201/4598: $2\ca30_step$func$../rtl/crypto/india_pdf_engine.v:266$42.ns[127:0]$562 [126]
  4202/4598: $2\ca30_step$func$../rtl/crypto/india_pdf_engine.v:266$42.ns[127:0]$562 [125]
  4203/4598: $2\ca30_step$func$../rtl/crypto/india_pdf_engine.v:266$42.ns[127:0]$562 [124]
  4204/4598: $2\ca30_step$func$../rtl/crypto/india_pdf_engine.v:266$42.ns[127:0]$562 [123]
  4205/4598: $2\ca30_step$func$../rtl/crypto/india_pdf_engine.v:266$42.ns[127:0]$562 [122]
  4206/4598: $2\ca30_step$func$../rtl/crypto/india_pdf_engine.v:266$42.ns[127:0]$562 [121]
  4207/4598: $2\ca30_step$func$../rtl/crypto/india_pdf_engine.v:266$12.ns[127:0]$446 [120]
  4208/4598: $2\ca30_step$func$../rtl/crypto/india_pdf_engine.v:266$12.ns[127:0]$446 [119]
  4209/4598: $4\ca30_step$func$../rtl/crypto/india_pdf_engine.v:266$33.ns[127:0]$2785 [127]
  4210/4598: $2\ca30_step$func$../rtl/crypto/india_pdf_engine.v:266$12.ns[127:0]$446 [117]
  4211/4598: $0\data_buf[127:0] [63:32]
  4212/4598: $2\ca30_step$func$../rtl/crypto/india_pdf_engine.v:266$12.ns[127:0]$446 [115]
  4213/4598: $3\build_header_block$func$../rtl/crypto/india_pdf_engine.v:670$14.$result[127:0]$2630
  4214/4598: $2\ca30_step$func$../rtl/crypto/india_pdf_engine.v:266$12.ns[127:0]$446 [113]
  4215/4598: $1\nonce[127:0] [31:0]
  4216/4598: $1\nonce[127:0] [95:64]
  4217/4598: $1\nonce[127:0] [127:96]
  4218/4598: $1\key[255:0] [31:0]
  4219/4598: $1\key[255:0] [95:64]
  4220/4598: $1\key[255:0] [127:96]
  4221/4598: $1\key[255:0] [159:128]
  4222/4598: $1\key[255:0] [191:160]
  4223/4598: $1\key[255:0] [223:192]
  4224/4598: $1\key[255:0] [255:224]
  4225/4598: $2\tag_equal$func$../rtl/crypto/india_pdf_engine.v:908$43.b[127:0]$566
  4226/4598: $2\tag_equal$func$../rtl/crypto/india_pdf_engine.v:908$43.a[127:0]$565
  4227/4598: $2\tag_equal$func$../rtl/crypto/india_pdf_engine.v:908$43.$result[0:0]$564
  4228/4598: $2\ca30_step$func$../rtl/crypto/india_pdf_engine.v:266$42.i[31:0]$563
  4229/4598: $2\ca30_step$func$../rtl/crypto/india_pdf_engine.v:265$41.ns[127:0]$558 [121]
  4230/4598: $2\ca30_step$func$../rtl/crypto/india_pdf_engine.v:266$42.s[127:0]$561
  4231/4598: $2\ca30_step$func$../rtl/crypto/india_pdf_engine.v:266$42.$result[127:0]$560
  4232/4598: $2\ca30_step$func$../rtl/crypto/india_pdf_engine.v:265$41.i[31:0]$559
  4233/4598: $2\ca30_step$func$../rtl/crypto/india_pdf_engine.v:264$40.ns[127:0]$554 [121]
  4234/4598: $2\ca30_step$func$../rtl/crypto/india_pdf_engine.v:265$41.s[127:0]$557
  4235/4598: $2\ca30_step$func$../rtl/crypto/india_pdf_engine.v:265$41.$result[127:0]$556
  4236/4598: $2\ca30_step$func$../rtl/crypto/india_pdf_engine.v:264$40.i[31:0]$555
  4237/4598: $2\ca30_step$func$../rtl/crypto/india_pdf_engine.v:263$39.ns[127:0]$550 [121]
  4238/4598: $2\ca30_step$func$../rtl/crypto/india_pdf_engine.v:264$40.s[127:0]$553
  4239/4598: $2\ca30_step$func$../rtl/crypto/india_pdf_engine.v:264$40.$result[127:0]$552
  4240/4598: $2\ca30_step$func$../rtl/crypto/india_pdf_engine.v:263$39.i[31:0]$551
  4241/4598: $2\ca30_step$func$../rtl/crypto/india_pdf_engine.v:262$38.ns[127:0]$546 [121]
  4242/4598: $2\ca30_step$func$../rtl/crypto/india_pdf_engine.v:263$39.s[127:0]$549
  4243/4598: $2\ca30_step$func$../rtl/crypto/india_pdf_engine.v:263$39.$result[127:0]$548
  4244/4598: $2\ca30_step$func$../rtl/crypto/india_pdf_engine.v:262$38.i[31:0]$547
  4245/4598: $2\ca30_step$func$../rtl/crypto/india_pdf_engine.v:261$37.ns[127:0]$542 [121]
  4246/4598: $2\ca30_step$func$../rtl/crypto/india_pdf_engine.v:262$38.s[127:0]$545
  4247/4598: $2\ca30_step$func$../rtl/crypto/india_pdf_engine.v:262$38.$result[127:0]$544
  4248/4598: $2\ca30_step$func$../rtl/crypto/india_pdf_engine.v:261$37.i[31:0]$543
  4249/4598: $2\ca30_step$func$../rtl/crypto/india_pdf_engine.v:260$36.ns[127:0]$538 [121]
  4250/4598: $2\ca30_step$func$../rtl/crypto/india_pdf_engine.v:261$37.s[127:0]$541
  4251/4598: $2\ca30_step$func$../rtl/crypto/india_pdf_engine.v:261$37.$result[127:0]$540
  4252/4598: $2\ca30_step$func$../rtl/crypto/india_pdf_engine.v:260$36.i[31:0]$539
  4253/4598: $2\ca30_step$func$../rtl/crypto/india_pdf_engine.v:259$35.ns[127:0]$534 [121]
  4254/4598: $2\ca30_step$func$../rtl/crypto/india_pdf_engine.v:260$36.s[127:0]$537
  4255/4598: $2\ca30_step$func$../rtl/crypto/india_pdf_engine.v:260$36.$result[127:0]$536
  4256/4598: $2\ca30_step$func$../rtl/crypto/india_pdf_engine.v:259$35.i[31:0]$535
  4257/4598: $2\ca30_step$func$../rtl/crypto/india_pdf_engine.v:266$12.ns[127:0]$446 [121]
  4258/4598: $2\ca30_step$func$../rtl/crypto/india_pdf_engine.v:259$35.s[127:0]$533
  4259/4598: $2\ca30_step$func$../rtl/crypto/india_pdf_engine.v:259$35.$result[127:0]$532
  4260/4598: $2\ca30_8rounds$func$../rtl/crypto/india_pdf_engine.v:850$34.t[127:0]$531
  4261/4598: $2\ca30_8rounds$func$../rtl/crypto/india_pdf_engine.v:850$34.s[127:0]$530
  4262/4598: $2\ca30_8rounds$func$../rtl/crypto/india_pdf_engine.v:850$34.$result[127:0]$529
  4263/4598: $2\ca30_step$func$../rtl/crypto/india_pdf_engine.v:266$33.i[31:0]$528
  4264/4598: $2\ca30_step$func$../rtl/crypto/india_pdf_engine.v:266$33.ns[127:0]$527
  4265/4598: $2\ca30_step$func$../rtl/crypto/india_pdf_engine.v:266$33.s[127:0]$526
  4266/4598: $2\ca30_step$func$../rtl/crypto/india_pdf_engine.v:266$33.$result[127:0]$525
  4267/4598: $2\ca30_step$func$../rtl/crypto/india_pdf_engine.v:265$32.i[31:0]$524
  4268/4598: $2\ca30_step$func$../rtl/crypto/india_pdf_engine.v:265$32.ns[127:0]$523
  4269/4598: $2\ca30_step$func$../rtl/crypto/india_pdf_engine.v:265$32.s[127:0]$522
  4270/4598: $2\ca30_step$func$../rtl/crypto/india_pdf_engine.v:265$32.$result[127:0]$521
  4271/4598: $2\ca30_step$func$../rtl/crypto/india_pdf_engine.v:264$31.i[31:0]$520
  4272/4598: $2\ca30_step$func$../rtl/crypto/india_pdf_engine.v:264$31.ns[127:0]$519
  4273/4598: $2\ca30_step$func$../rtl/crypto/india_pdf_engine.v:264$31.s[127:0]$518
  4274/4598: $2\ca30_step$func$../rtl/crypto/india_pdf_engine.v:264$31.$result[127:0]$517
  4275/4598: $2\ca30_step$func$../rtl/crypto/india_pdf_engine.v:263$30.i[31:0]$516
  4276/4598: $2\ca30_step$func$../rtl/crypto/india_pdf_engine.v:263$30.ns[127:0]$515
  4277/4598: $2\ca30_step$func$../rtl/crypto/india_pdf_engine.v:263$30.s[127:0]$514
  4278/4598: $2\ca30_step$func$../rtl/crypto/india_pdf_engine.v:263$30.$result[127:0]$513
  4279/4598: $2\ca30_step$func$../rtl/crypto/india_pdf_engine.v:262$29.i[31:0]$512
  4280/4598: $2\ca30_step$func$../rtl/crypto/india_pdf_engine.v:262$29.ns[127:0]$511
  4281/4598: $2\ca30_step$func$../rtl/crypto/india_pdf_engine.v:262$29.s[127:0]$510
  4282/4598: $2\ca30_step$func$../rtl/crypto/india_pdf_engine.v:262$29.$result[127:0]$509
  4283/4598: $2\ca30_step$func$../rtl/crypto/india_pdf_engine.v:261$28.i[31:0]$508
  4284/4598: $2\ca30_step$func$../rtl/crypto/india_pdf_engine.v:261$28.ns[127:0]$507
  4285/4598: $2\ca30_step$func$../rtl/crypto/india_pdf_engine.v:261$28.s[127:0]$506
  4286/4598: $2\ca30_step$func$../rtl/crypto/india_pdf_engine.v:261$28.$result[127:0]$505
  4287/4598: $2\ca30_step$func$../rtl/crypto/india_pdf_engine.v:260$27.i[31:0]$504
  4288/4598: $2\ca30_step$func$../rtl/crypto/india_pdf_engine.v:260$27.ns[127:0]$503
  4289/4598: $2\ca30_step$func$../rtl/crypto/india_pdf_engine.v:260$27.s[127:0]$502
  4290/4598: $2\ca30_step$func$../rtl/crypto/india_pdf_engine.v:260$27.$result[127:0]$501
  4291/4598: $2\ca30_step$func$../rtl/crypto/india_pdf_engine.v:259$26.i[31:0]$500
  4292/4598: $2\ca30_step$func$../rtl/crypto/india_pdf_engine.v:259$26.ns[127:0]$499
  4293/4598: $2\ca30_step$func$../rtl/crypto/india_pdf_engine.v:259$26.s[127:0]$498
  4294/4598: $2\ca30_step$func$../rtl/crypto/india_pdf_engine.v:259$26.$result[127:0]$497
  4295/4598: $2\ca30_8rounds$func$../rtl/crypto/india_pdf_engine.v:774$25.t[127:0]$496
  4296/4598: $2\ca30_8rounds$func$../rtl/crypto/india_pdf_engine.v:774$25.s[127:0]$495
  4297/4598: $2\ca30_8rounds$func$../rtl/crypto/india_pdf_engine.v:774$25.$result[127:0]$494
  4298/4598: $2\ca30_step$func$../rtl/crypto/india_pdf_engine.v:266$24.i[31:0]$493
  4299/4598: $2\ca30_step$func$../rtl/crypto/india_pdf_engine.v:266$24.ns[127:0]$492
  4300/4598: $2\ca30_step$func$../rtl/crypto/india_pdf_engine.v:266$24.s[127:0]$491
  4301/4598: $2\ca30_step$func$../rtl/crypto/india_pdf_engine.v:266$24.$result[127:0]$490
  4302/4598: $2\ca30_step$func$../rtl/crypto/india_pdf_engine.v:265$23.i[31:0]$489
  4303/4598: $2\ca30_step$func$../rtl/crypto/india_pdf_engine.v:265$23.ns[127:0]$488
  4304/4598: $2\ca30_step$func$../rtl/crypto/india_pdf_engine.v:265$23.s[127:0]$487
  4305/4598: $2\ca30_step$func$../rtl/crypto/india_pdf_engine.v:265$23.$result[127:0]$486
  4306/4598: $2\ca30_step$func$../rtl/crypto/india_pdf_engine.v:264$22.i[31:0]$485
  4307/4598: $2\ca30_step$func$../rtl/crypto/india_pdf_engine.v:264$22.ns[127:0]$484
  4308/4598: $2\ca30_step$func$../rtl/crypto/india_pdf_engine.v:264$22.s[127:0]$483
  4309/4598: $2\ca30_step$func$../rtl/crypto/india_pdf_engine.v:264$22.$result[127:0]$482
  4310/4598: $2\ca30_step$func$../rtl/crypto/india_pdf_engine.v:263$21.i[31:0]$481
  4311/4598: $2\ca30_step$func$../rtl/crypto/india_pdf_engine.v:263$21.ns[127:0]$480
  4312/4598: $2\ca30_step$func$../rtl/crypto/india_pdf_engine.v:263$21.s[127:0]$479
  4313/4598: $2\ca30_step$func$../rtl/crypto/india_pdf_engine.v:263$21.$result[127:0]$478
  4314/4598: $2\ca30_step$func$../rtl/crypto/india_pdf_engine.v:262$20.i[31:0]$477
  4315/4598: $2\ca30_step$func$../rtl/crypto/india_pdf_engine.v:262$20.ns[127:0]$476
  4316/4598: $2\ca30_step$func$../rtl/crypto/india_pdf_engine.v:262$20.s[127:0]$475
  4317/4598: $2\ca30_step$func$../rtl/crypto/india_pdf_engine.v:262$20.$result[127:0]$474
  4318/4598: $2\ca30_step$func$../rtl/crypto/india_pdf_engine.v:261$19.i[31:0]$473
  4319/4598: $2\ca30_step$func$../rtl/crypto/india_pdf_engine.v:261$19.ns[127:0]$472
  4320/4598: $2\ca30_step$func$../rtl/crypto/india_pdf_engine.v:261$19.s[127:0]$471
  4321/4598: $2\ca30_step$func$../rtl/crypto/india_pdf_engine.v:261$19.$result[127:0]$470
  4322/4598: $2\ca30_step$func$../rtl/crypto/india_pdf_engine.v:260$18.i[31:0]$469
  4323/4598: $2\ca30_step$func$../rtl/crypto/india_pdf_engine.v:260$18.ns[127:0]$468
  4324/4598: $2\ca30_step$func$../rtl/crypto/india_pdf_engine.v:260$18.s[127:0]$467
  4325/4598: $2\ca30_step$func$../rtl/crypto/india_pdf_engine.v:260$18.$result[127:0]$466
  4326/4598: $2\ca30_step$func$../rtl/crypto/india_pdf_engine.v:259$17.i[31:0]$465
  4327/4598: $2\ca30_step$func$../rtl/crypto/india_pdf_engine.v:259$17.ns[127:0]$464
  4328/4598: $2\ca30_step$func$../rtl/crypto/india_pdf_engine.v:259$17.s[127:0]$463
  4329/4598: $2\ca30_step$func$../rtl/crypto/india_pdf_engine.v:259$17.$result[127:0]$462
  4330/4598: $2\ca30_8rounds$func$../rtl/crypto/india_pdf_engine.v:772$16.t[127:0]$461
  4331/4598: $2\ca30_8rounds$func$../rtl/crypto/india_pdf_engine.v:772$16.s[127:0]$460
  4332/4598: $2\ca30_8rounds$func$../rtl/crypto/india_pdf_engine.v:772$16.$result[127:0]$459
  4333/4598: $2\build_ctr_block$func$../rtl/crypto/india_pdf_engine.v:754$15.bidx[31:0]$458
  4334/4598: $2\build_ctr_block$func$../rtl/crypto/india_pdf_engine.v:754$15.n[127:0]$457
  4335/4598: $2\build_ctr_block$func$../rtl/crypto/india_pdf_engine.v:754$15.$result[127:0]$456
  4336/4598: $2\build_header_block$func$../rtl/crypto/india_pdf_engine.v:670$14.dlo[31:0]$455
  4337/4598: $2\build_header_block$func$../rtl/crypto/india_pdf_engine.v:670$14.dhi[31:0]$454
  4338/4598: $2\build_header_block$func$../rtl/crypto/india_pdf_engine.v:670$14.plen[31:0]$453
  4339/4598: $2\build_header_block$func$../rtl/crypto/india_pdf_engine.v:670$14.al[1:0]$452
  4340/4598: $2\build_header_block$func$../rtl/crypto/india_pdf_engine.v:670$14.am[1:0]$451
  4341/4598: $2\build_header_block$func$../rtl/crypto/india_pdf_engine.v:670$14.$result[127:0]$450
  4342/4598: $2\build_ctr_block$func$../rtl/crypto/india_pdf_engine.v:646$13.n[127:0]$449
  4343/4598: $2\build_ctr_block$func$../rtl/crypto/india_pdf_engine.v:646$13.$result[127:0]$448
  4344/4598: $2\ca30_step$func$../rtl/crypto/india_pdf_engine.v:266$12.i[31:0]$447
  4345/4598: $2\ca30_step$func$../rtl/crypto/india_pdf_engine.v:265$11.ns[127:0]$442 [113]
  4346/4598: $2\ca30_step$func$../rtl/crypto/india_pdf_engine.v:266$12.s[127:0]$445
  4347/4598: $2\ca30_step$func$../rtl/crypto/india_pdf_engine.v:266$12.$result[127:0]$444
  4348/4598: $2\ca30_step$func$../rtl/crypto/india_pdf_engine.v:265$11.i[31:0]$443
  4349/4598: $2\ca30_step$func$../rtl/crypto/india_pdf_engine.v:264$10.ns[127:0]$438 [113]
  4350/4598: $2\ca30_step$func$../rtl/crypto/india_pdf_engine.v:265$11.s[127:0]$441
  4351/4598: $2\ca30_step$func$../rtl/crypto/india_pdf_engine.v:265$11.$result[127:0]$440
  4352/4598: $2\ca30_step$func$../rtl/crypto/india_pdf_engine.v:264$10.i[31:0]$439
  4353/4598: $2\ca30_step$func$../rtl/crypto/india_pdf_engine.v:263$9.ns[127:0]$434 [113]
  4354/4598: $2\ca30_step$func$../rtl/crypto/india_pdf_engine.v:264$10.s[127:0]$437
  4355/4598: $2\ca30_step$func$../rtl/crypto/india_pdf_engine.v:264$10.$result[127:0]$436
  4356/4598: $2\ca30_step$func$../rtl/crypto/india_pdf_engine.v:263$9.i[31:0]$435
  4357/4598: $2\ca30_step$func$../rtl/crypto/india_pdf_engine.v:262$8.ns[127:0]$430 [113]
  4358/4598: $2\ca30_step$func$../rtl/crypto/india_pdf_engine.v:263$9.s[127:0]$433
  4359/4598: $2\ca30_step$func$../rtl/crypto/india_pdf_engine.v:263$9.$result[127:0]$432
  4360/4598: $2\ca30_step$func$../rtl/crypto/india_pdf_engine.v:262$8.i[31:0]$431
  4361/4598: $2\ca30_step$func$../rtl/crypto/india_pdf_engine.v:261$7.ns[127:0]$426 [113]
  4362/4598: $2\ca30_step$func$../rtl/crypto/india_pdf_engine.v:262$8.s[127:0]$429
  4363/4598: $2\ca30_step$func$../rtl/crypto/india_pdf_engine.v:262$8.$result[127:0]$428
  4364/4598: $2\ca30_step$func$../rtl/crypto/india_pdf_engine.v:261$7.i[31:0]$427
  4365/4598: $2\ca30_step$func$../rtl/crypto/india_pdf_engine.v:260$6.ns[127:0]$422 [113]
  4366/4598: $2\ca30_step$func$../rtl/crypto/india_pdf_engine.v:261$7.s[127:0]$425
  4367/4598: $2\ca30_step$func$../rtl/crypto/india_pdf_engine.v:261$7.$result[127:0]$424
  4368/4598: $2\ca30_step$func$../rtl/crypto/india_pdf_engine.v:260$6.i[31:0]$423
  4369/4598: $2\ca30_step$func$../rtl/crypto/india_pdf_engine.v:259$5.ns[127:0]$418 [113]
  4370/4598: $2\ca30_step$func$../rtl/crypto/india_pdf_engine.v:260$6.s[127:0]$421
  4371/4598: $2\ca30_step$func$../rtl/crypto/india_pdf_engine.v:260$6.$result[127:0]$420
  4372/4598: $2\ca30_step$func$../rtl/crypto/india_pdf_engine.v:259$5.i[31:0]$419
  4373/4598: $1\nonce[127:0] [63:32]
  4374/4598: $2\ca30_step$func$../rtl/crypto/india_pdf_engine.v:259$5.s[127:0]$417
  4375/4598: $2\ca30_step$func$../rtl/crypto/india_pdf_engine.v:259$5.$result[127:0]$416
  4376/4598: $2\ca30_8rounds$func$../rtl/crypto/india_pdf_engine.v:636$4.t[127:0]$415
  4377/4598: $2\ca30_8rounds$func$../rtl/crypto/india_pdf_engine.v:636$4.s[127:0]$414
  4378/4598: $2\ca30_8rounds$func$../rtl/crypto/india_pdf_engine.v:636$4.$result[127:0]$413
  4379/4598: $2\build_header_seed$func$../rtl/crypto/india_pdf_engine.v:637$3.plen[31:0]$412
  4380/4598: $2\build_header_seed$func$../rtl/crypto/india_pdf_engine.v:637$3.am[1:0]$411
  4381/4598: $2\build_header_seed$func$../rtl/crypto/india_pdf_engine.v:637$3.al[1:0]$410
  4382/4598: $2\build_header_seed$func$../rtl/crypto/india_pdf_engine.v:637$3.ts[31:0]$409
  4383/4598: $2\build_header_seed$func$../rtl/crypto/india_pdf_engine.v:637$3.dlo[31:0]$408
  4384/4598: $2\build_header_seed$func$../rtl/crypto/india_pdf_engine.v:637$3.dhi[31:0]$407
  4385/4598: $2\build_header_seed$func$../rtl/crypto/india_pdf_engine.v:637$3.$result[127:0]$406
  4386/4598: $2\build_header_seed$func$../rtl/crypto/india_pdf_engine.v:629$2.plen[31:0]$405
  4387/4598: $2\build_header_seed$func$../rtl/crypto/india_pdf_engine.v:629$2.am[1:0]$404
  4388/4598: $2\build_header_seed$func$../rtl/crypto/india_pdf_engine.v:629$2.al[1:0]$403
  4389/4598: $2\build_header_seed$func$../rtl/crypto/india_pdf_engine.v:629$2.ts[31:0]$402
  4390/4598: $2\build_header_seed$func$../rtl/crypto/india_pdf_engine.v:629$2.dlo[31:0]$401
  4391/4598: $2\build_header_seed$func$../rtl/crypto/india_pdf_engine.v:629$2.dhi[31:0]$400
  4392/4598: $2\build_header_seed$func$../rtl/crypto/india_pdf_engine.v:629$2.$result[127:0]$399
  4393/4598: $1\tag_equal$func$../rtl/crypto/india_pdf_engine.v:908$43.diff[127:0]$398
  4394/4598: $1\tag_equal$func$../rtl/crypto/india_pdf_engine.v:908$43.b[127:0]$397
  4395/4598: $1\tag_equal$func$../rtl/crypto/india_pdf_engine.v:908$43.a[127:0]$396
  4396/4598: $1\tag_equal$func$../rtl/crypto/india_pdf_engine.v:908$43.$result[0:0]$395
  4397/4598: $1\ca30_step$func$../rtl/crypto/india_pdf_engine.v:266$42.i[31:0]$394
  4398/4598: $1\ca30_step$func$../rtl/crypto/india_pdf_engine.v:266$42.ns[127:0]$393
  4399/4598: $1\ca30_step$func$../rtl/crypto/india_pdf_engine.v:266$42.s[127:0]$392
  4400/4598: $1\ca30_step$func$../rtl/crypto/india_pdf_engine.v:266$42.$result[127:0]$391
  4401/4598: $1\ca30_step$func$../rtl/crypto/india_pdf_engine.v:265$41.i[31:0]$390
  4402/4598: $1\ca30_step$func$../rtl/crypto/india_pdf_engine.v:265$41.ns[127:0]$389
  4403/4598: $1\ca30_step$func$../rtl/crypto/india_pdf_engine.v:265$41.s[127:0]$388
  4404/4598: $1\ca30_step$func$../rtl/crypto/india_pdf_engine.v:265$41.$result[127:0]$387
  4405/4598: $1\ca30_step$func$../rtl/crypto/india_pdf_engine.v:264$40.i[31:0]$386
  4406/4598: $1\ca30_step$func$../rtl/crypto/india_pdf_engine.v:264$40.ns[127:0]$385
  4407/4598: $1\ca30_step$func$../rtl/crypto/india_pdf_engine.v:264$40.s[127:0]$384
  4408/4598: $1\ca30_step$func$../rtl/crypto/india_pdf_engine.v:264$40.$result[127:0]$383
  4409/4598: $1\ca30_step$func$../rtl/crypto/india_pdf_engine.v:263$39.i[31:0]$382
  4410/4598: $1\ca30_step$func$../rtl/crypto/india_pdf_engine.v:263$39.ns[127:0]$381
  4411/4598: $1\ca30_step$func$../rtl/crypto/india_pdf_engine.v:263$39.s[127:0]$380
  4412/4598: $1\ca30_step$func$../rtl/crypto/india_pdf_engine.v:263$39.$result[127:0]$379
  4413/4598: $1\ca30_step$func$../rtl/crypto/india_pdf_engine.v:262$38.i[31:0]$378
  4414/4598: $1\ca30_step$func$../rtl/crypto/india_pdf_engine.v:262$38.ns[127:0]$377
  4415/4598: $1\ca30_step$func$../rtl/crypto/india_pdf_engine.v:262$38.s[127:0]$376
  4416/4598: $1\ca30_step$func$../rtl/crypto/india_pdf_engine.v:262$38.$result[127:0]$375
  4417/4598: $1\ca30_step$func$../rtl/crypto/india_pdf_engine.v:261$37.i[31:0]$374
  4418/4598: $1\ca30_step$func$../rtl/crypto/india_pdf_engine.v:261$37.ns[127:0]$373
  4419/4598: $1\ca30_step$func$../rtl/crypto/india_pdf_engine.v:261$37.s[127:0]$372
  4420/4598: $1\ca30_step$func$../rtl/crypto/india_pdf_engine.v:261$37.$result[127:0]$371
  4421/4598: $1\ca30_step$func$../rtl/crypto/india_pdf_engine.v:260$36.i[31:0]$370
  4422/4598: $1\ca30_step$func$../rtl/crypto/india_pdf_engine.v:260$36.ns[127:0]$369
  4423/4598: $1\ca30_step$func$../rtl/crypto/india_pdf_engine.v:260$36.s[127:0]$368
  4424/4598: $1\ca30_step$func$../rtl/crypto/india_pdf_engine.v:260$36.$result[127:0]$367
  4425/4598: $1\ca30_step$func$../rtl/crypto/india_pdf_engine.v:259$35.i[31:0]$366
  4426/4598: $1\ca30_step$func$../rtl/crypto/india_pdf_engine.v:259$35.ns[127:0]$365
  4427/4598: $1\ca30_step$func$../rtl/crypto/india_pdf_engine.v:259$35.s[127:0]$364
  4428/4598: $1\ca30_step$func$../rtl/crypto/india_pdf_engine.v:259$35.$result[127:0]$363
  4429/4598: $1\ca30_8rounds$func$../rtl/crypto/india_pdf_engine.v:850$34.t[127:0]$362
  4430/4598: $1\ca30_8rounds$func$../rtl/crypto/india_pdf_engine.v:850$34.s[127:0]$361
  4431/4598: $1\ca30_8rounds$func$../rtl/crypto/india_pdf_engine.v:850$34.$result[127:0]$360
  4432/4598: $1\ca30_step$func$../rtl/crypto/india_pdf_engine.v:266$33.i[31:0]$359
  4433/4598: $1\ca30_step$func$../rtl/crypto/india_pdf_engine.v:266$33.ns[127:0]$358
  4434/4598: $1\ca30_step$func$../rtl/crypto/india_pdf_engine.v:266$33.s[127:0]$357
  4435/4598: $1\ca30_step$func$../rtl/crypto/india_pdf_engine.v:266$33.$result[127:0]$356
  4436/4598: $1\ca30_step$func$../rtl/crypto/india_pdf_engine.v:265$32.i[31:0]$355
  4437/4598: $1\ca30_step$func$../rtl/crypto/india_pdf_engine.v:265$32.ns[127:0]$354
  4438/4598: $1\ca30_step$func$../rtl/crypto/india_pdf_engine.v:265$32.s[127:0]$353
  4439/4598: $1\ca30_step$func$../rtl/crypto/india_pdf_engine.v:265$32.$result[127:0]$352
  4440/4598: $1\ca30_step$func$../rtl/crypto/india_pdf_engine.v:264$31.i[31:0]$351
  4441/4598: $1\ca30_step$func$../rtl/crypto/india_pdf_engine.v:264$31.ns[127:0]$350
  4442/4598: $1\ca30_step$func$../rtl/crypto/india_pdf_engine.v:264$31.s[127:0]$349
  4443/4598: $1\ca30_step$func$../rtl/crypto/india_pdf_engine.v:264$31.$result[127:0]$348
  4444/4598: $1\ca30_step$func$../rtl/crypto/india_pdf_engine.v:263$30.i[31:0]$347
  4445/4598: $1\ca30_step$func$../rtl/crypto/india_pdf_engine.v:263$30.ns[127:0]$346
  4446/4598: $1\ca30_step$func$../rtl/crypto/india_pdf_engine.v:263$30.s[127:0]$345
  4447/4598: $1\ca30_step$func$../rtl/crypto/india_pdf_engine.v:263$30.$result[127:0]$344
  4448/4598: $1\ca30_step$func$../rtl/crypto/india_pdf_engine.v:262$29.i[31:0]$343
  4449/4598: $1\ca30_step$func$../rtl/crypto/india_pdf_engine.v:262$29.ns[127:0]$342
  4450/4598: $1\ca30_step$func$../rtl/crypto/india_pdf_engine.v:262$29.s[127:0]$341
  4451/4598: $1\ca30_step$func$../rtl/crypto/india_pdf_engine.v:262$29.$result[127:0]$340
  4452/4598: $1\ca30_step$func$../rtl/crypto/india_pdf_engine.v:261$28.i[31:0]$339
  4453/4598: $1\ca30_step$func$../rtl/crypto/india_pdf_engine.v:261$28.ns[127:0]$338
  4454/4598: $1\ca30_step$func$../rtl/crypto/india_pdf_engine.v:261$28.s[127:0]$337
  4455/4598: $1\ca30_step$func$../rtl/crypto/india_pdf_engine.v:261$28.$result[127:0]$336
  4456/4598: $1\ca30_step$func$../rtl/crypto/india_pdf_engine.v:260$27.i[31:0]$335
  4457/4598: $1\ca30_step$func$../rtl/crypto/india_pdf_engine.v:260$27.ns[127:0]$334
  4458/4598: $1\ca30_step$func$../rtl/crypto/india_pdf_engine.v:260$27.s[127:0]$333
  4459/4598: $1\ca30_step$func$../rtl/crypto/india_pdf_engine.v:260$27.$result[127:0]$332
  4460/4598: $1\ca30_step$func$../rtl/crypto/india_pdf_engine.v:259$26.i[31:0]$331
  4461/4598: $1\ca30_step$func$../rtl/crypto/india_pdf_engine.v:259$26.ns[127:0]$330
  4462/4598: $1\ca30_step$func$../rtl/crypto/india_pdf_engine.v:259$26.s[127:0]$329
  4463/4598: $1\ca30_step$func$../rtl/crypto/india_pdf_engine.v:259$26.$result[127:0]$328
  4464/4598: $1\ca30_8rounds$func$../rtl/crypto/india_pdf_engine.v:774$25.t[127:0]$327
  4465/4598: $1\ca30_8rounds$func$../rtl/crypto/india_pdf_engine.v:774$25.s[127:0]$326
  4466/4598: $1\ca30_8rounds$func$../rtl/crypto/india_pdf_engine.v:774$25.$result[127:0]$325
  4467/4598: $1\ca30_step$func$../rtl/crypto/india_pdf_engine.v:266$24.i[31:0]$324
  4468/4598: $1\ca30_step$func$../rtl/crypto/india_pdf_engine.v:266$24.ns[127:0]$323
  4469/4598: $1\ca30_step$func$../rtl/crypto/india_pdf_engine.v:266$24.s[127:0]$322
  4470/4598: $1\ca30_step$func$../rtl/crypto/india_pdf_engine.v:266$24.$result[127:0]$321
  4471/4598: $1\ca30_step$func$../rtl/crypto/india_pdf_engine.v:265$23.i[31:0]$320
  4472/4598: $1\ca30_step$func$../rtl/crypto/india_pdf_engine.v:265$23.ns[127:0]$319
  4473/4598: $1\ca30_step$func$../rtl/crypto/india_pdf_engine.v:265$23.s[127:0]$318
  4474/4598: $1\ca30_step$func$../rtl/crypto/india_pdf_engine.v:265$23.$result[127:0]$317
  4475/4598: $1\ca30_step$func$../rtl/crypto/india_pdf_engine.v:264$22.i[31:0]$316
  4476/4598: $1\ca30_step$func$../rtl/crypto/india_pdf_engine.v:264$22.ns[127:0]$315
  4477/4598: $1\ca30_step$func$../rtl/crypto/india_pdf_engine.v:264$22.s[127:0]$314
  4478/4598: $1\ca30_step$func$../rtl/crypto/india_pdf_engine.v:264$22.$result[127:0]$313
  4479/4598: $1\ca30_step$func$../rtl/crypto/india_pdf_engine.v:263$21.i[31:0]$312
  4480/4598: $1\ca30_step$func$../rtl/crypto/india_pdf_engine.v:263$21.ns[127:0]$311
  4481/4598: $1\ca30_step$func$../rtl/crypto/india_pdf_engine.v:263$21.s[127:0]$310
  4482/4598: $1\ca30_step$func$../rtl/crypto/india_pdf_engine.v:263$21.$result[127:0]$309
  4483/4598: $1\ca30_step$func$../rtl/crypto/india_pdf_engine.v:262$20.i[31:0]$308
  4484/4598: $1\ca30_step$func$../rtl/crypto/india_pdf_engine.v:262$20.ns[127:0]$307
  4485/4598: $1\ca30_step$func$../rtl/crypto/india_pdf_engine.v:262$20.s[127:0]$306
  4486/4598: $1\ca30_step$func$../rtl/crypto/india_pdf_engine.v:262$20.$result[127:0]$305
  4487/4598: $1\ca30_step$func$../rtl/crypto/india_pdf_engine.v:261$19.i[31:0]$304
  4488/4598: $1\ca30_step$func$../rtl/crypto/india_pdf_engine.v:261$19.ns[127:0]$303
  4489/4598: $1\ca30_step$func$../rtl/crypto/india_pdf_engine.v:261$19.s[127:0]$302
  4490/4598: $1\ca30_step$func$../rtl/crypto/india_pdf_engine.v:261$19.$result[127:0]$301
  4491/4598: $1\ca30_step$func$../rtl/crypto/india_pdf_engine.v:260$18.i[31:0]$300
  4492/4598: $1\ca30_step$func$../rtl/crypto/india_pdf_engine.v:260$18.ns[127:0]$299
  4493/4598: $1\ca30_step$func$../rtl/crypto/india_pdf_engine.v:260$18.s[127:0]$298
  4494/4598: $1\ca30_step$func$../rtl/crypto/india_pdf_engine.v:260$18.$result[127:0]$297
  4495/4598: $1\ca30_step$func$../rtl/crypto/india_pdf_engine.v:259$17.i[31:0]$296
  4496/4598: $1\ca30_step$func$../rtl/crypto/india_pdf_engine.v:259$17.ns[127:0]$295
  4497/4598: $1\ca30_step$func$../rtl/crypto/india_pdf_engine.v:259$17.s[127:0]$294
  4498/4598: $1\ca30_step$func$../rtl/crypto/india_pdf_engine.v:259$17.$result[127:0]$293
  4499/4598: $1\ca30_8rounds$func$../rtl/crypto/india_pdf_engine.v:772$16.t[127:0]$292
  4500/4598: $1\ca30_8rounds$func$../rtl/crypto/india_pdf_engine.v:772$16.s[127:0]$291
  4501/4598: $1\ca30_8rounds$func$../rtl/crypto/india_pdf_engine.v:772$16.$result[127:0]$290
  4502/4598: $1\build_ctr_block$func$../rtl/crypto/india_pdf_engine.v:754$15.bidx[31:0]$289
  4503/4598: $1\build_ctr_block$func$../rtl/crypto/india_pdf_engine.v:754$15.n[127:0]$288
  4504/4598: $1\build_ctr_block$func$../rtl/crypto/india_pdf_engine.v:754$15.$result[127:0]$287
  4505/4598: $1\build_header_block$func$../rtl/crypto/india_pdf_engine.v:670$14.dlo[31:0]$286
  4506/4598: $1\build_header_block$func$../rtl/crypto/india_pdf_engine.v:670$14.dhi[31:0]$285
  4507/4598: $1\build_header_block$func$../rtl/crypto/india_pdf_engine.v:670$14.plen[31:0]$284
  4508/4598: $1\build_header_block$func$../rtl/crypto/india_pdf_engine.v:670$14.al[1:0]$283
  4509/4598: $1\build_header_block$func$../rtl/crypto/india_pdf_engine.v:670$14.am[1:0]$282
  4510/4598: $1\build_header_block$func$../rtl/crypto/india_pdf_engine.v:670$14.$result[127:0]$281
  4511/4598: $1\build_ctr_block$func$../rtl/crypto/india_pdf_engine.v:646$13.n[127:0]$280
  4512/4598: $1\build_ctr_block$func$../rtl/crypto/india_pdf_engine.v:646$13.$result[127:0]$279
  4513/4598: $1\ca30_step$func$../rtl/crypto/india_pdf_engine.v:266$12.i[31:0]$278
  4514/4598: $1\ca30_step$func$../rtl/crypto/india_pdf_engine.v:266$12.ns[127:0]$277
  4515/4598: $1\ca30_step$func$../rtl/crypto/india_pdf_engine.v:266$12.s[127:0]$276
  4516/4598: $1\ca30_step$func$../rtl/crypto/india_pdf_engine.v:266$12.$result[127:0]$275
  4517/4598: $1\ca30_step$func$../rtl/crypto/india_pdf_engine.v:265$11.i[31:0]$274
  4518/4598: $1\ca30_step$func$../rtl/crypto/india_pdf_engine.v:265$11.ns[127:0]$273
  4519/4598: $1\ca30_step$func$../rtl/crypto/india_pdf_engine.v:265$11.s[127:0]$272
  4520/4598: $1\ca30_step$func$../rtl/crypto/india_pdf_engine.v:265$11.$result[127:0]$271
  4521/4598: $1\ca30_step$func$../rtl/crypto/india_pdf_engine.v:264$10.i[31:0]$270
  4522/4598: $1\ca30_step$func$../rtl/crypto/india_pdf_engine.v:264$10.ns[127:0]$269
  4523/4598: $1\ca30_step$func$../rtl/crypto/india_pdf_engine.v:264$10.s[127:0]$268
  4524/4598: $1\ca30_step$func$../rtl/crypto/india_pdf_engine.v:264$10.$result[127:0]$267
  4525/4598: $1\ca30_step$func$../rtl/crypto/india_pdf_engine.v:263$9.i[31:0]$266
  4526/4598: $1\ca30_step$func$../rtl/crypto/india_pdf_engine.v:263$9.ns[127:0]$265
  4527/4598: $1\ca30_step$func$../rtl/crypto/india_pdf_engine.v:263$9.s[127:0]$264
  4528/4598: $1\ca30_step$func$../rtl/crypto/india_pdf_engine.v:263$9.$result[127:0]$263
  4529/4598: $1\ca30_step$func$../rtl/crypto/india_pdf_engine.v:262$8.i[31:0]$262
  4530/4598: $1\ca30_step$func$../rtl/crypto/india_pdf_engine.v:262$8.ns[127:0]$261
  4531/4598: $1\ca30_step$func$../rtl/crypto/india_pdf_engine.v:262$8.s[127:0]$260
  4532/4598: $1\ca30_step$func$../rtl/crypto/india_pdf_engine.v:262$8.$result[127:0]$259
  4533/4598: $1\ca30_step$func$../rtl/crypto/india_pdf_engine.v:261$7.i[31:0]$258
  4534/4598: $1\ca30_step$func$../rtl/crypto/india_pdf_engine.v:261$7.ns[127:0]$257
  4535/4598: $1\ca30_step$func$../rtl/crypto/india_pdf_engine.v:261$7.s[127:0]$256
  4536/4598: $1\ca30_step$func$../rtl/crypto/india_pdf_engine.v:261$7.$result[127:0]$255
  4537/4598: $1\ca30_step$func$../rtl/crypto/india_pdf_engine.v:260$6.i[31:0]$254
  4538/4598: $1\ca30_step$func$../rtl/crypto/india_pdf_engine.v:260$6.ns[127:0]$253
  4539/4598: $1\ca30_step$func$../rtl/crypto/india_pdf_engine.v:260$6.s[127:0]$252
  4540/4598: $1\ca30_step$func$../rtl/crypto/india_pdf_engine.v:260$6.$result[127:0]$251
  4541/4598: $1\ca30_step$func$../rtl/crypto/india_pdf_engine.v:259$5.i[31:0]$250
  4542/4598: $1\ca30_step$func$../rtl/crypto/india_pdf_engine.v:259$5.ns[127:0]$249
  4543/4598: $1\ca30_step$func$../rtl/crypto/india_pdf_engine.v:259$5.s[127:0]$248
  4544/4598: $1\ca30_step$func$../rtl/crypto/india_pdf_engine.v:259$5.$result[127:0]$247
  4545/4598: $1\ca30_8rounds$func$../rtl/crypto/india_pdf_engine.v:636$4.t[127:0]$246
  4546/4598: $1\ca30_8rounds$func$../rtl/crypto/india_pdf_engine.v:636$4.s[127:0]$245
  4547/4598: $1\ca30_8rounds$func$../rtl/crypto/india_pdf_engine.v:636$4.$result[127:0]$244
  4548/4598: $1\build_header_seed$func$../rtl/crypto/india_pdf_engine.v:637$3.plen[31:0]$243
  4549/4598: $1\build_header_seed$func$../rtl/crypto/india_pdf_engine.v:637$3.am[1:0]$242
  4550/4598: $1\build_header_seed$func$../rtl/crypto/india_pdf_engine.v:637$3.al[1:0]$241
  4551/4598: $1\build_header_seed$func$../rtl/crypto/india_pdf_engine.v:637$3.ts[31:0]$240
  4552/4598: $1\build_header_seed$func$../rtl/crypto/india_pdf_engine.v:637$3.dlo[31:0]$239
  4553/4598: $1\build_header_seed$func$../rtl/crypto/india_pdf_engine.v:637$3.dhi[31:0]$238
  4554/4598: $1\build_header_seed$func$../rtl/crypto/india_pdf_engine.v:637$3.$result[127:0]$237
  4555/4598: $1\build_header_seed$func$../rtl/crypto/india_pdf_engine.v:629$2.plen[31:0]$236
  4556/4598: $1\build_header_seed$func$../rtl/crypto/india_pdf_engine.v:629$2.am[1:0]$235
  4557/4598: $1\build_header_seed$func$../rtl/crypto/india_pdf_engine.v:629$2.al[1:0]$234
  4558/4598: $1\build_header_seed$func$../rtl/crypto/india_pdf_engine.v:629$2.ts[31:0]$233
  4559/4598: $1\build_header_seed$func$../rtl/crypto/india_pdf_engine.v:629$2.dlo[31:0]$232
  4560/4598: $1\build_header_seed$func$../rtl/crypto/india_pdf_engine.v:629$2.dhi[31:0]$231
  4561/4598: $1\build_header_seed$func$../rtl/crypto/india_pdf_engine.v:629$2.$result[127:0]$230
  4562/4598: $0\irq[0:0]
  4563/4598: $0\cipher_start[0:0]
  4564/4598: $0\zero_end[31:0]
  4565/4598: $0\zero_ptr[31:0]
  4566/4598: $0\header_seed[127:0]
  4567/4598: $0\hmac_accum[127:0]
  4568/4598: $0\result_buf[127:0]
  4569/4598: $0\word_idx[1:0]
  4570/4598: $2\ca30_step$func$../rtl/crypto/india_pdf_engine.v:266$12.ns[127:0]$446 [116]
  4571/4598: $0\block_index[31:0]
  4572/4598: $0\bytes_remaining[31:0]
  4573/4598: $0\dst_ptr[31:0]
  4574/4598: $0\src_ptr[31:0]
  4575/4598: $0\nonce_preloaded[0:0]
  4576/4598: $0\key_preloaded[0:0]
  4577/4598: $0\trng_nonce_cnt[1:0]
  4578/4598: $0\trng_key_cnt[2:0]
  4579/4598: $0\state[4:0]
  4580/4598: $0\result_tag[127:0]
  4581/4598: $0\reg_error[0:0]
  4582/4598: $0\reg_auth_fail[0:0]
  4583/4598: $0\reg_auth_ok[0:0]
  4584/4598: $0\reg_done[0:0]
  4585/4598: $0\reg_busy[0:0]
  4586/4598: $2\tag_equal$func$../rtl/crypto/india_pdf_engine.v:908$43.diff[127:0]$567
  4587/4598: $1\key[255:0] [63:32]
  4588/4598: $0\cipher_din[127:0]
  4589/4598: $0\cipher_key[255:0]
  4590/4598: $0\m_bready[0:0]
  4591/4598: $0\m_wvalid[0:0]
  4592/4598: $0\m_wstrb[3:0]
  4593/4598: $0\m_wdata[31:0]
  4594/4598: $0\m_awvalid[0:0]
  4595/4598: $0\m_awaddr[31:0]
  4596/4598: $0\m_rready[0:0]
  4597/4598: $0\m_arvalid[0:0]
  4598/4598: $0\m_araddr[31:0]
Creating decoders for process `\india_pdf_engine.$proc$../rtl/crypto/india_pdf_engine.v:433$54'.
     1/4: $0\s_arready[0:0]
     2/4: $0\s_rvalid[0:0]
     3/4: $0\s_rresp[1:0]
     4/4: $0\s_rdata[31:0]
Creating decoders for process `\india_pdf_engine.$proc$../rtl/crypto/india_pdf_engine.v:346$44'.
     1/33: $0\exp_tag[127:0] [63:32]
     2/33: $0\exp_tag[127:0] [31:0]
     3/33: $0\exp_tag[127:0] [95:64]
     4/33: $0\exp_tag[127:0] [127:96]
     5/33: $0\key[255:0] [31:0]
     6/33: $0\key[255:0] [95:64]
     7/33: $0\key[255:0] [127:96]
     8/33: $0\key[255:0] [159:128]
     9/33: $0\key[255:0] [191:160]
    10/33: $0\key[255:0] [223:192]
    11/33: $0\key[255:0] [255:224]
    12/33: $0\nonce[127:0] [31:0]
    13/33: $0\nonce[127:0] [95:64]
    14/33: $0\nonce[127:0] [127:96]
    15/33: $0\s_awready[0:0]
    16/33: $0\start_pulse[0:0]
    17/33: $0\aw_addr_valid_r[0:0]
    18/33: $0\aw_addr_lat[11:0]
    19/33: $0\decrypt_mode[0:0]
    20/33: $0\irq_en[0:0]
    21/33: $0\auth_level[1:0]
    22/33: $0\timestamp[31:0]
    23/33: $0\doc_id_hi[31:0]
    24/33: $0\doc_id_lo[31:0]
    25/33: $0\key[255:0] [63:32]
    26/33: $0\nonce[127:0] [63:32]
    27/33: $0\s_wready[0:0]
    28/33: $0\pdf_len[31:0]
    29/33: $0\dst_addr[31:0]
    30/33: $0\src_addr[31:0]
    31/33: $0\app_mode[1:0]
    32/33: $0\s_bvalid[0:0]
    33/33: $0\s_bresp[1:0]

3.2.8. Executing PROC_DLATCH pass (convert process syncs to latches).

3.2.9. Executing PROC_DFF pass (convert process syncs to FFs).
Creating register for signal `\india_pdf_engine.\m_araddr' using process `\india_pdf_engine.$proc$../rtl/crypto/india_pdf_engine.v:490$59'.
  created $adff cell `$procdff$73824' with positive edge clock and positive level reset.
Creating register for signal `\india_pdf_engine.\m_arvalid' using process `\india_pdf_engine.$proc$../rtl/crypto/india_pdf_engine.v:490$59'.
  created $adff cell `$procdff$73829' with positive edge clock and positive level reset.
Creating register for signal `\india_pdf_engine.\m_rready' using process `\india_pdf_engine.$proc$../rtl/crypto/india_pdf_engine.v:490$59'.
  created $adff cell `$procdff$73834' with positive edge clock and positive level reset.
Creating register for signal `\india_pdf_engine.\m_awaddr' using process `\india_pdf_engine.$proc$../rtl/crypto/india_pdf_engine.v:490$59'.
  created $adff cell `$procdff$73839' with positive edge clock and positive level reset.
Creating register for signal `\india_pdf_engine.\m_awvalid' using process `\india_pdf_engine.$proc$../rtl/crypto/india_pdf_engine.v:490$59'.
  created $adff cell `$procdff$73844' with positive edge clock and positive level reset.
Creating register for signal `\india_pdf_engine.\m_wdata' using process `\india_pdf_engine.$proc$../rtl/crypto/india_pdf_engine.v:490$59'.
  created $adff cell `$procdff$73849' with positive edge clock and positive level reset.
Creating register for signal `\india_pdf_engine.\m_wstrb' using process `\india_pdf_engine.$proc$../rtl/crypto/india_pdf_engine.v:490$59'.
  created $adff cell `$procdff$73854' with positive edge clock and positive level reset.
Creating register for signal `\india_pdf_engine.\m_wvalid' using process `\india_pdf_engine.$proc$../rtl/crypto/india_pdf_engine.v:490$59'.
  created $adff cell `$procdff$73859' with positive edge clock and positive level reset.
Creating register for signal `\india_pdf_engine.\m_bready' using process `\india_pdf_engine.$proc$../rtl/crypto/india_pdf_engine.v:490$59'.
  created $adff cell `$procdff$73864' with positive edge clock and positive level reset.
Creating register for signal `\india_pdf_engine.\cipher_key' using process `\india_pdf_engine.$proc$../rtl/crypto/india_pdf_engine.v:490$59'.
  created $adff cell `$procdff$73869' with positive edge clock and positive level reset.
Creating register for signal `\india_pdf_engine.\cipher_din' using process `\india_pdf_engine.$proc$../rtl/crypto/india_pdf_engine.v:490$59'.
  created $adff cell `$procdff$73874' with positive edge clock and positive level reset.
Creating register for signal `\india_pdf_engine.\cipher_start' using process `\india_pdf_engine.$proc$../rtl/crypto/india_pdf_engine.v:490$59'.
  created $adff cell `$procdff$73879' with positive edge clock and positive level reset.
Creating register for signal `\india_pdf_engine.\irq' using process `\india_pdf_engine.$proc$../rtl/crypto/india_pdf_engine.v:490$59'.
  created $adff cell `$procdff$73884' with positive edge clock and positive level reset.
Creating register for signal `\india_pdf_engine.\nonce' using process `\india_pdf_engine.$proc$../rtl/crypto/india_pdf_engine.v:490$59'.
  created $dff cell `$procdff$73891' with positive edge clock.
Creating register for signal `\india_pdf_engine.\key' using process `\india_pdf_engine.$proc$../rtl/crypto/india_pdf_engine.v:490$59'.
  created $dff cell `$procdff$73898' with positive edge clock.
Creating register for signal `\india_pdf_engine.\reg_busy' using process `\india_pdf_engine.$proc$../rtl/crypto/india_pdf_engine.v:490$59'.
  created $adff cell `$procdff$73903' with positive edge clock and positive level reset.
Creating register for signal `\india_pdf_engine.\reg_done' using process `\india_pdf_engine.$proc$../rtl/crypto/india_pdf_engine.v:490$59'.
  created $adff cell `$procdff$73908' with positive edge clock and positive level reset.
Creating register for signal `\india_pdf_engine.\reg_auth_ok' using process `\india_pdf_engine.$proc$../rtl/crypto/india_pdf_engine.v:490$59'.
  created $adff cell `$procdff$73913' with positive edge clock and positive level reset.
Creating register for signal `\india_pdf_engine.\reg_auth_fail' using process `\india_pdf_engine.$proc$../rtl/crypto/india_pdf_engine.v:490$59'.
  created $adff cell `$procdff$73918' with positive edge clock and positive level reset.
Creating register for signal `\india_pdf_engine.\reg_error' using process `\india_pdf_engine.$proc$../rtl/crypto/india_pdf_engine.v:490$59'.
  created $adff cell `$procdff$73923' with positive edge clock and positive level reset.
Creating register for signal `\india_pdf_engine.\result_tag' using process `\india_pdf_engine.$proc$../rtl/crypto/india_pdf_engine.v:490$59'.
  created $adff cell `$procdff$73928' with positive edge clock and positive level reset.
Creating register for signal `\india_pdf_engine.\state' using process `\india_pdf_engine.$proc$../rtl/crypto/india_pdf_engine.v:490$59'.
  created $adff cell `$procdff$73933' with positive edge clock and positive level reset.
Creating register for signal `\india_pdf_engine.\trng_key_cnt' using process `\india_pdf_engine.$proc$../rtl/crypto/india_pdf_engine.v:490$59'.
  created $adff cell `$procdff$73938' with positive edge clock and positive level reset.
Creating register for signal `\india_pdf_engine.\trng_nonce_cnt' using process `\india_pdf_engine.$proc$../rtl/crypto/india_pdf_engine.v:490$59'.
  created $adff cell `$procdff$73943' with positive edge clock and positive level reset.
Creating register for signal `\india_pdf_engine.\key_preloaded' using process `\india_pdf_engine.$proc$../rtl/crypto/india_pdf_engine.v:490$59'.
  created $adff cell `$procdff$73948' with positive edge clock and positive level reset.
Creating register for signal `\india_pdf_engine.\nonce_preloaded' using process `\india_pdf_engine.$proc$../rtl/crypto/india_pdf_engine.v:490$59'.
  created $adff cell `$procdff$73953' with positive edge clock and positive level reset.
Creating register for signal `\india_pdf_engine.\src_ptr' using process `\india_pdf_engine.$proc$../rtl/crypto/india_pdf_engine.v:490$59'.
  created $adff cell `$procdff$73958' with positive edge clock and positive level reset.
Creating register for signal `\india_pdf_engine.\dst_ptr' using process `\india_pdf_engine.$proc$../rtl/crypto/india_pdf_engine.v:490$59'.
  created $adff cell `$procdff$73963' with positive edge clock and positive level reset.
Creating register for signal `\india_pdf_engine.\bytes_remaining' using process `\india_pdf_engine.$proc$../rtl/crypto/india_pdf_engine.v:490$59'.
  created $adff cell `$procdff$73968' with positive edge clock and positive level reset.
Creating register for signal `\india_pdf_engine.\block_index' using process `\india_pdf_engine.$proc$../rtl/crypto/india_pdf_engine.v:490$59'.
  created $adff cell `$procdff$73973' with positive edge clock and positive level reset.
Creating register for signal `\india_pdf_engine.\data_buf' using process `\india_pdf_engine.$proc$../rtl/crypto/india_pdf_engine.v:490$59'.
  created $adff cell `$procdff$73978' with positive edge clock and positive level reset.
Creating register for signal `\india_pdf_engine.\word_idx' using process `\india_pdf_engine.$proc$../rtl/crypto/india_pdf_engine.v:490$59'.
  created $adff cell `$procdff$73983' with positive edge clock and positive level reset.
Creating register for signal `\india_pdf_engine.\result_buf' using process `\india_pdf_engine.$proc$../rtl/crypto/india_pdf_engine.v:490$59'.
  created $adff cell `$procdff$73988' with positive edge clock and positive level reset.
Creating register for signal `\india_pdf_engine.\hmac_accum' using process `\india_pdf_engine.$proc$../rtl/crypto/india_pdf_engine.v:490$59'.
  created $adff cell `$procdff$73993' with positive edge clock and positive level reset.
Creating register for signal `\india_pdf_engine.\header_seed' using process `\india_pdf_engine.$proc$../rtl/crypto/india_pdf_engine.v:490$59'.
  created $adff cell `$procdff$73998' with positive edge clock and positive level reset.
Creating register for signal `\india_pdf_engine.\zero_ptr' using process `\india_pdf_engine.$proc$../rtl/crypto/india_pdf_engine.v:490$59'.
  created $adff cell `$procdff$74003' with positive edge clock and positive level reset.
Creating register for signal `\india_pdf_engine.\zero_end' using process `\india_pdf_engine.$proc$../rtl/crypto/india_pdf_engine.v:490$59'.
  created $adff cell `$procdff$74008' with positive edge clock and positive level reset.
Creating register for signal `\india_pdf_engine.\s_arready' using process `\india_pdf_engine.$proc$../rtl/crypto/india_pdf_engine.v:433$54'.
  created $adff cell `$procdff$74013' with positive edge clock and positive level reset.
Creating register for signal `\india_pdf_engine.\s_rdata' using process `\india_pdf_engine.$proc$../rtl/crypto/india_pdf_engine.v:433$54'.
  created $adff cell `$procdff$74018' with positive edge clock and positive level reset.
Creating register for signal `\india_pdf_engine.\s_rresp' using process `\india_pdf_engine.$proc$../rtl/crypto/india_pdf_engine.v:433$54'.
  created $adff cell `$procdff$74023' with positive edge clock and positive level reset.
Creating register for signal `\india_pdf_engine.\s_rvalid' using process `\india_pdf_engine.$proc$../rtl/crypto/india_pdf_engine.v:433$54'.
  created $adff cell `$procdff$74028' with positive edge clock and positive level reset.
Creating register for signal `\india_pdf_engine.\s_awready' using process `\india_pdf_engine.$proc$../rtl/crypto/india_pdf_engine.v:346$44'.
  created $adff cell `$procdff$74033' with positive edge clock and positive level reset.
Creating register for signal `\india_pdf_engine.\s_wready' using process `\india_pdf_engine.$proc$../rtl/crypto/india_pdf_engine.v:346$44'.
  created $adff cell `$procdff$74038' with positive edge clock and positive level reset.
Creating register for signal `\india_pdf_engine.\s_bresp' using process `\india_pdf_engine.$proc$../rtl/crypto/india_pdf_engine.v:346$44'.
  created $adff cell `$procdff$74043' with positive edge clock and positive level reset.
Creating register for signal `\india_pdf_engine.\s_bvalid' using process `\india_pdf_engine.$proc$../rtl/crypto/india_pdf_engine.v:346$44'.
  created $adff cell `$procdff$74048' with positive edge clock and positive level reset.
Creating register for signal `\india_pdf_engine.\app_mode' using process `\india_pdf_engine.$proc$../rtl/crypto/india_pdf_engine.v:346$44'.
  created $adff cell `$procdff$74053' with positive edge clock and positive level reset.
Creating register for signal `\india_pdf_engine.\src_addr' using process `\india_pdf_engine.$proc$../rtl/crypto/india_pdf_engine.v:346$44'.
  created $adff cell `$procdff$74058' with positive edge clock and positive level reset.
Creating register for signal `\india_pdf_engine.\dst_addr' using process `\india_pdf_engine.$proc$../rtl/crypto/india_pdf_engine.v:346$44'.
  created $adff cell `$procdff$74063' with positive edge clock and positive level reset.
Creating register for signal `\india_pdf_engine.\pdf_len' using process `\india_pdf_engine.$proc$../rtl/crypto/india_pdf_engine.v:346$44'.
  created $adff cell `$procdff$74068' with positive edge clock and positive level reset.
Creating register for signal `\india_pdf_engine.\nonce' using process `\india_pdf_engine.$proc$../rtl/crypto/india_pdf_engine.v:346$44'.
  created $adff cell `$procdff$74073' with positive edge clock and positive level reset.
Creating register for signal `\india_pdf_engine.\key' using process `\india_pdf_engine.$proc$../rtl/crypto/india_pdf_engine.v:346$44'.
  created $adff cell `$procdff$74078' with positive edge clock and positive level reset.
Creating register for signal `\india_pdf_engine.\exp_tag' using process `\india_pdf_engine.$proc$../rtl/crypto/india_pdf_engine.v:346$44'.
  created $adff cell `$procdff$74083' with positive edge clock and positive level reset.
Creating register for signal `\india_pdf_engine.\doc_id_lo' using process `\india_pdf_engine.$proc$../rtl/crypto/india_pdf_engine.v:346$44'.
  created $adff cell `$procdff$74088' with positive edge clock and positive level reset.
Creating register for signal `\india_pdf_engine.\doc_id_hi' using process `\india_pdf_engine.$proc$../rtl/crypto/india_pdf_engine.v:346$44'.
  created $adff cell `$procdff$74093' with positive edge clock and positive level reset.
Creating register for signal `\india_pdf_engine.\timestamp' using process `\india_pdf_engine.$proc$../rtl/crypto/india_pdf_engine.v:346$44'.
  created $adff cell `$procdff$74098' with positive edge clock and positive level reset.
Creating register for signal `\india_pdf_engine.\auth_level' using process `\india_pdf_engine.$proc$../rtl/crypto/india_pdf_engine.v:346$44'.
  created $adff cell `$procdff$74103' with positive edge clock and positive level reset.
Creating register for signal `\india_pdf_engine.\irq_en' using process `\india_pdf_engine.$proc$../rtl/crypto/india_pdf_engine.v:346$44'.
  created $adff cell `$procdff$74108' with positive edge clock and positive level reset.
Creating register for signal `\india_pdf_engine.\decrypt_mode' using process `\india_pdf_engine.$proc$../rtl/crypto/india_pdf_engine.v:346$44'.
  created $adff cell `$procdff$74113' with positive edge clock and positive level reset.
Creating register for signal `\india_pdf_engine.\aw_addr_lat' using process `\india_pdf_engine.$proc$../rtl/crypto/india_pdf_engine.v:346$44'.
  created $adff cell `$procdff$74118' with positive edge clock and positive level reset.
Creating register for signal `\india_pdf_engine.\aw_addr_valid_r' using process `\india_pdf_engine.$proc$../rtl/crypto/india_pdf_engine.v:346$44'.
  created $adff cell `$procdff$74123' with positive edge clock and positive level reset.
Creating register for signal `\india_pdf_engine.\start_pulse' using process `\india_pdf_engine.$proc$../rtl/crypto/india_pdf_engine.v:346$44'.
  created $adff cell `$procdff$74128' with positive edge clock and positive level reset.

3.2.10. Executing PROC_MEMWR pass (convert process memory writes to cells).

3.2.11. Executing PROC_CLEAN pass (remove empty switches from decision trees).
Found and cleaned up 40 empty switches in `\india_pdf_engine.$proc$../rtl/crypto/india_pdf_engine.v:490$59'.
Removing empty process `india_pdf_engine.$proc$../rtl/crypto/india_pdf_engine.v:490$59'.
Found and cleaned up 3 empty switches in `\india_pdf_engine.$proc$../rtl/crypto/india_pdf_engine.v:433$54'.
Removing empty process `india_pdf_engine.$proc$../rtl/crypto/india_pdf_engine.v:433$54'.
Found and cleaned up 5 empty switches in `\india_pdf_engine.$proc$../rtl/crypto/india_pdf_engine.v:346$44'.
Removing empty process `india_pdf_engine.$proc$../rtl/crypto/india_pdf_engine.v:346$44'.
Cleaned up 48 empty switches.

3.2.12. Executing OPT_EXPR pass (perform const folding).
Optimizing module india_pdf_engine.
<suppressed ~2264 debug messages>

3.3. Executing OPT_EXPR pass (perform const folding).
Optimizing module india_pdf_engine.

3.4. Executing OPT_CLEAN pass (remove unused cells and wires).
Finding unused cells or wires in module \india_pdf_engine..
Removed 13114 unused cells and 18534 unused wires.
<suppressed ~13244 debug messages>

3.5. Executing CHECK pass (checking for obvious problems).
Checking module india_pdf_engine...
Warning: multiple conflicting drivers for india_pdf_engine.\key [255]:
    port Q[255] of cell $procdff$73898 ($dff)
    port Q[255] of cell $procdff$74078 ($adff)
Warning: multiple conflicting drivers for india_pdf_engine.\key [254]:
    port Q[254] of cell $procdff$73898 ($dff)
    port Q[254] of cell $procdff$74078 ($adff)
Warning: multiple conflicting drivers for india_pdf_engine.\key [253]:
    port Q[253] of cell $procdff$73898 ($dff)
    port Q[253] of cell $procdff$74078 ($adff)
Warning: multiple conflicting drivers for india_pdf_engine.\key [252]:
    port Q[252] of cell $procdff$73898 ($dff)
    port Q[252] of cell $procdff$74078 ($adff)
Warning: multiple conflicting drivers for india_pdf_engine.\key [251]:
    port Q[251] of cell $procdff$73898 ($dff)
    port Q[251] of cell $procdff$74078 ($adff)
Warning: multiple conflicting drivers for india_pdf_engine.\key [250]:
    port Q[250] of cell $procdff$73898 ($dff)
    port Q[250] of cell $procdff$74078 ($adff)
Warning: multiple conflicting drivers for india_pdf_engine.\key [249]:
    port Q[249] of cell $procdff$73898 ($dff)
    port Q[249] of cell $procdff$74078 ($adff)
Warning: multiple conflicting drivers for india_pdf_engine.\key [248]:
    port Q[248] of cell $procdff$73898 ($dff)
    port Q[248] of cell $procdff$74078 ($adff)
Warning: multiple conflicting drivers for india_pdf_engine.\key [247]:
    port Q[247] of cell $procdff$73898 ($dff)
    port Q[247] of cell $procdff$74078 ($adff)
Warning: multiple conflicting drivers for india_pdf_engine.\key [246]:
    port Q[246] of cell $procdff$73898 ($dff)
    port Q[246] of cell $procdff$74078 ($adff)
Warning: multiple conflicting drivers for india_pdf_engine.\key [245]:
    port Q[245] of cell $procdff$73898 ($dff)
    port Q[245] of cell $procdff$74078 ($adff)
Warning: multiple conflicting drivers for india_pdf_engine.\key [244]:
    port Q[244] of cell $procdff$73898 ($dff)
    port Q[244] of cell $procdff$74078 ($adff)
Warning: multiple conflicting drivers for india_pdf_engine.\key [243]:
    port Q[243] of cell $procdff$73898 ($dff)
    port Q[243] of cell $procdff$74078 ($adff)
Warning: multiple conflicting drivers for india_pdf_engine.\key [242]:
    port Q[242] of cell $procdff$73898 ($dff)
    port Q[242] of cell $procdff$74078 ($adff)
Warning: multiple conflicting drivers for india_pdf_engine.\key [241]:
    port Q[241] of cell $procdff$73898 ($dff)
    port Q[241] of cell $procdff$74078 ($adff)
Warning: multiple conflicting drivers for india_pdf_engine.\key [240]:
    port Q[240] of cell $procdff$73898 ($dff)
    port Q[240] of cell $procdff$74078 ($adff)
Warning: multiple conflicting drivers for india_pdf_engine.\key [239]:
    port Q[239] of cell $procdff$73898 ($dff)
    port Q[239] of cell $procdff$74078 ($adff)
Warning: multiple conflicting drivers for india_pdf_engine.\key [238]:
    port Q[238] of cell $procdff$73898 ($dff)
    port Q[238] of cell $procdff$74078 ($adff)
Warning: multiple conflicting drivers for india_pdf_engine.\key [237]:
    port Q[237] of cell $procdff$73898 ($dff)
    port Q[237] of cell $procdff$74078 ($adff)
Warning: multiple conflicting drivers for india_pdf_engine.\key [236]:
    port Q[236] of cell $procdff$73898 ($dff)
    port Q[236] of cell $procdff$74078 ($adff)
Warning: multiple conflicting drivers for india_pdf_engine.\key [235]:
    port Q[235] of cell $procdff$73898 ($dff)
    port Q[235] of cell $procdff$74078 ($adff)
Warning: multiple conflicting drivers for india_pdf_engine.\key [234]:
    port Q[234] of cell $procdff$73898 ($dff)
    port Q[234] of cell $procdff$74078 ($adff)
Warning: multiple conflicting drivers for india_pdf_engine.\key [233]:
    port Q[233] of cell $procdff$73898 ($dff)
    port Q[233] of cell $procdff$74078 ($adff)
Warning: multiple conflicting drivers for india_pdf_engine.\key [232]:
    port Q[232] of cell $procdff$73898 ($dff)
    port Q[232] of cell $procdff$74078 ($adff)
Warning: multiple conflicting drivers for india_pdf_engine.\key [231]:
    port Q[231] of cell $procdff$73898 ($dff)
    port Q[231] of cell $procdff$74078 ($adff)
Warning: multiple conflicting drivers for india_pdf_engine.\key [230]:
    port Q[230] of cell $procdff$73898 ($dff)
    port Q[230] of cell $procdff$74078 ($adff)
Warning: multiple conflicting drivers for india_pdf_engine.\key [229]:
    port Q[229] of cell $procdff$73898 ($dff)
    port Q[229] of cell $procdff$74078 ($adff)
Warning: multiple conflicting drivers for india_pdf_engine.\key [228]:
    port Q[228] of cell $procdff$73898 ($dff)
    port Q[228] of cell $procdff$74078 ($adff)
Warning: multiple conflicting drivers for india_pdf_engine.\key [227]:
    port Q[227] of cell $procdff$73898 ($dff)
    port Q[227] of cell $procdff$74078 ($adff)
Warning: multiple conflicting drivers for india_pdf_engine.\key [226]:
    port Q[226] of cell $procdff$73898 ($dff)
    port Q[226] of cell $procdff$74078 ($adff)
Warning: multiple conflicting drivers for india_pdf_engine.\key [225]:
    port Q[225] of cell $procdff$73898 ($dff)
    port Q[225] of cell $procdff$74078 ($adff)
Warning: multiple conflicting drivers for india_pdf_engine.\key [224]:
    port Q[224] of cell $procdff$73898 ($dff)
    port Q[224] of cell $procdff$74078 ($adff)
Warning: multiple conflicting drivers for india_pdf_engine.\key [223]:
    port Q[223] of cell $procdff$73898 ($dff)
    port Q[223] of cell $procdff$74078 ($adff)
Warning: multiple conflicting drivers for india_pdf_engine.\key [222]:
    port Q[222] of cell $procdff$73898 ($dff)
    port Q[222] of cell $procdff$74078 ($adff)
Warning: multiple conflicting drivers for india_pdf_engine.\key [221]:
    port Q[221] of cell $procdff$73898 ($dff)
    port Q[221] of cell $procdff$74078 ($adff)
Warning: multiple conflicting drivers for india_pdf_engine.\key [220]:
    port Q[220] of cell $procdff$73898 ($dff)
    port Q[220] of cell $procdff$74078 ($adff)
Warning: multiple conflicting drivers for india_pdf_engine.\key [219]:
    port Q[219] of cell $procdff$73898 ($dff)
    port Q[219] of cell $procdff$74078 ($adff)
Warning: multiple conflicting drivers for india_pdf_engine.\key [218]:
    port Q[218] of cell $procdff$73898 ($dff)
    port Q[218] of cell $procdff$74078 ($adff)
Warning: multiple conflicting drivers for india_pdf_engine.\key [217]:
    port Q[217] of cell $procdff$73898 ($dff)
    port Q[217] of cell $procdff$74078 ($adff)
Warning: multiple conflicting drivers for india_pdf_engine.\key [216]:
    port Q[216] of cell $procdff$73898 ($dff)
    port Q[216] of cell $procdff$74078 ($adff)
Warning: multiple conflicting drivers for india_pdf_engine.\key [215]:
    port Q[215] of cell $procdff$73898 ($dff)
    port Q[215] of cell $procdff$74078 ($adff)
Warning: multiple conflicting drivers for india_pdf_engine.\key [214]:
    port Q[214] of cell $procdff$73898 ($dff)
    port Q[214] of cell $procdff$74078 ($adff)
Warning: multiple conflicting drivers for india_pdf_engine.\key [213]:
    port Q[213] of cell $procdff$73898 ($dff)
    port Q[213] of cell $procdff$74078 ($adff)
Warning: multiple conflicting drivers for india_pdf_engine.\key [212]:
    port Q[212] of cell $procdff$73898 ($dff)
    port Q[212] of cell $procdff$74078 ($adff)
Warning: multiple conflicting drivers for india_pdf_engine.\key [211]:
    port Q[211] of cell $procdff$73898 ($dff)
    port Q[211] of cell $procdff$74078 ($adff)
Warning: multiple conflicting drivers for india_pdf_engine.\key [210]:
    port Q[210] of cell $procdff$73898 ($dff)
    port Q[210] of cell $procdff$74078 ($adff)
Warning: multiple conflicting drivers for india_pdf_engine.\key [209]:
    port Q[209] of cell $procdff$73898 ($dff)
    port Q[209] of cell $procdff$74078 ($adff)
Warning: multiple conflicting drivers for india_pdf_engine.\key [208]:
    port Q[208] of cell $procdff$73898 ($dff)
    port Q[208] of cell $procdff$74078 ($adff)
Warning: multiple conflicting drivers for india_pdf_engine.\key [207]:
    port Q[207] of cell $procdff$73898 ($dff)
    port Q[207] of cell $procdff$74078 ($adff)
Warning: multiple conflicting drivers for india_pdf_engine.\key [206]:
    port Q[206] of cell $procdff$73898 ($dff)
    port Q[206] of cell $procdff$74078 ($adff)
Warning: multiple conflicting drivers for india_pdf_engine.\key [205]:
    port Q[205] of cell $procdff$73898 ($dff)
    port Q[205] of cell $procdff$74078 ($adff)
Warning: multiple conflicting drivers for india_pdf_engine.\key [204]:
    port Q[204] of cell $procdff$73898 ($dff)
    port Q[204] of cell $procdff$74078 ($adff)
Warning: multiple conflicting drivers for india_pdf_engine.\key [203]:
    port Q[203] of cell $procdff$73898 ($dff)
    port Q[203] of cell $procdff$74078 ($adff)
Warning: multiple conflicting drivers for india_pdf_engine.\key [202]:
    port Q[202] of cell $procdff$73898 ($dff)
    port Q[202] of cell $procdff$74078 ($adff)
Warning: multiple conflicting drivers for india_pdf_engine.\key [201]:
    port Q[201] of cell $procdff$73898 ($dff)
    port Q[201] of cell $procdff$74078 ($adff)
Warning: multiple conflicting drivers for india_pdf_engine.\key [200]:
    port Q[200] of cell $procdff$73898 ($dff)
    port Q[200] of cell $procdff$74078 ($adff)
Warning: multiple conflicting drivers for india_pdf_engine.\key [199]:
    port Q[199] of cell $procdff$73898 ($dff)
    port Q[199] of cell $procdff$74078 ($adff)
Warning: multiple conflicting drivers for india_pdf_engine.\key [198]:
    port Q[198] of cell $procdff$73898 ($dff)
    port Q[198] of cell $procdff$74078 ($adff)
Warning: multiple conflicting drivers for india_pdf_engine.\key [197]:
    port Q[197] of cell $procdff$73898 ($dff)
    port Q[197] of cell $procdff$74078 ($adff)
Warning: multiple conflicting drivers for india_pdf_engine.\key [196]:
    port Q[196] of cell $procdff$73898 ($dff)
    port Q[196] of cell $procdff$74078 ($adff)
Warning: multiple conflicting drivers for india_pdf_engine.\key [195]:
    port Q[195] of cell $procdff$73898 ($dff)
    port Q[195] of cell $procdff$74078 ($adff)
Warning: multiple conflicting drivers for india_pdf_engine.\key [194]:
    port Q[194] of cell $procdff$73898 ($dff)
    port Q[194] of cell $procdff$74078 ($adff)
Warning: multiple conflicting drivers for india_pdf_engine.\key [193]:
    port Q[193] of cell $procdff$73898 ($dff)
    port Q[193] of cell $procdff$74078 ($adff)
Warning: multiple conflicting drivers for india_pdf_engine.\key [192]:
    port Q[192] of cell $procdff$73898 ($dff)
    port Q[192] of cell $procdff$74078 ($adff)
Warning: multiple conflicting drivers for india_pdf_engine.\key [191]:
    port Q[191] of cell $procdff$73898 ($dff)
    port Q[191] of cell $procdff$74078 ($adff)
Warning: multiple conflicting drivers for india_pdf_engine.\key [190]:
    port Q[190] of cell $procdff$73898 ($dff)
    port Q[190] of cell $procdff$74078 ($adff)
Warning: multiple conflicting drivers for india_pdf_engine.\key [189]:
    port Q[189] of cell $procdff$73898 ($dff)
    port Q[189] of cell $procdff$74078 ($adff)
Warning: multiple conflicting drivers for india_pdf_engine.\key [188]:
    port Q[188] of cell $procdff$73898 ($dff)
    port Q[188] of cell $procdff$74078 ($adff)
Warning: multiple conflicting drivers for india_pdf_engine.\key [187]:
    port Q[187] of cell $procdff$73898 ($dff)
    port Q[187] of cell $procdff$74078 ($adff)
Warning: multiple conflicting drivers for india_pdf_engine.\key [186]:
    port Q[186] of cell $procdff$73898 ($dff)
    port Q[186] of cell $procdff$74078 ($adff)
Warning: multiple conflicting drivers for india_pdf_engine.\key [185]:
    port Q[185] of cell $procdff$73898 ($dff)
    port Q[185] of cell $procdff$74078 ($adff)
Warning: multiple conflicting drivers for india_pdf_engine.\key [184]:
    port Q[184] of cell $procdff$73898 ($dff)
    port Q[184] of cell $procdff$74078 ($adff)
Warning: multiple conflicting drivers for india_pdf_engine.\key [183]:
    port Q[183] of cell $procdff$73898 ($dff)
    port Q[183] of cell $procdff$74078 ($adff)
Warning: multiple conflicting drivers for india_pdf_engine.\key [182]:
    port Q[182] of cell $procdff$73898 ($dff)
    port Q[182] of cell $procdff$74078 ($adff)
Warning: multiple conflicting drivers for india_pdf_engine.\key [181]:
    port Q[181] of cell $procdff$73898 ($dff)
    port Q[181] of cell $procdff$74078 ($adff)
Warning: multiple conflicting drivers for india_pdf_engine.\key [180]:
    port Q[180] of cell $procdff$73898 ($dff)
    port Q[180] of cell $procdff$74078 ($adff)
Warning: multiple conflicting drivers for india_pdf_engine.\key [179]:
    port Q[179] of cell $procdff$73898 ($dff)
    port Q[179] of cell $procdff$74078 ($adff)
Warning: multiple conflicting drivers for india_pdf_engine.\key [178]:
    port Q[178] of cell $procdff$73898 ($dff)
    port Q[178] of cell $procdff$74078 ($adff)
Warning: multiple conflicting drivers for india_pdf_engine.\key [177]:
    port Q[177] of cell $procdff$73898 ($dff)
    port Q[177] of cell $procdff$74078 ($adff)
Warning: multiple conflicting drivers for india_pdf_engine.\key [176]:
    port Q[176] of cell $procdff$73898 ($dff)
    port Q[176] of cell $procdff$74078 ($adff)
Warning: multiple conflicting drivers for india_pdf_engine.\key [175]:
    port Q[175] of cell $procdff$73898 ($dff)
    port Q[175] of cell $procdff$74078 ($adff)
Warning: multiple conflicting drivers for india_pdf_engine.\key [174]:
    port Q[174] of cell $procdff$73898 ($dff)
    port Q[174] of cell $procdff$74078 ($adff)
Warning: multiple conflicting drivers for india_pdf_engine.\key [173]:
    port Q[173] of cell $procdff$73898 ($dff)
    port Q[173] of cell $procdff$74078 ($adff)
Warning: multiple conflicting drivers for india_pdf_engine.\key [172]:
    port Q[172] of cell $procdff$73898 ($dff)
    port Q[172] of cell $procdff$74078 ($adff)
Warning: multiple conflicting drivers for india_pdf_engine.\key [171]:
    port Q[171] of cell $procdff$73898 ($dff)
    port Q[171] of cell $procdff$74078 ($adff)
Warning: multiple conflicting drivers for india_pdf_engine.\key [170]:
    port Q[170] of cell $procdff$73898 ($dff)
    port Q[170] of cell $procdff$74078 ($adff)
Warning: multiple conflicting drivers for india_pdf_engine.\key [169]:
    port Q[169] of cell $procdff$73898 ($dff)
    port Q[169] of cell $procdff$74078 ($adff)
Warning: multiple conflicting drivers for india_pdf_engine.\key [168]:
    port Q[168] of cell $procdff$73898 ($dff)
    port Q[168] of cell $procdff$74078 ($adff)
Warning: multiple conflicting drivers for india_pdf_engine.\key [167]:
    port Q[167] of cell $procdff$73898 ($dff)
    port Q[167] of cell $procdff$74078 ($adff)
Warning: multiple conflicting drivers for india_pdf_engine.\key [166]:
    port Q[166] of cell $procdff$73898 ($dff)
    port Q[166] of cell $procdff$74078 ($adff)
Warning: multiple conflicting drivers for india_pdf_engine.\key [165]:
    port Q[165] of cell $procdff$73898 ($dff)
    port Q[165] of cell $procdff$74078 ($adff)
Warning: multiple conflicting drivers for india_pdf_engine.\key [164]:
    port Q[164] of cell $procdff$73898 ($dff)
    port Q[164] of cell $procdff$74078 ($adff)
Warning: multiple conflicting drivers for india_pdf_engine.\key [163]:
    port Q[163] of cell $procdff$73898 ($dff)
    port Q[163] of cell $procdff$74078 ($adff)
Warning: multiple conflicting drivers for india_pdf_engine.\key [162]:
    port Q[162] of cell $procdff$73898 ($dff)
    port Q[162] of cell $procdff$74078 ($adff)
Warning: multiple conflicting drivers for india_pdf_engine.\key [161]:
    port Q[161] of cell $procdff$73898 ($dff)
    port Q[161] of cell $procdff$74078 ($adff)
Warning: multiple conflicting drivers for india_pdf_engine.\key [160]:
    port Q[160] of cell $procdff$73898 ($dff)
    port Q[160] of cell $procdff$74078 ($adff)
Warning: multiple conflicting drivers for india_pdf_engine.\key [159]:
    port Q[159] of cell $procdff$73898 ($dff)
    port Q[159] of cell $procdff$74078 ($adff)
Warning: multiple conflicting drivers for india_pdf_engine.\key [158]:
    port Q[158] of cell $procdff$73898 ($dff)
    port Q[158] of cell $procdff$74078 ($adff)
Warning: multiple conflicting drivers for india_pdf_engine.\key [157]:
    port Q[157] of cell $procdff$73898 ($dff)
    port Q[157] of cell $procdff$74078 ($adff)
Warning: multiple conflicting drivers for india_pdf_engine.\key [156]:
    port Q[156] of cell $procdff$73898 ($dff)
    port Q[156] of cell $procdff$74078 ($adff)
Warning: multiple conflicting drivers for india_pdf_engine.\key [155]:
    port Q[155] of cell $procdff$73898 ($dff)
    port Q[155] of cell $procdff$74078 ($adff)
Warning: multiple conflicting drivers for india_pdf_engine.\key [154]:
    port Q[154] of cell $procdff$73898 ($dff)
    port Q[154] of cell $procdff$74078 ($adff)
Warning: multiple conflicting drivers for india_pdf_engine.\key [153]:
    port Q[153] of cell $procdff$73898 ($dff)
    port Q[153] of cell $procdff$74078 ($adff)
Warning: multiple conflicting drivers for india_pdf_engine.\key [152]:
    port Q[152] of cell $procdff$73898 ($dff)
    port Q[152] of cell $procdff$74078 ($adff)
Warning: multiple conflicting drivers for india_pdf_engine.\key [151]:
    port Q[151] of cell $procdff$73898 ($dff)
    port Q[151] of cell $procdff$74078 ($adff)
Warning: multiple conflicting drivers for india_pdf_engine.\key [150]:
    port Q[150] of cell $procdff$73898 ($dff)
    port Q[150] of cell $procdff$74078 ($adff)
Warning: multiple conflicting drivers for india_pdf_engine.\key [149]:
    port Q[149] of cell $procdff$73898 ($dff)
    port Q[149] of cell $procdff$74078 ($adff)
Warning: multiple conflicting drivers for india_pdf_engine.\key [148]:
    port Q[148] of cell $procdff$73898 ($dff)
    port Q[148] of cell $procdff$74078 ($adff)
Warning: multiple conflicting drivers for india_pdf_engine.\key [147]:
    port Q[147] of cell $procdff$73898 ($dff)
    port Q[147] of cell $procdff$74078 ($adff)
Warning: multiple conflicting drivers for india_pdf_engine.\key [146]:
    port Q[146] of cell $procdff$73898 ($dff)
    port Q[146] of cell $procdff$74078 ($adff)
Warning: multiple conflicting drivers for india_pdf_engine.\key [145]:
    port Q[145] of cell $procdff$73898 ($dff)
    port Q[145] of cell $procdff$74078 ($adff)
Warning: multiple conflicting drivers for india_pdf_engine.\key [144]:
    port Q[144] of cell $procdff$73898 ($dff)
    port Q[144] of cell $procdff$74078 ($adff)
Warning: multiple conflicting drivers for india_pdf_engine.\key [143]:
    port Q[143] of cell $procdff$73898 ($dff)
    port Q[143] of cell $procdff$74078 ($adff)
Warning: multiple conflicting drivers for india_pdf_engine.\key [142]:
    port Q[142] of cell $procdff$73898 ($dff)
    port Q[142] of cell $procdff$74078 ($adff)
Warning: multiple conflicting drivers for india_pdf_engine.\key [141]:
    port Q[141] of cell $procdff$73898 ($dff)
    port Q[141] of cell $procdff$74078 ($adff)
Warning: multiple conflicting drivers for india_pdf_engine.\key [140]:
    port Q[140] of cell $procdff$73898 ($dff)
    port Q[140] of cell $procdff$74078 ($adff)
Warning: multiple conflicting drivers for india_pdf_engine.\key [139]:
    port Q[139] of cell $procdff$73898 ($dff)
    port Q[139] of cell $procdff$74078 ($adff)
Warning: multiple conflicting drivers for india_pdf_engine.\key [138]:
    port Q[138] of cell $procdff$73898 ($dff)
    port Q[138] of cell $procdff$74078 ($adff)
Warning: multiple conflicting drivers for india_pdf_engine.\key [137]:
    port Q[137] of cell $procdff$73898 ($dff)
    port Q[137] of cell $procdff$74078 ($adff)
Warning: multiple conflicting drivers for india_pdf_engine.\key [136]:
    port Q[136] of cell $procdff$73898 ($dff)
    port Q[136] of cell $procdff$74078 ($adff)
Warning: multiple conflicting drivers for india_pdf_engine.\key [135]:
    port Q[135] of cell $procdff$73898 ($dff)
    port Q[135] of cell $procdff$74078 ($adff)
Warning: multiple conflicting drivers for india_pdf_engine.\key [134]:
    port Q[134] of cell $procdff$73898 ($dff)
    port Q[134] of cell $procdff$74078 ($adff)
Warning: multiple conflicting drivers for india_pdf_engine.\key [133]:
    port Q[133] of cell $procdff$73898 ($dff)
    port Q[133] of cell $procdff$74078 ($adff)
Warning: multiple conflicting drivers for india_pdf_engine.\key [132]:
    port Q[132] of cell $procdff$73898 ($dff)
    port Q[132] of cell $procdff$74078 ($adff)
Warning: multiple conflicting drivers for india_pdf_engine.\key [131]:
    port Q[131] of cell $procdff$73898 ($dff)
    port Q[131] of cell $procdff$74078 ($adff)
Warning: multiple conflicting drivers for india_pdf_engine.\key [130]:
    port Q[130] of cell $procdff$73898 ($dff)
    port Q[130] of cell $procdff$74078 ($adff)
Warning: multiple conflicting drivers for india_pdf_engine.\key [129]:
    port Q[129] of cell $procdff$73898 ($dff)
    port Q[129] of cell $procdff$74078 ($adff)
Warning: multiple conflicting drivers for india_pdf_engine.\key [128]:
    port Q[128] of cell $procdff$73898 ($dff)
    port Q[128] of cell $procdff$74078 ($adff)
Warning: multiple conflicting drivers for india_pdf_engine.\key [127]:
    port Q[127] of cell $procdff$73898 ($dff)
    port Q[127] of cell $procdff$74078 ($adff)
Warning: multiple conflicting drivers for india_pdf_engine.\key [126]:
    port Q[126] of cell $procdff$73898 ($dff)
    port Q[126] of cell $procdff$74078 ($adff)
Warning: multiple conflicting drivers for india_pdf_engine.\key [125]:
    port Q[125] of cell $procdff$73898 ($dff)
    port Q[125] of cell $procdff$74078 ($adff)
Warning: multiple conflicting drivers for india_pdf_engine.\key [124]:
    port Q[124] of cell $procdff$73898 ($dff)
    port Q[124] of cell $procdff$74078 ($adff)
Warning: multiple conflicting drivers for india_pdf_engine.\key [123]:
    port Q[123] of cell $procdff$73898 ($dff)
    port Q[123] of cell $procdff$74078 ($adff)
Warning: multiple conflicting drivers for india_pdf_engine.\key [122]:
    port Q[122] of cell $procdff$73898 ($dff)
    port Q[122] of cell $procdff$74078 ($adff)
Warning: multiple conflicting drivers for india_pdf_engine.\key [121]:
    port Q[121] of cell $procdff$73898 ($dff)
    port Q[121] of cell $procdff$74078 ($adff)
Warning: multiple conflicting drivers for india_pdf_engine.\key [120]:
    port Q[120] of cell $procdff$73898 ($dff)
    port Q[120] of cell $procdff$74078 ($adff)
Warning: multiple conflicting drivers for india_pdf_engine.\key [119]:
    port Q[119] of cell $procdff$73898 ($dff)
    port Q[119] of cell $procdff$74078 ($adff)
Warning: multiple conflicting drivers for india_pdf_engine.\key [118]:
    port Q[118] of cell $procdff$73898 ($dff)
    port Q[118] of cell $procdff$74078 ($adff)
Warning: multiple conflicting drivers for india_pdf_engine.\key [117]:
    port Q[117] of cell $procdff$73898 ($dff)
    port Q[117] of cell $procdff$74078 ($adff)
Warning: multiple conflicting drivers for india_pdf_engine.\key [116]:
    port Q[116] of cell $procdff$73898 ($dff)
    port Q[116] of cell $procdff$74078 ($adff)
Warning: multiple conflicting drivers for india_pdf_engine.\key [115]:
    port Q[115] of cell $procdff$73898 ($dff)
    port Q[115] of cell $procdff$74078 ($adff)
Warning: multiple conflicting drivers for india_pdf_engine.\key [114]:
    port Q[114] of cell $procdff$73898 ($dff)
    port Q[114] of cell $procdff$74078 ($adff)
Warning: multiple conflicting drivers for india_pdf_engine.\key [113]:
    port Q[113] of cell $procdff$73898 ($dff)
    port Q[113] of cell $procdff$74078 ($adff)
Warning: multiple conflicting drivers for india_pdf_engine.\key [112]:
    port Q[112] of cell $procdff$73898 ($dff)
    port Q[112] of cell $procdff$74078 ($adff)
Warning: multiple conflicting drivers for india_pdf_engine.\key [111]:
    port Q[111] of cell $procdff$73898 ($dff)
    port Q[111] of cell $procdff$74078 ($adff)
Warning: multiple conflicting drivers for india_pdf_engine.\key [110]:
    port Q[110] of cell $procdff$73898 ($dff)
    port Q[110] of cell $procdff$74078 ($adff)
Warning: multiple conflicting drivers for india_pdf_engine.\key [109]:
    port Q[109] of cell $procdff$73898 ($dff)
    port Q[109] of cell $procdff$74078 ($adff)
Warning: multiple conflicting drivers for india_pdf_engine.\key [108]:
    port Q[108] of cell $procdff$73898 ($dff)
    port Q[108] of cell $procdff$74078 ($adff)
Warning: multiple conflicting drivers for india_pdf_engine.\key [107]:
    port Q[107] of cell $procdff$73898 ($dff)
    port Q[107] of cell $procdff$74078 ($adff)
Warning: multiple conflicting drivers for india_pdf_engine.\key [106]:
    port Q[106] of cell $procdff$73898 ($dff)
    port Q[106] of cell $procdff$74078 ($adff)
Warning: multiple conflicting drivers for india_pdf_engine.\key [105]:
    port Q[105] of cell $procdff$73898 ($dff)
    port Q[105] of cell $procdff$74078 ($adff)
Warning: multiple conflicting drivers for india_pdf_engine.\key [104]:
    port Q[104] of cell $procdff$73898 ($dff)
    port Q[104] of cell $procdff$74078 ($adff)
Warning: multiple conflicting drivers for india_pdf_engine.\key [103]:
    port Q[103] of cell $procdff$73898 ($dff)
    port Q[103] of cell $procdff$74078 ($adff)
Warning: multiple conflicting drivers for india_pdf_engine.\key [102]:
    port Q[102] of cell $procdff$73898 ($dff)
    port Q[102] of cell $procdff$74078 ($adff)
Warning: multiple conflicting drivers for india_pdf_engine.\key [101]:
    port Q[101] of cell $procdff$73898 ($dff)
    port Q[101] of cell $procdff$74078 ($adff)
Warning: multiple conflicting drivers for india_pdf_engine.\key [100]:
    port Q[100] of cell $procdff$73898 ($dff)
    port Q[100] of cell $procdff$74078 ($adff)
Warning: multiple conflicting drivers for india_pdf_engine.\key [99]:
    port Q[99] of cell $procdff$73898 ($dff)
    port Q[99] of cell $procdff$74078 ($adff)
Warning: multiple conflicting drivers for india_pdf_engine.\key [98]:
    port Q[98] of cell $procdff$73898 ($dff)
    port Q[98] of cell $procdff$74078 ($adff)
Warning: multiple conflicting drivers for india_pdf_engine.\key [97]:
    port Q[97] of cell $procdff$73898 ($dff)
    port Q[97] of cell $procdff$74078 ($adff)
Warning: multiple conflicting drivers for india_pdf_engine.\key [96]:
    port Q[96] of cell $procdff$73898 ($dff)
    port Q[96] of cell $procdff$74078 ($adff)
Warning: multiple conflicting drivers for india_pdf_engine.\key [95]:
    port Q[95] of cell $procdff$73898 ($dff)
    port Q[95] of cell $procdff$74078 ($adff)
Warning: multiple conflicting drivers for india_pdf_engine.\key [94]:
    port Q[94] of cell $procdff$73898 ($dff)
    port Q[94] of cell $procdff$74078 ($adff)
Warning: multiple conflicting drivers for india_pdf_engine.\key [93]:
    port Q[93] of cell $procdff$73898 ($dff)
    port Q[93] of cell $procdff$74078 ($adff)
Warning: multiple conflicting drivers for india_pdf_engine.\key [92]:
    port Q[92] of cell $procdff$73898 ($dff)
    port Q[92] of cell $procdff$74078 ($adff)
Warning: multiple conflicting drivers for india_pdf_engine.\key [91]:
    port Q[91] of cell $procdff$73898 ($dff)
    port Q[91] of cell $procdff$74078 ($adff)
Warning: multiple conflicting drivers for india_pdf_engine.\key [90]:
    port Q[90] of cell $procdff$73898 ($dff)
    port Q[90] of cell $procdff$74078 ($adff)
Warning: multiple conflicting drivers for india_pdf_engine.\key [89]:
    port Q[89] of cell $procdff$73898 ($dff)
    port Q[89] of cell $procdff$74078 ($adff)
Warning: multiple conflicting drivers for india_pdf_engine.\key [88]:
    port Q[88] of cell $procdff$73898 ($dff)
    port Q[88] of cell $procdff$74078 ($adff)
Warning: multiple conflicting drivers for india_pdf_engine.\key [87]:
    port Q[87] of cell $procdff$73898 ($dff)
    port Q[87] of cell $procdff$74078 ($adff)
Warning: multiple conflicting drivers for india_pdf_engine.\key [86]:
    port Q[86] of cell $procdff$73898 ($dff)
    port Q[86] of cell $procdff$74078 ($adff)
Warning: multiple conflicting drivers for india_pdf_engine.\key [85]:
    port Q[85] of cell $procdff$73898 ($dff)
    port Q[85] of cell $procdff$74078 ($adff)
Warning: multiple conflicting drivers for india_pdf_engine.\key [84]:
    port Q[84] of cell $procdff$73898 ($dff)
    port Q[84] of cell $procdff$74078 ($adff)
Warning: multiple conflicting drivers for india_pdf_engine.\key [83]:
    port Q[83] of cell $procdff$73898 ($dff)
    port Q[83] of cell $procdff$74078 ($adff)
Warning: multiple conflicting drivers for india_pdf_engine.\key [82]:
    port Q[82] of cell $procdff$73898 ($dff)
    port Q[82] of cell $procdff$74078 ($adff)
Warning: multiple conflicting drivers for india_pdf_engine.\key [81]:
    port Q[81] of cell $procdff$73898 ($dff)
    port Q[81] of cell $procdff$74078 ($adff)
Warning: multiple conflicting drivers for india_pdf_engine.\key [80]:
    port Q[80] of cell $procdff$73898 ($dff)
    port Q[80] of cell $procdff$74078 ($adff)
Warning: multiple conflicting drivers for india_pdf_engine.\key [79]:
    port Q[79] of cell $procdff$73898 ($dff)
    port Q[79] of cell $procdff$74078 ($adff)
Warning: multiple conflicting drivers for india_pdf_engine.\key [78]:
    port Q[78] of cell $procdff$73898 ($dff)
    port Q[78] of cell $procdff$74078 ($adff)
Warning: multiple conflicting drivers for india_pdf_engine.\key [77]:
    port Q[77] of cell $procdff$73898 ($dff)
    port Q[77] of cell $procdff$74078 ($adff)
Warning: multiple conflicting drivers for india_pdf_engine.\key [76]:
    port Q[76] of cell $procdff$73898 ($dff)
    port Q[76] of cell $procdff$74078 ($adff)
Warning: multiple conflicting drivers for india_pdf_engine.\key [75]:
    port Q[75] of cell $procdff$73898 ($dff)
    port Q[75] of cell $procdff$74078 ($adff)
Warning: multiple conflicting drivers for india_pdf_engine.\key [74]:
    port Q[74] of cell $procdff$73898 ($dff)
    port Q[74] of cell $procdff$74078 ($adff)
Warning: multiple conflicting drivers for india_pdf_engine.\key [73]:
    port Q[73] of cell $procdff$73898 ($dff)
    port Q[73] of cell $procdff$74078 ($adff)
Warning: multiple conflicting drivers for india_pdf_engine.\key [72]:
    port Q[72] of cell $procdff$73898 ($dff)
    port Q[72] of cell $procdff$74078 ($adff)
Warning: multiple conflicting drivers for india_pdf_engine.\key [71]:
    port Q[71] of cell $procdff$73898 ($dff)
    port Q[71] of cell $procdff$74078 ($adff)
Warning: multiple conflicting drivers for india_pdf_engine.\key [70]:
    port Q[70] of cell $procdff$73898 ($dff)
    port Q[70] of cell $procdff$74078 ($adff)
Warning: multiple conflicting drivers for india_pdf_engine.\key [69]:
    port Q[69] of cell $procdff$73898 ($dff)
    port Q[69] of cell $procdff$74078 ($adff)
Warning: multiple conflicting drivers for india_pdf_engine.\key [68]:
    port Q[68] of cell $procdff$73898 ($dff)
    port Q[68] of cell $procdff$74078 ($adff)
Warning: multiple conflicting drivers for india_pdf_engine.\key [67]:
    port Q[67] of cell $procdff$73898 ($dff)
    port Q[67] of cell $procdff$74078 ($adff)
Warning: multiple conflicting drivers for india_pdf_engine.\key [66]:
    port Q[66] of cell $procdff$73898 ($dff)
    port Q[66] of cell $procdff$74078 ($adff)
Warning: multiple conflicting drivers for india_pdf_engine.\key [65]:
    port Q[65] of cell $procdff$73898 ($dff)
    port Q[65] of cell $procdff$74078 ($adff)
Warning: multiple conflicting drivers for india_pdf_engine.\key [64]:
    port Q[64] of cell $procdff$73898 ($dff)
    port Q[64] of cell $procdff$74078 ($adff)
Warning: multiple conflicting drivers for india_pdf_engine.\key [63]:
    port Q[63] of cell $procdff$73898 ($dff)
    port Q[63] of cell $procdff$74078 ($adff)
Warning: multiple conflicting drivers for india_pdf_engine.\key [62]:
    port Q[62] of cell $procdff$73898 ($dff)
    port Q[62] of cell $procdff$74078 ($adff)
Warning: multiple conflicting drivers for india_pdf_engine.\key [61]:
    port Q[61] of cell $procdff$73898 ($dff)
    port Q[61] of cell $procdff$74078 ($adff)
Warning: multiple conflicting drivers for india_pdf_engine.\key [60]:
    port Q[60] of cell $procdff$73898 ($dff)
    port Q[60] of cell $procdff$74078 ($adff)
Warning: multiple conflicting drivers for india_pdf_engine.\key [59]:
    port Q[59] of cell $procdff$73898 ($dff)
    port Q[59] of cell $procdff$74078 ($adff)
Warning: multiple conflicting drivers for india_pdf_engine.\key [58]:
    port Q[58] of cell $procdff$73898 ($dff)
    port Q[58] of cell $procdff$74078 ($adff)
Warning: multiple conflicting drivers for india_pdf_engine.\key [57]:
    port Q[57] of cell $procdff$73898 ($dff)
    port Q[57] of cell $procdff$74078 ($adff)
Warning: multiple conflicting drivers for india_pdf_engine.\key [56]:
    port Q[56] of cell $procdff$73898 ($dff)
    port Q[56] of cell $procdff$74078 ($adff)
Warning: multiple conflicting drivers for india_pdf_engine.\key [55]:
    port Q[55] of cell $procdff$73898 ($dff)
    port Q[55] of cell $procdff$74078 ($adff)
Warning: multiple conflicting drivers for india_pdf_engine.\key [54]:
    port Q[54] of cell $procdff$73898 ($dff)
    port Q[54] of cell $procdff$74078 ($adff)
Warning: multiple conflicting drivers for india_pdf_engine.\key [53]:
    port Q[53] of cell $procdff$73898 ($dff)
    port Q[53] of cell $procdff$74078 ($adff)
Warning: multiple conflicting drivers for india_pdf_engine.\key [52]:
    port Q[52] of cell $procdff$73898 ($dff)
    port Q[52] of cell $procdff$74078 ($adff)
Warning: multiple conflicting drivers for india_pdf_engine.\key [51]:
    port Q[51] of cell $procdff$73898 ($dff)
    port Q[51] of cell $procdff$74078 ($adff)
Warning: multiple conflicting drivers for india_pdf_engine.\key [50]:
    port Q[50] of cell $procdff$73898 ($dff)
    port Q[50] of cell $procdff$74078 ($adff)
Warning: multiple conflicting drivers for india_pdf_engine.\key [49]:
    port Q[49] of cell $procdff$73898 ($dff)
    port Q[49] of cell $procdff$74078 ($adff)
Warning: multiple conflicting drivers for india_pdf_engine.\key [48]:
    port Q[48] of cell $procdff$73898 ($dff)
    port Q[48] of cell $procdff$74078 ($adff)
Warning: multiple conflicting drivers for india_pdf_engine.\key [47]:
    port Q[47] of cell $procdff$73898 ($dff)
    port Q[47] of cell $procdff$74078 ($adff)
Warning: multiple conflicting drivers for india_pdf_engine.\key [46]:
    port Q[46] of cell $procdff$73898 ($dff)
    port Q[46] of cell $procdff$74078 ($adff)
Warning: multiple conflicting drivers for india_pdf_engine.\key [45]:
    port Q[45] of cell $procdff$73898 ($dff)
    port Q[45] of cell $procdff$74078 ($adff)
Warning: multiple conflicting drivers for india_pdf_engine.\key [44]:
    port Q[44] of cell $procdff$73898 ($dff)
    port Q[44] of cell $procdff$74078 ($adff)
Warning: multiple conflicting drivers for india_pdf_engine.\key [43]:
    port Q[43] of cell $procdff$73898 ($dff)
    port Q[43] of cell $procdff$74078 ($adff)
Warning: multiple conflicting drivers for india_pdf_engine.\key [42]:
    port Q[42] of cell $procdff$73898 ($dff)
    port Q[42] of cell $procdff$74078 ($adff)
Warning: multiple conflicting drivers for india_pdf_engine.\key [41]:
    port Q[41] of cell $procdff$73898 ($dff)
    port Q[41] of cell $procdff$74078 ($adff)
Warning: multiple conflicting drivers for india_pdf_engine.\key [40]:
    port Q[40] of cell $procdff$73898 ($dff)
    port Q[40] of cell $procdff$74078 ($adff)
Warning: multiple conflicting drivers for india_pdf_engine.\key [39]:
    port Q[39] of cell $procdff$73898 ($dff)
    port Q[39] of cell $procdff$74078 ($adff)
Warning: multiple conflicting drivers for india_pdf_engine.\key [38]:
    port Q[38] of cell $procdff$73898 ($dff)
    port Q[38] of cell $procdff$74078 ($adff)
Warning: multiple conflicting drivers for india_pdf_engine.\key [37]:
    port Q[37] of cell $procdff$73898 ($dff)
    port Q[37] of cell $procdff$74078 ($adff)
Warning: multiple conflicting drivers for india_pdf_engine.\key [36]:
    port Q[36] of cell $procdff$73898 ($dff)
    port Q[36] of cell $procdff$74078 ($adff)
Warning: multiple conflicting drivers for india_pdf_engine.\key [35]:
    port Q[35] of cell $procdff$73898 ($dff)
    port Q[35] of cell $procdff$74078 ($adff)
Warning: multiple conflicting drivers for india_pdf_engine.\key [34]:
    port Q[34] of cell $procdff$73898 ($dff)
    port Q[34] of cell $procdff$74078 ($adff)
Warning: multiple conflicting drivers for india_pdf_engine.\key [33]:
    port Q[33] of cell $procdff$73898 ($dff)
    port Q[33] of cell $procdff$74078 ($adff)
Warning: multiple conflicting drivers for india_pdf_engine.\key [32]:
    port Q[32] of cell $procdff$73898 ($dff)
    port Q[32] of cell $procdff$74078 ($adff)
Warning: multiple conflicting drivers for india_pdf_engine.\key [31]:
    port Q[31] of cell $procdff$73898 ($dff)
    port Q[31] of cell $procdff$74078 ($adff)
Warning: multiple conflicting drivers for india_pdf_engine.\key [30]:
    port Q[30] of cell $procdff$73898 ($dff)
    port Q[30] of cell $procdff$74078 ($adff)
Warning: multiple conflicting drivers for india_pdf_engine.\key [29]:
    port Q[29] of cell $procdff$73898 ($dff)
    port Q[29] of cell $procdff$74078 ($adff)
Warning: multiple conflicting drivers for india_pdf_engine.\key [28]:
    port Q[28] of cell $procdff$73898 ($dff)
    port Q[28] of cell $procdff$74078 ($adff)
Warning: multiple conflicting drivers for india_pdf_engine.\key [27]:
    port Q[27] of cell $procdff$73898 ($dff)
    port Q[27] of cell $procdff$74078 ($adff)
Warning: multiple conflicting drivers for india_pdf_engine.\key [26]:
    port Q[26] of cell $procdff$73898 ($dff)
    port Q[26] of cell $procdff$74078 ($adff)
Warning: multiple conflicting drivers for india_pdf_engine.\key [25]:
    port Q[25] of cell $procdff$73898 ($dff)
    port Q[25] of cell $procdff$74078 ($adff)
Warning: multiple conflicting drivers for india_pdf_engine.\key [24]:
    port Q[24] of cell $procdff$73898 ($dff)
    port Q[24] of cell $procdff$74078 ($adff)
Warning: multiple conflicting drivers for india_pdf_engine.\key [23]:
    port Q[23] of cell $procdff$73898 ($dff)
    port Q[23] of cell $procdff$74078 ($adff)
Warning: multiple conflicting drivers for india_pdf_engine.\key [22]:
    port Q[22] of cell $procdff$73898 ($dff)
    port Q[22] of cell $procdff$74078 ($adff)
Warning: multiple conflicting drivers for india_pdf_engine.\key [21]:
    port Q[21] of cell $procdff$73898 ($dff)
    port Q[21] of cell $procdff$74078 ($adff)
Warning: multiple conflicting drivers for india_pdf_engine.\key [20]:
    port Q[20] of cell $procdff$73898 ($dff)
    port Q[20] of cell $procdff$74078 ($adff)
Warning: multiple conflicting drivers for india_pdf_engine.\key [19]:
    port Q[19] of cell $procdff$73898 ($dff)
    port Q[19] of cell $procdff$74078 ($adff)
Warning: multiple conflicting drivers for india_pdf_engine.\key [18]:
    port Q[18] of cell $procdff$73898 ($dff)
    port Q[18] of cell $procdff$74078 ($adff)
Warning: multiple conflicting drivers for india_pdf_engine.\key [17]:
    port Q[17] of cell $procdff$73898 ($dff)
    port Q[17] of cell $procdff$74078 ($adff)
Warning: multiple conflicting drivers for india_pdf_engine.\key [16]:
    port Q[16] of cell $procdff$73898 ($dff)
    port Q[16] of cell $procdff$74078 ($adff)
Warning: multiple conflicting drivers for india_pdf_engine.\key [15]:
    port Q[15] of cell $procdff$73898 ($dff)
    port Q[15] of cell $procdff$74078 ($adff)
Warning: multiple conflicting drivers for india_pdf_engine.\key [14]:
    port Q[14] of cell $procdff$73898 ($dff)
    port Q[14] of cell $procdff$74078 ($adff)
Warning: multiple conflicting drivers for india_pdf_engine.\key [13]:
    port Q[13] of cell $procdff$73898 ($dff)
    port Q[13] of cell $procdff$74078 ($adff)
Warning: multiple conflicting drivers for india_pdf_engine.\key [12]:
    port Q[12] of cell $procdff$73898 ($dff)
    port Q[12] of cell $procdff$74078 ($adff)
Warning: multiple conflicting drivers for india_pdf_engine.\key [11]:
    port Q[11] of cell $procdff$73898 ($dff)
    port Q[11] of cell $procdff$74078 ($adff)
Warning: multiple conflicting drivers for india_pdf_engine.\key [10]:
    port Q[10] of cell $procdff$73898 ($dff)
    port Q[10] of cell $procdff$74078 ($adff)
Warning: multiple conflicting drivers for india_pdf_engine.\key [9]:
    port Q[9] of cell $procdff$73898 ($dff)
    port Q[9] of cell $procdff$74078 ($adff)
Warning: multiple conflicting drivers for india_pdf_engine.\key [8]:
    port Q[8] of cell $procdff$73898 ($dff)
    port Q[8] of cell $procdff$74078 ($adff)
Warning: multiple conflicting drivers for india_pdf_engine.\key [7]:
    port Q[7] of cell $procdff$73898 ($dff)
    port Q[7] of cell $procdff$74078 ($adff)
Warning: multiple conflicting drivers for india_pdf_engine.\key [6]:
    port Q[6] of cell $procdff$73898 ($dff)
    port Q[6] of cell $procdff$74078 ($adff)
Warning: multiple conflicting drivers for india_pdf_engine.\key [5]:
    port Q[5] of cell $procdff$73898 ($dff)
    port Q[5] of cell $procdff$74078 ($adff)
Warning: multiple conflicting drivers for india_pdf_engine.\key [4]:
    port Q[4] of cell $procdff$73898 ($dff)
    port Q[4] of cell $procdff$74078 ($adff)
Warning: multiple conflicting drivers for india_pdf_engine.\key [3]:
    port Q[3] of cell $procdff$73898 ($dff)
    port Q[3] of cell $procdff$74078 ($adff)
Warning: multiple conflicting drivers for india_pdf_engine.\key [2]:
    port Q[2] of cell $procdff$73898 ($dff)
    port Q[2] of cell $procdff$74078 ($adff)
Warning: multiple conflicting drivers for india_pdf_engine.\key [1]:
    port Q[1] of cell $procdff$73898 ($dff)
    port Q[1] of cell $procdff$74078 ($adff)
Warning: multiple conflicting drivers for india_pdf_engine.\key [0]:
    port Q[0] of cell $procdff$73898 ($dff)
    port Q[0] of cell $procdff$74078 ($adff)
Warning: multiple conflicting drivers for india_pdf_engine.\nonce [127]:
    port Q[127] of cell $procdff$74073 ($adff)
    port Q[127] of cell $procdff$73891 ($dff)
Warning: multiple conflicting drivers for india_pdf_engine.\nonce [126]:
    port Q[126] of cell $procdff$74073 ($adff)
    port Q[126] of cell $procdff$73891 ($dff)
Warning: multiple conflicting drivers for india_pdf_engine.\nonce [125]:
    port Q[125] of cell $procdff$74073 ($adff)
    port Q[125] of cell $procdff$73891 ($dff)
Warning: multiple conflicting drivers for india_pdf_engine.\nonce [124]:
    port Q[124] of cell $procdff$74073 ($adff)
    port Q[124] of cell $procdff$73891 ($dff)
Warning: multiple conflicting drivers for india_pdf_engine.\nonce [123]:
    port Q[123] of cell $procdff$74073 ($adff)
    port Q[123] of cell $procdff$73891 ($dff)
Warning: multiple conflicting drivers for india_pdf_engine.\nonce [122]:
    port Q[122] of cell $procdff$74073 ($adff)
    port Q[122] of cell $procdff$73891 ($dff)
Warning: multiple conflicting drivers for india_pdf_engine.\nonce [121]:
    port Q[121] of cell $procdff$74073 ($adff)
    port Q[121] of cell $procdff$73891 ($dff)
Warning: multiple conflicting drivers for india_pdf_engine.\nonce [120]:
    port Q[120] of cell $procdff$74073 ($adff)
    port Q[120] of cell $procdff$73891 ($dff)
Warning: multiple conflicting drivers for india_pdf_engine.\nonce [119]:
    port Q[119] of cell $procdff$74073 ($adff)
    port Q[119] of cell $procdff$73891 ($dff)
Warning: multiple conflicting drivers for india_pdf_engine.\nonce [118]:
    port Q[118] of cell $procdff$74073 ($adff)
    port Q[118] of cell $procdff$73891 ($dff)
Warning: multiple conflicting drivers for india_pdf_engine.\nonce [117]:
    port Q[117] of cell $procdff$74073 ($adff)
    port Q[117] of cell $procdff$73891 ($dff)
Warning: multiple conflicting drivers for india_pdf_engine.\nonce [116]:
    port Q[116] of cell $procdff$74073 ($adff)
    port Q[116] of cell $procdff$73891 ($dff)
Warning: multiple conflicting drivers for india_pdf_engine.\nonce [115]:
    port Q[115] of cell $procdff$74073 ($adff)
    port Q[115] of cell $procdff$73891 ($dff)
Warning: multiple conflicting drivers for india_pdf_engine.\nonce [114]:
    port Q[114] of cell $procdff$74073 ($adff)
    port Q[114] of cell $procdff$73891 ($dff)
Warning: multiple conflicting drivers for india_pdf_engine.\nonce [113]:
    port Q[113] of cell $procdff$74073 ($adff)
    port Q[113] of cell $procdff$73891 ($dff)
Warning: multiple conflicting drivers for india_pdf_engine.\nonce [112]:
    port Q[112] of cell $procdff$74073 ($adff)
    port Q[112] of cell $procdff$73891 ($dff)
Warning: multiple conflicting drivers for india_pdf_engine.\nonce [111]:
    port Q[111] of cell $procdff$74073 ($adff)
    port Q[111] of cell $procdff$73891 ($dff)
Warning: multiple conflicting drivers for india_pdf_engine.\nonce [110]:
    port Q[110] of cell $procdff$74073 ($adff)
    port Q[110] of cell $procdff$73891 ($dff)
Warning: multiple conflicting drivers for india_pdf_engine.\nonce [109]:
    port Q[109] of cell $procdff$74073 ($adff)
    port Q[109] of cell $procdff$73891 ($dff)
Warning: multiple conflicting drivers for india_pdf_engine.\nonce [108]:
    port Q[108] of cell $procdff$74073 ($adff)
    port Q[108] of cell $procdff$73891 ($dff)
Warning: multiple conflicting drivers for india_pdf_engine.\nonce [107]:
    port Q[107] of cell $procdff$74073 ($adff)
    port Q[107] of cell $procdff$73891 ($dff)
Warning: multiple conflicting drivers for india_pdf_engine.\nonce [106]:
    port Q[106] of cell $procdff$74073 ($adff)
    port Q[106] of cell $procdff$73891 ($dff)
Warning: multiple conflicting drivers for india_pdf_engine.\nonce [105]:
    port Q[105] of cell $procdff$74073 ($adff)
    port Q[105] of cell $procdff$73891 ($dff)
Warning: multiple conflicting drivers for india_pdf_engine.\nonce [104]:
    port Q[104] of cell $procdff$74073 ($adff)
    port Q[104] of cell $procdff$73891 ($dff)
Warning: multiple conflicting drivers for india_pdf_engine.\nonce [103]:
    port Q[103] of cell $procdff$74073 ($adff)
    port Q[103] of cell $procdff$73891 ($dff)
Warning: multiple conflicting drivers for india_pdf_engine.\nonce [102]:
    port Q[102] of cell $procdff$74073 ($adff)
    port Q[102] of cell $procdff$73891 ($dff)
Warning: multiple conflicting drivers for india_pdf_engine.\nonce [101]:
    port Q[101] of cell $procdff$74073 ($adff)
    port Q[101] of cell $procdff$73891 ($dff)
Warning: multiple conflicting drivers for india_pdf_engine.\nonce [100]:
    port Q[100] of cell $procdff$74073 ($adff)
    port Q[100] of cell $procdff$73891 ($dff)
Warning: multiple conflicting drivers for india_pdf_engine.\nonce [99]:
    port Q[99] of cell $procdff$74073 ($adff)
    port Q[99] of cell $procdff$73891 ($dff)
Warning: multiple conflicting drivers for india_pdf_engine.\nonce [98]:
    port Q[98] of cell $procdff$74073 ($adff)
    port Q[98] of cell $procdff$73891 ($dff)
Warning: multiple conflicting drivers for india_pdf_engine.\nonce [97]:
    port Q[97] of cell $procdff$74073 ($adff)
    port Q[97] of cell $procdff$73891 ($dff)
Warning: multiple conflicting drivers for india_pdf_engine.\nonce [96]:
    port Q[96] of cell $procdff$74073 ($adff)
    port Q[96] of cell $procdff$73891 ($dff)
Warning: multiple conflicting drivers for india_pdf_engine.\nonce [95]:
    port Q[95] of cell $procdff$74073 ($adff)
    port Q[95] of cell $procdff$73891 ($dff)
Warning: multiple conflicting drivers for india_pdf_engine.\nonce [94]:
    port Q[94] of cell $procdff$74073 ($adff)
    port Q[94] of cell $procdff$73891 ($dff)
Warning: multiple conflicting drivers for india_pdf_engine.\nonce [93]:
    port Q[93] of cell $procdff$74073 ($adff)
    port Q[93] of cell $procdff$73891 ($dff)
Warning: multiple conflicting drivers for india_pdf_engine.\nonce [92]:
    port Q[92] of cell $procdff$74073 ($adff)
    port Q[92] of cell $procdff$73891 ($dff)
Warning: multiple conflicting drivers for india_pdf_engine.\nonce [91]:
    port Q[91] of cell $procdff$74073 ($adff)
    port Q[91] of cell $procdff$73891 ($dff)
Warning: multiple conflicting drivers for india_pdf_engine.\nonce [90]:
    port Q[90] of cell $procdff$74073 ($adff)
    port Q[90] of cell $procdff$73891 ($dff)
Warning: multiple conflicting drivers for india_pdf_engine.\nonce [89]:
    port Q[89] of cell $procdff$74073 ($adff)
    port Q[89] of cell $procdff$73891 ($dff)
Warning: multiple conflicting drivers for india_pdf_engine.\nonce [88]:
    port Q[88] of cell $procdff$74073 ($adff)
    port Q[88] of cell $procdff$73891 ($dff)
Warning: multiple conflicting drivers for india_pdf_engine.\nonce [87]:
    port Q[87] of cell $procdff$74073 ($adff)
    port Q[87] of cell $procdff$73891 ($dff)
Warning: multiple conflicting drivers for india_pdf_engine.\nonce [86]:
    port Q[86] of cell $procdff$74073 ($adff)
    port Q[86] of cell $procdff$73891 ($dff)
Warning: multiple conflicting drivers for india_pdf_engine.\nonce [85]:
    port Q[85] of cell $procdff$74073 ($adff)
    port Q[85] of cell $procdff$73891 ($dff)
Warning: multiple conflicting drivers for india_pdf_engine.\nonce [84]:
    port Q[84] of cell $procdff$74073 ($adff)
    port Q[84] of cell $procdff$73891 ($dff)
Warning: multiple conflicting drivers for india_pdf_engine.\nonce [83]:
    port Q[83] of cell $procdff$74073 ($adff)
    port Q[83] of cell $procdff$73891 ($dff)
Warning: multiple conflicting drivers for india_pdf_engine.\nonce [82]:
    port Q[82] of cell $procdff$74073 ($adff)
    port Q[82] of cell $procdff$73891 ($dff)
Warning: multiple conflicting drivers for india_pdf_engine.\nonce [81]:
    port Q[81] of cell $procdff$74073 ($adff)
    port Q[81] of cell $procdff$73891 ($dff)
Warning: multiple conflicting drivers for india_pdf_engine.\nonce [80]:
    port Q[80] of cell $procdff$74073 ($adff)
    port Q[80] of cell $procdff$73891 ($dff)
Warning: multiple conflicting drivers for india_pdf_engine.\nonce [79]:
    port Q[79] of cell $procdff$74073 ($adff)
    port Q[79] of cell $procdff$73891 ($dff)
Warning: multiple conflicting drivers for india_pdf_engine.\nonce [78]:
    port Q[78] of cell $procdff$74073 ($adff)
    port Q[78] of cell $procdff$73891 ($dff)
Warning: multiple conflicting drivers for india_pdf_engine.\nonce [77]:
    port Q[77] of cell $procdff$74073 ($adff)
    port Q[77] of cell $procdff$73891 ($dff)
Warning: multiple conflicting drivers for india_pdf_engine.\nonce [76]:
    port Q[76] of cell $procdff$74073 ($adff)
    port Q[76] of cell $procdff$73891 ($dff)
Warning: multiple conflicting drivers for india_pdf_engine.\nonce [75]:
    port Q[75] of cell $procdff$74073 ($adff)
    port Q[75] of cell $procdff$73891 ($dff)
Warning: multiple conflicting drivers for india_pdf_engine.\nonce [74]:
    port Q[74] of cell $procdff$74073 ($adff)
    port Q[74] of cell $procdff$73891 ($dff)
Warning: multiple conflicting drivers for india_pdf_engine.\nonce [73]:
    port Q[73] of cell $procdff$74073 ($adff)
    port Q[73] of cell $procdff$73891 ($dff)
Warning: multiple conflicting drivers for india_pdf_engine.\nonce [72]:
    port Q[72] of cell $procdff$74073 ($adff)
    port Q[72] of cell $procdff$73891 ($dff)
Warning: multiple conflicting drivers for india_pdf_engine.\nonce [71]:
    port Q[71] of cell $procdff$74073 ($adff)
    port Q[71] of cell $procdff$73891 ($dff)
Warning: multiple conflicting drivers for india_pdf_engine.\nonce [70]:
    port Q[70] of cell $procdff$74073 ($adff)
    port Q[70] of cell $procdff$73891 ($dff)
Warning: multiple conflicting drivers for india_pdf_engine.\nonce [69]:
    port Q[69] of cell $procdff$74073 ($adff)
    port Q[69] of cell $procdff$73891 ($dff)
Warning: multiple conflicting drivers for india_pdf_engine.\nonce [68]:
    port Q[68] of cell $procdff$74073 ($adff)
    port Q[68] of cell $procdff$73891 ($dff)
Warning: multiple conflicting drivers for india_pdf_engine.\nonce [67]:
    port Q[67] of cell $procdff$74073 ($adff)
    port Q[67] of cell $procdff$73891 ($dff)
Warning: multiple conflicting drivers for india_pdf_engine.\nonce [66]:
    port Q[66] of cell $procdff$74073 ($adff)
    port Q[66] of cell $procdff$73891 ($dff)
Warning: multiple conflicting drivers for india_pdf_engine.\nonce [65]:
    port Q[65] of cell $procdff$74073 ($adff)
    port Q[65] of cell $procdff$73891 ($dff)
Warning: multiple conflicting drivers for india_pdf_engine.\nonce [64]:
    port Q[64] of cell $procdff$74073 ($adff)
    port Q[64] of cell $procdff$73891 ($dff)
Warning: multiple conflicting drivers for india_pdf_engine.\nonce [63]:
    port Q[63] of cell $procdff$74073 ($adff)
    port Q[63] of cell $procdff$73891 ($dff)
Warning: multiple conflicting drivers for india_pdf_engine.\nonce [62]:
    port Q[62] of cell $procdff$74073 ($adff)
    port Q[62] of cell $procdff$73891 ($dff)
Warning: multiple conflicting drivers for india_pdf_engine.\nonce [61]:
    port Q[61] of cell $procdff$74073 ($adff)
    port Q[61] of cell $procdff$73891 ($dff)
Warning: multiple conflicting drivers for india_pdf_engine.\nonce [60]:
    port Q[60] of cell $procdff$74073 ($adff)
    port Q[60] of cell $procdff$73891 ($dff)
Warning: multiple conflicting drivers for india_pdf_engine.\nonce [59]:
    port Q[59] of cell $procdff$74073 ($adff)
    port Q[59] of cell $procdff$73891 ($dff)
Warning: multiple conflicting drivers for india_pdf_engine.\nonce [58]:
    port Q[58] of cell $procdff$74073 ($adff)
    port Q[58] of cell $procdff$73891 ($dff)
Warning: multiple conflicting drivers for india_pdf_engine.\nonce [57]:
    port Q[57] of cell $procdff$74073 ($adff)
    port Q[57] of cell $procdff$73891 ($dff)
Warning: multiple conflicting drivers for india_pdf_engine.\nonce [56]:
    port Q[56] of cell $procdff$74073 ($adff)
    port Q[56] of cell $procdff$73891 ($dff)
Warning: multiple conflicting drivers for india_pdf_engine.\nonce [55]:
    port Q[55] of cell $procdff$74073 ($adff)
    port Q[55] of cell $procdff$73891 ($dff)
Warning: multiple conflicting drivers for india_pdf_engine.\nonce [54]:
    port Q[54] of cell $procdff$74073 ($adff)
    port Q[54] of cell $procdff$73891 ($dff)
Warning: multiple conflicting drivers for india_pdf_engine.\nonce [53]:
    port Q[53] of cell $procdff$74073 ($adff)
    port Q[53] of cell $procdff$73891 ($dff)
Warning: multiple conflicting drivers for india_pdf_engine.\nonce [52]:
    port Q[52] of cell $procdff$74073 ($adff)
    port Q[52] of cell $procdff$73891 ($dff)
Warning: multiple conflicting drivers for india_pdf_engine.\nonce [51]:
    port Q[51] of cell $procdff$74073 ($adff)
    port Q[51] of cell $procdff$73891 ($dff)
Warning: multiple conflicting drivers for india_pdf_engine.\nonce [50]:
    port Q[50] of cell $procdff$74073 ($adff)
    port Q[50] of cell $procdff$73891 ($dff)
Warning: multiple conflicting drivers for india_pdf_engine.\nonce [49]:
    port Q[49] of cell $procdff$74073 ($adff)
    port Q[49] of cell $procdff$73891 ($dff)
Warning: multiple conflicting drivers for india_pdf_engine.\nonce [48]:
    port Q[48] of cell $procdff$74073 ($adff)
    port Q[48] of cell $procdff$73891 ($dff)
Warning: multiple conflicting drivers for india_pdf_engine.\nonce [47]:
    port Q[47] of cell $procdff$74073 ($adff)
    port Q[47] of cell $procdff$73891 ($dff)
Warning: multiple conflicting drivers for india_pdf_engine.\nonce [46]:
    port Q[46] of cell $procdff$74073 ($adff)
    port Q[46] of cell $procdff$73891 ($dff)
Warning: multiple conflicting drivers for india_pdf_engine.\nonce [45]:
    port Q[45] of cell $procdff$74073 ($adff)
    port Q[45] of cell $procdff$73891 ($dff)
Warning: multiple conflicting drivers for india_pdf_engine.\nonce [44]:
    port Q[44] of cell $procdff$74073 ($adff)
    port Q[44] of cell $procdff$73891 ($dff)
Warning: multiple conflicting drivers for india_pdf_engine.\nonce [43]:
    port Q[43] of cell $procdff$74073 ($adff)
    port Q[43] of cell $procdff$73891 ($dff)
Warning: multiple conflicting drivers for india_pdf_engine.\nonce [42]:
    port Q[42] of cell $procdff$74073 ($adff)
    port Q[42] of cell $procdff$73891 ($dff)
Warning: multiple conflicting drivers for india_pdf_engine.\nonce [41]:
    port Q[41] of cell $procdff$74073 ($adff)
    port Q[41] of cell $procdff$73891 ($dff)
Warning: multiple conflicting drivers for india_pdf_engine.\nonce [40]:
    port Q[40] of cell $procdff$74073 ($adff)
    port Q[40] of cell $procdff$73891 ($dff)
Warning: multiple conflicting drivers for india_pdf_engine.\nonce [39]:
    port Q[39] of cell $procdff$74073 ($adff)
    port Q[39] of cell $procdff$73891 ($dff)
Warning: multiple conflicting drivers for india_pdf_engine.\nonce [38]:
    port Q[38] of cell $procdff$74073 ($adff)
    port Q[38] of cell $procdff$73891 ($dff)
Warning: multiple conflicting drivers for india_pdf_engine.\nonce [37]:
    port Q[37] of cell $procdff$74073 ($adff)
    port Q[37] of cell $procdff$73891 ($dff)
Warning: multiple conflicting drivers for india_pdf_engine.\nonce [36]:
    port Q[36] of cell $procdff$74073 ($adff)
    port Q[36] of cell $procdff$73891 ($dff)
Warning: multiple conflicting drivers for india_pdf_engine.\nonce [35]:
    port Q[35] of cell $procdff$74073 ($adff)
    port Q[35] of cell $procdff$73891 ($dff)
Warning: multiple conflicting drivers for india_pdf_engine.\nonce [34]:
    port Q[34] of cell $procdff$74073 ($adff)
    port Q[34] of cell $procdff$73891 ($dff)
Warning: multiple conflicting drivers for india_pdf_engine.\nonce [33]:
    port Q[33] of cell $procdff$74073 ($adff)
    port Q[33] of cell $procdff$73891 ($dff)
Warning: multiple conflicting drivers for india_pdf_engine.\nonce [32]:
    port Q[32] of cell $procdff$74073 ($adff)
    port Q[32] of cell $procdff$73891 ($dff)
Warning: multiple conflicting drivers for india_pdf_engine.\nonce [31]:
    port Q[31] of cell $procdff$74073 ($adff)
    port Q[31] of cell $procdff$73891 ($dff)
Warning: multiple conflicting drivers for india_pdf_engine.\nonce [30]:
    port Q[30] of cell $procdff$74073 ($adff)
    port Q[30] of cell $procdff$73891 ($dff)
Warning: multiple conflicting drivers for india_pdf_engine.\nonce [29]:
    port Q[29] of cell $procdff$74073 ($adff)
    port Q[29] of cell $procdff$73891 ($dff)
Warning: multiple conflicting drivers for india_pdf_engine.\nonce [28]:
    port Q[28] of cell $procdff$74073 ($adff)
    port Q[28] of cell $procdff$73891 ($dff)
Warning: multiple conflicting drivers for india_pdf_engine.\nonce [27]:
    port Q[27] of cell $procdff$74073 ($adff)
    port Q[27] of cell $procdff$73891 ($dff)
Warning: multiple conflicting drivers for india_pdf_engine.\nonce [26]:
    port Q[26] of cell $procdff$74073 ($adff)
    port Q[26] of cell $procdff$73891 ($dff)
Warning: multiple conflicting drivers for india_pdf_engine.\nonce [25]:
    port Q[25] of cell $procdff$74073 ($adff)
    port Q[25] of cell $procdff$73891 ($dff)
Warning: multiple conflicting drivers for india_pdf_engine.\nonce [24]:
    port Q[24] of cell $procdff$74073 ($adff)
    port Q[24] of cell $procdff$73891 ($dff)
Warning: multiple conflicting drivers for india_pdf_engine.\nonce [23]:
    port Q[23] of cell $procdff$74073 ($adff)
    port Q[23] of cell $procdff$73891 ($dff)
Warning: multiple conflicting drivers for india_pdf_engine.\nonce [22]:
    port Q[22] of cell $procdff$74073 ($adff)
    port Q[22] of cell $procdff$73891 ($dff)
Warning: multiple conflicting drivers for india_pdf_engine.\nonce [21]:
    port Q[21] of cell $procdff$74073 ($adff)
    port Q[21] of cell $procdff$73891 ($dff)
Warning: multiple conflicting drivers for india_pdf_engine.\nonce [20]:
    port Q[20] of cell $procdff$74073 ($adff)
    port Q[20] of cell $procdff$73891 ($dff)
Warning: multiple conflicting drivers for india_pdf_engine.\nonce [19]:
    port Q[19] of cell $procdff$74073 ($adff)
    port Q[19] of cell $procdff$73891 ($dff)
Warning: multiple conflicting drivers for india_pdf_engine.\nonce [18]:
    port Q[18] of cell $procdff$74073 ($adff)
    port Q[18] of cell $procdff$73891 ($dff)
Warning: multiple conflicting drivers for india_pdf_engine.\nonce [17]:
    port Q[17] of cell $procdff$74073 ($adff)
    port Q[17] of cell $procdff$73891 ($dff)
Warning: multiple conflicting drivers for india_pdf_engine.\nonce [16]:
    port Q[16] of cell $procdff$74073 ($adff)
    port Q[16] of cell $procdff$73891 ($dff)
Warning: multiple conflicting drivers for india_pdf_engine.\nonce [15]:
    port Q[15] of cell $procdff$74073 ($adff)
    port Q[15] of cell $procdff$73891 ($dff)
Warning: multiple conflicting drivers for india_pdf_engine.\nonce [14]:
    port Q[14] of cell $procdff$74073 ($adff)
    port Q[14] of cell $procdff$73891 ($dff)
Warning: multiple conflicting drivers for india_pdf_engine.\nonce [13]:
    port Q[13] of cell $procdff$74073 ($adff)
    port Q[13] of cell $procdff$73891 ($dff)
Warning: multiple conflicting drivers for india_pdf_engine.\nonce [12]:
    port Q[12] of cell $procdff$74073 ($adff)
    port Q[12] of cell $procdff$73891 ($dff)
Warning: multiple conflicting drivers for india_pdf_engine.\nonce [11]:
    port Q[11] of cell $procdff$74073 ($adff)
    port Q[11] of cell $procdff$73891 ($dff)
Warning: multiple conflicting drivers for india_pdf_engine.\nonce [10]:
    port Q[10] of cell $procdff$74073 ($adff)
    port Q[10] of cell $procdff$73891 ($dff)
Warning: multiple conflicting drivers for india_pdf_engine.\nonce [9]:
    port Q[9] of cell $procdff$74073 ($adff)
    port Q[9] of cell $procdff$73891 ($dff)
Warning: multiple conflicting drivers for india_pdf_engine.\nonce [8]:
    port Q[8] of cell $procdff$74073 ($adff)
    port Q[8] of cell $procdff$73891 ($dff)
Warning: multiple conflicting drivers for india_pdf_engine.\nonce [7]:
    port Q[7] of cell $procdff$74073 ($adff)
    port Q[7] of cell $procdff$73891 ($dff)
Warning: multiple conflicting drivers for india_pdf_engine.\nonce [6]:
    port Q[6] of cell $procdff$74073 ($adff)
    port Q[6] of cell $procdff$73891 ($dff)
Warning: multiple conflicting drivers for india_pdf_engine.\nonce [5]:
    port Q[5] of cell $procdff$74073 ($adff)
    port Q[5] of cell $procdff$73891 ($dff)
Warning: multiple conflicting drivers for india_pdf_engine.\nonce [4]:
    port Q[4] of cell $procdff$74073 ($adff)
    port Q[4] of cell $procdff$73891 ($dff)
Warning: multiple conflicting drivers for india_pdf_engine.\nonce [3]:
    port Q[3] of cell $procdff$74073 ($adff)
    port Q[3] of cell $procdff$73891 ($dff)
Warning: multiple conflicting drivers for india_pdf_engine.\nonce [2]:
    port Q[2] of cell $procdff$74073 ($adff)
    port Q[2] of cell $procdff$73891 ($dff)
Warning: multiple conflicting drivers for india_pdf_engine.\nonce [1]:
    port Q[1] of cell $procdff$74073 ($adff)
    port Q[1] of cell $procdff$73891 ($dff)
Warning: multiple conflicting drivers for india_pdf_engine.\nonce [0]:
    port Q[0] of cell $procdff$74073 ($adff)
    port Q[0] of cell $procdff$73891 ($dff)
Found and reported 384 problems.

3.6. Executing OPT pass (performing simple optimizations).

3.6.1. Executing OPT_EXPR pass (perform const folding).
Optimizing module india_pdf_engine.

3.6.2. Executing OPT_MERGE pass (detect identical cells).
Finding identical cells in module `\india_pdf_engine'.
Computing hashes of 8788 cells of `\india_pdf_engine'.
Finding duplicate cells in `\india_pdf_engine'.
Computing hashes of 8654 cells of `\india_pdf_engine'.
Finding duplicate cells in `\india_pdf_engine'.
Computing hashes of 8653 cells of `\india_pdf_engine'.
Finding duplicate cells in `\india_pdf_engine'.
<suppressed ~405 debug messages>
Removed a total of 135 cells.

3.6.3. Executing OPT_MUXTREE pass (detect dead branches in mux trees).
Running muxtree optimizer on module \india_pdf_engine..
  Creating internal representation of mux trees.
  Evaluating internal representation of mux trees.
  Analyzing evaluation results.
Removed 0 multiplexer ports.
<suppressed ~339 debug messages>

3.6.4. Executing OPT_REDUCE pass (consolidate $*mux and $reduce_* inputs).
  Optimizing cells in module \india_pdf_engine.
Performed a total of 0 changes.

3.6.5. Executing OPT_MERGE pass (detect identical cells).
Finding identical cells in module `\india_pdf_engine'.
Computing hashes of 8653 cells of `\india_pdf_engine'.
Finding duplicate cells in `\india_pdf_engine'.
Computing hashes of 8645 cells of `\india_pdf_engine'.
Finding duplicate cells in `\india_pdf_engine'.
Computing hashes of 8644 cells of `\india_pdf_engine'.
Finding duplicate cells in `\india_pdf_engine'.
<suppressed ~27 debug messages>
Removed a total of 9 cells.

3.6.6. Executing OPT_DFF pass (perform DFF optimizations).

3.6.7. Executing OPT_CLEAN pass (remove unused cells and wires).
Finding unused cells or wires in module \india_pdf_engine..
Removed 0 unused cells and 144 unused wires.
<suppressed ~1 debug messages>

3.6.8. Executing OPT_EXPR pass (perform const folding).
Optimizing module india_pdf_engine.

3.6.9. Rerunning OPT passes. (Maybe there is more to do..)

3.6.10. Executing OPT_MUXTREE pass (detect dead branches in mux trees).
Running muxtree optimizer on module \india_pdf_engine..
  Creating internal representation of mux trees.
  Evaluating internal representation of mux trees.
  Analyzing evaluation results.
Removed 0 multiplexer ports.
<suppressed ~345 debug messages>

3.6.11. Executing OPT_REDUCE pass (consolidate $*mux and $reduce_* inputs).
  Optimizing cells in module \india_pdf_engine.
    New ctrl vector for $pmux cell $procmux$73079: { $procmux$72899_CMP $procmux$72621_CMP $procmux$72876_CMP $auto$opt_reduce.cc:137:opt_pmux$74130 }
    New ctrl vector for $pmux cell $procmux$73098: { $procmux$72535_CMP $procmux$72899_CMP $procmux$72621_CMP $procmux$72876_CMP $auto$opt_reduce.cc:137:opt_pmux$74132 }
    New ctrl vector for $pmux cell $procmux$72620: { $eq$../rtl/crypto/india_pdf_engine.v:392$51_Y $procmux$53884_CMP $auto$opt_reduce.cc:137:opt_pmux$74136 $procmux$72622_CMP $auto$opt_reduce.cc:137:opt_pmux$74134 }
    New ctrl vector for $pmux cell $procmux$73170: { $procmux$72535_CMP $procmux$72899_CMP $procmux$72621_CMP $procmux$72876_CMP $auto$opt_reduce.cc:137:opt_pmux$74138 }
  Optimizing cells in module \india_pdf_engine.
Performed a total of 4 changes.

3.6.12. Executing OPT_MERGE pass (detect identical cells).
Finding identical cells in module `\india_pdf_engine'.
Computing hashes of 8649 cells of `\india_pdf_engine'.
Finding duplicate cells in `\india_pdf_engine'.
Computing hashes of 8647 cells of `\india_pdf_engine'.
Finding duplicate cells in `\india_pdf_engine'.
<suppressed ~6 debug messages>
Removed a total of 2 cells.

3.6.13. Executing OPT_DFF pass (perform DFF optimizations).

3.6.14. Executing OPT_CLEAN pass (remove unused cells and wires).
Finding unused cells or wires in module \india_pdf_engine..
Removed 0 unused cells and 2 unused wires.
<suppressed ~1 debug messages>

3.6.15. Executing OPT_EXPR pass (perform const folding).
Optimizing module india_pdf_engine.

3.6.16. Rerunning OPT passes. (Maybe there is more to do..)

3.6.17. Executing OPT_MUXTREE pass (detect dead branches in mux trees).
Running muxtree optimizer on module \india_pdf_engine..
  Creating internal representation of mux trees.
  Evaluating internal representation of mux trees.
  Analyzing evaluation results.
Removed 0 multiplexer ports.
<suppressed ~339 debug messages>

3.6.18. Executing OPT_REDUCE pass (consolidate $*mux and $reduce_* inputs).
  Optimizing cells in module \india_pdf_engine.
Performed a total of 0 changes.

3.6.19. Executing OPT_MERGE pass (detect identical cells).
Finding identical cells in module `\india_pdf_engine'.
Computing hashes of 8647 cells of `\india_pdf_engine'.
Finding duplicate cells in `\india_pdf_engine'.
Removed a total of 0 cells.

3.6.20. Executing OPT_DFF pass (perform DFF optimizations).

3.6.21. Executing OPT_CLEAN pass (remove unused cells and wires).
Finding unused cells or wires in module \india_pdf_engine..

3.6.22. Executing OPT_EXPR pass (perform const folding).
Optimizing module india_pdf_engine.

3.6.23. Finished fast OPT passes. (There is nothing left to do.)

3.7. Executing FSM pass (extract and optimize FSM).

3.7.1. Executing FSM_DETECT pass (finding FSMs in design).
Found FSM state register india_pdf_engine.state.
Not marking india_pdf_engine.m_wstrb as FSM state register:
    Register is connected to module port.
    Users of register don't seem to benefit from recoding.
Not marking india_pdf_engine.s_rresp as FSM state register:
    Register is connected to module port.
    Users of register don't seem to benefit from recoding.
Not marking india_pdf_engine.s_bresp as FSM state register:
    Register is connected to module port.
    Users of register don't seem to benefit from recoding.

3.7.2. Executing FSM_EXTRACT pass (extracting FSM from design).
Extracting FSM `\state' from module `\india_pdf_engine'.
  found $adff cell for state register: $procdff$73933
  root of input selection tree: $0\state[4:0]
  found reset state: 5'00000 (from async reset)
  found ctrl input: $procmux$72550_CMP
  found ctrl input: $procmux$72876_CMP
  found ctrl input: $procmux$72544_CMP
  found ctrl input: $procmux$72621_CMP
  found ctrl input: $procmux$72622_CMP
  found ctrl input: $procmux$72628_CMP
  found ctrl input: $procmux$72899_CMP
  found ctrl input: $procmux$72587_CMP
  found ctrl input: $procmux$72532_CMP
  found ctrl input: $procmux$53884_CMP
  found ctrl input: $procmux$72914_CMP
  found ctrl input: $procmux$72535_CMP
  found ctrl input: $procmux$72570_CMP
  found ctrl input: $procmux$70263_CMP
  found ctrl input: $procmux$70332_CMP
  found ctrl input: $eq$../rtl/crypto/india_pdf_engine.v:392$51_Y
  found ctrl input: $logic_and$../rtl/crypto/india_pdf_engine.v:816$6890_Y
  found state code: 5'01110
  found ctrl input: $ge$../rtl/crypto/india_pdf_engine.v:927$8966_Y
  found state code: 5'01111
  found state code: 5'10000
  found ctrl input: $eq$../rtl/crypto/india_pdf_engine.v:339$8962_Y
  found ctrl input: $eq$../rtl/crypto/india_pdf_engine.v:739$2643_Y
  found ctrl input: \decrypt_mode
  found state code: 5'01101
  found state code: 5'01100
  found state code: 5'01001
  found state code: 5'00101
  found state code: 5'01010
  found ctrl input: \cipher_done
  found state code: 5'01000
  found ctrl input: $logic_and$../rtl/crypto/india_pdf_engine.v:726$2641_Y
  found state code: 5'00111
  found ctrl input: $eq$../rtl/crypto/india_pdf_engine.v:707$2639_Y
  found state code: 5'00110
  found state code: 5'01011
  found state code: 5'00100
  found ctrl input: \trng_valid
  found ctrl input: $eq$../rtl/crypto/india_pdf_engine.v:615$575_Y
  found state code: 5'00011
  found ctrl input: $eq$../rtl/crypto/india_pdf_engine.v:590$572_Y
  found ctrl input: $ne$../rtl/crypto/india_pdf_engine.v:560$571_Y
  found state code: 5'00010
  found ctrl input: \start_pulse
  found ctrl input: $ne$../rtl/crypto/india_pdf_engine.v:558$570_Y
  found state code: 5'00001
  found ctrl output: $procmux$53884_CMP
  found ctrl output: $procmux$70332_CMP
  found ctrl output: $procmux$70263_CMP
  found ctrl output: $procmux$72520_CMP
  found ctrl output: $procmux$72532_CMP
  found ctrl output: $procmux$72535_CMP
  found ctrl output: $procmux$72544_CMP
  found ctrl output: $procmux$72550_CMP
  found ctrl output: $procmux$72570_CMP
  found ctrl output: $procmux$72587_CMP
  found ctrl output: $eq$../rtl/crypto/india_pdf_engine.v:392$51_Y
  found ctrl output: $procmux$72621_CMP
  found ctrl output: $procmux$72622_CMP
  found ctrl output: $procmux$72628_CMP
  found ctrl output: $procmux$72876_CMP
  found ctrl output: $procmux$72899_CMP
  found ctrl output: $procmux$72914_CMP
  ctrl inputs: { $ge$../rtl/crypto/india_pdf_engine.v:927$8966_Y $eq$../rtl/crypto/india_pdf_engine.v:339$8962_Y $logic_and$../rtl/crypto/india_pdf_engine.v:816$6890_Y $eq$../rtl/crypto/india_pdf_engine.v:739$2643_Y $logic_and$../rtl/crypto/india_pdf_engine.v:726$2641_Y $eq$../rtl/crypto/india_pdf_engine.v:707$2639_Y $eq$../rtl/crypto/india_pdf_engine.v:615$575_Y $eq$../rtl/crypto/india_pdf_engine.v:590$572_Y $ne$../rtl/crypto/india_pdf_engine.v:560$571_Y $ne$../rtl/crypto/india_pdf_engine.v:558$570_Y \start_pulse \decrypt_mode \trng_valid \cipher_done }
  ctrl outputs: { $procmux$72914_CMP $procmux$72899_CMP $procmux$72876_CMP $procmux$72628_CMP $procmux$72622_CMP $procmux$72621_CMP $procmux$72587_CMP $procmux$72570_CMP $procmux$72550_CMP $procmux$72544_CMP $procmux$72535_CMP $procmux$72532_CMP $procmux$72520_CMP $procmux$70332_CMP $procmux$70263_CMP $procmux$53884_CMP $0\state[4:0] $eq$../rtl/crypto/india_pdf_engine.v:392$51_Y }
  transition:    5'00000 14'----------0--- ->    5'00000 22'0000000000000000000001
  transition:    5'00000 14'---------01--- ->    5'00001 22'0000000000000000000011
  transition:    5'00000 14'--------011--- ->    5'00010 22'0000000000000000000101
  transition:    5'00000 14'--------111--- ->    5'00011 22'0000000000000000000111
  transition:    5'10000 14'-------------- ->    5'00000 22'0000000000001000000000
  transition:    5'01000 14'-------------0 ->    5'01000 22'0000001000000000010000
  transition:    5'01000 14'-------------1 ->    5'01001 22'0000001000000000010010
  transition:    5'00100 14'-------------0 ->    5'00100 22'0000000000100000001000
  transition:    5'00100 14'-----------0-1 ->    5'01001 22'0000000000100000010010
  transition:    5'00100 14'-----------1-1 ->    5'00101 22'0000000000100000001010
  transition:    5'01100 14'--0----------- ->    5'01100 22'0000010000000000011000
  transition:    5'01100 14'--10---------- ->    5'01100 22'0000010000000000011000
  transition:    5'01100 14'--11-------0-- ->    5'10000 22'0000010000000000100000
  transition:    5'01100 14'--11-------1-- ->    5'01101 22'0000010000000000011010
  transition:    5'00010 14'------------0- ->    5'00010 22'0000000000000010000100
  transition:    5'00010 14'------0-----1- ->    5'00010 22'0000000000000010000100
  transition:    5'00010 14'------1-----1- ->    5'00011 22'0000000000000010000110
  transition:    5'01010 14'--0----------- ->    5'01010 22'0001000000000000010100
  transition:    5'01010 14'--10---------- ->    5'01001 22'0001000000000000010010
  transition:    5'01010 14'--11---------- ->    5'00101 22'0001000000000000001010
  transition:    5'00110 14'----0--------- ->    5'00110 22'0000000000000001001100
  transition:    5'00110 14'---01--------- ->    5'00101 22'0000000000000001001010
  transition:    5'00110 14'---11--------- ->    5'00111 22'0000000000000001001110
  transition:    5'01110 14'0------------- ->    5'01111 22'0010000000000000011110
  transition:    5'01110 14'1------------- ->    5'10000 22'0010000000000000100000
  transition:    5'00001 14'------------0- ->    5'00001 22'0000000000000100000010
  transition:    5'00001 14'-------0----1- ->    5'00001 22'0000000000000100000010
  transition:    5'00001 14'-------10---1- ->    5'00010 22'0000000000000100000100
  transition:    5'00001 14'-------11---1- ->    5'00011 22'0000000000000100000110
  transition:    5'01001 14'-------------- ->    5'01010 22'0100000000000000010100
  transition:    5'00101 14'-----0-------- ->    5'00110 22'1000000000000000001100
  transition:    5'00101 14'-----1-------- ->    5'01011 22'1000000000000000010110
  transition:    5'01101 14'-0------------ ->    5'01110 22'0000000001000000011100
  transition:    5'01101 14'-1------------ ->    5'10000 22'0000000001000000100000
  transition:    5'00011 14'-------------- ->    5'00100 22'0000000100000000001000
  transition:    5'01011 14'-------------- ->    5'01100 22'0000100000000000011000
  transition:    5'00111 14'-------------- ->    5'01000 22'0000000000010000010000
  transition:    5'01111 14'--0----------- ->    5'01111 22'0000000010000000011110
  transition:    5'01111 14'--1----------- ->    5'01110 22'0000000010000000011100

3.7.3. Executing FSM_OPT pass (simple optimizations of FSMs).
Optimizing FSM `$fsm$\state$74139' from module `\india_pdf_engine'.

3.7.4. Executing OPT_CLEAN pass (remove unused cells and wires).
Finding unused cells or wires in module \india_pdf_engine..
Removed 40 unused cells and 40 unused wires.
<suppressed ~41 debug messages>

3.7.5. Executing FSM_OPT pass (simple optimizations of FSMs).
Optimizing FSM `$fsm$\state$74139' from module `\india_pdf_engine'.
  Removing unused output signal $0\state[4:0] [0].
  Removing unused output signal $0\state[4:0] [1].
  Removing unused output signal $0\state[4:0] [2].
  Removing unused output signal $0\state[4:0] [3].
  Removing unused output signal $0\state[4:0] [4].

3.7.6. Executing FSM_RECODE pass (re-assigning FSM state encoding).
Recoding FSM `$fsm$\state$74139' from module `\india_pdf_engine' using `auto' encoding:
  mapping auto encoding to `one-hot` for this FSM.
  00000 -> ----------------1
  10000 -> ---------------1-
  01000 -> --------------1--
  00100 -> -------------1---
  01100 -> ------------1----
  00010 -> -----------1-----
  01010 -> ----------1------
  00110 -> ---------1-------
  01110 -> --------1--------
  00001 -> -------1---------
  01001 -> ------1----------
  00101 -> -----1-----------
  01101 -> ----1------------
  00011 -> ---1-------------
  01011 -> --1--------------
  00111 -> -1---------------
  01111 -> 1----------------

3.7.7. Executing FSM_INFO pass (dumping all available information on FSM cells).

FSM `$fsm$\state$74139' from module `india_pdf_engine':
-------------------------------------

  Information on FSM $fsm$\state$74139 (\state):

  Number of input signals:   14
  Number of output signals:  17
  Number of state bits:      17

  Input signals:
    0: \cipher_done
    1: \trng_valid
    2: \decrypt_mode
    3: \start_pulse
    4: $ne$../rtl/crypto/india_pdf_engine.v:558$570_Y
    5: $ne$../rtl/crypto/india_pdf_engine.v:560$571_Y
    6: $eq$../rtl/crypto/india_pdf_engine.v:590$572_Y
    7: $eq$../rtl/crypto/india_pdf_engine.v:615$575_Y
    8: $eq$../rtl/crypto/india_pdf_engine.v:707$2639_Y
    9: $logic_and$../rtl/crypto/india_pdf_engine.v:726$2641_Y
   10: $eq$../rtl/crypto/india_pdf_engine.v:739$2643_Y
   11: $logic_and$../rtl/crypto/india_pdf_engine.v:816$6890_Y
   12: $eq$../rtl/crypto/india_pdf_engine.v:339$8962_Y
   13: $ge$../rtl/crypto/india_pdf_engine.v:927$8966_Y

  Output signals:
    0: $eq$../rtl/crypto/india_pdf_engine.v:392$51_Y
    1: $procmux$53884_CMP
    2: $procmux$70263_CMP
    3: $procmux$70332_CMP
    4: $procmux$72520_CMP
    5: $procmux$72532_CMP
    6: $procmux$72535_CMP
    7: $procmux$72544_CMP
    8: $procmux$72550_CMP
    9: $procmux$72570_CMP
   10: $procmux$72587_CMP
   11: $procmux$72621_CMP
   12: $procmux$72622_CMP
   13: $procmux$72628_CMP
   14: $procmux$72876_CMP
   15: $procmux$72899_CMP
   16: $procmux$72914_CMP

  State encoding:
    0: 17'----------------1  <RESET STATE>
    1: 17'---------------1-
    2: 17'--------------1--
    3: 17'-------------1---
    4: 17'------------1----
    5: 17'-----------1-----
    6: 17'----------1------
    7: 17'---------1-------
    8: 17'--------1--------
    9: 17'-------1---------
   10: 17'------1----------
   11: 17'-----1-----------
   12: 17'----1------------
   13: 17'---1-------------
   14: 17'--1--------------
   15: 17'-1---------------
   16: 17'1----------------

  Transition Table (state_in, ctrl_in, state_out, ctrl_out):
      0:     0 14'----------0---   ->     0 17'00000000000000001
      1:     0 14'--------011---   ->     5 17'00000000000000001
      2:     0 14'---------01---   ->     9 17'00000000000000001
      3:     0 14'--------111---   ->    13 17'00000000000000001
      4:     1 14'--------------   ->     0 17'00000000000010000
      5:     2 14'-------------0   ->     2 17'00000010000000000
      6:     2 14'-------------1   ->    10 17'00000010000000000
      7:     3 14'-------------0   ->     3 17'00000000001000000
      8:     3 14'-----------0-1   ->    10 17'00000000001000000
      9:     3 14'-----------1-1   ->    11 17'00000000001000000
     10:     4 14'--11-------0--   ->     1 17'00000100000000000
     11:     4 14'--10----------   ->     4 17'00000100000000000
     12:     4 14'--0-----------   ->     4 17'00000100000000000
     13:     4 14'--11-------1--   ->    12 17'00000100000000000
     14:     5 14'------------0-   ->     5 17'00000000000000100
     15:     5 14'------0-----1-   ->     5 17'00000000000000100
     16:     5 14'------1-----1-   ->    13 17'00000000000000100
     17:     6 14'--0-----------   ->     6 17'00010000000000000
     18:     6 14'--10----------   ->    10 17'00010000000000000
     19:     6 14'--11----------   ->    11 17'00010000000000000
     20:     7 14'----0---------   ->     7 17'00000000000000010
     21:     7 14'---01---------   ->    11 17'00000000000000010
     22:     7 14'---11---------   ->    15 17'00000000000000010
     23:     8 14'1-------------   ->     1 17'00100000000000000
     24:     8 14'0-------------   ->    16 17'00100000000000000
     25:     9 14'-------10---1-   ->     5 17'00000000000001000
     26:     9 14'------------0-   ->     9 17'00000000000001000
     27:     9 14'-------0----1-   ->     9 17'00000000000001000
     28:     9 14'-------11---1-   ->    13 17'00000000000001000
     29:    10 14'--------------   ->     6 17'01000000000000000
     30:    11 14'-----0--------   ->     7 17'10000000000000000
     31:    11 14'-----1--------   ->    14 17'10000000000000000
     32:    12 14'-1------------   ->     1 17'00000000010000000
     33:    12 14'-0------------   ->     8 17'00000000010000000
     34:    13 14'--------------   ->     3 17'00000001000000000
     35:    14 14'--------------   ->     4 17'00001000000000000
     36:    15 14'--------------   ->     2 17'00000000000100000
     37:    16 14'--1-----------   ->     8 17'00000000100000000
     38:    16 14'--0-----------   ->    16 17'00000000100000000

-------------------------------------

3.7.8. Executing FSM_MAP pass (mapping FSMs to basic logic).
Mapping FSM `$fsm$\state$74139' from module `\india_pdf_engine'.

3.8. Executing OPT pass (performing simple optimizations).

3.8.1. Executing OPT_EXPR pass (perform const folding).
Optimizing module india_pdf_engine.
<suppressed ~17 debug messages>

3.8.2. Executing OPT_MERGE pass (detect identical cells).
Finding identical cells in module `\india_pdf_engine'.
Computing hashes of 8685 cells of `\india_pdf_engine'.
Finding duplicate cells in `\india_pdf_engine'.
Computing hashes of 8680 cells of `\india_pdf_engine'.
Finding duplicate cells in `\india_pdf_engine'.
<suppressed ~15 debug messages>
Removed a total of 5 cells.

3.8.3. Executing OPT_MUXTREE pass (detect dead branches in mux trees).
Running muxtree optimizer on module \india_pdf_engine..
  Creating internal representation of mux trees.
  Evaluating internal representation of mux trees.
  Analyzing evaluation results.
Removed 0 multiplexer ports.
<suppressed ~313 debug messages>

3.8.4. Executing OPT_REDUCE pass (consolidate $*mux and $reduce_* inputs).
  Optimizing cells in module \india_pdf_engine.
Performed a total of 0 changes.

3.8.5. Executing OPT_MERGE pass (detect identical cells).
Finding identical cells in module `\india_pdf_engine'.
Computing hashes of 8680 cells of `\india_pdf_engine'.
Finding duplicate cells in `\india_pdf_engine'.
Removed a total of 0 cells.

3.8.6. Executing OPT_DFF pass (perform DFF optimizations).
Adding EN signal on $procdff$74123 ($adff) from module india_pdf_engine (D = $0\aw_addr_valid_r[0:0], Q = \aw_addr_valid_r).
Adding EN signal on $procdff$73923 ($adff) from module india_pdf_engine (D = 1'0, Q = \reg_error).
Adding EN signal on $procdff$74113 ($adff) from module india_pdf_engine (D = \s_wdata [1], Q = \decrypt_mode).
Adding EN signal on $procdff$73958 ($adff) from module india_pdf_engine (D = $0\src_ptr[31:0], Q = \src_ptr).
Adding EN signal on $procdff$73918 ($adff) from module india_pdf_engine (D = $0\reg_auth_fail[0:0], Q = \reg_auth_fail).
Adding EN signal on $procdff$74058 ($adff) from module india_pdf_engine (D = \s_wdata, Q = \src_addr).
Adding EN signal on $procdff$74093 ($adff) from module india_pdf_engine (D = \s_wdata, Q = \doc_id_hi).
Adding EN signal on $procdff$73913 ($adff) from module india_pdf_engine (D = $0\reg_auth_ok[0:0], Q = \reg_auth_ok).
Adding EN signal on $procdff$74083 ($adff) from module india_pdf_engine (D = \s_wdata, Q = \exp_tag [63:32]).
Adding EN signal on $procdff$74083 ($adff) from module india_pdf_engine (D = \s_wdata, Q = \exp_tag [31:0]).
Adding EN signal on $procdff$74083 ($adff) from module india_pdf_engine (D = \s_wdata, Q = \exp_tag [95:64]).
Adding EN signal on $procdff$74083 ($adff) from module india_pdf_engine (D = \s_wdata, Q = \exp_tag [127:96]).
Adding EN signal on $procdff$74078 ($adff) from module india_pdf_engine (D = \s_wdata, Q = \key [31:0]).
Adding EN signal on $procdff$74078 ($adff) from module india_pdf_engine (D = \s_wdata, Q = \key [95:64]).
Adding EN signal on $procdff$74078 ($adff) from module india_pdf_engine (D = \s_wdata, Q = \key [127:96]).
Adding EN signal on $procdff$74078 ($adff) from module india_pdf_engine (D = \s_wdata, Q = \key [159:128]).
Adding EN signal on $procdff$74078 ($adff) from module india_pdf_engine (D = \s_wdata, Q = \key [191:160]).
Adding EN signal on $procdff$74078 ($adff) from module india_pdf_engine (D = \s_wdata, Q = \key [223:192]).
Adding EN signal on $procdff$74078 ($adff) from module india_pdf_engine (D = \s_wdata, Q = \key [255:224]).
Adding EN signal on $procdff$74078 ($adff) from module india_pdf_engine (D = \s_wdata, Q = \key [63:32]).
Adding EN signal on $procdff$73908 ($adff) from module india_pdf_engine (D = $0\reg_done[0:0], Q = \reg_done).
Adding EN signal on $procdff$74003 ($adff) from module india_pdf_engine (D = $0\zero_ptr[31:0], Q = \zero_ptr).
Adding EN signal on $procdff$73903 ($adff) from module india_pdf_engine (D = $0\reg_busy[0:0], Q = \reg_busy).
Adding EN signal on $procdff$74053 ($adff) from module india_pdf_engine (D = \s_wdata [1:0], Q = \app_mode).
Adding EN signal on $procdff$74008 ($adff) from module india_pdf_engine (D = $add$../rtl/crypto/india_pdf_engine.v:917$8965_Y, Q = \zero_end).
Adding EN signal on $procdff$73898 ($dff) from module india_pdf_engine (D = \trng_data, Q = \key [31:0]).
Adding EN signal on $procdff$73898 ($dff) from module india_pdf_engine (D = \trng_data, Q = \key [95:64]).
Adding EN signal on $procdff$73898 ($dff) from module india_pdf_engine (D = \trng_data, Q = \key [127:96]).
Adding EN signal on $procdff$73898 ($dff) from module india_pdf_engine (D = \trng_data, Q = \key [159:128]).
Adding EN signal on $procdff$73898 ($dff) from module india_pdf_engine (D = \trng_data, Q = \key [191:160]).
Adding EN signal on $procdff$73898 ($dff) from module india_pdf_engine (D = \trng_data, Q = \key [223:192]).
Adding EN signal on $procdff$73898 ($dff) from module india_pdf_engine (D = \trng_data, Q = \key [255:224]).
Adding EN signal on $procdff$73898 ($dff) from module india_pdf_engine (D = \trng_data, Q = \key [63:32]).
Adding EN signal on $procdff$74103 ($adff) from module india_pdf_engine (D = \s_wdata [1:0], Q = \auth_level).
Adding EN signal on $procdff$73968 ($adff) from module india_pdf_engine (D = $0\bytes_remaining[31:0], Q = \bytes_remaining).
Adding EN signal on $procdff$73891 ($dff) from module india_pdf_engine (D = \trng_data, Q = \nonce [31:0]).
Adding EN signal on $procdff$73891 ($dff) from module india_pdf_engine (D = \trng_data, Q = \nonce [95:64]).
Adding EN signal on $procdff$73891 ($dff) from module india_pdf_engine (D = \trng_data, Q = \nonce [127:96]).
Adding EN signal on $procdff$73891 ($dff) from module india_pdf_engine (D = \trng_data, Q = \nonce [63:32]).
Adding EN signal on $procdff$74023 ($adff) from module india_pdf_engine (D = 2'00, Q = \s_rresp).
Adding EN signal on $procdff$74048 ($adff) from module india_pdf_engine (D = $0\s_bvalid[0:0], Q = \s_bvalid).
Adding EN signal on $procdff$74068 ($adff) from module india_pdf_engine (D = \s_wdata, Q = \pdf_len).
Adding EN signal on $procdff$73993 ($adff) from module india_pdf_engine (D = $0\hmac_accum[127:0], Q = \hmac_accum).
Adding EN signal on $procdff$73988 ($adff) from module india_pdf_engine (D = $0\result_buf[127:0], Q = \result_buf).
Adding EN signal on $procdff$73874 ($adff) from module india_pdf_engine (D = $0\cipher_din[127:0], Q = \cipher_din).
Adding EN signal on $procdff$73978 ($adff) from module india_pdf_engine (D = \m_rdata, Q = \data_buf [31:0]).
Adding EN signal on $procdff$73978 ($adff) from module india_pdf_engine (D = \m_rdata, Q = \data_buf [95:64]).
Adding EN signal on $procdff$73978 ($adff) from module india_pdf_engine (D = \m_rdata, Q = \data_buf [127:96]).
Adding EN signal on $procdff$73978 ($adff) from module india_pdf_engine (D = \m_rdata, Q = \data_buf [63:32]).
Adding EN signal on $procdff$73943 ($adff) from module india_pdf_engine (D = $0\trng_nonce_cnt[1:0], Q = \trng_nonce_cnt).
Adding EN signal on $procdff$73869 ($adff) from module india_pdf_engine (D = \key, Q = \cipher_key).
Adding EN signal on $procdff$74043 ($adff) from module india_pdf_engine (D = 2'00, Q = \s_bresp).
Adding EN signal on $procdff$74108 ($adff) from module india_pdf_engine (D = \s_wdata [2], Q = \irq_en).
Adding EN signal on $procdff$73864 ($adff) from module india_pdf_engine (D = $0\m_bready[0:0], Q = \m_bready).
Adding EN signal on $procdff$74018 ($adff) from module india_pdf_engine (D = $procmux$73279_Y, Q = \s_rdata).
Adding EN signal on $procdff$73973 ($adff) from module india_pdf_engine (D = $0\block_index[31:0], Q = \block_index).
Adding EN signal on $procdff$73859 ($adff) from module india_pdf_engine (D = $0\m_wvalid[0:0], Q = \m_wvalid).
Adding EN signal on $procdff$73998 ($adff) from module india_pdf_engine (D = { \doc_id_hi \doc_id_lo \timestamp \auth_level 6'000000 \app_mode 6'000000 \pdf_len [31:16] }, Q = \header_seed).
Adding EN signal on $procdff$73938 ($adff) from module india_pdf_engine (D = $0\trng_key_cnt[2:0], Q = \trng_key_cnt).
Adding EN signal on $procdff$73854 ($adff) from module india_pdf_engine (D = $0\m_wstrb[3:0], Q = \m_wstrb).
Adding EN signal on $procdff$74088 ($adff) from module india_pdf_engine (D = \s_wdata, Q = \doc_id_lo).
Adding EN signal on $procdff$73849 ($adff) from module india_pdf_engine (D = $0\m_wdata[31:0], Q = \m_wdata).
Adding EN signal on $procdff$74098 ($adff) from module india_pdf_engine (D = \s_wdata, Q = \timestamp).
Adding EN signal on $procdff$73963 ($adff) from module india_pdf_engine (D = $0\dst_ptr[31:0], Q = \dst_ptr).
Adding EN signal on $procdff$73844 ($adff) from module india_pdf_engine (D = $0\m_awvalid[0:0], Q = \m_awvalid).
Adding EN signal on $procdff$73839 ($adff) from module india_pdf_engine (D = $0\m_awaddr[31:0], Q = \m_awaddr).
Adding EN signal on $procdff$74063 ($adff) from module india_pdf_engine (D = \s_wdata, Q = \dst_addr).
Adding EN signal on $procdff$73834 ($adff) from module india_pdf_engine (D = $0\m_rready[0:0], Q = \m_rready).
Adding EN signal on $procdff$74118 ($adff) from module india_pdf_engine (D = \s_awaddr, Q = \aw_addr_lat).
Adding EN signal on $procdff$74073 ($adff) from module india_pdf_engine (D = \s_wdata, Q = \nonce [31:0]).
Adding EN signal on $procdff$74073 ($adff) from module india_pdf_engine (D = \s_wdata, Q = \nonce [95:64]).
Adding EN signal on $procdff$74073 ($adff) from module india_pdf_engine (D = \s_wdata, Q = \nonce [127:96]).
Adding EN signal on $procdff$74073 ($adff) from module india_pdf_engine (D = \s_wdata, Q = \nonce [63:32]).
Adding EN signal on $procdff$73829 ($adff) from module india_pdf_engine (D = $0\m_arvalid[0:0], Q = \m_arvalid).
Adding EN signal on $procdff$73983 ($adff) from module india_pdf_engine (D = $0\word_idx[1:0], Q = \word_idx).
Adding EN signal on $procdff$73928 ($adff) from module india_pdf_engine (D = $0\result_tag[127:0], Q = \result_tag).
Adding EN signal on $procdff$73824 ($adff) from module india_pdf_engine (D = \src_ptr, Q = \m_araddr).
Adding EN signal on $procdff$74028 ($adff) from module india_pdf_engine (D = $0\s_rvalid[0:0], Q = \s_rvalid).
Setting constant 0-bit at position 16 on $auto$ff.cc:337:slice$74561 ($adffe) from module india_pdf_engine.
Setting constant 0-bit at position 17 on $auto$ff.cc:337:slice$74561 ($adffe) from module india_pdf_engine.
Setting constant 0-bit at position 18 on $auto$ff.cc:337:slice$74561 ($adffe) from module india_pdf_engine.
Setting constant 0-bit at position 19 on $auto$ff.cc:337:slice$74561 ($adffe) from module india_pdf_engine.
Setting constant 0-bit at position 20 on $auto$ff.cc:337:slice$74561 ($adffe) from module india_pdf_engine.
Setting constant 0-bit at position 21 on $auto$ff.cc:337:slice$74561 ($adffe) from module india_pdf_engine.
Setting constant 0-bit at position 24 on $auto$ff.cc:337:slice$74561 ($adffe) from module india_pdf_engine.
Setting constant 0-bit at position 25 on $auto$ff.cc:337:slice$74561 ($adffe) from module india_pdf_engine.
Setting constant 0-bit at position 26 on $auto$ff.cc:337:slice$74561 ($adffe) from module india_pdf_engine.
Setting constant 0-bit at position 27 on $auto$ff.cc:337:slice$74561 ($adffe) from module india_pdf_engine.
Setting constant 0-bit at position 28 on $auto$ff.cc:337:slice$74561 ($adffe) from module india_pdf_engine.
Setting constant 0-bit at position 29 on $auto$ff.cc:337:slice$74561 ($adffe) from module india_pdf_engine.
Setting constant 0-bit at position 0 on $auto$ff.cc:337:slice$74519 ($adffe) from module india_pdf_engine.
Setting constant 0-bit at position 1 on $auto$ff.cc:337:slice$74519 ($adffe) from module india_pdf_engine.
Setting constant 0-bit at position 0 on $auto$ff.cc:337:slice$74461 ($adffe) from module india_pdf_engine.
Setting constant 0-bit at position 1 on $auto$ff.cc:337:slice$74461 ($adffe) from module india_pdf_engine.
Setting constant 0-bit at position 0 on $auto$ff.cc:337:slice$74315 ($adffe) from module india_pdf_engine.

3.8.7. Executing OPT_CLEAN pass (remove unused cells and wires).
Finding unused cells or wires in module \india_pdf_engine..
Removed 113 unused cells and 117 unused wires.
<suppressed ~114 debug messages>

3.8.8. Executing OPT_EXPR pass (perform const folding).
Optimizing module india_pdf_engine.
<suppressed ~27 debug messages>

3.8.9. Rerunning OPT passes. (Maybe there is more to do..)

3.8.10. Executing OPT_MUXTREE pass (detect dead branches in mux trees).
Running muxtree optimizer on module \india_pdf_engine..
  Creating internal representation of mux trees.
  Evaluating internal representation of mux trees.
  Analyzing evaluation results.
Removed 0 multiplexer ports.
<suppressed ~160 debug messages>

3.8.11. Executing OPT_REDUCE pass (consolidate $*mux and $reduce_* inputs).
  Optimizing cells in module \india_pdf_engine.
Performed a total of 0 changes.

3.8.12. Executing OPT_MERGE pass (detect identical cells).
Finding identical cells in module `\india_pdf_engine'.
Computing hashes of 8748 cells of `\india_pdf_engine'.
Finding duplicate cells in `\india_pdf_engine'.
Computing hashes of 8701 cells of `\india_pdf_engine'.
Finding duplicate cells in `\india_pdf_engine'.
Computing hashes of 8700 cells of `\india_pdf_engine'.
Finding duplicate cells in `\india_pdf_engine'.
<suppressed ~144 debug messages>
Removed a total of 48 cells.

3.8.13. Executing OPT_DFF pass (perform DFF optimizations).

3.8.14. Executing OPT_CLEAN pass (remove unused cells and wires).
Finding unused cells or wires in module \india_pdf_engine..
Removed 0 unused cells and 48 unused wires.
<suppressed ~1 debug messages>

3.8.15. Executing OPT_EXPR pass (perform const folding).
Optimizing module india_pdf_engine.

3.8.16. Rerunning OPT passes. (Maybe there is more to do..)

3.8.17. Executing OPT_MUXTREE pass (detect dead branches in mux trees).
Running muxtree optimizer on module \india_pdf_engine..
  Creating internal representation of mux trees.
  Evaluating internal representation of mux trees.
  Analyzing evaluation results.
Removed 0 multiplexer ports.
<suppressed ~170 debug messages>

3.8.18. Executing OPT_REDUCE pass (consolidate $*mux and $reduce_* inputs).
  Optimizing cells in module \india_pdf_engine.
Performed a total of 0 changes.

3.8.19. Executing OPT_MERGE pass (detect identical cells).
Finding identical cells in module `\india_pdf_engine'.
Computing hashes of 8700 cells of `\india_pdf_engine'.
Finding duplicate cells in `\india_pdf_engine'.
Removed a total of 0 cells.

3.8.20. Executing OPT_DFF pass (perform DFF optimizations).

3.8.21. Executing OPT_CLEAN pass (remove unused cells and wires).
Finding unused cells or wires in module \india_pdf_engine..

3.8.22. Executing OPT_EXPR pass (perform const folding).
Optimizing module india_pdf_engine.

3.8.23. Finished fast OPT passes. (There is nothing left to do.)

3.9. Executing WREDUCE pass (reducing word size of cells).
Removed top 1 bits (of 2) from port B of cell india_pdf_engine.$auto$opt_dff.cc:235:make_patterns_logic$74684 ($ne).
Removed top 1 bits (of 2) from port B of cell india_pdf_engine.$auto$opt_dff.cc:235:make_patterns_logic$74682 ($ne).
Removed top 1 bits (of 2) from port B of cell india_pdf_engine.$auto$opt_dff.cc:235:make_patterns_logic$74673 ($ne).
Removed top 4 bits (of 12) from FF cell india_pdf_engine.$auto$ff.cc:337:slice$74656 ($adffe).
Removed top 1 bits (of 2) from port B of cell india_pdf_engine.$auto$opt_dff.cc:235:make_patterns_logic$74639 ($ne).
Removed top 2 bits (of 3) from port B of cell india_pdf_engine.$auto$opt_dff.cc:235:make_patterns_logic$74626 ($ne).
Removed top 1 bits (of 2) from port B of cell india_pdf_engine.$auto$opt_dff.cc:235:make_patterns_logic$74620 ($ne).
Removed top 1 bits (of 2) from port B of cell india_pdf_engine.$auto$opt_dff.cc:235:make_patterns_logic$74568 ($ne).
Removed top 2 bits (of 3) from port B of cell india_pdf_engine.$auto$opt_dff.cc:235:make_patterns_logic$74556 ($ne).
Removed top 1 bits (of 2) from port B of cell india_pdf_engine.$auto$opt_dff.cc:235:make_patterns_logic$74550 ($ne).
Removed top 2 bits (of 3) from port B of cell india_pdf_engine.$auto$opt_dff.cc:235:make_patterns_logic$74529 ($ne).
Removed top 1 bits (of 2) from port B of cell india_pdf_engine.$auto$opt_dff.cc:235:make_patterns_logic$74527 ($ne).
Removed top 1 bits (of 2) from port B of cell india_pdf_engine.$auto$opt_dff.cc:235:make_patterns_logic$74515 ($ne).
Removed top 1 bits (of 2) from port B of cell india_pdf_engine.$auto$opt_dff.cc:235:make_patterns_logic$74511 ($ne).
Removed top 1 bits (of 2) from port B of cell india_pdf_engine.$auto$opt_dff.cc:235:make_patterns_logic$74401 ($ne).
Removed top 1 bits (of 2) from port B of cell india_pdf_engine.$auto$opt_dff.cc:235:make_patterns_logic$74353 ($ne).
Removed top 1 bits (of 2) from port B of cell india_pdf_engine.$auto$opt_dff.cc:235:make_patterns_logic$74351 ($ne).
Removed top 1 bits (of 2) from port B of cell india_pdf_engine.$auto$opt_dff.cc:235:make_patterns_logic$74333 ($ne).
Removed top 1 bits (of 2) from port B of cell india_pdf_engine.$auto$opt_dff.cc:235:make_patterns_logic$74331 ($ne).
Removed top 1 bits (of 2) from port B of cell india_pdf_engine.$auto$opt_dff.cc:235:make_patterns_logic$74329 ($ne).
Removed top 1 bits (of 2) from port B of cell india_pdf_engine.$auto$opt_dff.cc:235:make_patterns_logic$74327 ($ne).
Removed top 1 bits (of 2) from port B of cell india_pdf_engine.$auto$fsm_map.cc:77:implement_pattern_cache$74270 ($eq).
Removed top 1 bits (of 2) from port B of cell india_pdf_engine.$auto$fsm_map.cc:77:implement_pattern_cache$74253 ($eq).
Removed top 1 bits (of 2) from port B of cell india_pdf_engine.$auto$fsm_map.cc:77:implement_pattern_cache$74248 ($eq).
Removed top 1 bits (of 2) from port B of cell india_pdf_engine.$auto$fsm_map.cc:77:implement_pattern_cache$74244 ($eq).
Removed top 1 bits (of 3) from port B of cell india_pdf_engine.$auto$fsm_map.cc:77:implement_pattern_cache$74212 ($eq).
Removed top 1 bits (of 2) from port B of cell india_pdf_engine.$auto$fsm_map.cc:77:implement_pattern_cache$74208 ($eq).
Removed top 2 bits (of 3) from port B of cell india_pdf_engine.$add$../rtl/crypto/india_pdf_engine.v:598$574 ($add).
Removed top 1 bits (of 2) from port B of cell india_pdf_engine.$add$../rtl/crypto/india_pdf_engine.v:618$576 ($add).
Removed top 14 bits (of 128) from port A of cell india_pdf_engine.$xor$../rtl/crypto/india_pdf_engine.v:670$2636 ($xor).
Removed top 29 bits (of 32) from port B of cell india_pdf_engine.$add$../rtl/crypto/india_pdf_engine.v:728$2642 ($add).
Removed top 31 bits (of 32) from port B of cell india_pdf_engine.$add$../rtl/crypto/india_pdf_engine.v:777$6886 ($add).
Removed top 27 bits (of 32) from port B of cell india_pdf_engine.$sub$../rtl/crypto/india_pdf_engine.v:778$6887 ($sub).
Removed top 28 bits (of 32) from port B of cell india_pdf_engine.$add$../rtl/crypto/india_pdf_engine.v:828$6894 ($add).
Removed top 29 bits (of 32) from port B of cell india_pdf_engine.$add$../rtl/crypto/india_pdf_engine.v:886$8958 ($add).
Removed top 1 bits (of 2) from port B of cell india_pdf_engine.$add$../rtl/crypto/india_pdf_engine.v:898$8960 ($add).
Removed top 27 bits (of 32) from port B of cell india_pdf_engine.$add$../rtl/crypto/india_pdf_engine.v:917$8963 ($add).
Removed top 27 bits (of 32) from port B of cell india_pdf_engine.$add$../rtl/crypto/india_pdf_engine.v:917$8965 ($add).
Removed top 29 bits (of 32) from port B of cell india_pdf_engine.$add$../rtl/crypto/india_pdf_engine.v:949$8970 ($add).
Removed top 1 bits (of 2) from port B of cell india_pdf_engine.$procmux$53899_CMP0 ($eq).
Removed top 1 bits (of 2) from port B of cell india_pdf_engine.$procmux$70282_CMP0 ($eq).
Removed top 1 bits (of 3) from port B of cell india_pdf_engine.$procmux$70403_CMP0 ($eq).
Removed top 1 bits (of 3) from port B of cell india_pdf_engine.$procmux$70430_CMP0 ($eq).
Removed top 2 bits (of 3) from port B of cell india_pdf_engine.$procmux$70458_CMP0 ($eq).
Removed top 1 bits (of 8) from port B of cell india_pdf_engine.$procmux$73280_CMP0 ($eq).
Removed top 1 bits (of 8) from port B of cell india_pdf_engine.$procmux$73281_CMP0 ($eq).
Removed top 1 bits (of 8) from port B of cell india_pdf_engine.$procmux$73282_CMP0 ($eq).
Removed top 1 bits (of 8) from port B of cell india_pdf_engine.$procmux$73283_CMP0 ($eq).
Removed top 1 bits (of 8) from port B of cell india_pdf_engine.$procmux$73284_CMP0 ($eq).
Removed top 1 bits (of 8) from port B of cell india_pdf_engine.$procmux$73285_CMP0 ($eq).
Removed top 1 bits (of 8) from port B of cell india_pdf_engine.$procmux$73286_CMP0 ($eq).
Removed top 1 bits (of 8) from port B of cell india_pdf_engine.$procmux$73287_CMP0 ($eq).
Removed top 1 bits (of 8) from port B of cell india_pdf_engine.$procmux$73288_CMP0 ($eq).
Removed top 1 bits (of 8) from port B of cell india_pdf_engine.$procmux$73289_CMP0 ($eq).
Removed top 1 bits (of 8) from port B of cell india_pdf_engine.$procmux$73290_CMP0 ($eq).
Removed top 1 bits (of 8) from port B of cell india_pdf_engine.$procmux$73291_CMP0 ($eq).
Removed top 1 bits (of 8) from port B of cell india_pdf_engine.$procmux$73292_CMP0 ($eq).
Removed top 1 bits (of 8) from port B of cell india_pdf_engine.$procmux$73293_CMP0 ($eq).
Removed top 2 bits (of 8) from port B of cell india_pdf_engine.$procmux$73294_CMP0 ($eq).
Removed top 2 bits (of 8) from port B of cell india_pdf_engine.$procmux$73295_CMP0 ($eq).
Removed top 2 bits (of 8) from port B of cell india_pdf_engine.$procmux$73296_CMP0 ($eq).
Removed top 2 bits (of 8) from port B of cell india_pdf_engine.$procmux$73297_CMP0 ($eq).
Removed top 2 bits (of 8) from port B of cell india_pdf_engine.$procmux$73298_CMP0 ($eq).
Removed top 2 bits (of 8) from port B of cell india_pdf_engine.$procmux$73299_CMP0 ($eq).
Removed top 2 bits (of 8) from port B of cell india_pdf_engine.$procmux$73300_CMP0 ($eq).
Removed top 2 bits (of 8) from port B of cell india_pdf_engine.$procmux$73301_CMP0 ($eq).
Removed top 3 bits (of 8) from port B of cell india_pdf_engine.$procmux$73302_CMP0 ($eq).
Removed top 3 bits (of 8) from port B of cell india_pdf_engine.$procmux$73303_CMP0 ($eq).
Removed top 3 bits (of 8) from port B of cell india_pdf_engine.$procmux$73304_CMP0 ($eq).
Removed top 3 bits (of 8) from port B of cell india_pdf_engine.$procmux$73305_CMP0 ($eq).
Removed top 4 bits (of 8) from port B of cell india_pdf_engine.$procmux$73306_CMP0 ($eq).
Removed top 4 bits (of 8) from port B of cell india_pdf_engine.$procmux$73307_CMP0 ($eq).
Removed top 5 bits (of 8) from port B of cell india_pdf_engine.$procmux$73308_CMP0 ($eq).
Removed top 1 bits (of 8) from port B of cell india_pdf_engine.$procmux$73319_CMP0 ($eq).
Removed top 1 bits (of 8) from port B of cell india_pdf_engine.$procmux$73328_CMP0 ($eq).
Removed top 1 bits (of 8) from port B of cell india_pdf_engine.$procmux$73339_CMP0 ($eq).
Removed top 1 bits (of 8) from port B of cell india_pdf_engine.$procmux$73351_CMP0 ($eq).
Removed top 1 bits (of 8) from port B of cell india_pdf_engine.$procmux$73364_CMP0 ($eq).
Removed top 2 bits (of 8) from port B of cell india_pdf_engine.$procmux$73379_CMP0 ($eq).
Removed top 2 bits (of 8) from port B of cell india_pdf_engine.$procmux$73395_CMP0 ($eq).
Removed top 2 bits (of 8) from port B of cell india_pdf_engine.$procmux$73412_CMP0 ($eq).
Removed top 2 bits (of 8) from port B of cell india_pdf_engine.$procmux$73430_CMP0 ($eq).
Removed top 2 bits (of 8) from port B of cell india_pdf_engine.$procmux$73449_CMP0 ($eq).
Removed top 2 bits (of 8) from port B of cell india_pdf_engine.$procmux$73469_CMP0 ($eq).
Removed top 2 bits (of 8) from port B of cell india_pdf_engine.$procmux$73490_CMP0 ($eq).
Removed top 3 bits (of 8) from port B of cell india_pdf_engine.$procmux$73513_CMP0 ($eq).
Removed top 3 bits (of 8) from port B of cell india_pdf_engine.$procmux$73537_CMP0 ($eq).
Removed top 1 bits (of 8) from port B of cell india_pdf_engine.$procmux$73643_CMP0 ($eq).
Removed top 1 bits (of 8) from port B of cell india_pdf_engine.$procmux$73649_CMP0 ($eq).
Removed top 1 bits (of 8) from port B of cell india_pdf_engine.$procmux$73656_CMP0 ($eq).
Removed top 1 bits (of 8) from port B of cell india_pdf_engine.$procmux$73664_CMP0 ($eq).
Removed top 1 bits (of 8) from port B of cell india_pdf_engine.$procmux$73678_CMP0 ($eq).
Removed top 2 bits (of 8) from port B of cell india_pdf_engine.$procmux$73700_CMP0 ($eq).
Removed top 3 bits (of 8) from port B of cell india_pdf_engine.$procmux$73728_CMP0 ($eq).
Removed top 3 bits (of 8) from port B of cell india_pdf_engine.$procmux$73754_CMP0 ($eq).
Removed top 4 bits (of 8) from port B of cell india_pdf_engine.$procmux$73781_CMP0 ($eq).
Removed top 5 bits (of 8) from port B of cell india_pdf_engine.$procmux$73809_CMP0 ($eq).
Removed top 4 bits (of 12) from wire india_pdf_engine.aw_addr_lat.

3.10. Executing PEEPOPT pass (run peephole optimizers).

3.11. Executing OPT_CLEAN pass (remove unused cells and wires).
Finding unused cells or wires in module \india_pdf_engine..
Removed 0 unused cells and 1 unused wires.
<suppressed ~1 debug messages>

3.12. Executing ALUMACC pass (create $alu and $macc cells).
Extracting $alu and $macc cells in module india_pdf_engine:
  creating $macc model for $add$../rtl/crypto/india_pdf_engine.v:949$8970 ($add).
  creating $macc model for $add$../rtl/crypto/india_pdf_engine.v:917$8965 ($add).
  creating $macc model for $add$../rtl/crypto/india_pdf_engine.v:917$8964 ($add).
  creating $macc model for $add$../rtl/crypto/india_pdf_engine.v:917$8963 ($add).
  creating $macc model for $add$../rtl/crypto/india_pdf_engine.v:898$8960 ($add).
  creating $macc model for $add$../rtl/crypto/india_pdf_engine.v:886$8958 ($add).
  creating $macc model for $add$../rtl/crypto/india_pdf_engine.v:828$6894 ($add).
  creating $macc model for $sub$../rtl/crypto/india_pdf_engine.v:778$6887 ($sub).
  creating $macc model for $add$../rtl/crypto/india_pdf_engine.v:777$6886 ($add).
  creating $macc model for $add$../rtl/crypto/india_pdf_engine.v:728$2642 ($add).
  creating $macc model for $add$../rtl/crypto/india_pdf_engine.v:618$576 ($add).
  creating $macc model for $add$../rtl/crypto/india_pdf_engine.v:598$574 ($add).
  creating $alu model for $macc $add$../rtl/crypto/india_pdf_engine.v:598$574.
  creating $alu model for $macc $add$../rtl/crypto/india_pdf_engine.v:618$576.
  creating $alu model for $macc $add$../rtl/crypto/india_pdf_engine.v:728$2642.
  creating $alu model for $macc $add$../rtl/crypto/india_pdf_engine.v:777$6886.
  creating $alu model for $macc $sub$../rtl/crypto/india_pdf_engine.v:778$6887.
  creating $alu model for $macc $add$../rtl/crypto/india_pdf_engine.v:828$6894.
  creating $alu model for $macc $add$../rtl/crypto/india_pdf_engine.v:886$8958.
  creating $alu model for $macc $add$../rtl/crypto/india_pdf_engine.v:898$8960.
  creating $alu model for $macc $add$../rtl/crypto/india_pdf_engine.v:917$8963.
  creating $alu model for $macc $add$../rtl/crypto/india_pdf_engine.v:917$8964.
  creating $alu model for $macc $add$../rtl/crypto/india_pdf_engine.v:917$8965.
  creating $alu model for $macc $add$../rtl/crypto/india_pdf_engine.v:949$8970.
  creating $alu model for $ge$../rtl/crypto/india_pdf_engine.v:927$8966 ($ge): new $alu
  creating $alu cell for $ge$../rtl/crypto/india_pdf_engine.v:927$8966: $auto$alumacc.cc:512:replace_alu$74709
  creating $alu cell for $add$../rtl/crypto/india_pdf_engine.v:949$8970: $auto$alumacc.cc:512:replace_alu$74722
  creating $alu cell for $add$../rtl/crypto/india_pdf_engine.v:917$8965: $auto$alumacc.cc:512:replace_alu$74725
  creating $alu cell for $add$../rtl/crypto/india_pdf_engine.v:917$8964: $auto$alumacc.cc:512:replace_alu$74728
  creating $alu cell for $add$../rtl/crypto/india_pdf_engine.v:917$8963: $auto$alumacc.cc:512:replace_alu$74731
  creating $alu cell for $add$../rtl/crypto/india_pdf_engine.v:898$8960: $auto$alumacc.cc:512:replace_alu$74734
  creating $alu cell for $add$../rtl/crypto/india_pdf_engine.v:886$8958: $auto$alumacc.cc:512:replace_alu$74737
  creating $alu cell for $add$../rtl/crypto/india_pdf_engine.v:828$6894: $auto$alumacc.cc:512:replace_alu$74740
  creating $alu cell for $sub$../rtl/crypto/india_pdf_engine.v:778$6887: $auto$alumacc.cc:512:replace_alu$74743
  creating $alu cell for $add$../rtl/crypto/india_pdf_engine.v:777$6886: $auto$alumacc.cc:512:replace_alu$74746
  creating $alu cell for $add$../rtl/crypto/india_pdf_engine.v:728$2642: $auto$alumacc.cc:512:replace_alu$74749
  creating $alu cell for $add$../rtl/crypto/india_pdf_engine.v:618$576: $auto$alumacc.cc:512:replace_alu$74752
  creating $alu cell for $add$../rtl/crypto/india_pdf_engine.v:598$574: $auto$alumacc.cc:512:replace_alu$74755
  created 13 $alu and 0 $macc cells.

3.13. Executing SHARE pass (SAT-based resource sharing).

3.14. Executing OPT pass (performing simple optimizations).

3.14.1. Executing OPT_EXPR pass (perform const folding).
Optimizing module india_pdf_engine.

3.14.2. Executing OPT_MERGE pass (detect identical cells).
Finding identical cells in module `\india_pdf_engine'.
Computing hashes of 8705 cells of `\india_pdf_engine'.
Finding duplicate cells in `\india_pdf_engine'.
Removed a total of 0 cells.

3.14.3. Executing OPT_MUXTREE pass (detect dead branches in mux trees).
Running muxtree optimizer on module \india_pdf_engine..
  Creating internal representation of mux trees.
  Evaluating internal representation of mux trees.
  Analyzing evaluation results.
Removed 0 multiplexer ports.
<suppressed ~170 debug messages>

3.14.4. Executing OPT_REDUCE pass (consolidate $*mux and $reduce_* inputs).
  Optimizing cells in module \india_pdf_engine.
Performed a total of 0 changes.

3.14.5. Executing OPT_MERGE pass (detect identical cells).
Finding identical cells in module `\india_pdf_engine'.
Computing hashes of 8705 cells of `\india_pdf_engine'.
Finding duplicate cells in `\india_pdf_engine'.
Removed a total of 0 cells.

3.14.6. Executing OPT_DFF pass (perform DFF optimizations).

3.14.7. Executing OPT_CLEAN pass (remove unused cells and wires).
Finding unused cells or wires in module \india_pdf_engine..
Removed 0 unused cells and 1 unused wires.
<suppressed ~1 debug messages>

3.14.8. Executing OPT_EXPR pass (perform const folding).
Optimizing module india_pdf_engine.

3.14.9. Rerunning OPT passes. (Maybe there is more to do..)

3.14.10. Executing OPT_MUXTREE pass (detect dead branches in mux trees).
Running muxtree optimizer on module \india_pdf_engine..
  Creating internal representation of mux trees.
  Evaluating internal representation of mux trees.
  Analyzing evaluation results.
Removed 0 multiplexer ports.
<suppressed ~170 debug messages>

3.14.11. Executing OPT_REDUCE pass (consolidate $*mux and $reduce_* inputs).
  Optimizing cells in module \india_pdf_engine.
Performed a total of 0 changes.

3.14.12. Executing OPT_MERGE pass (detect identical cells).
Finding identical cells in module `\india_pdf_engine'.
Computing hashes of 8705 cells of `\india_pdf_engine'.
Finding duplicate cells in `\india_pdf_engine'.
Removed a total of 0 cells.

3.14.13. Executing OPT_DFF pass (perform DFF optimizations).

3.14.14. Executing OPT_CLEAN pass (remove unused cells and wires).
Finding unused cells or wires in module \india_pdf_engine..

3.14.15. Executing OPT_EXPR pass (perform const folding).
Optimizing module india_pdf_engine.

3.14.16. Finished fast OPT passes. (There is nothing left to do.)

3.15. Executing MEMORY pass.

3.15.1. Executing OPT_MEM pass (optimize memories).
Performed a total of 0 transformations.

3.15.2. Executing OPT_MEM_PRIORITY pass (removing unnecessary memory write priority relations).
Performed a total of 0 transformations.

3.15.3. Executing OPT_MEM_FEEDBACK pass (finding memory read-to-write feedback paths).

3.15.4. Executing MEMORY_BMUX2ROM pass (converting muxes to ROMs).

3.15.5. Executing MEMORY_DFF pass (merging $dff cells to $memrd).

3.15.6. Executing OPT_CLEAN pass (remove unused cells and wires).
Finding unused cells or wires in module \india_pdf_engine..

3.15.7. Executing MEMORY_SHARE pass (consolidating $memrd/$memwr cells).

3.15.8. Executing OPT_MEM_WIDEN pass (optimize memories where all ports are wide).
Performed a total of 0 transformations.

3.15.9. Executing OPT_CLEAN pass (remove unused cells and wires).
Finding unused cells or wires in module \india_pdf_engine..

3.15.10. Executing MEMORY_COLLECT pass (generating $mem cells).

3.16. Executing OPT_CLEAN pass (remove unused cells and wires).
Finding unused cells or wires in module \india_pdf_engine..

3.17. Executing OPT pass (performing simple optimizations).

3.17.1. Executing OPT_EXPR pass (perform const folding).
Optimizing module india_pdf_engine.
<suppressed ~122 debug messages>

3.17.2. Executing OPT_MERGE pass (detect identical cells).
Finding identical cells in module `\india_pdf_engine'.
Computing hashes of 8639 cells of `\india_pdf_engine'.
Finding duplicate cells in `\india_pdf_engine'.
Computing hashes of 8637 cells of `\india_pdf_engine'.
Finding duplicate cells in `\india_pdf_engine'.
Computing hashes of 8636 cells of `\india_pdf_engine'.
Finding duplicate cells in `\india_pdf_engine'.
<suppressed ~9 debug messages>
Removed a total of 3 cells.

3.17.3. Executing OPT_DFF pass (perform DFF optimizations).
Adding EN signal on $auto$ff.cc:337:slice$74319 ($adffe) from module india_pdf_engine (D = $0\src_ptr[31:0] [1:0], Q = \src_ptr [1:0]).
Adding EN signal on $auto$ff.cc:337:slice$74395 ($adffe) from module india_pdf_engine (D = $0\zero_ptr[31:0] [1:0], Q = \zero_ptr [1:0]).
Adding EN signal on $auto$ff.cc:337:slice$74442 ($adffe) from module india_pdf_engine (D = $0\bytes_remaining[31:0] [3:0], Q = \bytes_remaining [3:0]).
Adding EN signal on $auto$ff.cc:337:slice$74605 ($adffe) from module india_pdf_engine (D = $0\dst_ptr[31:0] [1:0], Q = \dst_ptr [1:0]).

3.17.4. Executing OPT_CLEAN pass (remove unused cells and wires).
Finding unused cells or wires in module \india_pdf_engine..
Removed 4 unused cells and 83 unused wires.
<suppressed ~5 debug messages>

3.17.5. Rerunning OPT passes. (Removed registers in this run.)

3.17.6. Executing OPT_EXPR pass (perform const folding).
Optimizing module india_pdf_engine.
<suppressed ~11 debug messages>

3.17.7. Executing OPT_MERGE pass (detect identical cells).
Finding identical cells in module `\india_pdf_engine'.
Computing hashes of 8646 cells of `\india_pdf_engine'.
Finding duplicate cells in `\india_pdf_engine'.
Computing hashes of 8644 cells of `\india_pdf_engine'.
Finding duplicate cells in `\india_pdf_engine'.
<suppressed ~6 debug messages>
Removed a total of 2 cells.

3.17.8. Executing OPT_DFF pass (perform DFF optimizations).

3.17.9. Executing OPT_CLEAN pass (remove unused cells and wires).
Finding unused cells or wires in module \india_pdf_engine..
Removed 0 unused cells and 2 unused wires.
<suppressed ~1 debug messages>

3.17.10. Finished fast OPT passes.

3.18. Executing MEMORY_MAP pass (converting memories to logic and flip-flops).

3.19. Executing OPT pass (performing simple optimizations).

3.19.1. Executing OPT_EXPR pass (perform const folding).
Optimizing module india_pdf_engine.

3.19.2. Executing OPT_MERGE pass (detect identical cells).
Finding identical cells in module `\india_pdf_engine'.
Computing hashes of 8644 cells of `\india_pdf_engine'.
Finding duplicate cells in `\india_pdf_engine'.
Removed a total of 0 cells.

3.19.3. Executing OPT_MUXTREE pass (detect dead branches in mux trees).
Running muxtree optimizer on module \india_pdf_engine..
  Creating internal representation of mux trees.
  Evaluating internal representation of mux trees.
  Analyzing evaluation results.
Removed 0 multiplexer ports.
<suppressed ~54 debug messages>

3.19.4. Executing OPT_REDUCE pass (consolidate $*mux and $reduce_* inputs).
  Optimizing cells in module \india_pdf_engine.
    New input vector for $reduce_and cell $auto$opt_dff.cc:252:make_patterns_logic$74801: { $auto$opt_dff.cc:234:make_patterns_logic$74320 $auto$opt_dff.cc:234:make_patterns_logic$74328 $auto$opt_dff.cc:234:make_patterns_logic$74352 $auto$opt_dff.cc:234:make_patterns_logic$74608 $auto$opt_dff.cc:234:make_patterns_logic$74794 $auto$opt_dff.cc:234:make_patterns_logic$74796 $auto$opt_dff.cc:234:make_patterns_logic$74798 }
    New input vector for $reduce_and cell $auto$opt_dff.cc:252:make_patterns_logic$74779: { $0\m_arvalid[0:0] $auto$opt_dff.cc:234:make_patterns_logic$74320 $auto$opt_dff.cc:234:make_patterns_logic$74322 $auto$opt_dff.cc:234:make_patterns_logic$74324 $auto$opt_dff.cc:234:make_patterns_logic$74326 $auto$opt_dff.cc:234:make_patterns_logic$74328 $auto$opt_dff.cc:234:make_patterns_logic$74330 $auto$opt_dff.cc:234:make_patterns_logic$74332 }
    New input vector for $reduce_and cell $auto$opt_dff.cc:252:make_patterns_logic$74785: { $auto$opt_dff.cc:234:make_patterns_logic$74396 $auto$opt_dff.cc:234:make_patterns_logic$74398 $auto$opt_dff.cc:234:make_patterns_logic$74400 $auto$opt_dff.cc:234:make_patterns_logic$74782 }
    New input vector for $reduce_and cell $auto$opt_dff.cc:252:make_patterns_logic$74791: { $auto$opt_dff.cc:234:make_patterns_logic$74443 $auto$opt_dff.cc:234:make_patterns_logic$74445 $auto$opt_dff.cc:234:make_patterns_logic$74788 }
    New ctrl vector for $pmux cell $procmux$72818: \state [5]
    Consolidated identical input bits for $mux cell $procmux$73056:
      Old ports: A={ \nonce [127:32] 32'00000000000000000000000000000000 }, B={ \nonce [127:32] \block_index }, Y=$0\cipher_din[127:0]
      New ports: A=0, B=\block_index, Y=$0\cipher_din[127:0] [31:0]
      New connections: $0\cipher_din[127:0] [127:32] = \nonce [127:32]
    New ctrl vector for $pmux cell $procmux$73079: { \state [4] $auto$opt_reduce.cc:137:opt_pmux$74130 }
    New ctrl vector for $pmux cell $procmux$73098: { \state [4] $auto$opt_reduce.cc:137:opt_pmux$74804 }
    Consolidated identical input bits for $pmux cell $procmux$73126:
      Old ports: A=4'1111, B=12'111111111111, Y=$0\m_wstrb[3:0]
      New connections: $0\m_wstrb[3:0] = 4'1111
    New ctrl vector for $pmux cell $procmux$72620: $auto$opt_reduce.cc:137:opt_pmux$74806
    New ctrl vector for $pmux cell $procmux$73170: { \state [4] $auto$opt_reduce.cc:137:opt_pmux$74130 }
    New ctrl vector for $pmux cell $procmux$72743: \state [7]
    New ctrl vector for $pmux cell $procmux$73198: { $auto$opt_reduce.cc:137:opt_pmux$74808 \state [8] }
    New ctrl vector for $pmux cell $procmux$72676: \state [3:2]
    Consolidated identical input bits for $mux cell $procmux$72722:
      Old ports: A=\dst_addr, B={ $add$../rtl/crypto/india_pdf_engine.v:651$2626_Y [31:4] \dst_addr [3:0] }, Y=$procmux$72722_Y
      New ports: A=\dst_addr [31:4], B=$add$../rtl/crypto/india_pdf_engine.v:651$2626_Y [31:4], Y=$procmux$72722_Y [31:4]
      New connections: $procmux$72722_Y [3:0] = \dst_addr [3:0]
    New input vector for $reduce_or cell $auto$opt_reduce.cc:131:opt_pmux$74805: { \state [7:6] \state [4] }
  Optimizing cells in module \india_pdf_engine.
Performed a total of 16 changes.

3.19.5. Executing OPT_MERGE pass (detect identical cells).
Finding identical cells in module `\india_pdf_engine'.
Computing hashes of 8646 cells of `\india_pdf_engine'.
Finding duplicate cells in `\india_pdf_engine'.
Removed a total of 0 cells.

3.19.6. Executing OPT_SHARE pass.

3.19.7. Executing OPT_DFF pass (perform DFF optimizations).
Adding EN signal on $auto$ff.cc:337:slice$74501 ($adffe) from module india_pdf_engine (D = $0\trng_nonce_cnt[1:0], Q = \trng_nonce_cnt).

3.19.8. Executing OPT_CLEAN pass (remove unused cells and wires).
Finding unused cells or wires in module \india_pdf_engine..
Removed 0 unused cells and 1 unused wires.
<suppressed ~1 debug messages>

3.19.9. Executing OPT_EXPR pass (perform const folding).
Optimizing module india_pdf_engine.
<suppressed ~1 debug messages>

3.19.10. Rerunning OPT passes. (Maybe there is more to do..)

3.19.11. Executing OPT_MUXTREE pass (detect dead branches in mux trees).
Running muxtree optimizer on module \india_pdf_engine..
  Creating internal representation of mux trees.
  Evaluating internal representation of mux trees.
  Analyzing evaluation results.
Removed 0 multiplexer ports.
<suppressed ~49 debug messages>

3.19.12. Executing OPT_REDUCE pass (consolidate $*mux and $reduce_* inputs).
  Optimizing cells in module \india_pdf_engine.
    New input vector for $reduce_and cell $auto$opt_dff.cc:252:make_patterns_logic$74813: { $auto$opt_dff.cc:234:make_patterns_logic$74473 $auto$opt_dff.cc:234:make_patterns_logic$74502 $auto$opt_dff.cc:234:make_patterns_logic$74504 $auto$opt_dff.cc:234:make_patterns_logic$74506 $auto$opt_dff.cc:234:make_patterns_logic$74510 $auto$opt_dff.cc:234:make_patterns_logic$74512 $auto$opt_dff.cc:234:make_patterns_logic$74514 $auto$opt_dff.cc:234:make_patterns_logic$74810 }
  Optimizing cells in module \india_pdf_engine.
Performed a total of 1 changes.

3.19.13. Executing OPT_MERGE pass (detect identical cells).
Finding identical cells in module `\india_pdf_engine'.
Computing hashes of 8647 cells of `\india_pdf_engine'.
Finding duplicate cells in `\india_pdf_engine'.
Removed a total of 0 cells.

3.19.14. Executing OPT_SHARE pass.

3.19.15. Executing OPT_DFF pass (perform DFF optimizations).
Setting constant 1-bit at position 0 on $auto$ff.cc:337:slice$74575 ($adffe) from module india_pdf_engine.
Setting constant 1-bit at position 1 on $auto$ff.cc:337:slice$74575 ($adffe) from module india_pdf_engine.
Setting constant 1-bit at position 2 on $auto$ff.cc:337:slice$74575 ($adffe) from module india_pdf_engine.
Setting constant 1-bit at position 3 on $auto$ff.cc:337:slice$74575 ($adffe) from module india_pdf_engine.

3.19.16. Executing OPT_CLEAN pass (remove unused cells and wires).
Finding unused cells or wires in module \india_pdf_engine..
Removed 1 unused cells and 2 unused wires.
<suppressed ~2 debug messages>

3.19.17. Executing OPT_EXPR pass (perform const folding).
Optimizing module india_pdf_engine.

3.19.18. Rerunning OPT passes. (Maybe there is more to do..)

3.19.19. Executing OPT_MUXTREE pass (detect dead branches in mux trees).
Running muxtree optimizer on module \india_pdf_engine..
  Creating internal representation of mux trees.
  Evaluating internal representation of mux trees.
  Analyzing evaluation results.
Removed 0 multiplexer ports.
<suppressed ~49 debug messages>

3.19.20. Executing OPT_REDUCE pass (consolidate $*mux and $reduce_* inputs).
  Optimizing cells in module \india_pdf_engine.
Performed a total of 0 changes.

3.19.21. Executing OPT_MERGE pass (detect identical cells).
Finding identical cells in module `\india_pdf_engine'.
Computing hashes of 8645 cells of `\india_pdf_engine'.
Finding duplicate cells in `\india_pdf_engine'.
Removed a total of 0 cells.

3.19.22. Executing OPT_SHARE pass.

3.19.23. Executing OPT_DFF pass (perform DFF optimizations).

3.19.24. Executing OPT_CLEAN pass (remove unused cells and wires).
Finding unused cells or wires in module \india_pdf_engine..

3.19.25. Executing OPT_EXPR pass (perform const folding).
Optimizing module india_pdf_engine.

3.19.26. Finished fast OPT passes. (There is nothing left to do.)

3.20. Executing TECHMAP pass (map to technology primitives).

3.20.1. Executing Verilog-2005 frontend: /opt/homebrew/bin/../share/yosys/techmap.v
Parsing Verilog input from `/opt/homebrew/bin/../share/yosys/techmap.v' to AST representation.
Generating RTLIL representation for module `\_90_simplemap_bool_ops'.
Generating RTLIL representation for module `\_90_simplemap_reduce_ops'.
Generating RTLIL representation for module `\_90_simplemap_logic_ops'.
Generating RTLIL representation for module `\_90_simplemap_compare_ops'.
Generating RTLIL representation for module `\_90_simplemap_various'.
Generating RTLIL representation for module `\_90_simplemap_registers'.
Generating RTLIL representation for module `\_90_shift_ops_shr_shl_sshl_sshr'.
Generating RTLIL representation for module `\_90_shift_shiftx'.
Generating RTLIL representation for module `\_90_fa'.
Generating RTLIL representation for module `\_90_lcu_brent_kung'.
Generating RTLIL representation for module `\_90_alu'.
Generating RTLIL representation for module `\_90_macc'.
Generating RTLIL representation for module `\_90_alumacc'.
Generating RTLIL representation for module `$__div_mod_u'.
Generating RTLIL representation for module `$__div_mod_trunc'.
Generating RTLIL representation for module `\_90_div'.
Generating RTLIL representation for module `\_90_mod'.
Generating RTLIL representation for module `$__div_mod_floor'.
Generating RTLIL representation for module `\_90_divfloor'.
Generating RTLIL representation for module `\_90_modfloor'.
Generating RTLIL representation for module `\_90_pow'.
Generating RTLIL representation for module `\_90_pmux'.
Generating RTLIL representation for module `\_90_demux'.
Generating RTLIL representation for module `\_90_lut'.
Generating RTLIL representation for module `$connect'.
Generating RTLIL representation for module `$input_port'.
Successfully finished Verilog frontend.

3.20.2. Continuing TECHMAP pass.
Using extmapper simplemap for cells of type $reduce_and.
Using extmapper simplemap for cells of type $ne.
Using extmapper simplemap for cells of type $adffe.
Using extmapper simplemap for cells of type $reduce_or.
Using extmapper simplemap for cells of type $not.
Using extmapper simplemap for cells of type $xor.
Using template $paramod$3ef7d3dd227da7627a99c5e5a6a4deb817573e39\_90_alu for cells of type $alu.
Using template $paramod$175e67c02b86e96b1288b9dc100122520d7240d8\_90_alu for cells of type $alu.
Using template $paramod$44a13d10af618e7fbe7b9aad2f6151ffcee1e2fa\_90_alu for cells of type $alu.
Using template $paramod$6a42b6fefed750f8a1c58eab59479d960557103c\_90_alu for cells of type $alu.
Using template $paramod$5546fdacc672a3d7dd1c41165b00804f01545b36\_90_alu for cells of type $alu.
Using template $paramod$b7d8bc51a9f2c27358a2ecf6b8f69c0b21118b89\_90_alu for cells of type $alu.
Using template $paramod$200b9977acfd333433396bc8e744688584077592\_90_alu for cells of type $alu.
Using template $paramod$fbc7873bff55778c0b3173955b7e4bce1d9d6834\_90_alu for cells of type $alu.
Using extmapper simplemap for cells of type $or.
Using extmapper simplemap for cells of type $reduce_bool.
Using extmapper simplemap for cells of type $dffe.
Using extmapper simplemap for cells of type $and.
Using extmapper simplemap for cells of type $eq.
Using extmapper simplemap for cells of type $adff.
Using extmapper simplemap for cells of type $logic_not.
Using extmapper simplemap for cells of type $logic_and.
Using template $paramod$c5c783b17ab1d780abfad8cfe6563a0a7b47a3b0\_90_pmux for cells of type $pmux.
Using extmapper simplemap for cells of type $mux.
Using template $paramod$78fbde73bca7bde944ff0e8753ccda25922d4d2a\_90_pmux for cells of type $pmux.
Using template $paramod$8fabc56b80a569262acfc42757a02ca0b8e91278\_90_pmux for cells of type $pmux.
Using template $paramod$b098bc6f249c0ac91c4d6e19d54b23c285914115\_90_pmux for cells of type $pmux.
Using template $paramod$54d740639e1393b22262823179ff783ea9f17a35\_90_pmux for cells of type $pmux.
Using template $paramod$b1b84ea6577090e4343ab204585f770b9ac9f33b\_90_pmux for cells of type $pmux.
Using template $paramod\_90_fa\WIDTH=32'00000000000000000000000000011110 for cells of type $fa.
Using template $paramod\_90_lcu_brent_kung\WIDTH=32'00000000000000000000000000011110 for cells of type $lcu.
Using extmapper simplemap for cells of type $pos.
Using template $paramod\_90_fa\WIDTH=32'00000000000000000000000000011100 for cells of type $fa.
Using template $paramod\_90_lcu_brent_kung\WIDTH=32'00000000000000000000000000011100 for cells of type $lcu.
Using template $paramod\_90_fa\WIDTH=32'00000000000000000000000000100000 for cells of type $fa.
Using template $paramod\_90_lcu_brent_kung\WIDTH=32'00000000000000000000000000100000 for cells of type $lcu.
Using template $paramod\_90_fa\WIDTH=32'00000000000000000000000000000010 for cells of type $fa.
Using template $paramod\_90_lcu_brent_kung\WIDTH=32'00000000000000000000000000000010 for cells of type $lcu.
Using template $paramod\_90_fa\WIDTH=32'00000000000000000000000000000011 for cells of type $fa.
Using template $paramod\_90_lcu_brent_kung\WIDTH=32'00000000000000000000000000000011 for cells of type $lcu.
No more expansions possible.
<suppressed ~11536 debug messages>

3.21. Executing OPT pass (performing simple optimizations).

3.21.1. Executing OPT_EXPR pass (perform const folding).
Optimizing module india_pdf_engine.
<suppressed ~3301 debug messages>

3.21.2. Executing OPT_MERGE pass (detect identical cells).
Finding identical cells in module `\india_pdf_engine'.
Computing hashes of 18544 cells of `\india_pdf_engine'.
Finding duplicate cells in `\india_pdf_engine'.
Computing hashes of 18136 cells of `\india_pdf_engine'.
Finding duplicate cells in `\india_pdf_engine'.
Computing hashes of 18012 cells of `\india_pdf_engine'.
Finding duplicate cells in `\india_pdf_engine'.
Computing hashes of 17940 cells of `\india_pdf_engine'.
Finding duplicate cells in `\india_pdf_engine'.
Computing hashes of 17939 cells of `\india_pdf_engine'.
Finding duplicate cells in `\india_pdf_engine'.
<suppressed ~1815 debug messages>
Removed a total of 605 cells.

3.21.3. Executing OPT_DFF pass (perform DFF optimizations).

3.21.4. Executing OPT_CLEAN pass (remove unused cells and wires).
Finding unused cells or wires in module \india_pdf_engine..
Removed 329 unused cells and 3232 unused wires.
<suppressed ~330 debug messages>

3.21.5. Finished fast OPT passes.

3.22. Executing ABC pass (technology mapping using ABC).

3.22.1. Extracting gate netlist of module `\india_pdf_engine' to `<abc-temp-dir>/input.blif'..
Replacing 12 occurrences of constant undef bits with constant zero bits

3.22.1.1. Executed ABC.
Extracted 15134 gates and 16864 wires to a netlist network with 1727 inputs and 815 outputs.
Running ABC script: <abc-temp-dir>/abc.script
ABC: ======== ABC command line "source <abc-temp-dir>/abc.script"
ABC: + read_blif <abc-temp-dir>/input.blif 
ABC: + read_library <abc-temp-dir>/stdcells.genlib 
ABC: + strash 
ABC: + &get -n 
ABC: + &fraig -x 
ABC: + &put 
ABC: + scorr 
ABC: Warning: The network is combinational (run "fraig" or "fraig_sweep").
ABC: + dc2 
ABC: + dretime 
ABC: + strash 
ABC: + &get -n 
ABC: + &dch -f 
ABC: + &nf 
ABC: + &put 
ABC: + write_blif <abc-temp-dir>/output.blif 

3.22.1.2. Re-integrating ABC results.
ABC RESULTS:               AND cells:     5974
ABC RESULTS:            ANDNOT cells:      194
ABC RESULTS:               MUX cells:      200
ABC RESULTS:              NAND cells:     2600
ABC RESULTS:               NOR cells:      290
ABC RESULTS:               NOT cells:       12
ABC RESULTS:                OR cells:      623
ABC RESULTS:             ORNOT cells:      156
ABC RESULTS:              XNOR cells:     4519
ABC RESULTS:               XOR cells:      424
ABC RESULTS:        internal signals:    14322
ABC RESULTS:           input signals:     1727
ABC RESULTS:          output signals:      815
Removing temp directory.
Removing global temp directory.

3.23. Executing OPT pass (performing simple optimizations).

3.23.1. Executing OPT_EXPR pass (perform const folding).
Optimizing module india_pdf_engine.
<suppressed ~1 debug messages>

3.23.2. Executing OPT_MERGE pass (detect identical cells).
Finding identical cells in module `\india_pdf_engine'.
Computing hashes of 17468 cells of `\india_pdf_engine'.
Finding duplicate cells in `\india_pdf_engine'.
Computing hashes of 17467 cells of `\india_pdf_engine'.
Finding duplicate cells in `\india_pdf_engine'.
<suppressed ~3 debug messages>
Removed a total of 1 cells.

3.23.3. Executing OPT_DFF pass (perform DFF optimizations).

3.23.4. Executing OPT_CLEAN pass (remove unused cells and wires).
Finding unused cells or wires in module \india_pdf_engine..
Removed 0 unused cells and 11698 unused wires.
<suppressed ~1 debug messages>

3.23.5. Finished fast OPT passes.

3.24. Executing HIERARCHY pass (managing design hierarchy).
Attribute `top' found on module `india_pdf_engine'. Setting top module to india_pdf_engine.

3.24.1. Analyzing design hierarchy..
Top module:  \india_pdf_engine

3.24.2. Analyzing design hierarchy..
Top module:  \india_pdf_engine
Removed 0 unused modules.

3.25. Printing statistics.

=== india_pdf_engine ===

        +----------Local Count, excluding submodules.
        | 
    14380 wires
    17559 wire bits
       81 public wires
     2384 public wire bits
       45 ports
      803 port bits
    17467 cells
      194   $_ANDNOT_
     5973   $_AND_
     2069   $_DFFE_PN0P_
      384   $_DFFE_PP_
       22   $_DFF_PN0_
        1   $_DFF_PN1_
      200   $_MUX_
     2600   $_NAND_
      290   $_NOR_
       12   $_NOT_
      156   $_ORNOT_
      623   $_OR_
     4519   $_XNOR_
      424   $_XOR_

3.26. Executing CHECK pass (checking for obvious problems).
Checking module india_pdf_engine...
Warning: multiple conflicting drivers for india_pdf_engine.\key [63]:
    port Q[0] of cell $auto$ff.cc:337:slice$77458 ($_DFFE_PP_)
    port Q[0] of cell $auto$ff.cc:337:slice$77813 ($_DFFE_PN0P_)
Warning: multiple conflicting drivers for india_pdf_engine.\nonce [63]:
    port Q[0] of cell $auto$ff.cc:337:slice$75847 ($_DFFE_PN0P_)
    port Q[0] of cell $auto$ff.cc:337:slice$77295 ($_DFFE_PP_)
Warning: multiple conflicting drivers for india_pdf_engine.\nonce [127]:
    port Q[0] of cell $auto$ff.cc:337:slice$75881 ($_DFFE_PN0P_)
    port Q[0] of cell $auto$ff.cc:337:slice$77332 ($_DFFE_PP_)
Warning: multiple conflicting drivers for india_pdf_engine.\key [31]:
    port Q[0] of cell $auto$ff.cc:337:slice$77717 ($_DFFE_PP_)
    port Q[0] of cell $auto$ff.cc:337:slice$78051 ($_DFFE_PN0P_)
Warning: multiple conflicting drivers for india_pdf_engine.\nonce [95]:
    port Q[0] of cell $auto$ff.cc:337:slice$75915 ($_DFFE_PN0P_)
    port Q[0] of cell $auto$ff.cc:337:slice$77369 ($_DFFE_PP_)
Warning: multiple conflicting drivers for india_pdf_engine.\key [95]:
    port Q[0] of cell $auto$ff.cc:337:slice$77680 ($_DFFE_PP_)
    port Q[0] of cell $auto$ff.cc:337:slice$78017 ($_DFFE_PN0P_)
Warning: multiple conflicting drivers for india_pdf_engine.\key [127]:
    port Q[0] of cell $auto$ff.cc:337:slice$77643 ($_DFFE_PP_)
    port Q[0] of cell $auto$ff.cc:337:slice$77983 ($_DFFE_PN0P_)
Warning: multiple conflicting drivers for india_pdf_engine.\key [159]:
    port Q[0] of cell $auto$ff.cc:337:slice$77606 ($_DFFE_PP_)
    port Q[0] of cell $auto$ff.cc:337:slice$77949 ($_DFFE_PN0P_)
Warning: multiple conflicting drivers for india_pdf_engine.\key [191]:
    port Q[0] of cell $auto$ff.cc:337:slice$77569 ($_DFFE_PP_)
    port Q[0] of cell $auto$ff.cc:337:slice$77915 ($_DFFE_PN0P_)
Warning: multiple conflicting drivers for india_pdf_engine.\key [223]:
    port Q[0] of cell $auto$ff.cc:337:slice$77532 ($_DFFE_PP_)
    port Q[0] of cell $auto$ff.cc:337:slice$77881 ($_DFFE_PN0P_)
Warning: multiple conflicting drivers for india_pdf_engine.\key [255]:
    port Q[0] of cell $auto$ff.cc:337:slice$77495 ($_DFFE_PP_)
    port Q[0] of cell $auto$ff.cc:337:slice$77847 ($_DFFE_PN0P_)
Warning: multiple conflicting drivers for india_pdf_engine.\nonce [31]:
    port Q[0] of cell $auto$ff.cc:337:slice$75949 ($_DFFE_PN0P_)
    port Q[0] of cell $auto$ff.cc:337:slice$77406 ($_DFFE_PP_)
Warning: multiple conflicting drivers for india_pdf_engine.\key [32]:
    port Q[0] of cell $auto$ff.cc:337:slice$77782 ($_DFFE_PN0P_)
    port Q[0] of cell $auto$ff.cc:337:slice$77427 ($_DFFE_PP_)
Warning: multiple conflicting drivers for india_pdf_engine.\key [33]:
    port Q[0] of cell $auto$ff.cc:337:slice$77783 ($_DFFE_PN0P_)
    port Q[0] of cell $auto$ff.cc:337:slice$77428 ($_DFFE_PP_)
Warning: multiple conflicting drivers for india_pdf_engine.\key [34]:
    port Q[0] of cell $auto$ff.cc:337:slice$77784 ($_DFFE_PN0P_)
    port Q[0] of cell $auto$ff.cc:337:slice$77429 ($_DFFE_PP_)
Warning: multiple conflicting drivers for india_pdf_engine.\key [35]:
    port Q[0] of cell $auto$ff.cc:337:slice$77785 ($_DFFE_PN0P_)
    port Q[0] of cell $auto$ff.cc:337:slice$77430 ($_DFFE_PP_)
Warning: multiple conflicting drivers for india_pdf_engine.\key [36]:
    port Q[0] of cell $auto$ff.cc:337:slice$77786 ($_DFFE_PN0P_)
    port Q[0] of cell $auto$ff.cc:337:slice$77431 ($_DFFE_PP_)
Warning: multiple conflicting drivers for india_pdf_engine.\key [37]:
    port Q[0] of cell $auto$ff.cc:337:slice$77787 ($_DFFE_PN0P_)
    port Q[0] of cell $auto$ff.cc:337:slice$77432 ($_DFFE_PP_)
Warning: multiple conflicting drivers for india_pdf_engine.\key [38]:
    port Q[0] of cell $auto$ff.cc:337:slice$77788 ($_DFFE_PN0P_)
    port Q[0] of cell $auto$ff.cc:337:slice$77433 ($_DFFE_PP_)
Warning: multiple conflicting drivers for india_pdf_engine.\key [39]:
    port Q[0] of cell $auto$ff.cc:337:slice$77789 ($_DFFE_PN0P_)
    port Q[0] of cell $auto$ff.cc:337:slice$77434 ($_DFFE_PP_)
Warning: multiple conflicting drivers for india_pdf_engine.\key [40]:
    port Q[0] of cell $auto$ff.cc:337:slice$77790 ($_DFFE_PN0P_)
    port Q[0] of cell $auto$ff.cc:337:slice$77435 ($_DFFE_PP_)
Warning: multiple conflicting drivers for india_pdf_engine.\key [41]:
    port Q[0] of cell $auto$ff.cc:337:slice$77791 ($_DFFE_PN0P_)
    port Q[0] of cell $auto$ff.cc:337:slice$77436 ($_DFFE_PP_)
Warning: multiple conflicting drivers for india_pdf_engine.\key [42]:
    port Q[0] of cell $auto$ff.cc:337:slice$77792 ($_DFFE_PN0P_)
    port Q[0] of cell $auto$ff.cc:337:slice$77437 ($_DFFE_PP_)
Warning: multiple conflicting drivers for india_pdf_engine.\key [43]:
    port Q[0] of cell $auto$ff.cc:337:slice$77793 ($_DFFE_PN0P_)
    port Q[0] of cell $auto$ff.cc:337:slice$77438 ($_DFFE_PP_)
Warning: multiple conflicting drivers for india_pdf_engine.\key [44]:
    port Q[0] of cell $auto$ff.cc:337:slice$77794 ($_DFFE_PN0P_)
    port Q[0] of cell $auto$ff.cc:337:slice$77439 ($_DFFE_PP_)
Warning: multiple conflicting drivers for india_pdf_engine.\key [45]:
    port Q[0] of cell $auto$ff.cc:337:slice$77795 ($_DFFE_PN0P_)
    port Q[0] of cell $auto$ff.cc:337:slice$77440 ($_DFFE_PP_)
Warning: multiple conflicting drivers for india_pdf_engine.\key [46]:
    port Q[0] of cell $auto$ff.cc:337:slice$77796 ($_DFFE_PN0P_)
    port Q[0] of cell $auto$ff.cc:337:slice$77441 ($_DFFE_PP_)
Warning: multiple conflicting drivers for india_pdf_engine.\key [47]:
    port Q[0] of cell $auto$ff.cc:337:slice$77797 ($_DFFE_PN0P_)
    port Q[0] of cell $auto$ff.cc:337:slice$77442 ($_DFFE_PP_)
Warning: multiple conflicting drivers for india_pdf_engine.\key [48]:
    port Q[0] of cell $auto$ff.cc:337:slice$77798 ($_DFFE_PN0P_)
    port Q[0] of cell $auto$ff.cc:337:slice$77443 ($_DFFE_PP_)
Warning: multiple conflicting drivers for india_pdf_engine.\key [49]:
    port Q[0] of cell $auto$ff.cc:337:slice$77799 ($_DFFE_PN0P_)
    port Q[0] of cell $auto$ff.cc:337:slice$77444 ($_DFFE_PP_)
Warning: multiple conflicting drivers for india_pdf_engine.\key [50]:
    port Q[0] of cell $auto$ff.cc:337:slice$77800 ($_DFFE_PN0P_)
    port Q[0] of cell $auto$ff.cc:337:slice$77445 ($_DFFE_PP_)
Warning: multiple conflicting drivers for india_pdf_engine.\key [51]:
    port Q[0] of cell $auto$ff.cc:337:slice$77801 ($_DFFE_PN0P_)
    port Q[0] of cell $auto$ff.cc:337:slice$77446 ($_DFFE_PP_)
Warning: multiple conflicting drivers for india_pdf_engine.\key [52]:
    port Q[0] of cell $auto$ff.cc:337:slice$77802 ($_DFFE_PN0P_)
    port Q[0] of cell $auto$ff.cc:337:slice$77447 ($_DFFE_PP_)
Warning: multiple conflicting drivers for india_pdf_engine.\key [53]:
    port Q[0] of cell $auto$ff.cc:337:slice$77803 ($_DFFE_PN0P_)
    port Q[0] of cell $auto$ff.cc:337:slice$77448 ($_DFFE_PP_)
Warning: multiple conflicting drivers for india_pdf_engine.\key [54]:
    port Q[0] of cell $auto$ff.cc:337:slice$77804 ($_DFFE_PN0P_)
    port Q[0] of cell $auto$ff.cc:337:slice$77449 ($_DFFE_PP_)
Warning: multiple conflicting drivers for india_pdf_engine.\key [55]:
    port Q[0] of cell $auto$ff.cc:337:slice$77805 ($_DFFE_PN0P_)
    port Q[0] of cell $auto$ff.cc:337:slice$77450 ($_DFFE_PP_)
Warning: multiple conflicting drivers for india_pdf_engine.\key [56]:
    port Q[0] of cell $auto$ff.cc:337:slice$77806 ($_DFFE_PN0P_)
    port Q[0] of cell $auto$ff.cc:337:slice$77451 ($_DFFE_PP_)
Warning: multiple conflicting drivers for india_pdf_engine.\key [57]:
    port Q[0] of cell $auto$ff.cc:337:slice$77807 ($_DFFE_PN0P_)
    port Q[0] of cell $auto$ff.cc:337:slice$77452 ($_DFFE_PP_)
Warning: multiple conflicting drivers for india_pdf_engine.\key [58]:
    port Q[0] of cell $auto$ff.cc:337:slice$77808 ($_DFFE_PN0P_)
    port Q[0] of cell $auto$ff.cc:337:slice$77453 ($_DFFE_PP_)
Warning: multiple conflicting drivers for india_pdf_engine.\key [59]:
    port Q[0] of cell $auto$ff.cc:337:slice$77809 ($_DFFE_PN0P_)
    port Q[0] of cell $auto$ff.cc:337:slice$77454 ($_DFFE_PP_)
Warning: multiple conflicting drivers for india_pdf_engine.\key [60]:
    port Q[0] of cell $auto$ff.cc:337:slice$77810 ($_DFFE_PN0P_)
    port Q[0] of cell $auto$ff.cc:337:slice$77455 ($_DFFE_PP_)
Warning: multiple conflicting drivers for india_pdf_engine.\key [61]:
    port Q[0] of cell $auto$ff.cc:337:slice$77811 ($_DFFE_PN0P_)
    port Q[0] of cell $auto$ff.cc:337:slice$77456 ($_DFFE_PP_)
Warning: multiple conflicting drivers for india_pdf_engine.\key [62]:
    port Q[0] of cell $auto$ff.cc:337:slice$77812 ($_DFFE_PN0P_)
    port Q[0] of cell $auto$ff.cc:337:slice$77457 ($_DFFE_PP_)
Warning: multiple conflicting drivers for india_pdf_engine.\key [224]:
    port Q[0] of cell $auto$ff.cc:337:slice$77816 ($_DFFE_PN0P_)
    port Q[0] of cell $auto$ff.cc:337:slice$77464 ($_DFFE_PP_)
Warning: multiple conflicting drivers for india_pdf_engine.\key [225]:
    port Q[0] of cell $auto$ff.cc:337:slice$77817 ($_DFFE_PN0P_)
    port Q[0] of cell $auto$ff.cc:337:slice$77465 ($_DFFE_PP_)
Warning: multiple conflicting drivers for india_pdf_engine.\key [226]:
    port Q[0] of cell $auto$ff.cc:337:slice$77818 ($_DFFE_PN0P_)
    port Q[0] of cell $auto$ff.cc:337:slice$77466 ($_DFFE_PP_)
Warning: multiple conflicting drivers for india_pdf_engine.\key [227]:
    port Q[0] of cell $auto$ff.cc:337:slice$77819 ($_DFFE_PN0P_)
    port Q[0] of cell $auto$ff.cc:337:slice$77467 ($_DFFE_PP_)
Warning: multiple conflicting drivers for india_pdf_engine.\key [228]:
    port Q[0] of cell $auto$ff.cc:337:slice$77820 ($_DFFE_PN0P_)
    port Q[0] of cell $auto$ff.cc:337:slice$77468 ($_DFFE_PP_)
Warning: multiple conflicting drivers for india_pdf_engine.\key [229]:
    port Q[0] of cell $auto$ff.cc:337:slice$77821 ($_DFFE_PN0P_)
    port Q[0] of cell $auto$ff.cc:337:slice$77469 ($_DFFE_PP_)
Warning: multiple conflicting drivers for india_pdf_engine.\key [230]:
    port Q[0] of cell $auto$ff.cc:337:slice$77822 ($_DFFE_PN0P_)
    port Q[0] of cell $auto$ff.cc:337:slice$77470 ($_DFFE_PP_)
Warning: multiple conflicting drivers for india_pdf_engine.\key [231]:
    port Q[0] of cell $auto$ff.cc:337:slice$77823 ($_DFFE_PN0P_)
    port Q[0] of cell $auto$ff.cc:337:slice$77471 ($_DFFE_PP_)
Warning: multiple conflicting drivers for india_pdf_engine.\key [232]:
    port Q[0] of cell $auto$ff.cc:337:slice$77824 ($_DFFE_PN0P_)
    port Q[0] of cell $auto$ff.cc:337:slice$77472 ($_DFFE_PP_)
Warning: multiple conflicting drivers for india_pdf_engine.\key [233]:
    port Q[0] of cell $auto$ff.cc:337:slice$77825 ($_DFFE_PN0P_)
    port Q[0] of cell $auto$ff.cc:337:slice$77473 ($_DFFE_PP_)
Warning: multiple conflicting drivers for india_pdf_engine.\key [234]:
    port Q[0] of cell $auto$ff.cc:337:slice$77826 ($_DFFE_PN0P_)
    port Q[0] of cell $auto$ff.cc:337:slice$77474 ($_DFFE_PP_)
Warning: multiple conflicting drivers for india_pdf_engine.\key [235]:
    port Q[0] of cell $auto$ff.cc:337:slice$77827 ($_DFFE_PN0P_)
    port Q[0] of cell $auto$ff.cc:337:slice$77475 ($_DFFE_PP_)
Warning: multiple conflicting drivers for india_pdf_engine.\key [236]:
    port Q[0] of cell $auto$ff.cc:337:slice$77828 ($_DFFE_PN0P_)
    port Q[0] of cell $auto$ff.cc:337:slice$77476 ($_DFFE_PP_)
Warning: multiple conflicting drivers for india_pdf_engine.\key [237]:
    port Q[0] of cell $auto$ff.cc:337:slice$77829 ($_DFFE_PN0P_)
    port Q[0] of cell $auto$ff.cc:337:slice$77477 ($_DFFE_PP_)
Warning: multiple conflicting drivers for india_pdf_engine.\key [238]:
    port Q[0] of cell $auto$ff.cc:337:slice$77830 ($_DFFE_PN0P_)
    port Q[0] of cell $auto$ff.cc:337:slice$77478 ($_DFFE_PP_)
Warning: multiple conflicting drivers for india_pdf_engine.\key [239]:
    port Q[0] of cell $auto$ff.cc:337:slice$77831 ($_DFFE_PN0P_)
    port Q[0] of cell $auto$ff.cc:337:slice$77479 ($_DFFE_PP_)
Warning: multiple conflicting drivers for india_pdf_engine.\key [240]:
    port Q[0] of cell $auto$ff.cc:337:slice$77832 ($_DFFE_PN0P_)
    port Q[0] of cell $auto$ff.cc:337:slice$77480 ($_DFFE_PP_)
Warning: multiple conflicting drivers for india_pdf_engine.\key [241]:
    port Q[0] of cell $auto$ff.cc:337:slice$77833 ($_DFFE_PN0P_)
    port Q[0] of cell $auto$ff.cc:337:slice$77481 ($_DFFE_PP_)
Warning: multiple conflicting drivers for india_pdf_engine.\key [242]:
    port Q[0] of cell $auto$ff.cc:337:slice$77834 ($_DFFE_PN0P_)
    port Q[0] of cell $auto$ff.cc:337:slice$77482 ($_DFFE_PP_)
Warning: multiple conflicting drivers for india_pdf_engine.\key [243]:
    port Q[0] of cell $auto$ff.cc:337:slice$77835 ($_DFFE_PN0P_)
    port Q[0] of cell $auto$ff.cc:337:slice$77483 ($_DFFE_PP_)
Warning: multiple conflicting drivers for india_pdf_engine.\key [244]:
    port Q[0] of cell $auto$ff.cc:337:slice$77836 ($_DFFE_PN0P_)
    port Q[0] of cell $auto$ff.cc:337:slice$77484 ($_DFFE_PP_)
Warning: multiple conflicting drivers for india_pdf_engine.\key [245]:
    port Q[0] of cell $auto$ff.cc:337:slice$77837 ($_DFFE_PN0P_)
    port Q[0] of cell $auto$ff.cc:337:slice$77485 ($_DFFE_PP_)
Warning: multiple conflicting drivers for india_pdf_engine.\key [246]:
    port Q[0] of cell $auto$ff.cc:337:slice$77838 ($_DFFE_PN0P_)
    port Q[0] of cell $auto$ff.cc:337:slice$77486 ($_DFFE_PP_)
Warning: multiple conflicting drivers for india_pdf_engine.\key [247]:
    port Q[0] of cell $auto$ff.cc:337:slice$77839 ($_DFFE_PN0P_)
    port Q[0] of cell $auto$ff.cc:337:slice$77487 ($_DFFE_PP_)
Warning: multiple conflicting drivers for india_pdf_engine.\key [248]:
    port Q[0] of cell $auto$ff.cc:337:slice$77840 ($_DFFE_PN0P_)
    port Q[0] of cell $auto$ff.cc:337:slice$77488 ($_DFFE_PP_)
Warning: multiple conflicting drivers for india_pdf_engine.\key [249]:
    port Q[0] of cell $auto$ff.cc:337:slice$77841 ($_DFFE_PN0P_)
    port Q[0] of cell $auto$ff.cc:337:slice$77489 ($_DFFE_PP_)
Warning: multiple conflicting drivers for india_pdf_engine.\key [250]:
    port Q[0] of cell $auto$ff.cc:337:slice$77842 ($_DFFE_PN0P_)
    port Q[0] of cell $auto$ff.cc:337:slice$77490 ($_DFFE_PP_)
Warning: multiple conflicting drivers for india_pdf_engine.\key [251]:
    port Q[0] of cell $auto$ff.cc:337:slice$77843 ($_DFFE_PN0P_)
    port Q[0] of cell $auto$ff.cc:337:slice$77491 ($_DFFE_PP_)
Warning: multiple conflicting drivers for india_pdf_engine.\key [252]:
    port Q[0] of cell $auto$ff.cc:337:slice$77844 ($_DFFE_PN0P_)
    port Q[0] of cell $auto$ff.cc:337:slice$77492 ($_DFFE_PP_)
Warning: multiple conflicting drivers for india_pdf_engine.\key [253]:
    port Q[0] of cell $auto$ff.cc:337:slice$77845 ($_DFFE_PN0P_)
    port Q[0] of cell $auto$ff.cc:337:slice$77493 ($_DFFE_PP_)
Warning: multiple conflicting drivers for india_pdf_engine.\key [254]:
    port Q[0] of cell $auto$ff.cc:337:slice$77846 ($_DFFE_PN0P_)
    port Q[0] of cell $auto$ff.cc:337:slice$77494 ($_DFFE_PP_)
Warning: multiple conflicting drivers for india_pdf_engine.\key [192]:
    port Q[0] of cell $auto$ff.cc:337:slice$77850 ($_DFFE_PN0P_)
    port Q[0] of cell $auto$ff.cc:337:slice$77501 ($_DFFE_PP_)
Warning: multiple conflicting drivers for india_pdf_engine.\key [193]:
    port Q[0] of cell $auto$ff.cc:337:slice$77851 ($_DFFE_PN0P_)
    port Q[0] of cell $auto$ff.cc:337:slice$77502 ($_DFFE_PP_)
Warning: multiple conflicting drivers for india_pdf_engine.\key [194]:
    port Q[0] of cell $auto$ff.cc:337:slice$77852 ($_DFFE_PN0P_)
    port Q[0] of cell $auto$ff.cc:337:slice$77503 ($_DFFE_PP_)
Warning: multiple conflicting drivers for india_pdf_engine.\key [195]:
    port Q[0] of cell $auto$ff.cc:337:slice$77853 ($_DFFE_PN0P_)
    port Q[0] of cell $auto$ff.cc:337:slice$77504 ($_DFFE_PP_)
Warning: multiple conflicting drivers for india_pdf_engine.\key [196]:
    port Q[0] of cell $auto$ff.cc:337:slice$77854 ($_DFFE_PN0P_)
    port Q[0] of cell $auto$ff.cc:337:slice$77505 ($_DFFE_PP_)
Warning: multiple conflicting drivers for india_pdf_engine.\key [197]:
    port Q[0] of cell $auto$ff.cc:337:slice$77855 ($_DFFE_PN0P_)
    port Q[0] of cell $auto$ff.cc:337:slice$77506 ($_DFFE_PP_)
Warning: multiple conflicting drivers for india_pdf_engine.\key [198]:
    port Q[0] of cell $auto$ff.cc:337:slice$77856 ($_DFFE_PN0P_)
    port Q[0] of cell $auto$ff.cc:337:slice$77507 ($_DFFE_PP_)
Warning: multiple conflicting drivers for india_pdf_engine.\key [199]:
    port Q[0] of cell $auto$ff.cc:337:slice$77857 ($_DFFE_PN0P_)
    port Q[0] of cell $auto$ff.cc:337:slice$77508 ($_DFFE_PP_)
Warning: multiple conflicting drivers for india_pdf_engine.\key [200]:
    port Q[0] of cell $auto$ff.cc:337:slice$77858 ($_DFFE_PN0P_)
    port Q[0] of cell $auto$ff.cc:337:slice$77509 ($_DFFE_PP_)
Warning: multiple conflicting drivers for india_pdf_engine.\key [201]:
    port Q[0] of cell $auto$ff.cc:337:slice$77859 ($_DFFE_PN0P_)
    port Q[0] of cell $auto$ff.cc:337:slice$77510 ($_DFFE_PP_)
Warning: multiple conflicting drivers for india_pdf_engine.\key [202]:
    port Q[0] of cell $auto$ff.cc:337:slice$77860 ($_DFFE_PN0P_)
    port Q[0] of cell $auto$ff.cc:337:slice$77511 ($_DFFE_PP_)
Warning: multiple conflicting drivers for india_pdf_engine.\key [203]:
    port Q[0] of cell $auto$ff.cc:337:slice$77861 ($_DFFE_PN0P_)
    port Q[0] of cell $auto$ff.cc:337:slice$77512 ($_DFFE_PP_)
Warning: multiple conflicting drivers for india_pdf_engine.\key [204]:
    port Q[0] of cell $auto$ff.cc:337:slice$77862 ($_DFFE_PN0P_)
    port Q[0] of cell $auto$ff.cc:337:slice$77513 ($_DFFE_PP_)
Warning: multiple conflicting drivers for india_pdf_engine.\key [205]:
    port Q[0] of cell $auto$ff.cc:337:slice$77863 ($_DFFE_PN0P_)
    port Q[0] of cell $auto$ff.cc:337:slice$77514 ($_DFFE_PP_)
Warning: multiple conflicting drivers for india_pdf_engine.\key [206]:
    port Q[0] of cell $auto$ff.cc:337:slice$77864 ($_DFFE_PN0P_)
    port Q[0] of cell $auto$ff.cc:337:slice$77515 ($_DFFE_PP_)
Warning: multiple conflicting drivers for india_pdf_engine.\key [207]:
    port Q[0] of cell $auto$ff.cc:337:slice$77865 ($_DFFE_PN0P_)
    port Q[0] of cell $auto$ff.cc:337:slice$77516 ($_DFFE_PP_)
Warning: multiple conflicting drivers for india_pdf_engine.\key [208]:
    port Q[0] of cell $auto$ff.cc:337:slice$77866 ($_DFFE_PN0P_)
    port Q[0] of cell $auto$ff.cc:337:slice$77517 ($_DFFE_PP_)
Warning: multiple conflicting drivers for india_pdf_engine.\key [209]:
    port Q[0] of cell $auto$ff.cc:337:slice$77867 ($_DFFE_PN0P_)
    port Q[0] of cell $auto$ff.cc:337:slice$77518 ($_DFFE_PP_)
Warning: multiple conflicting drivers for india_pdf_engine.\key [210]:
    port Q[0] of cell $auto$ff.cc:337:slice$77868 ($_DFFE_PN0P_)
    port Q[0] of cell $auto$ff.cc:337:slice$77519 ($_DFFE_PP_)
Warning: multiple conflicting drivers for india_pdf_engine.\key [211]:
    port Q[0] of cell $auto$ff.cc:337:slice$77869 ($_DFFE_PN0P_)
    port Q[0] of cell $auto$ff.cc:337:slice$77520 ($_DFFE_PP_)
Warning: multiple conflicting drivers for india_pdf_engine.\key [212]:
    port Q[0] of cell $auto$ff.cc:337:slice$77870 ($_DFFE_PN0P_)
    port Q[0] of cell $auto$ff.cc:337:slice$77521 ($_DFFE_PP_)
Warning: multiple conflicting drivers for india_pdf_engine.\key [213]:
    port Q[0] of cell $auto$ff.cc:337:slice$77871 ($_DFFE_PN0P_)
    port Q[0] of cell $auto$ff.cc:337:slice$77522 ($_DFFE_PP_)
Warning: multiple conflicting drivers for india_pdf_engine.\key [214]:
    port Q[0] of cell $auto$ff.cc:337:slice$77872 ($_DFFE_PN0P_)
    port Q[0] of cell $auto$ff.cc:337:slice$77523 ($_DFFE_PP_)
Warning: multiple conflicting drivers for india_pdf_engine.\key [215]:
    port Q[0] of cell $auto$ff.cc:337:slice$77873 ($_DFFE_PN0P_)
    port Q[0] of cell $auto$ff.cc:337:slice$77524 ($_DFFE_PP_)
Warning: multiple conflicting drivers for india_pdf_engine.\key [216]:
    port Q[0] of cell $auto$ff.cc:337:slice$77874 ($_DFFE_PN0P_)
    port Q[0] of cell $auto$ff.cc:337:slice$77525 ($_DFFE_PP_)
Warning: multiple conflicting drivers for india_pdf_engine.\key [217]:
    port Q[0] of cell $auto$ff.cc:337:slice$77875 ($_DFFE_PN0P_)
    port Q[0] of cell $auto$ff.cc:337:slice$77526 ($_DFFE_PP_)
Warning: multiple conflicting drivers for india_pdf_engine.\key [218]:
    port Q[0] of cell $auto$ff.cc:337:slice$77876 ($_DFFE_PN0P_)
    port Q[0] of cell $auto$ff.cc:337:slice$77527 ($_DFFE_PP_)
Warning: multiple conflicting drivers for india_pdf_engine.\key [219]:
    port Q[0] of cell $auto$ff.cc:337:slice$77877 ($_DFFE_PN0P_)
    port Q[0] of cell $auto$ff.cc:337:slice$77528 ($_DFFE_PP_)
Warning: multiple conflicting drivers for india_pdf_engine.\key [220]:
    port Q[0] of cell $auto$ff.cc:337:slice$77878 ($_DFFE_PN0P_)
    port Q[0] of cell $auto$ff.cc:337:slice$77529 ($_DFFE_PP_)
Warning: multiple conflicting drivers for india_pdf_engine.\key [221]:
    port Q[0] of cell $auto$ff.cc:337:slice$77879 ($_DFFE_PN0P_)
    port Q[0] of cell $auto$ff.cc:337:slice$77530 ($_DFFE_PP_)
Warning: multiple conflicting drivers for india_pdf_engine.\key [222]:
    port Q[0] of cell $auto$ff.cc:337:slice$77880 ($_DFFE_PN0P_)
    port Q[0] of cell $auto$ff.cc:337:slice$77531 ($_DFFE_PP_)
Warning: multiple conflicting drivers for india_pdf_engine.\key [160]:
    port Q[0] of cell $auto$ff.cc:337:slice$77884 ($_DFFE_PN0P_)
    port Q[0] of cell $auto$ff.cc:337:slice$77538 ($_DFFE_PP_)
Warning: multiple conflicting drivers for india_pdf_engine.\key [161]:
    port Q[0] of cell $auto$ff.cc:337:slice$77885 ($_DFFE_PN0P_)
    port Q[0] of cell $auto$ff.cc:337:slice$77539 ($_DFFE_PP_)
Warning: multiple conflicting drivers for india_pdf_engine.\key [162]:
    port Q[0] of cell $auto$ff.cc:337:slice$77886 ($_DFFE_PN0P_)
    port Q[0] of cell $auto$ff.cc:337:slice$77540 ($_DFFE_PP_)
Warning: multiple conflicting drivers for india_pdf_engine.\key [163]:
    port Q[0] of cell $auto$ff.cc:337:slice$77887 ($_DFFE_PN0P_)
    port Q[0] of cell $auto$ff.cc:337:slice$77541 ($_DFFE_PP_)
Warning: multiple conflicting drivers for india_pdf_engine.\key [164]:
    port Q[0] of cell $auto$ff.cc:337:slice$77888 ($_DFFE_PN0P_)
    port Q[0] of cell $auto$ff.cc:337:slice$77542 ($_DFFE_PP_)
Warning: multiple conflicting drivers for india_pdf_engine.\key [165]:
    port Q[0] of cell $auto$ff.cc:337:slice$77889 ($_DFFE_PN0P_)
    port Q[0] of cell $auto$ff.cc:337:slice$77543 ($_DFFE_PP_)
Warning: multiple conflicting drivers for india_pdf_engine.\key [166]:
    port Q[0] of cell $auto$ff.cc:337:slice$77890 ($_DFFE_PN0P_)
    port Q[0] of cell $auto$ff.cc:337:slice$77544 ($_DFFE_PP_)
Warning: multiple conflicting drivers for india_pdf_engine.\key [167]:
    port Q[0] of cell $auto$ff.cc:337:slice$77891 ($_DFFE_PN0P_)
    port Q[0] of cell $auto$ff.cc:337:slice$77545 ($_DFFE_PP_)
Warning: multiple conflicting drivers for india_pdf_engine.\key [168]:
    port Q[0] of cell $auto$ff.cc:337:slice$77892 ($_DFFE_PN0P_)
    port Q[0] of cell $auto$ff.cc:337:slice$77546 ($_DFFE_PP_)
Warning: multiple conflicting drivers for india_pdf_engine.\key [169]:
    port Q[0] of cell $auto$ff.cc:337:slice$77893 ($_DFFE_PN0P_)
    port Q[0] of cell $auto$ff.cc:337:slice$77547 ($_DFFE_PP_)
Warning: multiple conflicting drivers for india_pdf_engine.\key [170]:
    port Q[0] of cell $auto$ff.cc:337:slice$77894 ($_DFFE_PN0P_)
    port Q[0] of cell $auto$ff.cc:337:slice$77548 ($_DFFE_PP_)
Warning: multiple conflicting drivers for india_pdf_engine.\key [171]:
    port Q[0] of cell $auto$ff.cc:337:slice$77895 ($_DFFE_PN0P_)
    port Q[0] of cell $auto$ff.cc:337:slice$77549 ($_DFFE_PP_)
Warning: multiple conflicting drivers for india_pdf_engine.\key [172]:
    port Q[0] of cell $auto$ff.cc:337:slice$77896 ($_DFFE_PN0P_)
    port Q[0] of cell $auto$ff.cc:337:slice$77550 ($_DFFE_PP_)
Warning: multiple conflicting drivers for india_pdf_engine.\key [173]:
    port Q[0] of cell $auto$ff.cc:337:slice$77897 ($_DFFE_PN0P_)
    port Q[0] of cell $auto$ff.cc:337:slice$77551 ($_DFFE_PP_)
Warning: multiple conflicting drivers for india_pdf_engine.\key [174]:
    port Q[0] of cell $auto$ff.cc:337:slice$77898 ($_DFFE_PN0P_)
    port Q[0] of cell $auto$ff.cc:337:slice$77552 ($_DFFE_PP_)
Warning: multiple conflicting drivers for india_pdf_engine.\key [175]:
    port Q[0] of cell $auto$ff.cc:337:slice$77899 ($_DFFE_PN0P_)
    port Q[0] of cell $auto$ff.cc:337:slice$77553 ($_DFFE_PP_)
Warning: multiple conflicting drivers for india_pdf_engine.\key [176]:
    port Q[0] of cell $auto$ff.cc:337:slice$77900 ($_DFFE_PN0P_)
    port Q[0] of cell $auto$ff.cc:337:slice$77554 ($_DFFE_PP_)
Warning: multiple conflicting drivers for india_pdf_engine.\key [177]:
    port Q[0] of cell $auto$ff.cc:337:slice$77901 ($_DFFE_PN0P_)
    port Q[0] of cell $auto$ff.cc:337:slice$77555 ($_DFFE_PP_)
Warning: multiple conflicting drivers for india_pdf_engine.\key [178]:
    port Q[0] of cell $auto$ff.cc:337:slice$77902 ($_DFFE_PN0P_)
    port Q[0] of cell $auto$ff.cc:337:slice$77556 ($_DFFE_PP_)
Warning: multiple conflicting drivers for india_pdf_engine.\key [179]:
    port Q[0] of cell $auto$ff.cc:337:slice$77903 ($_DFFE_PN0P_)
    port Q[0] of cell $auto$ff.cc:337:slice$77557 ($_DFFE_PP_)
Warning: multiple conflicting drivers for india_pdf_engine.\key [180]:
    port Q[0] of cell $auto$ff.cc:337:slice$77904 ($_DFFE_PN0P_)
    port Q[0] of cell $auto$ff.cc:337:slice$77558 ($_DFFE_PP_)
Warning: multiple conflicting drivers for india_pdf_engine.\key [181]:
    port Q[0] of cell $auto$ff.cc:337:slice$77905 ($_DFFE_PN0P_)
    port Q[0] of cell $auto$ff.cc:337:slice$77559 ($_DFFE_PP_)
Warning: multiple conflicting drivers for india_pdf_engine.\key [182]:
    port Q[0] of cell $auto$ff.cc:337:slice$77906 ($_DFFE_PN0P_)
    port Q[0] of cell $auto$ff.cc:337:slice$77560 ($_DFFE_PP_)
Warning: multiple conflicting drivers for india_pdf_engine.\key [183]:
    port Q[0] of cell $auto$ff.cc:337:slice$77907 ($_DFFE_PN0P_)
    port Q[0] of cell $auto$ff.cc:337:slice$77561 ($_DFFE_PP_)
Warning: multiple conflicting drivers for india_pdf_engine.\key [184]:
    port Q[0] of cell $auto$ff.cc:337:slice$77908 ($_DFFE_PN0P_)
    port Q[0] of cell $auto$ff.cc:337:slice$77562 ($_DFFE_PP_)
Warning: multiple conflicting drivers for india_pdf_engine.\key [185]:
    port Q[0] of cell $auto$ff.cc:337:slice$77909 ($_DFFE_PN0P_)
    port Q[0] of cell $auto$ff.cc:337:slice$77563 ($_DFFE_PP_)
Warning: multiple conflicting drivers for india_pdf_engine.\key [186]:
    port Q[0] of cell $auto$ff.cc:337:slice$77910 ($_DFFE_PN0P_)
    port Q[0] of cell $auto$ff.cc:337:slice$77564 ($_DFFE_PP_)
Warning: multiple conflicting drivers for india_pdf_engine.\key [187]:
    port Q[0] of cell $auto$ff.cc:337:slice$77911 ($_DFFE_PN0P_)
    port Q[0] of cell $auto$ff.cc:337:slice$77565 ($_DFFE_PP_)
Warning: multiple conflicting drivers for india_pdf_engine.\key [188]:
    port Q[0] of cell $auto$ff.cc:337:slice$77912 ($_DFFE_PN0P_)
    port Q[0] of cell $auto$ff.cc:337:slice$77566 ($_DFFE_PP_)
Warning: multiple conflicting drivers for india_pdf_engine.\key [189]:
    port Q[0] of cell $auto$ff.cc:337:slice$77913 ($_DFFE_PN0P_)
    port Q[0] of cell $auto$ff.cc:337:slice$77567 ($_DFFE_PP_)
Warning: multiple conflicting drivers for india_pdf_engine.\key [190]:
    port Q[0] of cell $auto$ff.cc:337:slice$77914 ($_DFFE_PN0P_)
    port Q[0] of cell $auto$ff.cc:337:slice$77568 ($_DFFE_PP_)
Warning: multiple conflicting drivers for india_pdf_engine.\key [128]:
    port Q[0] of cell $auto$ff.cc:337:slice$77918 ($_DFFE_PN0P_)
    port Q[0] of cell $auto$ff.cc:337:slice$77575 ($_DFFE_PP_)
Warning: multiple conflicting drivers for india_pdf_engine.\key [129]:
    port Q[0] of cell $auto$ff.cc:337:slice$77919 ($_DFFE_PN0P_)
    port Q[0] of cell $auto$ff.cc:337:slice$77576 ($_DFFE_PP_)
Warning: multiple conflicting drivers for india_pdf_engine.\key [130]:
    port Q[0] of cell $auto$ff.cc:337:slice$77920 ($_DFFE_PN0P_)
    port Q[0] of cell $auto$ff.cc:337:slice$77577 ($_DFFE_PP_)
Warning: multiple conflicting drivers for india_pdf_engine.\key [131]:
    port Q[0] of cell $auto$ff.cc:337:slice$77921 ($_DFFE_PN0P_)
    port Q[0] of cell $auto$ff.cc:337:slice$77578 ($_DFFE_PP_)
Warning: multiple conflicting drivers for india_pdf_engine.\key [132]:
    port Q[0] of cell $auto$ff.cc:337:slice$77922 ($_DFFE_PN0P_)
    port Q[0] of cell $auto$ff.cc:337:slice$77579 ($_DFFE_PP_)
Warning: multiple conflicting drivers for india_pdf_engine.\key [133]:
    port Q[0] of cell $auto$ff.cc:337:slice$77923 ($_DFFE_PN0P_)
    port Q[0] of cell $auto$ff.cc:337:slice$77580 ($_DFFE_PP_)
Warning: multiple conflicting drivers for india_pdf_engine.\key [134]:
    port Q[0] of cell $auto$ff.cc:337:slice$77924 ($_DFFE_PN0P_)
    port Q[0] of cell $auto$ff.cc:337:slice$77581 ($_DFFE_PP_)
Warning: multiple conflicting drivers for india_pdf_engine.\key [135]:
    port Q[0] of cell $auto$ff.cc:337:slice$77925 ($_DFFE_PN0P_)
    port Q[0] of cell $auto$ff.cc:337:slice$77582 ($_DFFE_PP_)
Warning: multiple conflicting drivers for india_pdf_engine.\key [136]:
    port Q[0] of cell $auto$ff.cc:337:slice$77926 ($_DFFE_PN0P_)
    port Q[0] of cell $auto$ff.cc:337:slice$77583 ($_DFFE_PP_)
Warning: multiple conflicting drivers for india_pdf_engine.\key [137]:
    port Q[0] of cell $auto$ff.cc:337:slice$77927 ($_DFFE_PN0P_)
    port Q[0] of cell $auto$ff.cc:337:slice$77584 ($_DFFE_PP_)
Warning: multiple conflicting drivers for india_pdf_engine.\key [138]:
    port Q[0] of cell $auto$ff.cc:337:slice$77928 ($_DFFE_PN0P_)
    port Q[0] of cell $auto$ff.cc:337:slice$77585 ($_DFFE_PP_)
Warning: multiple conflicting drivers for india_pdf_engine.\key [139]:
    port Q[0] of cell $auto$ff.cc:337:slice$77929 ($_DFFE_PN0P_)
    port Q[0] of cell $auto$ff.cc:337:slice$77586 ($_DFFE_PP_)
Warning: multiple conflicting drivers for india_pdf_engine.\key [140]:
    port Q[0] of cell $auto$ff.cc:337:slice$77930 ($_DFFE_PN0P_)
    port Q[0] of cell $auto$ff.cc:337:slice$77587 ($_DFFE_PP_)
Warning: multiple conflicting drivers for india_pdf_engine.\key [141]:
    port Q[0] of cell $auto$ff.cc:337:slice$77931 ($_DFFE_PN0P_)
    port Q[0] of cell $auto$ff.cc:337:slice$77588 ($_DFFE_PP_)
Warning: multiple conflicting drivers for india_pdf_engine.\key [142]:
    port Q[0] of cell $auto$ff.cc:337:slice$77932 ($_DFFE_PN0P_)
    port Q[0] of cell $auto$ff.cc:337:slice$77589 ($_DFFE_PP_)
Warning: multiple conflicting drivers for india_pdf_engine.\key [143]:
    port Q[0] of cell $auto$ff.cc:337:slice$77933 ($_DFFE_PN0P_)
    port Q[0] of cell $auto$ff.cc:337:slice$77590 ($_DFFE_PP_)
Warning: multiple conflicting drivers for india_pdf_engine.\key [144]:
    port Q[0] of cell $auto$ff.cc:337:slice$77934 ($_DFFE_PN0P_)
    port Q[0] of cell $auto$ff.cc:337:slice$77591 ($_DFFE_PP_)
Warning: multiple conflicting drivers for india_pdf_engine.\key [145]:
    port Q[0] of cell $auto$ff.cc:337:slice$77935 ($_DFFE_PN0P_)
    port Q[0] of cell $auto$ff.cc:337:slice$77592 ($_DFFE_PP_)
Warning: multiple conflicting drivers for india_pdf_engine.\key [146]:
    port Q[0] of cell $auto$ff.cc:337:slice$77936 ($_DFFE_PN0P_)
    port Q[0] of cell $auto$ff.cc:337:slice$77593 ($_DFFE_PP_)
Warning: multiple conflicting drivers for india_pdf_engine.\key [147]:
    port Q[0] of cell $auto$ff.cc:337:slice$77937 ($_DFFE_PN0P_)
    port Q[0] of cell $auto$ff.cc:337:slice$77594 ($_DFFE_PP_)
Warning: multiple conflicting drivers for india_pdf_engine.\key [148]:
    port Q[0] of cell $auto$ff.cc:337:slice$77938 ($_DFFE_PN0P_)
    port Q[0] of cell $auto$ff.cc:337:slice$77595 ($_DFFE_PP_)
Warning: multiple conflicting drivers for india_pdf_engine.\key [149]:
    port Q[0] of cell $auto$ff.cc:337:slice$77939 ($_DFFE_PN0P_)
    port Q[0] of cell $auto$ff.cc:337:slice$77596 ($_DFFE_PP_)
Warning: multiple conflicting drivers for india_pdf_engine.\key [150]:
    port Q[0] of cell $auto$ff.cc:337:slice$77940 ($_DFFE_PN0P_)
    port Q[0] of cell $auto$ff.cc:337:slice$77597 ($_DFFE_PP_)
Warning: multiple conflicting drivers for india_pdf_engine.\key [151]:
    port Q[0] of cell $auto$ff.cc:337:slice$77941 ($_DFFE_PN0P_)
    port Q[0] of cell $auto$ff.cc:337:slice$77598 ($_DFFE_PP_)
Warning: multiple conflicting drivers for india_pdf_engine.\key [152]:
    port Q[0] of cell $auto$ff.cc:337:slice$77942 ($_DFFE_PN0P_)
    port Q[0] of cell $auto$ff.cc:337:slice$77599 ($_DFFE_PP_)
Warning: multiple conflicting drivers for india_pdf_engine.\key [153]:
    port Q[0] of cell $auto$ff.cc:337:slice$77943 ($_DFFE_PN0P_)
    port Q[0] of cell $auto$ff.cc:337:slice$77600 ($_DFFE_PP_)
Warning: multiple conflicting drivers for india_pdf_engine.\key [154]:
    port Q[0] of cell $auto$ff.cc:337:slice$77944 ($_DFFE_PN0P_)
    port Q[0] of cell $auto$ff.cc:337:slice$77601 ($_DFFE_PP_)
Warning: multiple conflicting drivers for india_pdf_engine.\key [155]:
    port Q[0] of cell $auto$ff.cc:337:slice$77945 ($_DFFE_PN0P_)
    port Q[0] of cell $auto$ff.cc:337:slice$77602 ($_DFFE_PP_)
Warning: multiple conflicting drivers for india_pdf_engine.\key [156]:
    port Q[0] of cell $auto$ff.cc:337:slice$77946 ($_DFFE_PN0P_)
    port Q[0] of cell $auto$ff.cc:337:slice$77603 ($_DFFE_PP_)
Warning: multiple conflicting drivers for india_pdf_engine.\key [157]:
    port Q[0] of cell $auto$ff.cc:337:slice$77947 ($_DFFE_PN0P_)
    port Q[0] of cell $auto$ff.cc:337:slice$77604 ($_DFFE_PP_)
Warning: multiple conflicting drivers for india_pdf_engine.\key [158]:
    port Q[0] of cell $auto$ff.cc:337:slice$77948 ($_DFFE_PN0P_)
    port Q[0] of cell $auto$ff.cc:337:slice$77605 ($_DFFE_PP_)
Warning: multiple conflicting drivers for india_pdf_engine.\key [96]:
    port Q[0] of cell $auto$ff.cc:337:slice$77952 ($_DFFE_PN0P_)
    port Q[0] of cell $auto$ff.cc:337:slice$77612 ($_DFFE_PP_)
Warning: multiple conflicting drivers for india_pdf_engine.\key [97]:
    port Q[0] of cell $auto$ff.cc:337:slice$77953 ($_DFFE_PN0P_)
    port Q[0] of cell $auto$ff.cc:337:slice$77613 ($_DFFE_PP_)
Warning: multiple conflicting drivers for india_pdf_engine.\key [98]:
    port Q[0] of cell $auto$ff.cc:337:slice$77954 ($_DFFE_PN0P_)
    port Q[0] of cell $auto$ff.cc:337:slice$77614 ($_DFFE_PP_)
Warning: multiple conflicting drivers for india_pdf_engine.\key [99]:
    port Q[0] of cell $auto$ff.cc:337:slice$77955 ($_DFFE_PN0P_)
    port Q[0] of cell $auto$ff.cc:337:slice$77615 ($_DFFE_PP_)
Warning: multiple conflicting drivers for india_pdf_engine.\key [100]:
    port Q[0] of cell $auto$ff.cc:337:slice$77956 ($_DFFE_PN0P_)
    port Q[0] of cell $auto$ff.cc:337:slice$77616 ($_DFFE_PP_)
Warning: multiple conflicting drivers for india_pdf_engine.\key [101]:
    port Q[0] of cell $auto$ff.cc:337:slice$77957 ($_DFFE_PN0P_)
    port Q[0] of cell $auto$ff.cc:337:slice$77617 ($_DFFE_PP_)
Warning: multiple conflicting drivers for india_pdf_engine.\key [102]:
    port Q[0] of cell $auto$ff.cc:337:slice$77958 ($_DFFE_PN0P_)
    port Q[0] of cell $auto$ff.cc:337:slice$77618 ($_DFFE_PP_)
Warning: multiple conflicting drivers for india_pdf_engine.\key [103]:
    port Q[0] of cell $auto$ff.cc:337:slice$77959 ($_DFFE_PN0P_)
    port Q[0] of cell $auto$ff.cc:337:slice$77619 ($_DFFE_PP_)
Warning: multiple conflicting drivers for india_pdf_engine.\key [104]:
    port Q[0] of cell $auto$ff.cc:337:slice$77960 ($_DFFE_PN0P_)
    port Q[0] of cell $auto$ff.cc:337:slice$77620 ($_DFFE_PP_)
Warning: multiple conflicting drivers for india_pdf_engine.\key [105]:
    port Q[0] of cell $auto$ff.cc:337:slice$77961 ($_DFFE_PN0P_)
    port Q[0] of cell $auto$ff.cc:337:slice$77621 ($_DFFE_PP_)
Warning: multiple conflicting drivers for india_pdf_engine.\key [106]:
    port Q[0] of cell $auto$ff.cc:337:slice$77962 ($_DFFE_PN0P_)
    port Q[0] of cell $auto$ff.cc:337:slice$77622 ($_DFFE_PP_)
Warning: multiple conflicting drivers for india_pdf_engine.\key [107]:
    port Q[0] of cell $auto$ff.cc:337:slice$77963 ($_DFFE_PN0P_)
    port Q[0] of cell $auto$ff.cc:337:slice$77623 ($_DFFE_PP_)
Warning: multiple conflicting drivers for india_pdf_engine.\key [108]:
    port Q[0] of cell $auto$ff.cc:337:slice$77964 ($_DFFE_PN0P_)
    port Q[0] of cell $auto$ff.cc:337:slice$77624 ($_DFFE_PP_)
Warning: multiple conflicting drivers for india_pdf_engine.\key [109]:
    port Q[0] of cell $auto$ff.cc:337:slice$77965 ($_DFFE_PN0P_)
    port Q[0] of cell $auto$ff.cc:337:slice$77625 ($_DFFE_PP_)
Warning: multiple conflicting drivers for india_pdf_engine.\key [110]:
    port Q[0] of cell $auto$ff.cc:337:slice$77966 ($_DFFE_PN0P_)
    port Q[0] of cell $auto$ff.cc:337:slice$77626 ($_DFFE_PP_)
Warning: multiple conflicting drivers for india_pdf_engine.\key [111]:
    port Q[0] of cell $auto$ff.cc:337:slice$77967 ($_DFFE_PN0P_)
    port Q[0] of cell $auto$ff.cc:337:slice$77627 ($_DFFE_PP_)
Warning: multiple conflicting drivers for india_pdf_engine.\key [112]:
    port Q[0] of cell $auto$ff.cc:337:slice$77968 ($_DFFE_PN0P_)
    port Q[0] of cell $auto$ff.cc:337:slice$77628 ($_DFFE_PP_)
Warning: multiple conflicting drivers for india_pdf_engine.\key [113]:
    port Q[0] of cell $auto$ff.cc:337:slice$77969 ($_DFFE_PN0P_)
    port Q[0] of cell $auto$ff.cc:337:slice$77629 ($_DFFE_PP_)
Warning: multiple conflicting drivers for india_pdf_engine.\key [114]:
    port Q[0] of cell $auto$ff.cc:337:slice$77970 ($_DFFE_PN0P_)
    port Q[0] of cell $auto$ff.cc:337:slice$77630 ($_DFFE_PP_)
Warning: multiple conflicting drivers for india_pdf_engine.\key [115]:
    port Q[0] of cell $auto$ff.cc:337:slice$77971 ($_DFFE_PN0P_)
    port Q[0] of cell $auto$ff.cc:337:slice$77631 ($_DFFE_PP_)
Warning: multiple conflicting drivers for india_pdf_engine.\key [116]:
    port Q[0] of cell $auto$ff.cc:337:slice$77972 ($_DFFE_PN0P_)
    port Q[0] of cell $auto$ff.cc:337:slice$77632 ($_DFFE_PP_)
Warning: multiple conflicting drivers for india_pdf_engine.\key [117]:
    port Q[0] of cell $auto$ff.cc:337:slice$77973 ($_DFFE_PN0P_)
    port Q[0] of cell $auto$ff.cc:337:slice$77633 ($_DFFE_PP_)
Warning: multiple conflicting drivers for india_pdf_engine.\key [118]:
    port Q[0] of cell $auto$ff.cc:337:slice$77974 ($_DFFE_PN0P_)
    port Q[0] of cell $auto$ff.cc:337:slice$77634 ($_DFFE_PP_)
Warning: multiple conflicting drivers for india_pdf_engine.\key [119]:
    port Q[0] of cell $auto$ff.cc:337:slice$77975 ($_DFFE_PN0P_)
    port Q[0] of cell $auto$ff.cc:337:slice$77635 ($_DFFE_PP_)
Warning: multiple conflicting drivers for india_pdf_engine.\key [120]:
    port Q[0] of cell $auto$ff.cc:337:slice$77976 ($_DFFE_PN0P_)
    port Q[0] of cell $auto$ff.cc:337:slice$77636 ($_DFFE_PP_)
Warning: multiple conflicting drivers for india_pdf_engine.\key [121]:
    port Q[0] of cell $auto$ff.cc:337:slice$77977 ($_DFFE_PN0P_)
    port Q[0] of cell $auto$ff.cc:337:slice$77637 ($_DFFE_PP_)
Warning: multiple conflicting drivers for india_pdf_engine.\key [122]:
    port Q[0] of cell $auto$ff.cc:337:slice$77978 ($_DFFE_PN0P_)
    port Q[0] of cell $auto$ff.cc:337:slice$77638 ($_DFFE_PP_)
Warning: multiple conflicting drivers for india_pdf_engine.\key [123]:
    port Q[0] of cell $auto$ff.cc:337:slice$77979 ($_DFFE_PN0P_)
    port Q[0] of cell $auto$ff.cc:337:slice$77639 ($_DFFE_PP_)
Warning: multiple conflicting drivers for india_pdf_engine.\key [124]:
    port Q[0] of cell $auto$ff.cc:337:slice$77980 ($_DFFE_PN0P_)
    port Q[0] of cell $auto$ff.cc:337:slice$77640 ($_DFFE_PP_)
Warning: multiple conflicting drivers for india_pdf_engine.\key [125]:
    port Q[0] of cell $auto$ff.cc:337:slice$77981 ($_DFFE_PN0P_)
    port Q[0] of cell $auto$ff.cc:337:slice$77641 ($_DFFE_PP_)
Warning: multiple conflicting drivers for india_pdf_engine.\key [126]:
    port Q[0] of cell $auto$ff.cc:337:slice$77982 ($_DFFE_PN0P_)
    port Q[0] of cell $auto$ff.cc:337:slice$77642 ($_DFFE_PP_)
Warning: multiple conflicting drivers for india_pdf_engine.\key [64]:
    port Q[0] of cell $auto$ff.cc:337:slice$77986 ($_DFFE_PN0P_)
    port Q[0] of cell $auto$ff.cc:337:slice$77649 ($_DFFE_PP_)
Warning: multiple conflicting drivers for india_pdf_engine.\key [65]:
    port Q[0] of cell $auto$ff.cc:337:slice$77987 ($_DFFE_PN0P_)
    port Q[0] of cell $auto$ff.cc:337:slice$77650 ($_DFFE_PP_)
Warning: multiple conflicting drivers for india_pdf_engine.\key [66]:
    port Q[0] of cell $auto$ff.cc:337:slice$77988 ($_DFFE_PN0P_)
    port Q[0] of cell $auto$ff.cc:337:slice$77651 ($_DFFE_PP_)
Warning: multiple conflicting drivers for india_pdf_engine.\key [67]:
    port Q[0] of cell $auto$ff.cc:337:slice$77989 ($_DFFE_PN0P_)
    port Q[0] of cell $auto$ff.cc:337:slice$77652 ($_DFFE_PP_)
Warning: multiple conflicting drivers for india_pdf_engine.\key [68]:
    port Q[0] of cell $auto$ff.cc:337:slice$77990 ($_DFFE_PN0P_)
    port Q[0] of cell $auto$ff.cc:337:slice$77653 ($_DFFE_PP_)
Warning: multiple conflicting drivers for india_pdf_engine.\key [69]:
    port Q[0] of cell $auto$ff.cc:337:slice$77991 ($_DFFE_PN0P_)
    port Q[0] of cell $auto$ff.cc:337:slice$77654 ($_DFFE_PP_)
Warning: multiple conflicting drivers for india_pdf_engine.\key [70]:
    port Q[0] of cell $auto$ff.cc:337:slice$77992 ($_DFFE_PN0P_)
    port Q[0] of cell $auto$ff.cc:337:slice$77655 ($_DFFE_PP_)
Warning: multiple conflicting drivers for india_pdf_engine.\key [71]:
    port Q[0] of cell $auto$ff.cc:337:slice$77993 ($_DFFE_PN0P_)
    port Q[0] of cell $auto$ff.cc:337:slice$77656 ($_DFFE_PP_)
Warning: multiple conflicting drivers for india_pdf_engine.\key [72]:
    port Q[0] of cell $auto$ff.cc:337:slice$77994 ($_DFFE_PN0P_)
    port Q[0] of cell $auto$ff.cc:337:slice$77657 ($_DFFE_PP_)
Warning: multiple conflicting drivers for india_pdf_engine.\key [73]:
    port Q[0] of cell $auto$ff.cc:337:slice$77995 ($_DFFE_PN0P_)
    port Q[0] of cell $auto$ff.cc:337:slice$77658 ($_DFFE_PP_)
Warning: multiple conflicting drivers for india_pdf_engine.\key [74]:
    port Q[0] of cell $auto$ff.cc:337:slice$77996 ($_DFFE_PN0P_)
    port Q[0] of cell $auto$ff.cc:337:slice$77659 ($_DFFE_PP_)
Warning: multiple conflicting drivers for india_pdf_engine.\key [75]:
    port Q[0] of cell $auto$ff.cc:337:slice$77997 ($_DFFE_PN0P_)
    port Q[0] of cell $auto$ff.cc:337:slice$77660 ($_DFFE_PP_)
Warning: multiple conflicting drivers for india_pdf_engine.\key [76]:
    port Q[0] of cell $auto$ff.cc:337:slice$77998 ($_DFFE_PN0P_)
    port Q[0] of cell $auto$ff.cc:337:slice$77661 ($_DFFE_PP_)
Warning: multiple conflicting drivers for india_pdf_engine.\key [77]:
    port Q[0] of cell $auto$ff.cc:337:slice$77999 ($_DFFE_PN0P_)
    port Q[0] of cell $auto$ff.cc:337:slice$77662 ($_DFFE_PP_)
Warning: multiple conflicting drivers for india_pdf_engine.\key [78]:
    port Q[0] of cell $auto$ff.cc:337:slice$78000 ($_DFFE_PN0P_)
    port Q[0] of cell $auto$ff.cc:337:slice$77663 ($_DFFE_PP_)
Warning: multiple conflicting drivers for india_pdf_engine.\key [79]:
    port Q[0] of cell $auto$ff.cc:337:slice$78001 ($_DFFE_PN0P_)
    port Q[0] of cell $auto$ff.cc:337:slice$77664 ($_DFFE_PP_)
Warning: multiple conflicting drivers for india_pdf_engine.\key [80]:
    port Q[0] of cell $auto$ff.cc:337:slice$78002 ($_DFFE_PN0P_)
    port Q[0] of cell $auto$ff.cc:337:slice$77665 ($_DFFE_PP_)
Warning: multiple conflicting drivers for india_pdf_engine.\key [81]:
    port Q[0] of cell $auto$ff.cc:337:slice$78003 ($_DFFE_PN0P_)
    port Q[0] of cell $auto$ff.cc:337:slice$77666 ($_DFFE_PP_)
Warning: multiple conflicting drivers for india_pdf_engine.\key [82]:
    port Q[0] of cell $auto$ff.cc:337:slice$78004 ($_DFFE_PN0P_)
    port Q[0] of cell $auto$ff.cc:337:slice$77667 ($_DFFE_PP_)
Warning: multiple conflicting drivers for india_pdf_engine.\key [83]:
    port Q[0] of cell $auto$ff.cc:337:slice$78005 ($_DFFE_PN0P_)
    port Q[0] of cell $auto$ff.cc:337:slice$77668 ($_DFFE_PP_)
Warning: multiple conflicting drivers for india_pdf_engine.\key [84]:
    port Q[0] of cell $auto$ff.cc:337:slice$78006 ($_DFFE_PN0P_)
    port Q[0] of cell $auto$ff.cc:337:slice$77669 ($_DFFE_PP_)
Warning: multiple conflicting drivers for india_pdf_engine.\key [85]:
    port Q[0] of cell $auto$ff.cc:337:slice$78007 ($_DFFE_PN0P_)
    port Q[0] of cell $auto$ff.cc:337:slice$77670 ($_DFFE_PP_)
Warning: multiple conflicting drivers for india_pdf_engine.\key [86]:
    port Q[0] of cell $auto$ff.cc:337:slice$78008 ($_DFFE_PN0P_)
    port Q[0] of cell $auto$ff.cc:337:slice$77671 ($_DFFE_PP_)
Warning: multiple conflicting drivers for india_pdf_engine.\key [87]:
    port Q[0] of cell $auto$ff.cc:337:slice$78009 ($_DFFE_PN0P_)
    port Q[0] of cell $auto$ff.cc:337:slice$77672 ($_DFFE_PP_)
Warning: multiple conflicting drivers for india_pdf_engine.\key [88]:
    port Q[0] of cell $auto$ff.cc:337:slice$78010 ($_DFFE_PN0P_)
    port Q[0] of cell $auto$ff.cc:337:slice$77673 ($_DFFE_PP_)
Warning: multiple conflicting drivers for india_pdf_engine.\key [89]:
    port Q[0] of cell $auto$ff.cc:337:slice$78011 ($_DFFE_PN0P_)
    port Q[0] of cell $auto$ff.cc:337:slice$77674 ($_DFFE_PP_)
Warning: multiple conflicting drivers for india_pdf_engine.\key [90]:
    port Q[0] of cell $auto$ff.cc:337:slice$78012 ($_DFFE_PN0P_)
    port Q[0] of cell $auto$ff.cc:337:slice$77675 ($_DFFE_PP_)
Warning: multiple conflicting drivers for india_pdf_engine.\key [91]:
    port Q[0] of cell $auto$ff.cc:337:slice$78013 ($_DFFE_PN0P_)
    port Q[0] of cell $auto$ff.cc:337:slice$77676 ($_DFFE_PP_)
Warning: multiple conflicting drivers for india_pdf_engine.\key [92]:
    port Q[0] of cell $auto$ff.cc:337:slice$78014 ($_DFFE_PN0P_)
    port Q[0] of cell $auto$ff.cc:337:slice$77677 ($_DFFE_PP_)
Warning: multiple conflicting drivers for india_pdf_engine.\key [93]:
    port Q[0] of cell $auto$ff.cc:337:slice$78015 ($_DFFE_PN0P_)
    port Q[0] of cell $auto$ff.cc:337:slice$77678 ($_DFFE_PP_)
Warning: multiple conflicting drivers for india_pdf_engine.\key [94]:
    port Q[0] of cell $auto$ff.cc:337:slice$78016 ($_DFFE_PN0P_)
    port Q[0] of cell $auto$ff.cc:337:slice$77679 ($_DFFE_PP_)
Warning: multiple conflicting drivers for india_pdf_engine.\key [0]:
    port Q[0] of cell $auto$ff.cc:337:slice$78020 ($_DFFE_PN0P_)
    port Q[0] of cell $auto$ff.cc:337:slice$77686 ($_DFFE_PP_)
Warning: multiple conflicting drivers for india_pdf_engine.\key [1]:
    port Q[0] of cell $auto$ff.cc:337:slice$78021 ($_DFFE_PN0P_)
    port Q[0] of cell $auto$ff.cc:337:slice$77687 ($_DFFE_PP_)
Warning: multiple conflicting drivers for india_pdf_engine.\key [2]:
    port Q[0] of cell $auto$ff.cc:337:slice$78022 ($_DFFE_PN0P_)
    port Q[0] of cell $auto$ff.cc:337:slice$77688 ($_DFFE_PP_)
Warning: multiple conflicting drivers for india_pdf_engine.\key [3]:
    port Q[0] of cell $auto$ff.cc:337:slice$78023 ($_DFFE_PN0P_)
    port Q[0] of cell $auto$ff.cc:337:slice$77689 ($_DFFE_PP_)
Warning: multiple conflicting drivers for india_pdf_engine.\key [4]:
    port Q[0] of cell $auto$ff.cc:337:slice$78024 ($_DFFE_PN0P_)
    port Q[0] of cell $auto$ff.cc:337:slice$77690 ($_DFFE_PP_)
Warning: multiple conflicting drivers for india_pdf_engine.\key [5]:
    port Q[0] of cell $auto$ff.cc:337:slice$78025 ($_DFFE_PN0P_)
    port Q[0] of cell $auto$ff.cc:337:slice$77691 ($_DFFE_PP_)
Warning: multiple conflicting drivers for india_pdf_engine.\key [6]:
    port Q[0] of cell $auto$ff.cc:337:slice$78026 ($_DFFE_PN0P_)
    port Q[0] of cell $auto$ff.cc:337:slice$77692 ($_DFFE_PP_)
Warning: multiple conflicting drivers for india_pdf_engine.\key [7]:
    port Q[0] of cell $auto$ff.cc:337:slice$78027 ($_DFFE_PN0P_)
    port Q[0] of cell $auto$ff.cc:337:slice$77693 ($_DFFE_PP_)
Warning: multiple conflicting drivers for india_pdf_engine.\key [8]:
    port Q[0] of cell $auto$ff.cc:337:slice$78028 ($_DFFE_PN0P_)
    port Q[0] of cell $auto$ff.cc:337:slice$77694 ($_DFFE_PP_)
Warning: multiple conflicting drivers for india_pdf_engine.\key [9]:
    port Q[0] of cell $auto$ff.cc:337:slice$78029 ($_DFFE_PN0P_)
    port Q[0] of cell $auto$ff.cc:337:slice$77695 ($_DFFE_PP_)
Warning: multiple conflicting drivers for india_pdf_engine.\key [10]:
    port Q[0] of cell $auto$ff.cc:337:slice$78030 ($_DFFE_PN0P_)
    port Q[0] of cell $auto$ff.cc:337:slice$77696 ($_DFFE_PP_)
Warning: multiple conflicting drivers for india_pdf_engine.\key [11]:
    port Q[0] of cell $auto$ff.cc:337:slice$78031 ($_DFFE_PN0P_)
    port Q[0] of cell $auto$ff.cc:337:slice$77697 ($_DFFE_PP_)
Warning: multiple conflicting drivers for india_pdf_engine.\key [12]:
    port Q[0] of cell $auto$ff.cc:337:slice$78032 ($_DFFE_PN0P_)
    port Q[0] of cell $auto$ff.cc:337:slice$77698 ($_DFFE_PP_)
Warning: multiple conflicting drivers for india_pdf_engine.\key [13]:
    port Q[0] of cell $auto$ff.cc:337:slice$78033 ($_DFFE_PN0P_)
    port Q[0] of cell $auto$ff.cc:337:slice$77699 ($_DFFE_PP_)
Warning: multiple conflicting drivers for india_pdf_engine.\key [14]:
    port Q[0] of cell $auto$ff.cc:337:slice$78034 ($_DFFE_PN0P_)
    port Q[0] of cell $auto$ff.cc:337:slice$77700 ($_DFFE_PP_)
Warning: multiple conflicting drivers for india_pdf_engine.\key [15]:
    port Q[0] of cell $auto$ff.cc:337:slice$78035 ($_DFFE_PN0P_)
    port Q[0] of cell $auto$ff.cc:337:slice$77701 ($_DFFE_PP_)
Warning: multiple conflicting drivers for india_pdf_engine.\key [16]:
    port Q[0] of cell $auto$ff.cc:337:slice$78036 ($_DFFE_PN0P_)
    port Q[0] of cell $auto$ff.cc:337:slice$77702 ($_DFFE_PP_)
Warning: multiple conflicting drivers for india_pdf_engine.\key [17]:
    port Q[0] of cell $auto$ff.cc:337:slice$78037 ($_DFFE_PN0P_)
    port Q[0] of cell $auto$ff.cc:337:slice$77703 ($_DFFE_PP_)
Warning: multiple conflicting drivers for india_pdf_engine.\key [18]:
    port Q[0] of cell $auto$ff.cc:337:slice$78038 ($_DFFE_PN0P_)
    port Q[0] of cell $auto$ff.cc:337:slice$77704 ($_DFFE_PP_)
Warning: multiple conflicting drivers for india_pdf_engine.\key [19]:
    port Q[0] of cell $auto$ff.cc:337:slice$78039 ($_DFFE_PN0P_)
    port Q[0] of cell $auto$ff.cc:337:slice$77705 ($_DFFE_PP_)
Warning: multiple conflicting drivers for india_pdf_engine.\key [20]:
    port Q[0] of cell $auto$ff.cc:337:slice$78040 ($_DFFE_PN0P_)
    port Q[0] of cell $auto$ff.cc:337:slice$77706 ($_DFFE_PP_)
Warning: multiple conflicting drivers for india_pdf_engine.\key [21]:
    port Q[0] of cell $auto$ff.cc:337:slice$78041 ($_DFFE_PN0P_)
    port Q[0] of cell $auto$ff.cc:337:slice$77707 ($_DFFE_PP_)
Warning: multiple conflicting drivers for india_pdf_engine.\key [22]:
    port Q[0] of cell $auto$ff.cc:337:slice$78042 ($_DFFE_PN0P_)
    port Q[0] of cell $auto$ff.cc:337:slice$77708 ($_DFFE_PP_)
Warning: multiple conflicting drivers for india_pdf_engine.\key [23]:
    port Q[0] of cell $auto$ff.cc:337:slice$78043 ($_DFFE_PN0P_)
    port Q[0] of cell $auto$ff.cc:337:slice$77709 ($_DFFE_PP_)
Warning: multiple conflicting drivers for india_pdf_engine.\key [24]:
    port Q[0] of cell $auto$ff.cc:337:slice$78044 ($_DFFE_PN0P_)
    port Q[0] of cell $auto$ff.cc:337:slice$77710 ($_DFFE_PP_)
Warning: multiple conflicting drivers for india_pdf_engine.\key [25]:
    port Q[0] of cell $auto$ff.cc:337:slice$78045 ($_DFFE_PN0P_)
    port Q[0] of cell $auto$ff.cc:337:slice$77711 ($_DFFE_PP_)
Warning: multiple conflicting drivers for india_pdf_engine.\key [26]:
    port Q[0] of cell $auto$ff.cc:337:slice$78046 ($_DFFE_PN0P_)
    port Q[0] of cell $auto$ff.cc:337:slice$77712 ($_DFFE_PP_)
Warning: multiple conflicting drivers for india_pdf_engine.\key [27]:
    port Q[0] of cell $auto$ff.cc:337:slice$78047 ($_DFFE_PN0P_)
    port Q[0] of cell $auto$ff.cc:337:slice$77713 ($_DFFE_PP_)
Warning: multiple conflicting drivers for india_pdf_engine.\key [28]:
    port Q[0] of cell $auto$ff.cc:337:slice$78048 ($_DFFE_PN0P_)
    port Q[0] of cell $auto$ff.cc:337:slice$77714 ($_DFFE_PP_)
Warning: multiple conflicting drivers for india_pdf_engine.\key [29]:
    port Q[0] of cell $auto$ff.cc:337:slice$78049 ($_DFFE_PN0P_)
    port Q[0] of cell $auto$ff.cc:337:slice$77715 ($_DFFE_PP_)
Warning: multiple conflicting drivers for india_pdf_engine.\key [30]:
    port Q[0] of cell $auto$ff.cc:337:slice$78050 ($_DFFE_PN0P_)
    port Q[0] of cell $auto$ff.cc:337:slice$77716 ($_DFFE_PP_)
Warning: multiple conflicting drivers for india_pdf_engine.\nonce [32]:
    port Q[0] of cell $auto$ff.cc:337:slice$75816 ($_DFFE_PN0P_)
    port Q[0] of cell $auto$ff.cc:337:slice$77264 ($_DFFE_PP_)
Warning: multiple conflicting drivers for india_pdf_engine.\nonce [33]:
    port Q[0] of cell $auto$ff.cc:337:slice$75817 ($_DFFE_PN0P_)
    port Q[0] of cell $auto$ff.cc:337:slice$77265 ($_DFFE_PP_)
Warning: multiple conflicting drivers for india_pdf_engine.\nonce [34]:
    port Q[0] of cell $auto$ff.cc:337:slice$75818 ($_DFFE_PN0P_)
    port Q[0] of cell $auto$ff.cc:337:slice$77266 ($_DFFE_PP_)
Warning: multiple conflicting drivers for india_pdf_engine.\nonce [35]:
    port Q[0] of cell $auto$ff.cc:337:slice$75819 ($_DFFE_PN0P_)
    port Q[0] of cell $auto$ff.cc:337:slice$77267 ($_DFFE_PP_)
Warning: multiple conflicting drivers for india_pdf_engine.\nonce [36]:
    port Q[0] of cell $auto$ff.cc:337:slice$75820 ($_DFFE_PN0P_)
    port Q[0] of cell $auto$ff.cc:337:slice$77268 ($_DFFE_PP_)
Warning: multiple conflicting drivers for india_pdf_engine.\nonce [37]:
    port Q[0] of cell $auto$ff.cc:337:slice$75821 ($_DFFE_PN0P_)
    port Q[0] of cell $auto$ff.cc:337:slice$77269 ($_DFFE_PP_)
Warning: multiple conflicting drivers for india_pdf_engine.\nonce [38]:
    port Q[0] of cell $auto$ff.cc:337:slice$75822 ($_DFFE_PN0P_)
    port Q[0] of cell $auto$ff.cc:337:slice$77270 ($_DFFE_PP_)
Warning: multiple conflicting drivers for india_pdf_engine.\nonce [39]:
    port Q[0] of cell $auto$ff.cc:337:slice$75823 ($_DFFE_PN0P_)
    port Q[0] of cell $auto$ff.cc:337:slice$77271 ($_DFFE_PP_)
Warning: multiple conflicting drivers for india_pdf_engine.\nonce [40]:
    port Q[0] of cell $auto$ff.cc:337:slice$75824 ($_DFFE_PN0P_)
    port Q[0] of cell $auto$ff.cc:337:slice$77272 ($_DFFE_PP_)
Warning: multiple conflicting drivers for india_pdf_engine.\nonce [41]:
    port Q[0] of cell $auto$ff.cc:337:slice$75825 ($_DFFE_PN0P_)
    port Q[0] of cell $auto$ff.cc:337:slice$77273 ($_DFFE_PP_)
Warning: multiple conflicting drivers for india_pdf_engine.\nonce [42]:
    port Q[0] of cell $auto$ff.cc:337:slice$75826 ($_DFFE_PN0P_)
    port Q[0] of cell $auto$ff.cc:337:slice$77274 ($_DFFE_PP_)
Warning: multiple conflicting drivers for india_pdf_engine.\nonce [43]:
    port Q[0] of cell $auto$ff.cc:337:slice$75827 ($_DFFE_PN0P_)
    port Q[0] of cell $auto$ff.cc:337:slice$77275 ($_DFFE_PP_)
Warning: multiple conflicting drivers for india_pdf_engine.\nonce [44]:
    port Q[0] of cell $auto$ff.cc:337:slice$75828 ($_DFFE_PN0P_)
    port Q[0] of cell $auto$ff.cc:337:slice$77276 ($_DFFE_PP_)
Warning: multiple conflicting drivers for india_pdf_engine.\nonce [45]:
    port Q[0] of cell $auto$ff.cc:337:slice$75829 ($_DFFE_PN0P_)
    port Q[0] of cell $auto$ff.cc:337:slice$77277 ($_DFFE_PP_)
Warning: multiple conflicting drivers for india_pdf_engine.\nonce [46]:
    port Q[0] of cell $auto$ff.cc:337:slice$75830 ($_DFFE_PN0P_)
    port Q[0] of cell $auto$ff.cc:337:slice$77278 ($_DFFE_PP_)
Warning: multiple conflicting drivers for india_pdf_engine.\nonce [47]:
    port Q[0] of cell $auto$ff.cc:337:slice$75831 ($_DFFE_PN0P_)
    port Q[0] of cell $auto$ff.cc:337:slice$77279 ($_DFFE_PP_)
Warning: multiple conflicting drivers for india_pdf_engine.\nonce [48]:
    port Q[0] of cell $auto$ff.cc:337:slice$75832 ($_DFFE_PN0P_)
    port Q[0] of cell $auto$ff.cc:337:slice$77280 ($_DFFE_PP_)
Warning: multiple conflicting drivers for india_pdf_engine.\nonce [49]:
    port Q[0] of cell $auto$ff.cc:337:slice$75833 ($_DFFE_PN0P_)
    port Q[0] of cell $auto$ff.cc:337:slice$77281 ($_DFFE_PP_)
Warning: multiple conflicting drivers for india_pdf_engine.\nonce [50]:
    port Q[0] of cell $auto$ff.cc:337:slice$75834 ($_DFFE_PN0P_)
    port Q[0] of cell $auto$ff.cc:337:slice$77282 ($_DFFE_PP_)
Warning: multiple conflicting drivers for india_pdf_engine.\nonce [51]:
    port Q[0] of cell $auto$ff.cc:337:slice$75835 ($_DFFE_PN0P_)
    port Q[0] of cell $auto$ff.cc:337:slice$77283 ($_DFFE_PP_)
Warning: multiple conflicting drivers for india_pdf_engine.\nonce [52]:
    port Q[0] of cell $auto$ff.cc:337:slice$75836 ($_DFFE_PN0P_)
    port Q[0] of cell $auto$ff.cc:337:slice$77284 ($_DFFE_PP_)
Warning: multiple conflicting drivers for india_pdf_engine.\nonce [53]:
    port Q[0] of cell $auto$ff.cc:337:slice$75837 ($_DFFE_PN0P_)
    port Q[0] of cell $auto$ff.cc:337:slice$77285 ($_DFFE_PP_)
Warning: multiple conflicting drivers for india_pdf_engine.\nonce [54]:
    port Q[0] of cell $auto$ff.cc:337:slice$75838 ($_DFFE_PN0P_)
    port Q[0] of cell $auto$ff.cc:337:slice$77286 ($_DFFE_PP_)
Warning: multiple conflicting drivers for india_pdf_engine.\nonce [55]:
    port Q[0] of cell $auto$ff.cc:337:slice$75839 ($_DFFE_PN0P_)
    port Q[0] of cell $auto$ff.cc:337:slice$77287 ($_DFFE_PP_)
Warning: multiple conflicting drivers for india_pdf_engine.\nonce [56]:
    port Q[0] of cell $auto$ff.cc:337:slice$75840 ($_DFFE_PN0P_)
    port Q[0] of cell $auto$ff.cc:337:slice$77288 ($_DFFE_PP_)
Warning: multiple conflicting drivers for india_pdf_engine.\nonce [57]:
    port Q[0] of cell $auto$ff.cc:337:slice$75841 ($_DFFE_PN0P_)
    port Q[0] of cell $auto$ff.cc:337:slice$77289 ($_DFFE_PP_)
Warning: multiple conflicting drivers for india_pdf_engine.\nonce [58]:
    port Q[0] of cell $auto$ff.cc:337:slice$75842 ($_DFFE_PN0P_)
    port Q[0] of cell $auto$ff.cc:337:slice$77290 ($_DFFE_PP_)
Warning: multiple conflicting drivers for india_pdf_engine.\nonce [59]:
    port Q[0] of cell $auto$ff.cc:337:slice$75843 ($_DFFE_PN0P_)
    port Q[0] of cell $auto$ff.cc:337:slice$77291 ($_DFFE_PP_)
Warning: multiple conflicting drivers for india_pdf_engine.\nonce [60]:
    port Q[0] of cell $auto$ff.cc:337:slice$75844 ($_DFFE_PN0P_)
    port Q[0] of cell $auto$ff.cc:337:slice$77292 ($_DFFE_PP_)
Warning: multiple conflicting drivers for india_pdf_engine.\nonce [61]:
    port Q[0] of cell $auto$ff.cc:337:slice$75845 ($_DFFE_PN0P_)
    port Q[0] of cell $auto$ff.cc:337:slice$77293 ($_DFFE_PP_)
Warning: multiple conflicting drivers for india_pdf_engine.\nonce [62]:
    port Q[0] of cell $auto$ff.cc:337:slice$75846 ($_DFFE_PN0P_)
    port Q[0] of cell $auto$ff.cc:337:slice$77294 ($_DFFE_PP_)
Warning: multiple conflicting drivers for india_pdf_engine.\nonce [96]:
    port Q[0] of cell $auto$ff.cc:337:slice$75850 ($_DFFE_PN0P_)
    port Q[0] of cell $auto$ff.cc:337:slice$77301 ($_DFFE_PP_)
Warning: multiple conflicting drivers for india_pdf_engine.\nonce [97]:
    port Q[0] of cell $auto$ff.cc:337:slice$75851 ($_DFFE_PN0P_)
    port Q[0] of cell $auto$ff.cc:337:slice$77302 ($_DFFE_PP_)
Warning: multiple conflicting drivers for india_pdf_engine.\nonce [98]:
    port Q[0] of cell $auto$ff.cc:337:slice$75852 ($_DFFE_PN0P_)
    port Q[0] of cell $auto$ff.cc:337:slice$77303 ($_DFFE_PP_)
Warning: multiple conflicting drivers for india_pdf_engine.\nonce [99]:
    port Q[0] of cell $auto$ff.cc:337:slice$75853 ($_DFFE_PN0P_)
    port Q[0] of cell $auto$ff.cc:337:slice$77304 ($_DFFE_PP_)
Warning: multiple conflicting drivers for india_pdf_engine.\nonce [100]:
    port Q[0] of cell $auto$ff.cc:337:slice$75854 ($_DFFE_PN0P_)
    port Q[0] of cell $auto$ff.cc:337:slice$77305 ($_DFFE_PP_)
Warning: multiple conflicting drivers for india_pdf_engine.\nonce [101]:
    port Q[0] of cell $auto$ff.cc:337:slice$75855 ($_DFFE_PN0P_)
    port Q[0] of cell $auto$ff.cc:337:slice$77306 ($_DFFE_PP_)
Warning: multiple conflicting drivers for india_pdf_engine.\nonce [102]:
    port Q[0] of cell $auto$ff.cc:337:slice$75856 ($_DFFE_PN0P_)
    port Q[0] of cell $auto$ff.cc:337:slice$77307 ($_DFFE_PP_)
Warning: multiple conflicting drivers for india_pdf_engine.\nonce [103]:
    port Q[0] of cell $auto$ff.cc:337:slice$75857 ($_DFFE_PN0P_)
    port Q[0] of cell $auto$ff.cc:337:slice$77308 ($_DFFE_PP_)
Warning: multiple conflicting drivers for india_pdf_engine.\nonce [104]:
    port Q[0] of cell $auto$ff.cc:337:slice$75858 ($_DFFE_PN0P_)
    port Q[0] of cell $auto$ff.cc:337:slice$77309 ($_DFFE_PP_)
Warning: multiple conflicting drivers for india_pdf_engine.\nonce [105]:
    port Q[0] of cell $auto$ff.cc:337:slice$75859 ($_DFFE_PN0P_)
    port Q[0] of cell $auto$ff.cc:337:slice$77310 ($_DFFE_PP_)
Warning: multiple conflicting drivers for india_pdf_engine.\nonce [106]:
    port Q[0] of cell $auto$ff.cc:337:slice$75860 ($_DFFE_PN0P_)
    port Q[0] of cell $auto$ff.cc:337:slice$77311 ($_DFFE_PP_)
Warning: multiple conflicting drivers for india_pdf_engine.\nonce [107]:
    port Q[0] of cell $auto$ff.cc:337:slice$75861 ($_DFFE_PN0P_)
    port Q[0] of cell $auto$ff.cc:337:slice$77312 ($_DFFE_PP_)
Warning: multiple conflicting drivers for india_pdf_engine.\nonce [108]:
    port Q[0] of cell $auto$ff.cc:337:slice$75862 ($_DFFE_PN0P_)
    port Q[0] of cell $auto$ff.cc:337:slice$77313 ($_DFFE_PP_)
Warning: multiple conflicting drivers for india_pdf_engine.\nonce [109]:
    port Q[0] of cell $auto$ff.cc:337:slice$75863 ($_DFFE_PN0P_)
    port Q[0] of cell $auto$ff.cc:337:slice$77314 ($_DFFE_PP_)
Warning: multiple conflicting drivers for india_pdf_engine.\nonce [110]:
    port Q[0] of cell $auto$ff.cc:337:slice$75864 ($_DFFE_PN0P_)
    port Q[0] of cell $auto$ff.cc:337:slice$77315 ($_DFFE_PP_)
Warning: multiple conflicting drivers for india_pdf_engine.\nonce [111]:
    port Q[0] of cell $auto$ff.cc:337:slice$75865 ($_DFFE_PN0P_)
    port Q[0] of cell $auto$ff.cc:337:slice$77316 ($_DFFE_PP_)
Warning: multiple conflicting drivers for india_pdf_engine.\nonce [112]:
    port Q[0] of cell $auto$ff.cc:337:slice$75866 ($_DFFE_PN0P_)
    port Q[0] of cell $auto$ff.cc:337:slice$77317 ($_DFFE_PP_)
Warning: multiple conflicting drivers for india_pdf_engine.\nonce [113]:
    port Q[0] of cell $auto$ff.cc:337:slice$75867 ($_DFFE_PN0P_)
    port Q[0] of cell $auto$ff.cc:337:slice$77318 ($_DFFE_PP_)
Warning: multiple conflicting drivers for india_pdf_engine.\nonce [114]:
    port Q[0] of cell $auto$ff.cc:337:slice$75868 ($_DFFE_PN0P_)
    port Q[0] of cell $auto$ff.cc:337:slice$77319 ($_DFFE_PP_)
Warning: multiple conflicting drivers for india_pdf_engine.\nonce [115]:
    port Q[0] of cell $auto$ff.cc:337:slice$75869 ($_DFFE_PN0P_)
    port Q[0] of cell $auto$ff.cc:337:slice$77320 ($_DFFE_PP_)
Warning: multiple conflicting drivers for india_pdf_engine.\nonce [116]:
    port Q[0] of cell $auto$ff.cc:337:slice$75870 ($_DFFE_PN0P_)
    port Q[0] of cell $auto$ff.cc:337:slice$77321 ($_DFFE_PP_)
Warning: multiple conflicting drivers for india_pdf_engine.\nonce [117]:
    port Q[0] of cell $auto$ff.cc:337:slice$75871 ($_DFFE_PN0P_)
    port Q[0] of cell $auto$ff.cc:337:slice$77322 ($_DFFE_PP_)
Warning: multiple conflicting drivers for india_pdf_engine.\nonce [118]:
    port Q[0] of cell $auto$ff.cc:337:slice$75872 ($_DFFE_PN0P_)
    port Q[0] of cell $auto$ff.cc:337:slice$77323 ($_DFFE_PP_)
Warning: multiple conflicting drivers for india_pdf_engine.\nonce [119]:
    port Q[0] of cell $auto$ff.cc:337:slice$75873 ($_DFFE_PN0P_)
    port Q[0] of cell $auto$ff.cc:337:slice$77324 ($_DFFE_PP_)
Warning: multiple conflicting drivers for india_pdf_engine.\nonce [120]:
    port Q[0] of cell $auto$ff.cc:337:slice$75874 ($_DFFE_PN0P_)
    port Q[0] of cell $auto$ff.cc:337:slice$77325 ($_DFFE_PP_)
Warning: multiple conflicting drivers for india_pdf_engine.\nonce [121]:
    port Q[0] of cell $auto$ff.cc:337:slice$75875 ($_DFFE_PN0P_)
    port Q[0] of cell $auto$ff.cc:337:slice$77326 ($_DFFE_PP_)
Warning: multiple conflicting drivers for india_pdf_engine.\nonce [122]:
    port Q[0] of cell $auto$ff.cc:337:slice$75876 ($_DFFE_PN0P_)
    port Q[0] of cell $auto$ff.cc:337:slice$77327 ($_DFFE_PP_)
Warning: multiple conflicting drivers for india_pdf_engine.\nonce [123]:
    port Q[0] of cell $auto$ff.cc:337:slice$75877 ($_DFFE_PN0P_)
    port Q[0] of cell $auto$ff.cc:337:slice$77328 ($_DFFE_PP_)
Warning: multiple conflicting drivers for india_pdf_engine.\nonce [124]:
    port Q[0] of cell $auto$ff.cc:337:slice$75878 ($_DFFE_PN0P_)
    port Q[0] of cell $auto$ff.cc:337:slice$77329 ($_DFFE_PP_)
Warning: multiple conflicting drivers for india_pdf_engine.\nonce [125]:
    port Q[0] of cell $auto$ff.cc:337:slice$75879 ($_DFFE_PN0P_)
    port Q[0] of cell $auto$ff.cc:337:slice$77330 ($_DFFE_PP_)
Warning: multiple conflicting drivers for india_pdf_engine.\nonce [126]:
    port Q[0] of cell $auto$ff.cc:337:slice$75880 ($_DFFE_PN0P_)
    port Q[0] of cell $auto$ff.cc:337:slice$77331 ($_DFFE_PP_)
Warning: multiple conflicting drivers for india_pdf_engine.\nonce [64]:
    port Q[0] of cell $auto$ff.cc:337:slice$75884 ($_DFFE_PN0P_)
    port Q[0] of cell $auto$ff.cc:337:slice$77338 ($_DFFE_PP_)
Warning: multiple conflicting drivers for india_pdf_engine.\nonce [65]:
    port Q[0] of cell $auto$ff.cc:337:slice$75885 ($_DFFE_PN0P_)
    port Q[0] of cell $auto$ff.cc:337:slice$77339 ($_DFFE_PP_)
Warning: multiple conflicting drivers for india_pdf_engine.\nonce [66]:
    port Q[0] of cell $auto$ff.cc:337:slice$75886 ($_DFFE_PN0P_)
    port Q[0] of cell $auto$ff.cc:337:slice$77340 ($_DFFE_PP_)
Warning: multiple conflicting drivers for india_pdf_engine.\nonce [67]:
    port Q[0] of cell $auto$ff.cc:337:slice$75887 ($_DFFE_PN0P_)
    port Q[0] of cell $auto$ff.cc:337:slice$77341 ($_DFFE_PP_)
Warning: multiple conflicting drivers for india_pdf_engine.\nonce [68]:
    port Q[0] of cell $auto$ff.cc:337:slice$75888 ($_DFFE_PN0P_)
    port Q[0] of cell $auto$ff.cc:337:slice$77342 ($_DFFE_PP_)
Warning: multiple conflicting drivers for india_pdf_engine.\nonce [69]:
    port Q[0] of cell $auto$ff.cc:337:slice$75889 ($_DFFE_PN0P_)
    port Q[0] of cell $auto$ff.cc:337:slice$77343 ($_DFFE_PP_)
Warning: multiple conflicting drivers for india_pdf_engine.\nonce [70]:
    port Q[0] of cell $auto$ff.cc:337:slice$75890 ($_DFFE_PN0P_)
    port Q[0] of cell $auto$ff.cc:337:slice$77344 ($_DFFE_PP_)
Warning: multiple conflicting drivers for india_pdf_engine.\nonce [71]:
    port Q[0] of cell $auto$ff.cc:337:slice$75891 ($_DFFE_PN0P_)
    port Q[0] of cell $auto$ff.cc:337:slice$77345 ($_DFFE_PP_)
Warning: multiple conflicting drivers for india_pdf_engine.\nonce [72]:
    port Q[0] of cell $auto$ff.cc:337:slice$75892 ($_DFFE_PN0P_)
    port Q[0] of cell $auto$ff.cc:337:slice$77346 ($_DFFE_PP_)
Warning: multiple conflicting drivers for india_pdf_engine.\nonce [73]:
    port Q[0] of cell $auto$ff.cc:337:slice$75893 ($_DFFE_PN0P_)
    port Q[0] of cell $auto$ff.cc:337:slice$77347 ($_DFFE_PP_)
Warning: multiple conflicting drivers for india_pdf_engine.\nonce [74]:
    port Q[0] of cell $auto$ff.cc:337:slice$75894 ($_DFFE_PN0P_)
    port Q[0] of cell $auto$ff.cc:337:slice$77348 ($_DFFE_PP_)
Warning: multiple conflicting drivers for india_pdf_engine.\nonce [75]:
    port Q[0] of cell $auto$ff.cc:337:slice$75895 ($_DFFE_PN0P_)
    port Q[0] of cell $auto$ff.cc:337:slice$77349 ($_DFFE_PP_)
Warning: multiple conflicting drivers for india_pdf_engine.\nonce [76]:
    port Q[0] of cell $auto$ff.cc:337:slice$75896 ($_DFFE_PN0P_)
    port Q[0] of cell $auto$ff.cc:337:slice$77350 ($_DFFE_PP_)
Warning: multiple conflicting drivers for india_pdf_engine.\nonce [77]:
    port Q[0] of cell $auto$ff.cc:337:slice$75897 ($_DFFE_PN0P_)
    port Q[0] of cell $auto$ff.cc:337:slice$77351 ($_DFFE_PP_)
Warning: multiple conflicting drivers for india_pdf_engine.\nonce [78]:
    port Q[0] of cell $auto$ff.cc:337:slice$75898 ($_DFFE_PN0P_)
    port Q[0] of cell $auto$ff.cc:337:slice$77352 ($_DFFE_PP_)
Warning: multiple conflicting drivers for india_pdf_engine.\nonce [79]:
    port Q[0] of cell $auto$ff.cc:337:slice$75899 ($_DFFE_PN0P_)
    port Q[0] of cell $auto$ff.cc:337:slice$77353 ($_DFFE_PP_)
Warning: multiple conflicting drivers for india_pdf_engine.\nonce [80]:
    port Q[0] of cell $auto$ff.cc:337:slice$75900 ($_DFFE_PN0P_)
    port Q[0] of cell $auto$ff.cc:337:slice$77354 ($_DFFE_PP_)
Warning: multiple conflicting drivers for india_pdf_engine.\nonce [81]:
    port Q[0] of cell $auto$ff.cc:337:slice$75901 ($_DFFE_PN0P_)
    port Q[0] of cell $auto$ff.cc:337:slice$77355 ($_DFFE_PP_)
Warning: multiple conflicting drivers for india_pdf_engine.\nonce [82]:
    port Q[0] of cell $auto$ff.cc:337:slice$75902 ($_DFFE_PN0P_)
    port Q[0] of cell $auto$ff.cc:337:slice$77356 ($_DFFE_PP_)
Warning: multiple conflicting drivers for india_pdf_engine.\nonce [83]:
    port Q[0] of cell $auto$ff.cc:337:slice$75903 ($_DFFE_PN0P_)
    port Q[0] of cell $auto$ff.cc:337:slice$77357 ($_DFFE_PP_)
Warning: multiple conflicting drivers for india_pdf_engine.\nonce [84]:
    port Q[0] of cell $auto$ff.cc:337:slice$75904 ($_DFFE_PN0P_)
    port Q[0] of cell $auto$ff.cc:337:slice$77358 ($_DFFE_PP_)
Warning: multiple conflicting drivers for india_pdf_engine.\nonce [85]:
    port Q[0] of cell $auto$ff.cc:337:slice$75905 ($_DFFE_PN0P_)
    port Q[0] of cell $auto$ff.cc:337:slice$77359 ($_DFFE_PP_)
Warning: multiple conflicting drivers for india_pdf_engine.\nonce [86]:
    port Q[0] of cell $auto$ff.cc:337:slice$75906 ($_DFFE_PN0P_)
    port Q[0] of cell $auto$ff.cc:337:slice$77360 ($_DFFE_PP_)
Warning: multiple conflicting drivers for india_pdf_engine.\nonce [87]:
    port Q[0] of cell $auto$ff.cc:337:slice$75907 ($_DFFE_PN0P_)
    port Q[0] of cell $auto$ff.cc:337:slice$77361 ($_DFFE_PP_)
Warning: multiple conflicting drivers for india_pdf_engine.\nonce [88]:
    port Q[0] of cell $auto$ff.cc:337:slice$75908 ($_DFFE_PN0P_)
    port Q[0] of cell $auto$ff.cc:337:slice$77362 ($_DFFE_PP_)
Warning: multiple conflicting drivers for india_pdf_engine.\nonce [89]:
    port Q[0] of cell $auto$ff.cc:337:slice$75909 ($_DFFE_PN0P_)
    port Q[0] of cell $auto$ff.cc:337:slice$77363 ($_DFFE_PP_)
Warning: multiple conflicting drivers for india_pdf_engine.\nonce [90]:
    port Q[0] of cell $auto$ff.cc:337:slice$75910 ($_DFFE_PN0P_)
    port Q[0] of cell $auto$ff.cc:337:slice$77364 ($_DFFE_PP_)
Warning: multiple conflicting drivers for india_pdf_engine.\nonce [91]:
    port Q[0] of cell $auto$ff.cc:337:slice$75911 ($_DFFE_PN0P_)
    port Q[0] of cell $auto$ff.cc:337:slice$77365 ($_DFFE_PP_)
Warning: multiple conflicting drivers for india_pdf_engine.\nonce [92]:
    port Q[0] of cell $auto$ff.cc:337:slice$75912 ($_DFFE_PN0P_)
    port Q[0] of cell $auto$ff.cc:337:slice$77366 ($_DFFE_PP_)
Warning: multiple conflicting drivers for india_pdf_engine.\nonce [93]:
    port Q[0] of cell $auto$ff.cc:337:slice$75913 ($_DFFE_PN0P_)
    port Q[0] of cell $auto$ff.cc:337:slice$77367 ($_DFFE_PP_)
Warning: multiple conflicting drivers for india_pdf_engine.\nonce [94]:
    port Q[0] of cell $auto$ff.cc:337:slice$75914 ($_DFFE_PN0P_)
    port Q[0] of cell $auto$ff.cc:337:slice$77368 ($_DFFE_PP_)
Warning: multiple conflicting drivers for india_pdf_engine.\nonce [0]:
    port Q[0] of cell $auto$ff.cc:337:slice$75918 ($_DFFE_PN0P_)
    port Q[0] of cell $auto$ff.cc:337:slice$77375 ($_DFFE_PP_)
Warning: multiple conflicting drivers for india_pdf_engine.\nonce [1]:
    port Q[0] of cell $auto$ff.cc:337:slice$75919 ($_DFFE_PN0P_)
    port Q[0] of cell $auto$ff.cc:337:slice$77376 ($_DFFE_PP_)
Warning: multiple conflicting drivers for india_pdf_engine.\nonce [2]:
    port Q[0] of cell $auto$ff.cc:337:slice$75920 ($_DFFE_PN0P_)
    port Q[0] of cell $auto$ff.cc:337:slice$77377 ($_DFFE_PP_)
Warning: multiple conflicting drivers for india_pdf_engine.\nonce [3]:
    port Q[0] of cell $auto$ff.cc:337:slice$75921 ($_DFFE_PN0P_)
    port Q[0] of cell $auto$ff.cc:337:slice$77378 ($_DFFE_PP_)
Warning: multiple conflicting drivers for india_pdf_engine.\nonce [4]:
    port Q[0] of cell $auto$ff.cc:337:slice$75922 ($_DFFE_PN0P_)
    port Q[0] of cell $auto$ff.cc:337:slice$77379 ($_DFFE_PP_)
Warning: multiple conflicting drivers for india_pdf_engine.\nonce [5]:
    port Q[0] of cell $auto$ff.cc:337:slice$75923 ($_DFFE_PN0P_)
    port Q[0] of cell $auto$ff.cc:337:slice$77380 ($_DFFE_PP_)
Warning: multiple conflicting drivers for india_pdf_engine.\nonce [6]:
    port Q[0] of cell $auto$ff.cc:337:slice$75924 ($_DFFE_PN0P_)
    port Q[0] of cell $auto$ff.cc:337:slice$77381 ($_DFFE_PP_)
Warning: multiple conflicting drivers for india_pdf_engine.\nonce [7]:
    port Q[0] of cell $auto$ff.cc:337:slice$75925 ($_DFFE_PN0P_)
    port Q[0] of cell $auto$ff.cc:337:slice$77382 ($_DFFE_PP_)
Warning: multiple conflicting drivers for india_pdf_engine.\nonce [8]:
    port Q[0] of cell $auto$ff.cc:337:slice$75926 ($_DFFE_PN0P_)
    port Q[0] of cell $auto$ff.cc:337:slice$77383 ($_DFFE_PP_)
Warning: multiple conflicting drivers for india_pdf_engine.\nonce [9]:
    port Q[0] of cell $auto$ff.cc:337:slice$75927 ($_DFFE_PN0P_)
    port Q[0] of cell $auto$ff.cc:337:slice$77384 ($_DFFE_PP_)
Warning: multiple conflicting drivers for india_pdf_engine.\nonce [10]:
    port Q[0] of cell $auto$ff.cc:337:slice$75928 ($_DFFE_PN0P_)
    port Q[0] of cell $auto$ff.cc:337:slice$77385 ($_DFFE_PP_)
Warning: multiple conflicting drivers for india_pdf_engine.\nonce [11]:
    port Q[0] of cell $auto$ff.cc:337:slice$75929 ($_DFFE_PN0P_)
    port Q[0] of cell $auto$ff.cc:337:slice$77386 ($_DFFE_PP_)
Warning: multiple conflicting drivers for india_pdf_engine.\nonce [12]:
    port Q[0] of cell $auto$ff.cc:337:slice$75930 ($_DFFE_PN0P_)
    port Q[0] of cell $auto$ff.cc:337:slice$77387 ($_DFFE_PP_)
Warning: multiple conflicting drivers for india_pdf_engine.\nonce [13]:
    port Q[0] of cell $auto$ff.cc:337:slice$75931 ($_DFFE_PN0P_)
    port Q[0] of cell $auto$ff.cc:337:slice$77388 ($_DFFE_PP_)
Warning: multiple conflicting drivers for india_pdf_engine.\nonce [14]:
    port Q[0] of cell $auto$ff.cc:337:slice$75932 ($_DFFE_PN0P_)
    port Q[0] of cell $auto$ff.cc:337:slice$77389 ($_DFFE_PP_)
Warning: multiple conflicting drivers for india_pdf_engine.\nonce [15]:
    port Q[0] of cell $auto$ff.cc:337:slice$75933 ($_DFFE_PN0P_)
    port Q[0] of cell $auto$ff.cc:337:slice$77390 ($_DFFE_PP_)
Warning: multiple conflicting drivers for india_pdf_engine.\nonce [16]:
    port Q[0] of cell $auto$ff.cc:337:slice$75934 ($_DFFE_PN0P_)
    port Q[0] of cell $auto$ff.cc:337:slice$77391 ($_DFFE_PP_)
Warning: multiple conflicting drivers for india_pdf_engine.\nonce [17]:
    port Q[0] of cell $auto$ff.cc:337:slice$75935 ($_DFFE_PN0P_)
    port Q[0] of cell $auto$ff.cc:337:slice$77392 ($_DFFE_PP_)
Warning: multiple conflicting drivers for india_pdf_engine.\nonce [18]:
    port Q[0] of cell $auto$ff.cc:337:slice$75936 ($_DFFE_PN0P_)
    port Q[0] of cell $auto$ff.cc:337:slice$77393 ($_DFFE_PP_)
Warning: multiple conflicting drivers for india_pdf_engine.\nonce [19]:
    port Q[0] of cell $auto$ff.cc:337:slice$75937 ($_DFFE_PN0P_)
    port Q[0] of cell $auto$ff.cc:337:slice$77394 ($_DFFE_PP_)
Warning: multiple conflicting drivers for india_pdf_engine.\nonce [20]:
    port Q[0] of cell $auto$ff.cc:337:slice$75938 ($_DFFE_PN0P_)
    port Q[0] of cell $auto$ff.cc:337:slice$77395 ($_DFFE_PP_)
Warning: multiple conflicting drivers for india_pdf_engine.\nonce [21]:
    port Q[0] of cell $auto$ff.cc:337:slice$75939 ($_DFFE_PN0P_)
    port Q[0] of cell $auto$ff.cc:337:slice$77396 ($_DFFE_PP_)
Warning: multiple conflicting drivers for india_pdf_engine.\nonce [22]:
    port Q[0] of cell $auto$ff.cc:337:slice$75940 ($_DFFE_PN0P_)
    port Q[0] of cell $auto$ff.cc:337:slice$77397 ($_DFFE_PP_)
Warning: multiple conflicting drivers for india_pdf_engine.\nonce [23]:
    port Q[0] of cell $auto$ff.cc:337:slice$75941 ($_DFFE_PN0P_)
    port Q[0] of cell $auto$ff.cc:337:slice$77398 ($_DFFE_PP_)
Warning: multiple conflicting drivers for india_pdf_engine.\nonce [24]:
    port Q[0] of cell $auto$ff.cc:337:slice$75942 ($_DFFE_PN0P_)
    port Q[0] of cell $auto$ff.cc:337:slice$77399 ($_DFFE_PP_)
Warning: multiple conflicting drivers for india_pdf_engine.\nonce [25]:
    port Q[0] of cell $auto$ff.cc:337:slice$75943 ($_DFFE_PN0P_)
    port Q[0] of cell $auto$ff.cc:337:slice$77400 ($_DFFE_PP_)
Warning: multiple conflicting drivers for india_pdf_engine.\nonce [26]:
    port Q[0] of cell $auto$ff.cc:337:slice$75944 ($_DFFE_PN0P_)
    port Q[0] of cell $auto$ff.cc:337:slice$77401 ($_DFFE_PP_)
Warning: multiple conflicting drivers for india_pdf_engine.\nonce [27]:
    port Q[0] of cell $auto$ff.cc:337:slice$75945 ($_DFFE_PN0P_)
    port Q[0] of cell $auto$ff.cc:337:slice$77402 ($_DFFE_PP_)
Warning: multiple conflicting drivers for india_pdf_engine.\nonce [28]:
    port Q[0] of cell $auto$ff.cc:337:slice$75946 ($_DFFE_PN0P_)
    port Q[0] of cell $auto$ff.cc:337:slice$77403 ($_DFFE_PP_)
Warning: multiple conflicting drivers for india_pdf_engine.\nonce [29]:
    port Q[0] of cell $auto$ff.cc:337:slice$75947 ($_DFFE_PN0P_)
    port Q[0] of cell $auto$ff.cc:337:slice$77404 ($_DFFE_PP_)
Warning: multiple conflicting drivers for india_pdf_engine.\nonce [30]:
    port Q[0] of cell $auto$ff.cc:337:slice$75948 ($_DFFE_PN0P_)
    port Q[0] of cell $auto$ff.cc:337:slice$77405 ($_DFFE_PP_)
Found and reported 384 problems.

4. Executing DFFLIBMAP pass (mapping DFF cells to sequential cells from liberty file).
  cell DFF_X1 (noninv, pins=4, area=4.52) is a direct match for cell type $_DFF_P_.
  cell DFFR_X1 (noninv, pins=5, area=5.32) is a direct match for cell type $_DFF_PN0_.
  cell DFFS_X1 (noninv, pins=5, area=5.32) is a direct match for cell type $_DFF_PN1_.
  cell DFFRS_X1 (noninv, pins=6, area=6.38) is a direct match for cell type $_DFFSR_PNN_.
  final dff cell mappings:
    unmapped dff cell: $_DFF_N_
    \DFF_X1 _DFF_P_ (.CK( C), .D( D), .Q( Q), .QN(~Q));
    unmapped dff cell: $_DFF_NN0_
    unmapped dff cell: $_DFF_NN1_
    unmapped dff cell: $_DFF_NP0_
    unmapped dff cell: $_DFF_NP1_
    \DFFR_X1 _DFF_PN0_ (.CK( C), .D( D), .Q( Q), .QN(~Q), .RN( R));
    \DFFS_X1 _DFF_PN1_ (.CK( C), .D( D), .Q( Q), .QN(~Q), .SN( R));
    unmapped dff cell: $_DFF_PP0_
    unmapped dff cell: $_DFF_PP1_
    unmapped dff cell: $_DFFE_NN_
    unmapped dff cell: $_DFFE_NP_
    unmapped dff cell: $_DFFE_PN_
    unmapped dff cell: $_DFFE_PP_
    unmapped dff cell: $_DFFSR_NNN_
    unmapped dff cell: $_DFFSR_NNP_
    unmapped dff cell: $_DFFSR_NPN_
    unmapped dff cell: $_DFFSR_NPP_
    \DFFRS_X1 _DFFSR_PNN_ (.CK( C), .D( D), .Q( Q), .QN(~Q), .RN( R), .SN( S));
    unmapped dff cell: $_DFFSR_PNP_
    unmapped dff cell: $_DFFSR_PPN_
    unmapped dff cell: $_DFFSR_PPP_

4.1. Executing DFFLEGALIZE pass (convert FFs to types supported by the target).
<suppressed ~8 debug messages>
Mapping DFF cells in module `\india_pdf_engine':
  mapped 2091 $_DFF_PN0_ cells to \DFFR_X1 cells.
  mapped 1 $_DFF_PN1_ cells to \DFFS_X1 cells.
  mapped 384 $_DFF_P_ cells to \DFF_X1 cells.

5. Executing ABC pass (technology mapping using ABC).

5.1. Extracting gate netlist of module `\india_pdf_engine' to `<abc-temp-dir>/input.blif'..

5.1.1. Executed ABC.
Extracted 17444 gates and 19795 wires to a netlist network with 2351 inputs and 2476 outputs.
Running ABC script: <abc-temp-dir>/abc.script
ABC: ======== ABC command line "source <abc-temp-dir>/abc.script"
ABC: + read_blif <abc-temp-dir>/input.blif 
ABC: + read_lib -w /Users/aasheiksaran/Desktop/Productivity/INDIA_CRYPTO_SOC/synth/../pdk/nangate45/NangateOpenCellLibrary_typical.lib 
ABC: Parsing finished successfully.  Parsing time =     0.04 sec
ABC: Scl_LibertyReadGenlib() skipped cell "ANTENNA_X1" due to dont_use attribute.
ABC: Scl_LibertyReadGenlib() skipped cell "CLKGATETST_X1" without logic function.
ABC: Scl_LibertyReadGenlib() skipped cell "CLKGATETST_X2" without logic function.
ABC: Scl_LibertyReadGenlib() skipped cell "CLKGATETST_X4" without logic function.
ABC: Scl_LibertyReadGenlib() skipped cell "CLKGATETST_X8" without logic function.
ABC: Scl_LibertyReadGenlib() skipped cell "CLKGATE_X1" without logic function.
ABC: Scl_LibertyReadGenlib() skipped cell "CLKGATE_X2" without logic function.
ABC: Scl_LibertyReadGenlib() skipped cell "CLKGATE_X4" without logic function.
ABC: Scl_LibertyReadGenlib() skipped cell "CLKGATE_X8" without logic function.
ABC: Scl_LibertyReadGenlib() skipped sequential cell "DFFRS_X1".
ABC: Scl_LibertyReadGenlib() skipped sequential cell "DFFRS_X2".
ABC: Scl_LibertyReadGenlib() skipped sequential cell "DFFR_X1".
ABC: Scl_LibertyReadGenlib() skipped sequential cell "DFFR_X2".
ABC: Scl_LibertyReadGenlib() skipped sequential cell "DFFS_X1".
ABC: Scl_LibertyReadGenlib() skipped sequential cell "DFFS_X2".
ABC: Scl_LibertyReadGenlib() skipped sequential cell "DFF_X1".
ABC: Scl_LibertyReadGenlib() skipped sequential cell "DFF_X2".
ABC: Scl_LibertyReadGenlib() skipped sequential cell "DLH_X1".
ABC: Scl_LibertyReadGenlib() skipped sequential cell "DLH_X2".
ABC: Scl_LibertyReadGenlib() skipped sequential cell "DLL_X1".
ABC: Scl_LibertyReadGenlib() skipped sequential cell "DLL_X2".
ABC: Scl_LibertyReadGenlib() skipped cell "FILLCELL_X1" due to dont_use attribute.
ABC: Scl_LibertyReadGenlib() skipped cell "TAPCELL_X1" due to dont_use attribute.
ABC: Scl_LibertyReadGenlib() skipped cell "FILLCELL_X2" due to dont_use attribute.
ABC: Scl_LibertyReadGenlib() skipped cell "FILLCELL_X4" due to dont_use attribute.
ABC: Scl_LibertyReadGenlib() skipped cell "FILLCELL_X8" due to dont_use attribute.
ABC: Scl_LibertyReadGenlib() skipped cell "FILLCELL_X16" due to dont_use attribute.
ABC: Scl_LibertyReadGenlib() skipped cell "FILLCELL_X32" due to dont_use attribute.
ABC: Scl_LibertyReadGenlib() skipped cell "LOGIC0_X1" due to dont_use attribute.
ABC: Scl_LibertyReadGenlib() skipped cell "LOGIC1_X1" due to dont_use attribute.
ABC: Scl_LibertyReadGenlib() skipped sequential cell "SDFFRS_X1".
ABC: Scl_LibertyReadGenlib() skipped sequential cell "SDFFRS_X2".
ABC: Scl_LibertyReadGenlib() skipped sequential cell "SDFFR_X1".
ABC: Scl_LibertyReadGenlib() skipped sequential cell "SDFFR_X2".
ABC: Scl_LibertyReadGenlib() skipped sequential cell "SDFFS_X1".
ABC: Scl_LibertyReadGenlib() skipped sequential cell "SDFFS_X2".
ABC: Scl_LibertyReadGenlib() skipped sequential cell "SDFF_X1".
ABC: Scl_LibertyReadGenlib() skipped sequential cell "SDFF_X2".
ABC: Scl_LibertyReadGenlib() skipped three-state cell "TBUF_X1".
ABC: Scl_LibertyReadGenlib() skipped three-state cell "TBUF_X2".
ABC: Scl_LibertyReadGenlib() skipped three-state cell "TBUF_X4".
ABC: Scl_LibertyReadGenlib() skipped three-state cell "TBUF_X8".
ABC: Scl_LibertyReadGenlib() skipped three-state cell "TBUF_X16".
ABC: Scl_LibertyReadGenlib() skipped three-state cell "TINV_X1".
ABC: Scl_LibertyReadGenlib() skipped sequential cell "TLAT_X1".
ABC: Library "NangateOpenCellLibrary" from "/Users/aasheiksaran/Desktop/Productivity/INDIA_CRYPTO_SOC/synth/../pdk/nangate45/NangateOpenCellLibrary_typical.lib" has 90 cells (45 skipped: 21 seq; 6 tri-state; 8 no func; 10 dont_use; 0 with 2 outputs; 0 with 3+ outputs).  Time =     0.05 sec
ABC: Memory =   11.38 MB. Time =     0.05 sec
ABC: Warning: Detected 2 multi-output cells (for example, "FA_X1").
ABC: + strash 
ABC: + &get -n 
ABC: + &fraig -x 
ABC: + &put 
ABC: + scorr 
ABC: Warning: The network is combinational (run "fraig" or "fraig_sweep").
ABC: + dc2 
ABC: + dretime 
ABC: + strash 
ABC: + &get -n 
ABC: + &dch -f 
ABC: + &nf 
ABC: + &put 
ABC: + write_blif <abc-temp-dir>/output.blif 

5.1.2. Re-integrating ABC results.
ABC RESULTS:           AND2_X1 cells:      126
ABC RESULTS:           AND3_X1 cells:       36
ABC RESULTS:           AND4_X1 cells:       21
ABC RESULTS:         AOI211_X1 cells:       77
ABC RESULTS:          AOI21_X1 cells:      640
ABC RESULTS:         AOI221_X1 cells:       99
ABC RESULTS:         AOI222_X1 cells:      166
ABC RESULTS:          AOI22_X1 cells:      352
ABC RESULTS:            INV_X1 cells:     1055
ABC RESULTS:           MUX2_X1 cells:     2087
ABC RESULTS:          NAND2_X1 cells:     1494
ABC RESULTS:          NAND3_X1 cells:      146
ABC RESULTS:          NAND4_X1 cells:      105
ABC RESULTS:           NOR2_X1 cells:     2979
ABC RESULTS:           NOR3_X1 cells:       85
ABC RESULTS:           NOR4_X1 cells:      124
ABC RESULTS:         OAI211_X1 cells:      125
ABC RESULTS:          OAI21_X1 cells:      751
ABC RESULTS:         OAI221_X1 cells:       26
ABC RESULTS:         OAI222_X1 cells:        1
ABC RESULTS:          OAI22_X1 cells:       81
ABC RESULTS:          OAI33_X1 cells:        7
ABC RESULTS:            OR2_X1 cells:       99
ABC RESULTS:            OR3_X1 cells:        7
ABC RESULTS:            OR4_X1 cells:        1
ABC RESULTS:          XNOR2_X1 cells:     2975
ABC RESULTS:           XOR2_X1 cells:     1681
ABC RESULTS:        internal signals:    14968
ABC RESULTS:           input signals:     2351
ABC RESULTS:          output signals:     2476
Removing temp directory.
Removing global temp directory.
Removed 0 unused cells and 19110 unused wires.

6. Printing statistics.

=== india_pdf_engine ===

        +----------Local Count, excluding submodules.
        |        +-Local Area, excluding submodules.
        |        | 
    17903        - wires
    20206        - wire bits
       81        - public wires
     2384        - public wire bits
       45        - ports
      803        - port bits
    17822 3.21E+04 cells
      126  134.064   AND2_X1
       36    47.88   AND3_X1
       21   33.516   AND4_X1
       77   102.41   AOI211_X1
      640   680.96   AOI21_X1
       99  158.004   AOI221_X1
      166  353.248   AOI222_X1
      352   468.16   AOI22_X1
     2091 1.11E+04   DFFR_X1
        1     5.32   DFFS_X1
      384 1.74E+03   DFF_X1
     1055   561.26   INV_X1
     2087 3.89E+03   MUX2_X1
     1494 1.19E+03   NAND2_X1
      146  155.344   NAND3_X1
      105   139.65   NAND4_X1
     2979 2.38E+03   NOR2_X1
       85    90.44   NOR3_X1
      124   164.92   NOR4_X1
      125   166.25   OAI211_X1
      751  799.064   OAI21_X1
       26   41.496   OAI221_X1
        1    2.128   OAI222_X1
       81   107.73   OAI22_X1
        7   13.034   OAI33_X1
       99  105.336   OR2_X1
        7     9.31   OR3_X1
        1    1.596   OR4_X1
     2975   4748.1   XNOR2_X1
     1681 2.68E+03   XOR2_X1

   Chip area for module '\india_pdf_engine': 32088.112000
     of which used for sequential elements: 12865.888000 (40.10%)

7. Executing Verilog backend.
Dumping module `\india_pdf_engine'.

Warnings: 768 unique messages, 768 total
End of script. Logfile hash: a00ec11fa9, time: 69.89s, user: 57.65s, system: 0.47s, MEM: 222.31 MB peak
Yosys 0.64 (git sha1 d8dab5b32666564eca8e18f412973853ce006e61, clang++ 21.0.0 -fPIC -O3)
Time spent: 75% 6x proc_mux (48 sec), 11% 2x abc (7 sec), ...
