
 /----------------------------------------------------------------------------\
 |  yosys -- Yosys Open SYnthesis Suite                                       |
 |  Copyright (C) 2012 - 2026  Claire Xenia Wolf <claire@yosyshq.com>         |
 |  Distributed under an ISC-like license, type "license" to see terms        |
 \----------------------------------------------------------------------------/
 Yosys 0.64 (git sha1 d8dab5b32666564eca8e18f412973853ce006e61, clang++ 21.0.0 -fPIC -O3)

-- Executing script file `/tmp/yosys_XXXXXX.ys' --

1. Executing Verilog-2005 frontend: ../rtl/core/rv32im_core.v
Parsing SystemVerilog input from `../rtl/core/rv32im_core.v' to AST representation.
Generating RTLIL representation for module `\rv32im_core'.
make 1
make 1
make 1
make 1
make 1
make 1
make 1
make 1
make 1
make 1
make 1
make 1
make 1
make 1
make 1
make 1
Warning: Replacing memory \regfile_ecc with list of registers. See ../rtl/core/rv32im_core.v:553
Warning: Replacing memory \regfile with list of registers. See ../rtl/core/rv32im_core.v:552
Successfully finished Verilog frontend.

2. Executing HIERARCHY pass (managing design hierarchy).

2.1. Analyzing design hierarchy..
Top module:  \rv32im_core

2.2. Analyzing design hierarchy..
Top module:  \rv32im_core
Removed 0 unused modules.

3. Executing SYNTH pass.

3.1. Executing HIERARCHY pass (managing design hierarchy).

3.1.1. Analyzing design hierarchy..
Top module:  \rv32im_core

3.1.2. Analyzing design hierarchy..
Top module:  \rv32im_core
Removed 0 unused modules.

3.2. Executing PROC pass (convert processes to netlists).

3.2.1. Executing PROC_CLEAN pass (remove empty switches from decision trees).
Cleaned up 0 empty switches.

3.2.2. Executing PROC_RMDEAD pass (remove dead branches from decision trees).
Removed 8 dead cases from process $proc$../rtl/core/rv32im_core.v:370$922 in module rv32im_core.
Marked 25 switch rules as full_case in process $proc$../rtl/core/rv32im_core.v:370$922 in module rv32im_core.
Removed 8 dead cases from process $proc$../rtl/core/rv32im_core.v:369$562 in module rv32im_core.
Marked 25 switch rules as full_case in process $proc$../rtl/core/rv32im_core.v:369$562 in module rv32im_core.
Removed 3 dead cases from process $proc$../rtl/core/rv32im_core.v:487$126 in module rv32im_core.
Marked 49 switch rules as full_case in process $proc$../rtl/core/rv32im_core.v:487$126 in module rv32im_core.
Marked 4 switch rules as full_case in process $proc$../rtl/core/rv32im_core.v:448$107 in module rv32im_core.
Marked 1 switch rules as full_case in process $proc$../rtl/core/rv32im_core.v:420$99 in module rv32im_core.
Marked 2 switch rules as full_case in process $proc$../rtl/core/rv32im_core.v:398$89 in module rv32im_core.
Marked 1 switch rules as full_case in process $proc$../rtl/core/rv32im_core.v:379$76 in module rv32im_core.
Removed a total of 19 dead cases.

3.2.3. Executing PROC_PRUNE pass (remove redundant assignments in processes).
Removed 9 redundant assignments.
Promoted 212 assignments to connections.

3.2.4. Executing PROC_INIT pass (extract init attributes).

3.2.5. Executing PROC_ARST pass (detect async resets in processes).
Found async reset \rst_n in `\rv32im_core.$proc$../rtl/core/rv32im_core.v:487$126'.

3.2.6. Executing PROC_ROM pass (convert switches to ROMs).
Converted 0 switches.
<suppressed ~138 debug messages>

3.2.7. Executing PROC_MUX pass (convert decision trees to multiplexers).
Creating decoders for process `\rv32im_core.$proc$../rtl/core/rv32im_core.v:370$922'.
     1/163: $3\ham_decode$func$../rtl/core/rv32im_core.v:213$47.cc[6:0]$1261 [6]
     2/163: $3\ham_decode$func$../rtl/core/rv32im_core.v:213$47.cc[6:0]$1261 [3]
     3/163: $3\ham_decode$func$../rtl/core/rv32im_core.v:213$47.cc[6:0]$1261 [1]
     4/163: $3\ham_decode$func$../rtl/core/rv32im_core.v:213$47.cc[6:0]$1261 [4]
     5/163: $3\ham_decode$func$../rtl/core/rv32im_core.v:213$47.cc[6:0]$1261 [2]
     6/163: $3\ham_decode$func$../rtl/core/rv32im_core.v:213$47.cc[6:0]$1261 [5]
     7/163: $3\ham_decode$func$../rtl/core/rv32im_core.v:213$47.cc[6:0]$1261 [0]
     8/163: $2\ham_decode$func$../rtl/core/rv32im_core.v:213$47.cc[6:0]$1255
     9/163: $2$bitselwrite$rvalue$../rtl/core/rv32im_core.v:167$48[0:0]$1256
    10/163: $2$mem2reg_rd$\regfile_ecc$../rtl/core/rv32im_core.v:213$73_DATA[55:0]$1242
    11/163: $3\ham_decode$func$../rtl/core/rv32im_core.v:212$45.cc[6:0]$1235 [6]
    12/163: $3\ham_decode$func$../rtl/core/rv32im_core.v:212$45.cc[6:0]$1235 [3]
    13/163: $3\ham_decode$func$../rtl/core/rv32im_core.v:212$45.cc[6:0]$1235 [1]
    14/163: $3\ham_decode$func$../rtl/core/rv32im_core.v:212$45.cc[6:0]$1235 [4]
    15/163: $3\ham_decode$func$../rtl/core/rv32im_core.v:212$45.cc[6:0]$1235 [2]
    16/163: $3\ham_decode$func$../rtl/core/rv32im_core.v:212$45.cc[6:0]$1235 [5]
    17/163: $3\ham_decode$func$../rtl/core/rv32im_core.v:212$45.cc[6:0]$1235 [0]
    18/163: $2\ham_decode$func$../rtl/core/rv32im_core.v:212$45.cc[6:0]$1229
    19/163: $2$bitselwrite$rvalue$../rtl/core/rv32im_core.v:167$46[0:0]$1230
    20/163: $2$mem2reg_rd$\regfile_ecc$../rtl/core/rv32im_core.v:212$72_DATA[55:0]$1216
    21/163: $3\ham_decode$func$../rtl/core/rv32im_core.v:211$43.cc[6:0]$1209 [6]
    22/163: $3\ham_decode$func$../rtl/core/rv32im_core.v:211$43.cc[6:0]$1209 [3]
    23/163: $3\ham_decode$func$../rtl/core/rv32im_core.v:211$43.cc[6:0]$1209 [1]
    24/163: $3\ham_decode$func$../rtl/core/rv32im_core.v:211$43.cc[6:0]$1209 [4]
    25/163: $3\ham_decode$func$../rtl/core/rv32im_core.v:211$43.cc[6:0]$1209 [2]
    26/163: $3\ham_decode$func$../rtl/core/rv32im_core.v:211$43.cc[6:0]$1209 [5]
    27/163: $3\ham_decode$func$../rtl/core/rv32im_core.v:211$43.cc[6:0]$1209 [0]
    28/163: $2\ham_decode$func$../rtl/core/rv32im_core.v:211$43.cc[6:0]$1203
    29/163: $2$bitselwrite$rvalue$../rtl/core/rv32im_core.v:167$44[0:0]$1204
    30/163: $2$mem2reg_rd$\regfile_ecc$../rtl/core/rv32im_core.v:211$71_DATA[55:0]$1190
    31/163: $3\ham_decode$func$../rtl/core/rv32im_core.v:210$41.cc[6:0]$1183 [6]
    32/163: $3\ham_decode$func$../rtl/core/rv32im_core.v:210$41.cc[6:0]$1183 [3]
    33/163: $3\ham_decode$func$../rtl/core/rv32im_core.v:210$41.cc[6:0]$1183 [1]
    34/163: $3\ham_decode$func$../rtl/core/rv32im_core.v:210$41.cc[6:0]$1183 [4]
    35/163: $3\ham_decode$func$../rtl/core/rv32im_core.v:210$41.cc[6:0]$1183 [2]
    36/163: $3\ham_decode$func$../rtl/core/rv32im_core.v:210$41.cc[6:0]$1183 [5]
    37/163: $3\ham_decode$func$../rtl/core/rv32im_core.v:210$41.cc[6:0]$1183 [0]
    38/163: $2\ham_decode$func$../rtl/core/rv32im_core.v:210$41.cc[6:0]$1177
    39/163: $2$bitselwrite$rvalue$../rtl/core/rv32im_core.v:167$42[0:0]$1178
    40/163: $2$mem2reg_rd$\regfile_ecc$../rtl/core/rv32im_core.v:210$70_DATA[55:0]$1164
    41/163: $3\ham_decode$func$../rtl/core/rv32im_core.v:209$39.cc[6:0]$1157 [6]
    42/163: $3\ham_decode$func$../rtl/core/rv32im_core.v:209$39.cc[6:0]$1157 [3]
    43/163: $3\ham_decode$func$../rtl/core/rv32im_core.v:209$39.cc[6:0]$1157 [1]
    44/163: $3\ham_decode$func$../rtl/core/rv32im_core.v:209$39.cc[6:0]$1157 [4]
    45/163: $3\ham_decode$func$../rtl/core/rv32im_core.v:209$39.cc[6:0]$1157 [2]
    46/163: $3\ham_decode$func$../rtl/core/rv32im_core.v:209$39.cc[6:0]$1157 [5]
    47/163: $3\ham_decode$func$../rtl/core/rv32im_core.v:209$39.cc[6:0]$1157 [0]
    48/163: $2\ham_decode$func$../rtl/core/rv32im_core.v:209$39.cc[6:0]$1151
    49/163: $2$bitselwrite$rvalue$../rtl/core/rv32im_core.v:167$40[0:0]$1152
    50/163: $2$mem2reg_rd$\regfile_ecc$../rtl/core/rv32im_core.v:209$69_DATA[55:0]$1138
    51/163: $3\ham_decode$func$../rtl/core/rv32im_core.v:208$37.cc[6:0]$1131 [6]
    52/163: $3\ham_decode$func$../rtl/core/rv32im_core.v:208$37.cc[6:0]$1131 [3]
    53/163: $3\ham_decode$func$../rtl/core/rv32im_core.v:208$37.cc[6:0]$1131 [1]
    54/163: $3\ham_decode$func$../rtl/core/rv32im_core.v:208$37.cc[6:0]$1131 [4]
    55/163: $3\ham_decode$func$../rtl/core/rv32im_core.v:208$37.cc[6:0]$1131 [2]
    56/163: $3\ham_decode$func$../rtl/core/rv32im_core.v:208$37.cc[6:0]$1131 [5]
    57/163: $3\ham_decode$func$../rtl/core/rv32im_core.v:208$37.cc[6:0]$1131 [0]
    58/163: $2\ham_decode$func$../rtl/core/rv32im_core.v:208$37.cc[6:0]$1125
    59/163: $2$bitselwrite$rvalue$../rtl/core/rv32im_core.v:167$38[0:0]$1126
    60/163: $2$mem2reg_rd$\regfile_ecc$../rtl/core/rv32im_core.v:208$68_DATA[55:0]$1112
    61/163: $3\ham_decode$func$../rtl/core/rv32im_core.v:207$35.cc[6:0]$1105 [6]
    62/163: $3\ham_decode$func$../rtl/core/rv32im_core.v:207$35.cc[6:0]$1105 [3]
    63/163: $3\ham_decode$func$../rtl/core/rv32im_core.v:207$35.cc[6:0]$1105 [1]
    64/163: $3\ham_decode$func$../rtl/core/rv32im_core.v:207$35.cc[6:0]$1105 [4]
    65/163: $3\ham_decode$func$../rtl/core/rv32im_core.v:207$35.cc[6:0]$1105 [2]
    66/163: $3\ham_decode$func$../rtl/core/rv32im_core.v:207$35.cc[6:0]$1105 [5]
    67/163: $3\ham_decode$func$../rtl/core/rv32im_core.v:207$35.cc[6:0]$1105 [0]
    68/163: $2\ham_decode$func$../rtl/core/rv32im_core.v:207$35.cc[6:0]$1099
    69/163: $2$bitselwrite$rvalue$../rtl/core/rv32im_core.v:167$36[0:0]$1100
    70/163: $2$mem2reg_rd$\regfile_ecc$../rtl/core/rv32im_core.v:207$67_DATA[55:0]$1086
    71/163: $3\ham_decode$func$../rtl/core/rv32im_core.v:206$33.cc[6:0]$1079 [6]
    72/163: $3\ham_decode$func$../rtl/core/rv32im_core.v:206$33.cc[6:0]$1079 [3]
    73/163: $3\ham_decode$func$../rtl/core/rv32im_core.v:206$33.cc[6:0]$1079 [1]
    74/163: $3\ham_decode$func$../rtl/core/rv32im_core.v:206$33.cc[6:0]$1079 [4]
    75/163: $3\ham_decode$func$../rtl/core/rv32im_core.v:206$33.cc[6:0]$1079 [2]
    76/163: $3\ham_decode$func$../rtl/core/rv32im_core.v:206$33.cc[6:0]$1079 [5]
    77/163: $3\ham_decode$func$../rtl/core/rv32im_core.v:206$33.cc[6:0]$1079 [0]
    78/163: $2\ham_decode$func$../rtl/core/rv32im_core.v:206$33.cc[6:0]$1073
    79/163: $2$bitselwrite$rvalue$../rtl/core/rv32im_core.v:167$34[0:0]$1074
    80/163: $2$mem2reg_rd$\regfile_ecc$../rtl/core/rv32im_core.v:206$66_DATA[55:0]$1060
    81/163: $1\ham_decode$func$../rtl/core/rv32im_core.v:213$47.synd[2:0]$1041 [2]
    82/163: $1\ham_decode$func$../rtl/core/rv32im_core.v:213$47.synd[2:0]$1041 [1]
    83/163: $1\ham_decode$func$../rtl/core/rv32im_core.v:213$47.synd[2:0]$1041 [0]
    84/163: $1\ham_decode$func$../rtl/core/rv32im_core.v:212$45.synd[2:0]$1036 [1]
    85/163: $1\ham_decode$func$../rtl/core/rv32im_core.v:212$45.synd[2:0]$1036 [0]
    86/163: $1\ham_decode$func$../rtl/core/rv32im_core.v:211$43.synd[2:0]$1031 [1]
    87/163: $1\ham_decode$func$../rtl/core/rv32im_core.v:211$43.synd[2:0]$1031 [0]
    88/163: $1\ham_decode$func$../rtl/core/rv32im_core.v:210$41.synd[2:0]$1026 [1]
    89/163: $1\ham_decode$func$../rtl/core/rv32im_core.v:210$41.synd[2:0]$1026 [0]
    90/163: $1\ham_decode$func$../rtl/core/rv32im_core.v:209$39.synd[2:0]$1021 [1]
    91/163: $1\ham_decode$func$../rtl/core/rv32im_core.v:209$39.synd[2:0]$1021 [0]
    92/163: $1\ham_decode$func$../rtl/core/rv32im_core.v:208$37.synd[2:0]$1016 [1]
    93/163: $1\ham_decode$func$../rtl/core/rv32im_core.v:208$37.synd[2:0]$1016 [0]
    94/163: $1\ham_decode$func$../rtl/core/rv32im_core.v:207$35.synd[2:0]$1011 [1]
    95/163: $1\ham_decode$func$../rtl/core/rv32im_core.v:207$35.synd[2:0]$1011 [0]
    96/163: $1\ham_decode$func$../rtl/core/rv32im_core.v:206$33.synd[2:0]$1006 [1]
    97/163: $1\ham_decode$func$../rtl/core/rv32im_core.v:206$33.synd[2:0]$1006 [0]
    98/163: $1$mem2reg_rd$\regfile_ecc$../rtl/core/rv32im_core.v:213$73_DATA[55:0]$1059
    99/163: $1$mem2reg_rd$\regfile_ecc$../rtl/core/rv32im_core.v:213$73_ADDR[4:0]$1058
   100/163: $1$mem2reg_rd$\regfile_ecc$../rtl/core/rv32im_core.v:212$72_DATA[55:0]$1057
   101/163: $1$mem2reg_rd$\regfile_ecc$../rtl/core/rv32im_core.v:212$72_ADDR[4:0]$1056
   102/163: $1$mem2reg_rd$\regfile_ecc$../rtl/core/rv32im_core.v:211$71_DATA[55:0]$1055
   103/163: $1$mem2reg_rd$\regfile_ecc$../rtl/core/rv32im_core.v:211$71_ADDR[4:0]$1054
   104/163: $1$mem2reg_rd$\regfile_ecc$../rtl/core/rv32im_core.v:210$70_DATA[55:0]$1053
   105/163: $1$mem2reg_rd$\regfile_ecc$../rtl/core/rv32im_core.v:210$70_ADDR[4:0]$1052
   106/163: $1$mem2reg_rd$\regfile_ecc$../rtl/core/rv32im_core.v:209$69_DATA[55:0]$1051
   107/163: $1$mem2reg_rd$\regfile_ecc$../rtl/core/rv32im_core.v:209$69_ADDR[4:0]$1050
   108/163: $1$mem2reg_rd$\regfile_ecc$../rtl/core/rv32im_core.v:208$68_DATA[55:0]$1049
   109/163: $1$mem2reg_rd$\regfile_ecc$../rtl/core/rv32im_core.v:208$68_ADDR[4:0]$1048
   110/163: $1$mem2reg_rd$\regfile_ecc$../rtl/core/rv32im_core.v:207$67_DATA[55:0]$1047
   111/163: $1$mem2reg_rd$\regfile_ecc$../rtl/core/rv32im_core.v:207$67_ADDR[4:0]$1046
   112/163: $1$mem2reg_rd$\regfile_ecc$../rtl/core/rv32im_core.v:206$66_DATA[55:0]$1045
   113/163: $1$mem2reg_rd$\regfile_ecc$../rtl/core/rv32im_core.v:206$66_ADDR[4:0]$1044
   114/163: $1$bitselwrite$rvalue$../rtl/core/rv32im_core.v:167$48[0:0]$1043
   115/163: $1\ham_decode$func$../rtl/core/rv32im_core.v:213$47.cc[6:0]$1042
   116/163: $1\ham_decode$func$../rtl/core/rv32im_core.v:212$45.synd[2:0]$1036 [2]
   117/163: $1\ham_decode$func$../rtl/core/rv32im_core.v:213$47.c[6:0]$1040
   118/163: $1\ham_decode$func$../rtl/core/rv32im_core.v:213$47.$result[5:0]$1039
   119/163: $1$bitselwrite$rvalue$../rtl/core/rv32im_core.v:167$46[0:0]$1038
   120/163: $1\ham_decode$func$../rtl/core/rv32im_core.v:212$45.cc[6:0]$1037
   121/163: $1\ham_decode$func$../rtl/core/rv32im_core.v:211$43.synd[2:0]$1031 [2]
   122/163: $1\ham_decode$func$../rtl/core/rv32im_core.v:212$45.c[6:0]$1035
   123/163: $1\ham_decode$func$../rtl/core/rv32im_core.v:212$45.$result[5:0]$1034
   124/163: $1$bitselwrite$rvalue$../rtl/core/rv32im_core.v:167$44[0:0]$1033
   125/163: $1\ham_decode$func$../rtl/core/rv32im_core.v:211$43.cc[6:0]$1032
   126/163: $1\ham_decode$func$../rtl/core/rv32im_core.v:210$41.synd[2:0]$1026 [2]
   127/163: $1\ham_decode$func$../rtl/core/rv32im_core.v:211$43.c[6:0]$1030
   128/163: $1\ham_decode$func$../rtl/core/rv32im_core.v:211$43.$result[5:0]$1029
   129/163: $1$bitselwrite$rvalue$../rtl/core/rv32im_core.v:167$42[0:0]$1028
   130/163: $1\ham_decode$func$../rtl/core/rv32im_core.v:210$41.cc[6:0]$1027
   131/163: $1\ham_decode$func$../rtl/core/rv32im_core.v:209$39.synd[2:0]$1021 [2]
   132/163: $1\ham_decode$func$../rtl/core/rv32im_core.v:210$41.c[6:0]$1025
   133/163: $1\ham_decode$func$../rtl/core/rv32im_core.v:210$41.$result[5:0]$1024
   134/163: $1$bitselwrite$rvalue$../rtl/core/rv32im_core.v:167$40[0:0]$1023
   135/163: $1\ham_decode$func$../rtl/core/rv32im_core.v:209$39.cc[6:0]$1022
   136/163: $1\ham_decode$func$../rtl/core/rv32im_core.v:208$37.synd[2:0]$1016 [2]
   137/163: $1\ham_decode$func$../rtl/core/rv32im_core.v:209$39.c[6:0]$1020
   138/163: $1\ham_decode$func$../rtl/core/rv32im_core.v:209$39.$result[5:0]$1019
   139/163: $1$bitselwrite$rvalue$../rtl/core/rv32im_core.v:167$38[0:0]$1018
   140/163: $1\ham_decode$func$../rtl/core/rv32im_core.v:208$37.cc[6:0]$1017
   141/163: $1\ham_decode$func$../rtl/core/rv32im_core.v:207$35.synd[2:0]$1011 [2]
   142/163: $1\ham_decode$func$../rtl/core/rv32im_core.v:208$37.c[6:0]$1015
   143/163: $1\ham_decode$func$../rtl/core/rv32im_core.v:208$37.$result[5:0]$1014
   144/163: $1$bitselwrite$rvalue$../rtl/core/rv32im_core.v:167$36[0:0]$1013
   145/163: $1\ham_decode$func$../rtl/core/rv32im_core.v:207$35.cc[6:0]$1012
   146/163: $1\ham_decode$func$../rtl/core/rv32im_core.v:206$33.synd[2:0]$1006 [2]
   147/163: $1\ham_decode$func$../rtl/core/rv32im_core.v:207$35.c[6:0]$1010
   148/163: $1\ham_decode$func$../rtl/core/rv32im_core.v:207$35.$result[5:0]$1009
   149/163: $1$bitselwrite$rvalue$../rtl/core/rv32im_core.v:167$34[0:0]$1008
   150/163: $1\ham_decode$func$../rtl/core/rv32im_core.v:206$33.cc[6:0]$1007
   151/163: $1\regfile_read_ecc$func$../rtl/core/rv32im_core.v:370$32.$result[33:0]$993
   152/163: $1\ham_decode$func$../rtl/core/rv32im_core.v:206$33.c[6:0]$1005
   153/163: $1\ham_decode$func$../rtl/core/rv32im_core.v:206$33.$result[5:0]$1004
   154/163: $1\regfile_read_ecc$func$../rtl/core/rv32im_core.v:370$32.any_corr[0:0]$1003
   155/163: $1\regfile_read_ecc$func$../rtl/core/rv32im_core.v:370$32.any_fatal[0:0]$1002
   156/163: $1\regfile_read_ecc$func$../rtl/core/rv32im_core.v:370$32.d7[5:0]$1001
   157/163: $1\regfile_read_ecc$func$../rtl/core/rv32im_core.v:370$32.d6[5:0]$1000
   158/163: $1\regfile_read_ecc$func$../rtl/core/rv32im_core.v:370$32.d5[5:0]$999
   159/163: $1\regfile_read_ecc$func$../rtl/core/rv32im_core.v:370$32.d4[5:0]$998
   160/163: $1\regfile_read_ecc$func$../rtl/core/rv32im_core.v:370$32.d3[5:0]$997
   161/163: $1\regfile_read_ecc$func$../rtl/core/rv32im_core.v:370$32.d2[5:0]$996
   162/163: $1\regfile_read_ecc$func$../rtl/core/rv32im_core.v:370$32.d1[5:0]$995
   163/163: $1\regfile_read_ecc$func$../rtl/core/rv32im_core.v:370$32.d0[5:0]$994
Creating decoders for process `\rv32im_core.$proc$../rtl/core/rv32im_core.v:369$562'.
     1/163: $3\ham_decode$func$../rtl/core/rv32im_core.v:213$30.cc[6:0]$901 [6]
     2/163: $3\ham_decode$func$../rtl/core/rv32im_core.v:213$30.cc[6:0]$901 [3]
     3/163: $3\ham_decode$func$../rtl/core/rv32im_core.v:213$30.cc[6:0]$901 [1]
     4/163: $3\ham_decode$func$../rtl/core/rv32im_core.v:213$30.cc[6:0]$901 [4]
     5/163: $3\ham_decode$func$../rtl/core/rv32im_core.v:213$30.cc[6:0]$901 [2]
     6/163: $3\ham_decode$func$../rtl/core/rv32im_core.v:213$30.cc[6:0]$901 [5]
     7/163: $3\ham_decode$func$../rtl/core/rv32im_core.v:213$30.cc[6:0]$901 [0]
     8/163: $2\ham_decode$func$../rtl/core/rv32im_core.v:213$30.cc[6:0]$895
     9/163: $2$bitselwrite$rvalue$../rtl/core/rv32im_core.v:167$31[0:0]$896
    10/163: $2$mem2reg_rd$\regfile_ecc$../rtl/core/rv32im_core.v:213$65_DATA[55:0]$882
    11/163: $3\ham_decode$func$../rtl/core/rv32im_core.v:212$28.cc[6:0]$875 [6]
    12/163: $3\ham_decode$func$../rtl/core/rv32im_core.v:212$28.cc[6:0]$875 [3]
    13/163: $3\ham_decode$func$../rtl/core/rv32im_core.v:212$28.cc[6:0]$875 [1]
    14/163: $3\ham_decode$func$../rtl/core/rv32im_core.v:212$28.cc[6:0]$875 [4]
    15/163: $3\ham_decode$func$../rtl/core/rv32im_core.v:212$28.cc[6:0]$875 [2]
    16/163: $3\ham_decode$func$../rtl/core/rv32im_core.v:212$28.cc[6:0]$875 [5]
    17/163: $3\ham_decode$func$../rtl/core/rv32im_core.v:212$28.cc[6:0]$875 [0]
    18/163: $2\ham_decode$func$../rtl/core/rv32im_core.v:212$28.cc[6:0]$869
    19/163: $2$bitselwrite$rvalue$../rtl/core/rv32im_core.v:167$29[0:0]$870
    20/163: $2$mem2reg_rd$\regfile_ecc$../rtl/core/rv32im_core.v:212$64_DATA[55:0]$856
    21/163: $3\ham_decode$func$../rtl/core/rv32im_core.v:211$26.cc[6:0]$849 [6]
    22/163: $3\ham_decode$func$../rtl/core/rv32im_core.v:211$26.cc[6:0]$849 [3]
    23/163: $3\ham_decode$func$../rtl/core/rv32im_core.v:211$26.cc[6:0]$849 [1]
    24/163: $3\ham_decode$func$../rtl/core/rv32im_core.v:211$26.cc[6:0]$849 [4]
    25/163: $3\ham_decode$func$../rtl/core/rv32im_core.v:211$26.cc[6:0]$849 [2]
    26/163: $3\ham_decode$func$../rtl/core/rv32im_core.v:211$26.cc[6:0]$849 [5]
    27/163: $3\ham_decode$func$../rtl/core/rv32im_core.v:211$26.cc[6:0]$849 [0]
    28/163: $2\ham_decode$func$../rtl/core/rv32im_core.v:211$26.cc[6:0]$843
    29/163: $2$bitselwrite$rvalue$../rtl/core/rv32im_core.v:167$27[0:0]$844
    30/163: $2$mem2reg_rd$\regfile_ecc$../rtl/core/rv32im_core.v:211$63_DATA[55:0]$830
    31/163: $3\ham_decode$func$../rtl/core/rv32im_core.v:210$24.cc[6:0]$823 [6]
    32/163: $3\ham_decode$func$../rtl/core/rv32im_core.v:210$24.cc[6:0]$823 [3]
    33/163: $3\ham_decode$func$../rtl/core/rv32im_core.v:210$24.cc[6:0]$823 [1]
    34/163: $3\ham_decode$func$../rtl/core/rv32im_core.v:210$24.cc[6:0]$823 [4]
    35/163: $3\ham_decode$func$../rtl/core/rv32im_core.v:210$24.cc[6:0]$823 [2]
    36/163: $3\ham_decode$func$../rtl/core/rv32im_core.v:210$24.cc[6:0]$823 [5]
    37/163: $3\ham_decode$func$../rtl/core/rv32im_core.v:210$24.cc[6:0]$823 [0]
    38/163: $2\ham_decode$func$../rtl/core/rv32im_core.v:210$24.cc[6:0]$817
    39/163: $2$bitselwrite$rvalue$../rtl/core/rv32im_core.v:167$25[0:0]$818
    40/163: $2$mem2reg_rd$\regfile_ecc$../rtl/core/rv32im_core.v:210$62_DATA[55:0]$804
    41/163: $3\ham_decode$func$../rtl/core/rv32im_core.v:209$22.cc[6:0]$797 [6]
    42/163: $3\ham_decode$func$../rtl/core/rv32im_core.v:209$22.cc[6:0]$797 [3]
    43/163: $3\ham_decode$func$../rtl/core/rv32im_core.v:209$22.cc[6:0]$797 [1]
    44/163: $3\ham_decode$func$../rtl/core/rv32im_core.v:209$22.cc[6:0]$797 [4]
    45/163: $3\ham_decode$func$../rtl/core/rv32im_core.v:209$22.cc[6:0]$797 [2]
    46/163: $3\ham_decode$func$../rtl/core/rv32im_core.v:209$22.cc[6:0]$797 [5]
    47/163: $3\ham_decode$func$../rtl/core/rv32im_core.v:209$22.cc[6:0]$797 [0]
    48/163: $2\ham_decode$func$../rtl/core/rv32im_core.v:209$22.cc[6:0]$791
    49/163: $2$bitselwrite$rvalue$../rtl/core/rv32im_core.v:167$23[0:0]$792
    50/163: $2$mem2reg_rd$\regfile_ecc$../rtl/core/rv32im_core.v:209$61_DATA[55:0]$778
    51/163: $3\ham_decode$func$../rtl/core/rv32im_core.v:208$20.cc[6:0]$771 [6]
    52/163: $3\ham_decode$func$../rtl/core/rv32im_core.v:208$20.cc[6:0]$771 [3]
    53/163: $3\ham_decode$func$../rtl/core/rv32im_core.v:208$20.cc[6:0]$771 [1]
    54/163: $3\ham_decode$func$../rtl/core/rv32im_core.v:208$20.cc[6:0]$771 [4]
    55/163: $3\ham_decode$func$../rtl/core/rv32im_core.v:208$20.cc[6:0]$771 [2]
    56/163: $3\ham_decode$func$../rtl/core/rv32im_core.v:208$20.cc[6:0]$771 [5]
    57/163: $3\ham_decode$func$../rtl/core/rv32im_core.v:208$20.cc[6:0]$771 [0]
    58/163: $2\ham_decode$func$../rtl/core/rv32im_core.v:208$20.cc[6:0]$765
    59/163: $2$bitselwrite$rvalue$../rtl/core/rv32im_core.v:167$21[0:0]$766
    60/163: $2$mem2reg_rd$\regfile_ecc$../rtl/core/rv32im_core.v:208$60_DATA[55:0]$752
    61/163: $3\ham_decode$func$../rtl/core/rv32im_core.v:207$18.cc[6:0]$745 [6]
    62/163: $3\ham_decode$func$../rtl/core/rv32im_core.v:207$18.cc[6:0]$745 [3]
    63/163: $3\ham_decode$func$../rtl/core/rv32im_core.v:207$18.cc[6:0]$745 [1]
    64/163: $3\ham_decode$func$../rtl/core/rv32im_core.v:207$18.cc[6:0]$745 [4]
    65/163: $3\ham_decode$func$../rtl/core/rv32im_core.v:207$18.cc[6:0]$745 [2]
    66/163: $3\ham_decode$func$../rtl/core/rv32im_core.v:207$18.cc[6:0]$745 [5]
    67/163: $3\ham_decode$func$../rtl/core/rv32im_core.v:207$18.cc[6:0]$745 [0]
    68/163: $2\ham_decode$func$../rtl/core/rv32im_core.v:207$18.cc[6:0]$739
    69/163: $2$bitselwrite$rvalue$../rtl/core/rv32im_core.v:167$19[0:0]$740
    70/163: $2$mem2reg_rd$\regfile_ecc$../rtl/core/rv32im_core.v:207$59_DATA[55:0]$726
    71/163: $3\ham_decode$func$../rtl/core/rv32im_core.v:206$16.cc[6:0]$719 [6]
    72/163: $3\ham_decode$func$../rtl/core/rv32im_core.v:206$16.cc[6:0]$719 [3]
    73/163: $3\ham_decode$func$../rtl/core/rv32im_core.v:206$16.cc[6:0]$719 [1]
    74/163: $3\ham_decode$func$../rtl/core/rv32im_core.v:206$16.cc[6:0]$719 [4]
    75/163: $3\ham_decode$func$../rtl/core/rv32im_core.v:206$16.cc[6:0]$719 [2]
    76/163: $3\ham_decode$func$../rtl/core/rv32im_core.v:206$16.cc[6:0]$719 [5]
    77/163: $3\ham_decode$func$../rtl/core/rv32im_core.v:206$16.cc[6:0]$719 [0]
    78/163: $2\ham_decode$func$../rtl/core/rv32im_core.v:206$16.cc[6:0]$713
    79/163: $2$bitselwrite$rvalue$../rtl/core/rv32im_core.v:167$17[0:0]$714
    80/163: $2$mem2reg_rd$\regfile_ecc$../rtl/core/rv32im_core.v:206$58_DATA[55:0]$700
    81/163: $1\ham_decode$func$../rtl/core/rv32im_core.v:213$30.synd[2:0]$681 [2]
    82/163: $1\ham_decode$func$../rtl/core/rv32im_core.v:213$30.synd[2:0]$681 [1]
    83/163: $1\ham_decode$func$../rtl/core/rv32im_core.v:213$30.synd[2:0]$681 [0]
    84/163: $1\ham_decode$func$../rtl/core/rv32im_core.v:212$28.synd[2:0]$676 [1]
    85/163: $1\ham_decode$func$../rtl/core/rv32im_core.v:212$28.synd[2:0]$676 [0]
    86/163: $1\ham_decode$func$../rtl/core/rv32im_core.v:211$26.synd[2:0]$671 [1]
    87/163: $1\ham_decode$func$../rtl/core/rv32im_core.v:211$26.synd[2:0]$671 [0]
    88/163: $1\ham_decode$func$../rtl/core/rv32im_core.v:210$24.synd[2:0]$666 [1]
    89/163: $1\ham_decode$func$../rtl/core/rv32im_core.v:210$24.synd[2:0]$666 [0]
    90/163: $1\ham_decode$func$../rtl/core/rv32im_core.v:209$22.synd[2:0]$661 [1]
    91/163: $1\ham_decode$func$../rtl/core/rv32im_core.v:209$22.synd[2:0]$661 [0]
    92/163: $1\ham_decode$func$../rtl/core/rv32im_core.v:208$20.synd[2:0]$656 [1]
    93/163: $1\ham_decode$func$../rtl/core/rv32im_core.v:208$20.synd[2:0]$656 [0]
    94/163: $1\ham_decode$func$../rtl/core/rv32im_core.v:207$18.synd[2:0]$651 [1]
    95/163: $1\ham_decode$func$../rtl/core/rv32im_core.v:207$18.synd[2:0]$651 [0]
    96/163: $1\ham_decode$func$../rtl/core/rv32im_core.v:206$16.synd[2:0]$646 [1]
    97/163: $1\ham_decode$func$../rtl/core/rv32im_core.v:206$16.synd[2:0]$646 [0]
    98/163: $1$mem2reg_rd$\regfile_ecc$../rtl/core/rv32im_core.v:213$65_DATA[55:0]$699
    99/163: $1$mem2reg_rd$\regfile_ecc$../rtl/core/rv32im_core.v:213$65_ADDR[4:0]$698
   100/163: $1$mem2reg_rd$\regfile_ecc$../rtl/core/rv32im_core.v:212$64_DATA[55:0]$697
   101/163: $1$mem2reg_rd$\regfile_ecc$../rtl/core/rv32im_core.v:212$64_ADDR[4:0]$696
   102/163: $1$mem2reg_rd$\regfile_ecc$../rtl/core/rv32im_core.v:211$63_DATA[55:0]$695
   103/163: $1$mem2reg_rd$\regfile_ecc$../rtl/core/rv32im_core.v:211$63_ADDR[4:0]$694
   104/163: $1$mem2reg_rd$\regfile_ecc$../rtl/core/rv32im_core.v:210$62_DATA[55:0]$693
   105/163: $1$mem2reg_rd$\regfile_ecc$../rtl/core/rv32im_core.v:210$62_ADDR[4:0]$692
   106/163: $1$mem2reg_rd$\regfile_ecc$../rtl/core/rv32im_core.v:209$61_DATA[55:0]$691
   107/163: $1$mem2reg_rd$\regfile_ecc$../rtl/core/rv32im_core.v:209$61_ADDR[4:0]$690
   108/163: $1$mem2reg_rd$\regfile_ecc$../rtl/core/rv32im_core.v:208$60_DATA[55:0]$689
   109/163: $1$mem2reg_rd$\regfile_ecc$../rtl/core/rv32im_core.v:208$60_ADDR[4:0]$688
   110/163: $1$mem2reg_rd$\regfile_ecc$../rtl/core/rv32im_core.v:207$59_DATA[55:0]$687
   111/163: $1$mem2reg_rd$\regfile_ecc$../rtl/core/rv32im_core.v:207$59_ADDR[4:0]$686
   112/163: $1$mem2reg_rd$\regfile_ecc$../rtl/core/rv32im_core.v:206$58_DATA[55:0]$685
   113/163: $1$mem2reg_rd$\regfile_ecc$../rtl/core/rv32im_core.v:206$58_ADDR[4:0]$684
   114/163: $1$bitselwrite$rvalue$../rtl/core/rv32im_core.v:167$31[0:0]$683
   115/163: $1\ham_decode$func$../rtl/core/rv32im_core.v:213$30.cc[6:0]$682
   116/163: $1\ham_decode$func$../rtl/core/rv32im_core.v:212$28.synd[2:0]$676 [2]
   117/163: $1\ham_decode$func$../rtl/core/rv32im_core.v:213$30.c[6:0]$680
   118/163: $1\ham_decode$func$../rtl/core/rv32im_core.v:213$30.$result[5:0]$679
   119/163: $1$bitselwrite$rvalue$../rtl/core/rv32im_core.v:167$29[0:0]$678
   120/163: $1\ham_decode$func$../rtl/core/rv32im_core.v:212$28.cc[6:0]$677
   121/163: $1\ham_decode$func$../rtl/core/rv32im_core.v:211$26.synd[2:0]$671 [2]
   122/163: $1\ham_decode$func$../rtl/core/rv32im_core.v:212$28.c[6:0]$675
   123/163: $1\ham_decode$func$../rtl/core/rv32im_core.v:212$28.$result[5:0]$674
   124/163: $1$bitselwrite$rvalue$../rtl/core/rv32im_core.v:167$27[0:0]$673
   125/163: $1\ham_decode$func$../rtl/core/rv32im_core.v:211$26.cc[6:0]$672
   126/163: $1\ham_decode$func$../rtl/core/rv32im_core.v:210$24.synd[2:0]$666 [2]
   127/163: $1\ham_decode$func$../rtl/core/rv32im_core.v:211$26.c[6:0]$670
   128/163: $1\ham_decode$func$../rtl/core/rv32im_core.v:211$26.$result[5:0]$669
   129/163: $1$bitselwrite$rvalue$../rtl/core/rv32im_core.v:167$25[0:0]$668
   130/163: $1\ham_decode$func$../rtl/core/rv32im_core.v:210$24.cc[6:0]$667
   131/163: $1\ham_decode$func$../rtl/core/rv32im_core.v:209$22.synd[2:0]$661 [2]
   132/163: $1\ham_decode$func$../rtl/core/rv32im_core.v:210$24.c[6:0]$665
   133/163: $1\ham_decode$func$../rtl/core/rv32im_core.v:210$24.$result[5:0]$664
   134/163: $1$bitselwrite$rvalue$../rtl/core/rv32im_core.v:167$23[0:0]$663
   135/163: $1\ham_decode$func$../rtl/core/rv32im_core.v:209$22.cc[6:0]$662
   136/163: $1\ham_decode$func$../rtl/core/rv32im_core.v:208$20.synd[2:0]$656 [2]
   137/163: $1\ham_decode$func$../rtl/core/rv32im_core.v:209$22.c[6:0]$660
   138/163: $1\ham_decode$func$../rtl/core/rv32im_core.v:209$22.$result[5:0]$659
   139/163: $1$bitselwrite$rvalue$../rtl/core/rv32im_core.v:167$21[0:0]$658
   140/163: $1\ham_decode$func$../rtl/core/rv32im_core.v:208$20.cc[6:0]$657
   141/163: $1\ham_decode$func$../rtl/core/rv32im_core.v:207$18.synd[2:0]$651 [2]
   142/163: $1\ham_decode$func$../rtl/core/rv32im_core.v:208$20.c[6:0]$655
   143/163: $1\ham_decode$func$../rtl/core/rv32im_core.v:208$20.$result[5:0]$654
   144/163: $1$bitselwrite$rvalue$../rtl/core/rv32im_core.v:167$19[0:0]$653
   145/163: $1\ham_decode$func$../rtl/core/rv32im_core.v:207$18.cc[6:0]$652
   146/163: $1\ham_decode$func$../rtl/core/rv32im_core.v:206$16.synd[2:0]$646 [2]
   147/163: $1\ham_decode$func$../rtl/core/rv32im_core.v:207$18.c[6:0]$650
   148/163: $1\ham_decode$func$../rtl/core/rv32im_core.v:207$18.$result[5:0]$649
   149/163: $1$bitselwrite$rvalue$../rtl/core/rv32im_core.v:167$17[0:0]$648
   150/163: $1\ham_decode$func$../rtl/core/rv32im_core.v:206$16.cc[6:0]$647
   151/163: $1\regfile_read_ecc$func$../rtl/core/rv32im_core.v:369$15.$result[33:0]$633
   152/163: $1\ham_decode$func$../rtl/core/rv32im_core.v:206$16.c[6:0]$645
   153/163: $1\ham_decode$func$../rtl/core/rv32im_core.v:206$16.$result[5:0]$644
   154/163: $1\regfile_read_ecc$func$../rtl/core/rv32im_core.v:369$15.any_corr[0:0]$643
   155/163: $1\regfile_read_ecc$func$../rtl/core/rv32im_core.v:369$15.any_fatal[0:0]$642
   156/163: $1\regfile_read_ecc$func$../rtl/core/rv32im_core.v:369$15.d7[5:0]$641
   157/163: $1\regfile_read_ecc$func$../rtl/core/rv32im_core.v:369$15.d6[5:0]$640
   158/163: $1\regfile_read_ecc$func$../rtl/core/rv32im_core.v:369$15.d5[5:0]$639
   159/163: $1\regfile_read_ecc$func$../rtl/core/rv32im_core.v:369$15.d4[5:0]$638
   160/163: $1\regfile_read_ecc$func$../rtl/core/rv32im_core.v:369$15.d3[5:0]$637
   161/163: $1\regfile_read_ecc$func$../rtl/core/rv32im_core.v:369$15.d2[5:0]$636
   162/163: $1\regfile_read_ecc$func$../rtl/core/rv32im_core.v:369$15.d1[5:0]$635
   163/163: $1\regfile_read_ecc$func$../rtl/core/rv32im_core.v:369$15.d0[5:0]$634
Creating decoders for process `\rv32im_core.$proc$../rtl/core/rv32im_core.v:1129$549'.
Creating decoders for process `\rv32im_core.$proc$../rtl/core/rv32im_core.v:487$126'.
     1/591: $0\regfile_ecc[31][55:0] [55:49]
     2/591: $0\regfile_ecc[31][55:0] [48:42]
     3/591: $0\regfile_ecc[30][55:0] [48:42]
     4/591: $0\regfile_ecc[29][55:0] [48:42]
     5/591: $0\regfile_ecc[28][55:0] [48:42]
     6/591: $0\regfile_ecc[27][55:0] [48:42]
     7/591: $0\regfile_ecc[26][55:0] [48:42]
     8/591: $0\regfile_ecc[25][55:0] [48:42]
     9/591: $0\regfile_ecc[24][55:0] [48:42]
    10/591: $0\regfile_ecc[23][55:0] [48:42]
    11/591: $0\regfile_ecc[22][55:0] [48:42]
    12/591: $0\regfile_ecc[21][55:0] [48:42]
    13/591: $0\regfile_ecc[20][55:0] [48:42]
    14/591: $0\regfile_ecc[19][55:0] [48:42]
    15/591: $0\regfile_ecc[18][55:0] [48:42]
    16/591: $0\regfile_ecc[17][55:0] [48:42]
    17/591: $0\regfile_ecc[16][55:0] [48:42]
    18/591: $0\regfile_ecc[15][55:0] [48:42]
    19/591: $0\regfile_ecc[14][55:0] [48:42]
    20/591: $0\regfile_ecc[13][55:0] [48:42]
    21/591: $0\regfile_ecc[12][55:0] [48:42]
    22/591: $0\regfile_ecc[11][55:0] [48:42]
    23/591: $0\regfile_ecc[10][55:0] [48:42]
    24/591: $0\regfile_ecc[9][55:0] [48:42]
    25/591: $0\regfile_ecc[8][55:0] [48:42]
    26/591: $0\regfile_ecc[7][55:0] [48:42]
    27/591: $0\regfile_ecc[6][55:0] [48:42]
    28/591: $0\regfile_ecc[5][55:0] [48:42]
    29/591: $0\regfile_ecc[4][55:0] [48:42]
    30/591: $0\regfile_ecc[3][55:0] [48:42]
    31/591: $0\regfile_ecc[2][55:0] [48:42]
    32/591: $0\regfile_ecc[1][55:0] [48:42]
    33/591: $0\regfile_ecc[0][55:0] [48:42]
    34/591: $0\regfile_ecc[31][55:0] [41:35]
    35/591: $0\regfile_ecc[30][55:0] [41:35]
    36/591: $0\regfile_ecc[29][55:0] [41:35]
    37/591: $0\regfile_ecc[28][55:0] [41:35]
    38/591: $0\regfile_ecc[27][55:0] [41:35]
    39/591: $0\regfile_ecc[26][55:0] [41:35]
    40/591: $0\regfile_ecc[25][55:0] [41:35]
    41/591: $0\regfile_ecc[24][55:0] [41:35]
    42/591: $0\regfile_ecc[23][55:0] [41:35]
    43/591: $0\regfile_ecc[22][55:0] [41:35]
    44/591: $0\regfile_ecc[21][55:0] [41:35]
    45/591: $0\regfile_ecc[20][55:0] [41:35]
    46/591: $0\regfile_ecc[19][55:0] [41:35]
    47/591: $0\regfile_ecc[18][55:0] [41:35]
    48/591: $0\regfile_ecc[17][55:0] [41:35]
    49/591: $0\regfile_ecc[16][55:0] [41:35]
    50/591: $0\regfile_ecc[15][55:0] [41:35]
    51/591: $0\regfile_ecc[14][55:0] [41:35]
    52/591: $0\regfile_ecc[13][55:0] [41:35]
    53/591: $0\regfile_ecc[12][55:0] [41:35]
    54/591: $0\regfile_ecc[11][55:0] [41:35]
    55/591: $0\regfile_ecc[10][55:0] [41:35]
    56/591: $0\regfile_ecc[9][55:0] [41:35]
    57/591: $0\regfile_ecc[8][55:0] [41:35]
    58/591: $0\regfile_ecc[7][55:0] [41:35]
    59/591: $0\regfile_ecc[6][55:0] [41:35]
    60/591: $0\regfile_ecc[5][55:0] [41:35]
    61/591: $0\regfile_ecc[4][55:0] [41:35]
    62/591: $0\regfile_ecc[3][55:0] [41:35]
    63/591: $0\regfile_ecc[2][55:0] [41:35]
    64/591: $0\regfile_ecc[1][55:0] [41:35]
    65/591: $0\regfile_ecc[0][55:0] [41:35]
    66/591: $0\regfile_ecc[31][55:0] [34:28]
    67/591: $0\regfile_ecc[30][55:0] [34:28]
    68/591: $0\regfile_ecc[29][55:0] [34:28]
    69/591: $0\regfile_ecc[28][55:0] [34:28]
    70/591: $0\regfile_ecc[27][55:0] [34:28]
    71/591: $0\regfile_ecc[26][55:0] [34:28]
    72/591: $0\regfile_ecc[25][55:0] [34:28]
    73/591: $0\regfile_ecc[24][55:0] [34:28]
    74/591: $0\regfile_ecc[23][55:0] [34:28]
    75/591: $0\regfile_ecc[22][55:0] [34:28]
    76/591: $0\regfile_ecc[21][55:0] [34:28]
    77/591: $0\regfile_ecc[20][55:0] [34:28]
    78/591: $0\regfile_ecc[19][55:0] [34:28]
    79/591: $0\regfile_ecc[18][55:0] [34:28]
    80/591: $0\regfile_ecc[17][55:0] [34:28]
    81/591: $0\regfile_ecc[16][55:0] [34:28]
    82/591: $0\regfile_ecc[15][55:0] [34:28]
    83/591: $0\regfile_ecc[14][55:0] [34:28]
    84/591: $0\regfile_ecc[13][55:0] [34:28]
    85/591: $0\regfile_ecc[12][55:0] [34:28]
    86/591: $0\regfile_ecc[11][55:0] [34:28]
    87/591: $0\regfile_ecc[10][55:0] [34:28]
    88/591: $0\regfile_ecc[9][55:0] [34:28]
    89/591: $0\regfile_ecc[8][55:0] [34:28]
    90/591: $0\regfile_ecc[7][55:0] [34:28]
    91/591: $0\regfile_ecc[6][55:0] [34:28]
    92/591: $0\regfile_ecc[5][55:0] [34:28]
    93/591: $0\regfile_ecc[4][55:0] [34:28]
    94/591: $0\regfile_ecc[3][55:0] [34:28]
    95/591: $0\regfile_ecc[2][55:0] [34:28]
    96/591: $0\regfile_ecc[1][55:0] [34:28]
    97/591: $0\regfile_ecc[0][55:0] [34:28]
    98/591: $0\regfile_ecc[31][55:0] [27:21]
    99/591: $0\regfile_ecc[30][55:0] [27:21]
   100/591: $0\regfile_ecc[29][55:0] [27:21]
   101/591: $0\regfile_ecc[28][55:0] [27:21]
   102/591: $0\regfile_ecc[27][55:0] [27:21]
   103/591: $0\regfile_ecc[26][55:0] [27:21]
   104/591: $0\regfile_ecc[25][55:0] [27:21]
   105/591: $0\regfile_ecc[24][55:0] [27:21]
   106/591: $0\regfile_ecc[23][55:0] [27:21]
   107/591: $0\regfile_ecc[22][55:0] [27:21]
   108/591: $0\regfile_ecc[21][55:0] [27:21]
   109/591: $0\regfile_ecc[20][55:0] [27:21]
   110/591: $0\regfile_ecc[19][55:0] [27:21]
   111/591: $0\regfile_ecc[18][55:0] [27:21]
   112/591: $0\regfile_ecc[17][55:0] [27:21]
   113/591: $0\regfile_ecc[16][55:0] [27:21]
   114/591: $0\regfile_ecc[15][55:0] [27:21]
   115/591: $0\regfile_ecc[14][55:0] [27:21]
   116/591: $0\regfile_ecc[13][55:0] [27:21]
   117/591: $0\regfile_ecc[12][55:0] [27:21]
   118/591: $0\regfile_ecc[11][55:0] [27:21]
   119/591: $0\regfile_ecc[10][55:0] [27:21]
   120/591: $0\regfile_ecc[9][55:0] [27:21]
   121/591: $0\regfile_ecc[8][55:0] [27:21]
   122/591: $0\regfile_ecc[7][55:0] [27:21]
   123/591: $0\regfile_ecc[6][55:0] [27:21]
   124/591: $0\regfile_ecc[5][55:0] [27:21]
   125/591: $0\regfile_ecc[4][55:0] [27:21]
   126/591: $0\regfile_ecc[3][55:0] [27:21]
   127/591: $0\regfile_ecc[2][55:0] [27:21]
   128/591: $0\regfile_ecc[1][55:0] [27:21]
   129/591: $0\regfile_ecc[0][55:0] [27:21]
   130/591: $0\regfile_ecc[31][55:0] [20:14]
   131/591: $0\regfile_ecc[30][55:0] [20:14]
   132/591: $0\regfile_ecc[29][55:0] [20:14]
   133/591: $0\regfile_ecc[28][55:0] [20:14]
   134/591: $0\regfile_ecc[27][55:0] [20:14]
   135/591: $0\regfile_ecc[26][55:0] [20:14]
   136/591: $0\regfile_ecc[25][55:0] [20:14]
   137/591: $0\regfile_ecc[24][55:0] [20:14]
   138/591: $0\regfile_ecc[23][55:0] [20:14]
   139/591: $0\regfile_ecc[22][55:0] [20:14]
   140/591: $0\regfile_ecc[21][55:0] [20:14]
   141/591: $0\regfile_ecc[20][55:0] [20:14]
   142/591: $0\regfile_ecc[19][55:0] [20:14]
   143/591: $0\regfile_ecc[18][55:0] [20:14]
   144/591: $0\regfile_ecc[17][55:0] [20:14]
   145/591: $0\regfile_ecc[16][55:0] [20:14]
   146/591: $0\regfile_ecc[15][55:0] [20:14]
   147/591: $0\regfile_ecc[14][55:0] [20:14]
   148/591: $0\regfile_ecc[13][55:0] [20:14]
   149/591: $0\regfile_ecc[12][55:0] [20:14]
   150/591: $0\regfile_ecc[11][55:0] [20:14]
   151/591: $0\regfile_ecc[10][55:0] [20:14]
   152/591: $0\regfile_ecc[9][55:0] [20:14]
   153/591: $0\regfile_ecc[8][55:0] [20:14]
   154/591: $0\regfile_ecc[7][55:0] [20:14]
   155/591: $0\regfile_ecc[6][55:0] [20:14]
   156/591: $0\regfile_ecc[5][55:0] [20:14]
   157/591: $0\regfile_ecc[4][55:0] [20:14]
   158/591: $0\regfile_ecc[3][55:0] [20:14]
   159/591: $0\regfile_ecc[2][55:0] [20:14]
   160/591: $0\regfile_ecc[1][55:0] [20:14]
   161/591: $0\regfile_ecc[0][55:0] [20:14]
   162/591: $0\regfile_ecc[31][55:0] [13:7]
   163/591: $0\regfile_ecc[30][55:0] [13:7]
   164/591: $0\regfile_ecc[29][55:0] [13:7]
   165/591: $0\regfile_ecc[28][55:0] [13:7]
   166/591: $0\regfile_ecc[27][55:0] [13:7]
   167/591: $0\regfile_ecc[26][55:0] [13:7]
   168/591: $0\regfile_ecc[25][55:0] [13:7]
   169/591: $0\regfile_ecc[24][55:0] [13:7]
   170/591: $0\regfile_ecc[23][55:0] [13:7]
   171/591: $0\regfile_ecc[22][55:0] [13:7]
   172/591: $0\regfile_ecc[21][55:0] [13:7]
   173/591: $0\regfile_ecc[20][55:0] [13:7]
   174/591: $0\regfile_ecc[19][55:0] [13:7]
   175/591: $0\regfile_ecc[18][55:0] [13:7]
   176/591: $0\regfile_ecc[17][55:0] [13:7]
   177/591: $0\regfile_ecc[16][55:0] [13:7]
   178/591: $0\regfile_ecc[15][55:0] [13:7]
   179/591: $0\regfile_ecc[14][55:0] [13:7]
   180/591: $0\regfile_ecc[13][55:0] [13:7]
   181/591: $0\regfile_ecc[12][55:0] [13:7]
   182/591: $0\regfile_ecc[11][55:0] [13:7]
   183/591: $0\regfile_ecc[10][55:0] [13:7]
   184/591: $0\regfile_ecc[9][55:0] [13:7]
   185/591: $0\regfile_ecc[8][55:0] [13:7]
   186/591: $0\regfile_ecc[7][55:0] [13:7]
   187/591: $0\regfile_ecc[6][55:0] [13:7]
   188/591: $0\regfile_ecc[5][55:0] [13:7]
   189/591: $0\regfile_ecc[4][55:0] [13:7]
   190/591: $0\regfile_ecc[3][55:0] [13:7]
   191/591: $0\regfile_ecc[2][55:0] [13:7]
   192/591: $0\regfile_ecc[1][55:0] [13:7]
   193/591: $0\regfile_ecc[0][55:0] [13:7]
   194/591: $0\regfile_ecc[31][55:0] [6:0]
   195/591: $0\regfile_ecc[30][55:0] [6:0]
   196/591: $0\regfile_ecc[29][55:0] [6:0]
   197/591: $0\regfile_ecc[28][55:0] [6:0]
   198/591: $0\regfile_ecc[27][55:0] [6:0]
   199/591: $0\regfile_ecc[26][55:0] [6:0]
   200/591: $0\regfile_ecc[25][55:0] [6:0]
   201/591: $0\regfile_ecc[24][55:0] [6:0]
   202/591: $0\regfile_ecc[23][55:0] [6:0]
   203/591: $0\regfile_ecc[22][55:0] [6:0]
   204/591: $0\regfile_ecc[21][55:0] [6:0]
   205/591: $0\regfile_ecc[20][55:0] [6:0]
   206/591: $0\regfile_ecc[19][55:0] [6:0]
   207/591: $0\regfile_ecc[18][55:0] [6:0]
   208/591: $0\regfile_ecc[17][55:0] [6:0]
   209/591: $0\regfile_ecc[16][55:0] [6:0]
   210/591: $0\regfile_ecc[15][55:0] [6:0]
   211/591: $0\regfile_ecc[14][55:0] [6:0]
   212/591: $0\regfile_ecc[13][55:0] [6:0]
   213/591: $0\regfile_ecc[12][55:0] [6:0]
   214/591: $0\regfile_ecc[11][55:0] [6:0]
   215/591: $0\regfile_ecc[10][55:0] [6:0]
   216/591: $0\regfile_ecc[9][55:0] [6:0]
   217/591: $0\regfile_ecc[8][55:0] [6:0]
   218/591: $0\regfile_ecc[7][55:0] [6:0]
   219/591: $0\regfile_ecc[6][55:0] [6:0]
   220/591: $0\regfile_ecc[5][55:0] [6:0]
   221/591: $0\regfile_ecc[4][55:0] [6:0]
   222/591: $0\regfile_ecc[3][55:0] [6:0]
   223/591: $0\regfile_ecc[2][55:0] [6:0]
   224/591: $0\regfile_ecc[1][55:0] [6:0]
   225/591: $0\regfile_ecc[0][55:0] [6:0]
   226/591: $3$mem2reg_wr$\regfile_ecc$../rtl/core/rv32im_core.v:192$57_DATA[55:0]$499
   227/591: $3\ham_encode$func$../rtl/core/rv32im_core.v:192$14.$result[6:0]$477
   228/591: $3\ham_encode$func$../rtl/core/rv32im_core.v:192$14.p3[0:0]$481
   229/591: $3\ham_encode$func$../rtl/core/rv32im_core.v:192$14.p2[0:0]$480
   230/591: $3\ham_encode$func$../rtl/core/rv32im_core.v:192$14.p1[0:0]$479
   231/591: $3\ham_encode$func$../rtl/core/rv32im_core.v:192$14.d[3:0]$478
   232/591: $3$mem2reg_wr$\regfile_ecc$../rtl/core/rv32im_core.v:191$56_ADDR[4:0]$496
   233/591: $3$mem2reg_wr$\regfile_ecc$../rtl/core/rv32im_core.v:191$56_DATA[55:0]$497
   234/591: $3\ham_encode$func$../rtl/core/rv32im_core.v:191$13.$result[6:0]$472
   235/591: $3\ham_encode$func$../rtl/core/rv32im_core.v:191$13.p3[0:0]$476
   236/591: $3\ham_encode$func$../rtl/core/rv32im_core.v:191$13.p2[0:0]$475
   237/591: $3\ham_encode$func$../rtl/core/rv32im_core.v:191$13.p1[0:0]$474
   238/591: $3\ham_encode$func$../rtl/core/rv32im_core.v:191$13.d[3:0]$473
   239/591: $3$mem2reg_wr$\regfile_ecc$../rtl/core/rv32im_core.v:190$55_ADDR[4:0]$494
   240/591: $3$mem2reg_wr$\regfile_ecc$../rtl/core/rv32im_core.v:190$55_DATA[55:0]$495
   241/591: $3\ham_encode$func$../rtl/core/rv32im_core.v:190$12.$result[6:0]$467
   242/591: $3\ham_encode$func$../rtl/core/rv32im_core.v:190$12.p3[0:0]$471
   243/591: $3\ham_encode$func$../rtl/core/rv32im_core.v:190$12.p2[0:0]$470
   244/591: $3\ham_encode$func$../rtl/core/rv32im_core.v:190$12.p1[0:0]$469
   245/591: $3\ham_encode$func$../rtl/core/rv32im_core.v:190$12.d[3:0]$468
   246/591: $3$mem2reg_wr$\regfile_ecc$../rtl/core/rv32im_core.v:189$54_ADDR[4:0]$492
   247/591: $3$mem2reg_wr$\regfile_ecc$../rtl/core/rv32im_core.v:189$54_DATA[55:0]$493
   248/591: $3\ham_encode$func$../rtl/core/rv32im_core.v:189$11.$result[6:0]$462
   249/591: $3\ham_encode$func$../rtl/core/rv32im_core.v:189$11.p3[0:0]$466
   250/591: $3\ham_encode$func$../rtl/core/rv32im_core.v:189$11.p2[0:0]$465
   251/591: $3\ham_encode$func$../rtl/core/rv32im_core.v:189$11.p1[0:0]$464
   252/591: $3\ham_encode$func$../rtl/core/rv32im_core.v:189$11.d[3:0]$463
   253/591: $3$mem2reg_wr$\regfile_ecc$../rtl/core/rv32im_core.v:188$53_ADDR[4:0]$490
   254/591: $3$mem2reg_wr$\regfile_ecc$../rtl/core/rv32im_core.v:188$53_DATA[55:0]$491
   255/591: $3\ham_encode$func$../rtl/core/rv32im_core.v:188$10.$result[6:0]$457
   256/591: $3\ham_encode$func$../rtl/core/rv32im_core.v:188$10.p3[0:0]$461
   257/591: $3\ham_encode$func$../rtl/core/rv32im_core.v:188$10.p2[0:0]$460
   258/591: $3\ham_encode$func$../rtl/core/rv32im_core.v:188$10.p1[0:0]$459
   259/591: $3\ham_encode$func$../rtl/core/rv32im_core.v:188$10.d[3:0]$458
   260/591: $3$mem2reg_wr$\regfile_ecc$../rtl/core/rv32im_core.v:187$52_ADDR[4:0]$488
   261/591: $3$mem2reg_wr$\regfile_ecc$../rtl/core/rv32im_core.v:187$52_DATA[55:0]$489
   262/591: $3\ham_encode$func$../rtl/core/rv32im_core.v:187$9.$result[6:0]$452
   263/591: $3\ham_encode$func$../rtl/core/rv32im_core.v:187$9.p3[0:0]$456
   264/591: $3\ham_encode$func$../rtl/core/rv32im_core.v:187$9.p2[0:0]$455
   265/591: $3\ham_encode$func$../rtl/core/rv32im_core.v:187$9.p1[0:0]$454
   266/591: $3\ham_encode$func$../rtl/core/rv32im_core.v:187$9.d[3:0]$453
   267/591: $3$mem2reg_wr$\regfile_ecc$../rtl/core/rv32im_core.v:186$51_ADDR[4:0]$486
   268/591: $3$mem2reg_wr$\regfile_ecc$../rtl/core/rv32im_core.v:186$51_DATA[55:0]$487
   269/591: $3\ham_encode$func$../rtl/core/rv32im_core.v:186$8.$result[6:0]$447
   270/591: $3\ham_encode$func$../rtl/core/rv32im_core.v:186$8.p3[0:0]$451
   271/591: $3\ham_encode$func$../rtl/core/rv32im_core.v:186$8.p2[0:0]$450
   272/591: $3\ham_encode$func$../rtl/core/rv32im_core.v:186$8.p1[0:0]$449
   273/591: $3\ham_encode$func$../rtl/core/rv32im_core.v:186$8.d[3:0]$448
   274/591: $3$mem2reg_wr$\regfile_ecc$../rtl/core/rv32im_core.v:185$50_ADDR[4:0]$484
   275/591: $3$mem2reg_wr$\regfile_ecc$../rtl/core/rv32im_core.v:185$50_DATA[55:0]$485
   276/591: $3\ham_encode$func$../rtl/core/rv32im_core.v:185$7.$result[6:0]$442
   277/591: $3\ham_encode$func$../rtl/core/rv32im_core.v:185$7.p3[0:0]$446
   278/591: $3\ham_encode$func$../rtl/core/rv32im_core.v:185$7.p2[0:0]$445
   279/591: $3\ham_encode$func$../rtl/core/rv32im_core.v:185$7.p1[0:0]$444
   280/591: $3\ham_encode$func$../rtl/core/rv32im_core.v:185$7.d[3:0]$443
   281/591: $3$mem2reg_wr$\regfile$../rtl/core/rv32im_core.v:184$49_ADDR[4:0]$482
   282/591: $3$mem2reg_wr$\regfile$../rtl/core/rv32im_core.v:184$49_DATA[31:0]$483
   283/591: $2$mem2reg_wr$\regfile_ecc$../rtl/core/rv32im_core.v:192$57_DATA[55:0]$439
   284/591: $2$mem2reg_wr$\regfile_ecc$../rtl/core/rv32im_core.v:192$57_ADDR[4:0]$438
   285/591: $2$mem2reg_wr$\regfile_ecc$../rtl/core/rv32im_core.v:191$56_DATA[55:0]$437
   286/591: $2$mem2reg_wr$\regfile_ecc$../rtl/core/rv32im_core.v:191$56_ADDR[4:0]$436
   287/591: $2$mem2reg_wr$\regfile_ecc$../rtl/core/rv32im_core.v:190$55_DATA[55:0]$435
   288/591: $2$mem2reg_wr$\regfile_ecc$../rtl/core/rv32im_core.v:190$55_ADDR[4:0]$434
   289/591: $2$mem2reg_wr$\regfile_ecc$../rtl/core/rv32im_core.v:189$54_DATA[55:0]$433
   290/591: $2$mem2reg_wr$\regfile_ecc$../rtl/core/rv32im_core.v:189$54_ADDR[4:0]$432
   291/591: $2$mem2reg_wr$\regfile_ecc$../rtl/core/rv32im_core.v:188$53_DATA[55:0]$431
   292/591: $2$mem2reg_wr$\regfile_ecc$../rtl/core/rv32im_core.v:188$53_ADDR[4:0]$430
   293/591: $2$mem2reg_wr$\regfile_ecc$../rtl/core/rv32im_core.v:187$52_DATA[55:0]$429
   294/591: $2$mem2reg_wr$\regfile_ecc$../rtl/core/rv32im_core.v:187$52_ADDR[4:0]$428
   295/591: $2$mem2reg_wr$\regfile_ecc$../rtl/core/rv32im_core.v:186$51_DATA[55:0]$427
   296/591: $2$mem2reg_wr$\regfile_ecc$../rtl/core/rv32im_core.v:186$51_ADDR[4:0]$426
   297/591: $2$mem2reg_wr$\regfile_ecc$../rtl/core/rv32im_core.v:185$50_DATA[55:0]$425
   298/591: $2$mem2reg_wr$\regfile_ecc$../rtl/core/rv32im_core.v:185$50_ADDR[4:0]$424
   299/591: $2$mem2reg_wr$\regfile$../rtl/core/rv32im_core.v:184$49_DATA[31:0]$423
   300/591: $2$mem2reg_wr$\regfile$../rtl/core/rv32im_core.v:184$49_ADDR[4:0]$422
   301/591: $2\ham_encode$func$../rtl/core/rv32im_core.v:192$14.p3[0:0]$421
   302/591: $2\ham_encode$func$../rtl/core/rv32im_core.v:192$14.p2[0:0]$420
   303/591: $2\ham_encode$func$../rtl/core/rv32im_core.v:192$14.p1[0:0]$419
   304/591: $2\ham_encode$func$../rtl/core/rv32im_core.v:192$14.d[3:0]$418
   305/591: $2\ham_encode$func$../rtl/core/rv32im_core.v:192$14.$result[6:0]$417
   306/591: $2\ham_encode$func$../rtl/core/rv32im_core.v:191$13.p3[0:0]$416
   307/591: $2\ham_encode$func$../rtl/core/rv32im_core.v:191$13.p2[0:0]$415
   308/591: $2\ham_encode$func$../rtl/core/rv32im_core.v:191$13.p1[0:0]$414
   309/591: $2\ham_encode$func$../rtl/core/rv32im_core.v:191$13.d[3:0]$413
   310/591: $2\ham_encode$func$../rtl/core/rv32im_core.v:191$13.$result[6:0]$412
   311/591: $2\ham_encode$func$../rtl/core/rv32im_core.v:190$12.p3[0:0]$411
   312/591: $2\ham_encode$func$../rtl/core/rv32im_core.v:190$12.p2[0:0]$410
   313/591: $2\ham_encode$func$../rtl/core/rv32im_core.v:190$12.p1[0:0]$409
   314/591: $2\ham_encode$func$../rtl/core/rv32im_core.v:190$12.d[3:0]$408
   315/591: $2\ham_encode$func$../rtl/core/rv32im_core.v:190$12.$result[6:0]$407
   316/591: $2\ham_encode$func$../rtl/core/rv32im_core.v:189$11.p3[0:0]$406
   317/591: $2\ham_encode$func$../rtl/core/rv32im_core.v:189$11.p2[0:0]$405
   318/591: $2\ham_encode$func$../rtl/core/rv32im_core.v:189$11.p1[0:0]$404
   319/591: $2\ham_encode$func$../rtl/core/rv32im_core.v:189$11.d[3:0]$403
   320/591: $2\ham_encode$func$../rtl/core/rv32im_core.v:189$11.$result[6:0]$402
   321/591: $2\ham_encode$func$../rtl/core/rv32im_core.v:188$10.p3[0:0]$401
   322/591: $2\ham_encode$func$../rtl/core/rv32im_core.v:188$10.p2[0:0]$400
   323/591: $2\ham_encode$func$../rtl/core/rv32im_core.v:188$10.p1[0:0]$399
   324/591: $2\ham_encode$func$../rtl/core/rv32im_core.v:188$10.d[3:0]$398
   325/591: $2\ham_encode$func$../rtl/core/rv32im_core.v:188$10.$result[6:0]$397
   326/591: $2\ham_encode$func$../rtl/core/rv32im_core.v:187$9.p3[0:0]$396
   327/591: $2\ham_encode$func$../rtl/core/rv32im_core.v:187$9.p2[0:0]$395
   328/591: $2\ham_encode$func$../rtl/core/rv32im_core.v:187$9.p1[0:0]$394
   329/591: $2\ham_encode$func$../rtl/core/rv32im_core.v:187$9.d[3:0]$393
   330/591: $2\ham_encode$func$../rtl/core/rv32im_core.v:187$9.$result[6:0]$392
   331/591: $2\ham_encode$func$../rtl/core/rv32im_core.v:186$8.p3[0:0]$391
   332/591: $2\ham_encode$func$../rtl/core/rv32im_core.v:186$8.p2[0:0]$390
   333/591: $2\ham_encode$func$../rtl/core/rv32im_core.v:186$8.p1[0:0]$389
   334/591: $2\ham_encode$func$../rtl/core/rv32im_core.v:186$8.d[3:0]$388
   335/591: $2\ham_encode$func$../rtl/core/rv32im_core.v:186$8.$result[6:0]$387
   336/591: $2\ham_encode$func$../rtl/core/rv32im_core.v:185$7.p3[0:0]$386
   337/591: $2\ham_encode$func$../rtl/core/rv32im_core.v:185$7.p2[0:0]$385
   338/591: $2\ham_encode$func$../rtl/core/rv32im_core.v:185$7.p1[0:0]$384
   339/591: $2\ham_encode$func$../rtl/core/rv32im_core.v:185$7.d[3:0]$383
   340/591: $2\ham_encode$func$../rtl/core/rv32im_core.v:185$7.$result[6:0]$382
   341/591: $2\regfile_write$func$../rtl/core/rv32im_core.v:1117$6.data[31:0]$381
   342/591: $2\regfile_write$func$../rtl/core/rv32im_core.v:1117$6.addr[4:0]$380
   343/591: $2$unnamed_block$3.wb_data[31:0]$379
   344/591: $0\memwb_valid[0:0]
   345/591: $0\csr_mstatus[31:0] [31:8]
   346/591: $3$unnamed_block$2.csr_wdata[31:0]$349
   347/591: $2$unnamed_block$2.csr_wdata[31:0]$339
   348/591: $0\mdu_acc[63:0] [63:32]
   349/591: $0\mdu_acc[63:0] [0]
   350/591: $0\mdu_acc[63:0] [31:1]
   351/591: $0\csr_mstatus[31:0] [2:0]
   352/591: $4$unnamed_block$2.csr_wdata[31:0]$350
   353/591: $0\csr_mstatus[31:0] [6:4]
   354/591: $0\csr_mstatus[31:0] [7]
   355/591: $1$mem2reg_wr$\regfile_ecc$../rtl/core/rv32im_core.v:192$57_DATA[55:0]$251
   356/591: $1$mem2reg_wr$\regfile_ecc$../rtl/core/rv32im_core.v:192$57_ADDR[4:0]$250
   357/591: $1$mem2reg_wr$\regfile_ecc$../rtl/core/rv32im_core.v:191$56_DATA[55:0]$249
   358/591: $1$mem2reg_wr$\regfile_ecc$../rtl/core/rv32im_core.v:191$56_ADDR[4:0]$248
   359/591: $1$mem2reg_wr$\regfile_ecc$../rtl/core/rv32im_core.v:190$55_DATA[55:0]$247
   360/591: $1$mem2reg_wr$\regfile_ecc$../rtl/core/rv32im_core.v:190$55_ADDR[4:0]$246
   361/591: $1$mem2reg_wr$\regfile_ecc$../rtl/core/rv32im_core.v:189$54_DATA[55:0]$245
   362/591: $1$mem2reg_wr$\regfile_ecc$../rtl/core/rv32im_core.v:189$54_ADDR[4:0]$244
   363/591: $1$mem2reg_wr$\regfile_ecc$../rtl/core/rv32im_core.v:188$53_DATA[55:0]$243
   364/591: $1$mem2reg_wr$\regfile_ecc$../rtl/core/rv32im_core.v:188$53_ADDR[4:0]$242
   365/591: $1$mem2reg_wr$\regfile_ecc$../rtl/core/rv32im_core.v:187$52_DATA[55:0]$241
   366/591: $1$mem2reg_wr$\regfile_ecc$../rtl/core/rv32im_core.v:187$52_ADDR[4:0]$240
   367/591: $1$mem2reg_wr$\regfile_ecc$../rtl/core/rv32im_core.v:186$51_DATA[55:0]$239
   368/591: $1$mem2reg_wr$\regfile_ecc$../rtl/core/rv32im_core.v:186$51_ADDR[4:0]$238
   369/591: $1$mem2reg_wr$\regfile_ecc$../rtl/core/rv32im_core.v:185$50_DATA[55:0]$237
   370/591: $1$mem2reg_wr$\regfile_ecc$../rtl/core/rv32im_core.v:185$50_ADDR[4:0]$236
   371/591: $1$mem2reg_wr$\regfile$../rtl/core/rv32im_core.v:184$49_DATA[31:0]$235
   372/591: $1$mem2reg_wr$\regfile$../rtl/core/rv32im_core.v:184$49_ADDR[4:0]$234
   373/591: $1\ham_encode$func$../rtl/core/rv32im_core.v:192$14.p3[0:0]$233
   374/591: $1\ham_encode$func$../rtl/core/rv32im_core.v:192$14.p2[0:0]$232
   375/591: $1\ham_encode$func$../rtl/core/rv32im_core.v:192$14.p1[0:0]$231
   376/591: $1\ham_encode$func$../rtl/core/rv32im_core.v:192$14.d[3:0]$230
   377/591: $1\ham_encode$func$../rtl/core/rv32im_core.v:192$14.$result[6:0]$229
   378/591: $1\ham_encode$func$../rtl/core/rv32im_core.v:191$13.p3[0:0]$228
   379/591: $1\ham_encode$func$../rtl/core/rv32im_core.v:191$13.p2[0:0]$227
   380/591: $1\ham_encode$func$../rtl/core/rv32im_core.v:191$13.p1[0:0]$226
   381/591: $1\ham_encode$func$../rtl/core/rv32im_core.v:191$13.d[3:0]$225
   382/591: $1\ham_encode$func$../rtl/core/rv32im_core.v:191$13.$result[6:0]$224
   383/591: $1\ham_encode$func$../rtl/core/rv32im_core.v:190$12.p3[0:0]$223
   384/591: $1\ham_encode$func$../rtl/core/rv32im_core.v:190$12.p2[0:0]$222
   385/591: $1\ham_encode$func$../rtl/core/rv32im_core.v:190$12.p1[0:0]$221
   386/591: $1\ham_encode$func$../rtl/core/rv32im_core.v:190$12.d[3:0]$220
   387/591: $1\ham_encode$func$../rtl/core/rv32im_core.v:190$12.$result[6:0]$219
   388/591: $1\ham_encode$func$../rtl/core/rv32im_core.v:189$11.p3[0:0]$218
   389/591: $1\ham_encode$func$../rtl/core/rv32im_core.v:189$11.p2[0:0]$217
   390/591: $1\ham_encode$func$../rtl/core/rv32im_core.v:189$11.p1[0:0]$216
   391/591: $1\ham_encode$func$../rtl/core/rv32im_core.v:189$11.d[3:0]$215
   392/591: $1\ham_encode$func$../rtl/core/rv32im_core.v:189$11.$result[6:0]$214
   393/591: $1\ham_encode$func$../rtl/core/rv32im_core.v:188$10.p3[0:0]$213
   394/591: $1\ham_encode$func$../rtl/core/rv32im_core.v:188$10.p2[0:0]$212
   395/591: $1\ham_encode$func$../rtl/core/rv32im_core.v:188$10.p1[0:0]$211
   396/591: $1\ham_encode$func$../rtl/core/rv32im_core.v:188$10.d[3:0]$210
   397/591: $1\ham_encode$func$../rtl/core/rv32im_core.v:188$10.$result[6:0]$209
   398/591: $1\ham_encode$func$../rtl/core/rv32im_core.v:187$9.p3[0:0]$208
   399/591: $1\ham_encode$func$../rtl/core/rv32im_core.v:187$9.p2[0:0]$207
   400/591: $1\ham_encode$func$../rtl/core/rv32im_core.v:187$9.p1[0:0]$206
   401/591: $1\ham_encode$func$../rtl/core/rv32im_core.v:187$9.d[3:0]$205
   402/591: $1\ham_encode$func$../rtl/core/rv32im_core.v:187$9.$result[6:0]$204
   403/591: $1\ham_encode$func$../rtl/core/rv32im_core.v:186$8.p3[0:0]$203
   404/591: $1\ham_encode$func$../rtl/core/rv32im_core.v:186$8.p2[0:0]$202
   405/591: $1\ham_encode$func$../rtl/core/rv32im_core.v:186$8.p1[0:0]$201
   406/591: $1\ham_encode$func$../rtl/core/rv32im_core.v:186$8.d[3:0]$200
   407/591: $1\ham_encode$func$../rtl/core/rv32im_core.v:186$8.$result[6:0]$199
   408/591: $1\ham_encode$func$../rtl/core/rv32im_core.v:185$7.p3[0:0]$198
   409/591: $1\ham_encode$func$../rtl/core/rv32im_core.v:185$7.p2[0:0]$197
   410/591: $1\ham_encode$func$../rtl/core/rv32im_core.v:185$7.p1[0:0]$196
   411/591: $1\ham_encode$func$../rtl/core/rv32im_core.v:185$7.d[3:0]$195
   412/591: $1\ham_encode$func$../rtl/core/rv32im_core.v:185$7.$result[6:0]$194
   413/591: $1\regfile_write$func$../rtl/core/rv32im_core.v:1117$6.data[31:0]$193
   414/591: $1\regfile_write$func$../rtl/core/rv32im_core.v:1117$6.addr[4:0]$192
   415/591: $1$unnamed_block$3.wb_data[31:0]$191
   416/591: $1$unnamed_block$2.csr_wdata[31:0]$190
   417/591: $1\alu_b[31:0]
   418/591: $1\alu_a[31:0]
   419/591: $0\csr_mip[31:0] [11]
   420/591: $0\csr_mip[31:0] [3]
   421/591: $0\csr_mip[31:0] [7]
   422/591: $0\csr_mcycle[63:0]
   423/591: $0\custom_valid[0:0]
   424/591: $0\mdu_done[0:0]
   425/591: $0\dmem_done[0:0]
   426/591: $0\ecc_fatal[0:0]
   427/591: $0\ecc_error[0:0]
   428/591: $0\wdt_reset[0:0]
   429/591: $1\i[31:0]
   430/591: $0\regfile_ecc[24][55:0] [55:49]
   431/591: $0\regfile_ecc[23][55:0] [55:49]
   432/591: $0\regfile_ecc[22][55:0] [55:49]
   433/591: $0\regfile_ecc[21][55:0] [55:49]
   434/591: $0\regfile_ecc[20][55:0] [55:49]
   435/591: $0\regfile_ecc[19][55:0] [55:49]
   436/591: $0\regfile_ecc[18][55:0] [55:49]
   437/591: $0\regfile_ecc[17][55:0] [55:49]
   438/591: $0\regfile_ecc[16][55:0] [55:49]
   439/591: $0\regfile_ecc[15][55:0] [55:49]
   440/591: $0\regfile_ecc[14][55:0] [55:49]
   441/591: $0\regfile_ecc[13][55:0] [55:49]
   442/591: $0\regfile_ecc[12][55:0] [55:49]
   443/591: $0\regfile_ecc[11][55:0] [55:49]
   444/591: $0\regfile_ecc[10][55:0] [55:49]
   445/591: $0\regfile_ecc[9][55:0] [55:49]
   446/591: $0\regfile_ecc[8][55:0] [55:49]
   447/591: $0\regfile_ecc[7][55:0] [55:49]
   448/591: $0\regfile_ecc[6][55:0] [55:49]
   449/591: $0\regfile_ecc[5][55:0] [55:49]
   450/591: $0\regfile_ecc[4][55:0] [55:49]
   451/591: $0\regfile_ecc[3][55:0] [55:49]
   452/591: $0\regfile_ecc[2][55:0] [55:49]
   453/591: $0\regfile_ecc[1][55:0] [55:49]
   454/591: $0\regfile_ecc[0][55:0] [55:49]
   455/591: $0\regfile_ecc[30][55:0] [55:49]
   456/591: $0\regfile_ecc[29][55:0] [55:49]
   457/591: $0\regfile_ecc[28][55:0] [55:49]
   458/591: $0\regfile_ecc[27][55:0] [55:49]
   459/591: $0\regfile_ecc[26][55:0] [55:49]
   460/591: $0\regfile_ecc[25][55:0] [55:49]
   461/591: $3$mem2reg_wr$\regfile_ecc$../rtl/core/rv32im_core.v:192$57_ADDR[4:0]$498
   462/591: $0\regfile[31][31:0]
   463/591: $0\regfile[30][31:0]
   464/591: $0\regfile[29][31:0]
   465/591: $0\regfile[28][31:0]
   466/591: $0\regfile[27][31:0]
   467/591: $0\regfile[26][31:0]
   468/591: $0\regfile[25][31:0]
   469/591: $0\regfile[24][31:0]
   470/591: $0\regfile[23][31:0]
   471/591: $0\regfile[22][31:0]
   472/591: $0\regfile[21][31:0]
   473/591: $0\regfile[20][31:0]
   474/591: $0\regfile[19][31:0]
   475/591: $0\regfile[18][31:0]
   476/591: $0\regfile[17][31:0]
   477/591: $0\regfile[16][31:0]
   478/591: $0\regfile[15][31:0]
   479/591: $0\regfile[14][31:0]
   480/591: $0\regfile[13][31:0]
   481/591: $0\regfile[12][31:0]
   482/591: $0\regfile[11][31:0]
   483/591: $0\regfile[10][31:0]
   484/591: $0\regfile[9][31:0]
   485/591: $0\regfile[8][31:0]
   486/591: $0\regfile[7][31:0]
   487/591: $0\regfile[6][31:0]
   488/591: $0\regfile[5][31:0]
   489/591: $0\regfile[4][31:0]
   490/591: $0\regfile[3][31:0]
   491/591: $0\regfile[2][31:0]
   492/591: $0\regfile[1][31:0]
   493/591: $0\regfile[0][31:0]
   494/591: $0\dmem_rdata_r[31:0]
   495/591: $0\dmem_pending_strb[3:0]
   496/591: $0\dmem_pending_wdata[31:0]
   497/591: $0\dmem_pending_addr[31:0]
   498/591: $0\dmem_is_write[0:0]
   499/591: $0\dmem_op_pending[0:0]
   500/591: $0\dmem_wr_state[1:0]
   501/591: $0\dmem_rd_state[1:0]
   502/591: $0\imem_state[1:0]
   503/591: $0\fetch_pending[0:0]
   504/591: $0\pc[31:0]
   505/591: $0\trap_pc[31:0]
   506/591: $0\trap_cause[31:0]
   507/591: $0\trap_req[0:0]
   508/591: $0\mdu_result[31:0]
   509/591: $0\mdu_neg_result[0:0]
   510/591: $0\mdu_cnt[5:0]
   511/591: $0\mdu_b[31:0]
   512/591: $0\mdu_a[31:0]
   513/591: $0\csr_mstatus[31:0] [3]
   514/591: $0\mdu_op_r[2:0]
   515/591: $0\mdu_busy[0:0]
   516/591: $0\memwb_mem_to_reg[0:0]
   517/591: $0\memwb_reg_write[0:0]
   518/591: $0\memwb_rd[4:0]
   519/591: $0\memwb_mem_data[31:0]
   520/591: $0\memwb_alu_result[31:0]
   521/591: $0\exmem_rs2[4:0]
   522/591: $0\exmem_csr_result[31:0]
   523/591: $0\exmem_csr_en[0:0]
   524/591: $0\exmem_valid[0:0]
   525/591: $0\exmem_branch_target[31:0]
   526/591: $0\exmem_branch_taken[0:0]
   527/591: $0\exmem_mem_to_reg[0:0]
   528/591: $0\exmem_reg_write[0:0]
   529/591: $0\exmem_mem_width[2:0]
   530/591: $0\exmem_mem_write[0:0]
   531/591: $0\exmem_mem_read[0:0]
   532/591: $0\exmem_rd[4:0]
   533/591: $0\exmem_rs2_val[31:0]
   534/591: $0\exmem_alu_result[31:0]
   535/591: $0\exmem_pc[31:0]
   536/591: $0\idex_valid[0:0]
   537/591: $0\idex_is_auipc[0:0]
   538/591: $0\idex_is_lui[0:0]
   539/591: $0\idex_custom[0:0]
   540/591: $0\idex_csr_op[1:0]
   541/591: $0\idex_csr_addr[11:0]
   542/591: $0\idex_csr_en[0:0]
   543/591: $0\idex_mdu_op[2:0]
   544/591: $0\idex_mdu_en[0:0]
   545/591: $0\idex_jalr[0:0]
   546/591: $0\idex_jal[0:0]
   547/591: $0\idex_branch[0:0]
   548/591: $0\idex_mem_to_reg[0:0]
   549/591: $0\idex_reg_write[0:0]
   550/591: $0\idex_mem_width[2:0]
   551/591: $0\idex_mem_write[0:0]
   552/591: $0\idex_mem_read[0:0]
   553/591: $0\idex_alu_src[0:0]
   554/591: $0\idex_alu_op[3:0]
   555/591: $0\idex_rs2[4:0]
   556/591: $0\idex_rs1[4:0]
   557/591: $0\idex_rd[4:0]
   558/591: $0\idex_imm[31:0]
   559/591: $0\idex_rs2_val[31:0]
   560/591: $0\idex_rs1_val[31:0]
   561/591: $0\idex_instr[31:0]
   562/591: $0\idex_pc[31:0]
   563/591: $0\ifid_valid[0:0]
   564/591: $0\ifid_instr[31:0]
   565/591: $0\ifid_pc[31:0]
   566/591: $0\csr_wdt_reload[23:0]
   567/591: $0\csr_pc_max[31:0]
   568/591: $0\csr_pc_min[31:0]
   569/591: $0\csr_minstret[63:0]
   570/591: { $0\csr_mip[31:0] [31:12] $0\csr_mip[31:0] [10:8] $0\csr_mip[31:0] [6:4] $0\csr_mip[31:0] [2:0] }
   571/591: $0\csr_mcause[31:0]
   572/591: $0\csr_mepc[31:0]
   573/591: $0\csr_mscratch[31:0]
   574/591: $0\csr_mtvec[31:0]
   575/591: $0\csr_mie[31:0]
   576/591: $0\wdt_counter[23:0]
   577/591: $0\custom_rs2[31:0]
   578/591: $0\custom_rs1[31:0]
   579/591: $0\custom_instr[31:0]
   580/591: $0\dmem_rready[0:0]
   581/591: $0\dmem_arvalid[0:0]
   582/591: $0\dmem_araddr[31:0]
   583/591: $0\dmem_bready[0:0]
   584/591: $0\dmem_wvalid[0:0]
   585/591: $0\dmem_wstrb[3:0]
   586/591: $0\dmem_wdata[31:0]
   587/591: $0\dmem_awvalid[0:0]
   588/591: $0\dmem_awaddr[31:0]
   589/591: $0\imem_rready[0:0]
   590/591: $0\imem_arvalid[0:0]
   591/591: $0\imem_araddr[31:0]
Creating decoders for process `\rv32im_core.$proc$../rtl/core/rv32im_core.v:448$107'.
     1/4: $2\fwd_rs2[31:0]
     2/4: $1\fwd_rs2[31:0]
     3/4: $2\fwd_rs1[31:0]
     4/4: $1\fwd_rs1[31:0]
Creating decoders for process `\rv32im_core.$proc$../rtl/core/rv32im_core.v:420$99'.
     1/1: $1\csr_rdata[31:0]
Creating decoders for process `\rv32im_core.$proc$../rtl/core/rv32im_core.v:398$89'.
     1/2: $2\branch_taken[0:0]
     2/2: $1\branch_taken[0:0]
Creating decoders for process `\rv32im_core.$proc$../rtl/core/rv32im_core.v:379$76'.
     1/1: $1\alu_result[31:0]

3.2.8. Executing PROC_DLATCH pass (convert process syncs to latches).
No latch inferred for signal `\rv32im_core.\regfile_read_ecc$func$../rtl/core/rv32im_core.v:370$5.$result' from process `\rv32im_core.$proc$../rtl/core/rv32im_core.v:370$922'.
No latch inferred for signal `\rv32im_core.\regfile_read_ecc$func$../rtl/core/rv32im_core.v:370$32.$result' from process `\rv32im_core.$proc$../rtl/core/rv32im_core.v:370$922'.
No latch inferred for signal `\rv32im_core.\regfile_read_ecc$func$../rtl/core/rv32im_core.v:370$32.addr' from process `\rv32im_core.$proc$../rtl/core/rv32im_core.v:370$922'.
No latch inferred for signal `\rv32im_core.\regfile_read_ecc$func$../rtl/core/rv32im_core.v:370$32.d0' from process `\rv32im_core.$proc$../rtl/core/rv32im_core.v:370$922'.
No latch inferred for signal `\rv32im_core.\regfile_read_ecc$func$../rtl/core/rv32im_core.v:370$32.d1' from process `\rv32im_core.$proc$../rtl/core/rv32im_core.v:370$922'.
No latch inferred for signal `\rv32im_core.\regfile_read_ecc$func$../rtl/core/rv32im_core.v:370$32.d2' from process `\rv32im_core.$proc$../rtl/core/rv32im_core.v:370$922'.
No latch inferred for signal `\rv32im_core.\regfile_read_ecc$func$../rtl/core/rv32im_core.v:370$32.d3' from process `\rv32im_core.$proc$../rtl/core/rv32im_core.v:370$922'.
No latch inferred for signal `\rv32im_core.\regfile_read_ecc$func$../rtl/core/rv32im_core.v:370$32.d4' from process `\rv32im_core.$proc$../rtl/core/rv32im_core.v:370$922'.
No latch inferred for signal `\rv32im_core.\regfile_read_ecc$func$../rtl/core/rv32im_core.v:370$32.d5' from process `\rv32im_core.$proc$../rtl/core/rv32im_core.v:370$922'.
No latch inferred for signal `\rv32im_core.\regfile_read_ecc$func$../rtl/core/rv32im_core.v:370$32.d6' from process `\rv32im_core.$proc$../rtl/core/rv32im_core.v:370$922'.
No latch inferred for signal `\rv32im_core.\regfile_read_ecc$func$../rtl/core/rv32im_core.v:370$32.d7' from process `\rv32im_core.$proc$../rtl/core/rv32im_core.v:370$922'.
No latch inferred for signal `\rv32im_core.\regfile_read_ecc$func$../rtl/core/rv32im_core.v:370$32.any_fatal' from process `\rv32im_core.$proc$../rtl/core/rv32im_core.v:370$922'.
No latch inferred for signal `\rv32im_core.\regfile_read_ecc$func$../rtl/core/rv32im_core.v:370$32.any_corr' from process `\rv32im_core.$proc$../rtl/core/rv32im_core.v:370$922'.
No latch inferred for signal `\rv32im_core.\ham_decode$func$../rtl/core/rv32im_core.v:206$33.$result' from process `\rv32im_core.$proc$../rtl/core/rv32im_core.v:370$922'.
No latch inferred for signal `\rv32im_core.\ham_decode$func$../rtl/core/rv32im_core.v:206$33.c' from process `\rv32im_core.$proc$../rtl/core/rv32im_core.v:370$922'.
No latch inferred for signal `\rv32im_core.\ham_decode$func$../rtl/core/rv32im_core.v:206$33.synd' from process `\rv32im_core.$proc$../rtl/core/rv32im_core.v:370$922'.
No latch inferred for signal `\rv32im_core.\ham_decode$func$../rtl/core/rv32im_core.v:206$33.cc' from process `\rv32im_core.$proc$../rtl/core/rv32im_core.v:370$922'.
No latch inferred for signal `\rv32im_core.$bitselwrite$rvalue$../rtl/core/rv32im_core.v:167$34' from process `\rv32im_core.$proc$../rtl/core/rv32im_core.v:370$922'.
No latch inferred for signal `\rv32im_core.\ham_decode$func$../rtl/core/rv32im_core.v:207$35.$result' from process `\rv32im_core.$proc$../rtl/core/rv32im_core.v:370$922'.
No latch inferred for signal `\rv32im_core.\ham_decode$func$../rtl/core/rv32im_core.v:207$35.c' from process `\rv32im_core.$proc$../rtl/core/rv32im_core.v:370$922'.
No latch inferred for signal `\rv32im_core.\ham_decode$func$../rtl/core/rv32im_core.v:207$35.synd' from process `\rv32im_core.$proc$../rtl/core/rv32im_core.v:370$922'.
No latch inferred for signal `\rv32im_core.\ham_decode$func$../rtl/core/rv32im_core.v:207$35.cc' from process `\rv32im_core.$proc$../rtl/core/rv32im_core.v:370$922'.
No latch inferred for signal `\rv32im_core.$bitselwrite$rvalue$../rtl/core/rv32im_core.v:167$36' from process `\rv32im_core.$proc$../rtl/core/rv32im_core.v:370$922'.
No latch inferred for signal `\rv32im_core.\ham_decode$func$../rtl/core/rv32im_core.v:208$37.$result' from process `\rv32im_core.$proc$../rtl/core/rv32im_core.v:370$922'.
No latch inferred for signal `\rv32im_core.\ham_decode$func$../rtl/core/rv32im_core.v:208$37.c' from process `\rv32im_core.$proc$../rtl/core/rv32im_core.v:370$922'.
No latch inferred for signal `\rv32im_core.\ham_decode$func$../rtl/core/rv32im_core.v:208$37.synd' from process `\rv32im_core.$proc$../rtl/core/rv32im_core.v:370$922'.
No latch inferred for signal `\rv32im_core.\ham_decode$func$../rtl/core/rv32im_core.v:208$37.cc' from process `\rv32im_core.$proc$../rtl/core/rv32im_core.v:370$922'.
No latch inferred for signal `\rv32im_core.$bitselwrite$rvalue$../rtl/core/rv32im_core.v:167$38' from process `\rv32im_core.$proc$../rtl/core/rv32im_core.v:370$922'.
No latch inferred for signal `\rv32im_core.\ham_decode$func$../rtl/core/rv32im_core.v:209$39.$result' from process `\rv32im_core.$proc$../rtl/core/rv32im_core.v:370$922'.
No latch inferred for signal `\rv32im_core.\ham_decode$func$../rtl/core/rv32im_core.v:209$39.c' from process `\rv32im_core.$proc$../rtl/core/rv32im_core.v:370$922'.
No latch inferred for signal `\rv32im_core.\ham_decode$func$../rtl/core/rv32im_core.v:209$39.synd' from process `\rv32im_core.$proc$../rtl/core/rv32im_core.v:370$922'.
No latch inferred for signal `\rv32im_core.\ham_decode$func$../rtl/core/rv32im_core.v:209$39.cc' from process `\rv32im_core.$proc$../rtl/core/rv32im_core.v:370$922'.
No latch inferred for signal `\rv32im_core.$bitselwrite$rvalue$../rtl/core/rv32im_core.v:167$40' from process `\rv32im_core.$proc$../rtl/core/rv32im_core.v:370$922'.
No latch inferred for signal `\rv32im_core.\ham_decode$func$../rtl/core/rv32im_core.v:210$41.$result' from process `\rv32im_core.$proc$../rtl/core/rv32im_core.v:370$922'.
No latch inferred for signal `\rv32im_core.\ham_decode$func$../rtl/core/rv32im_core.v:210$41.c' from process `\rv32im_core.$proc$../rtl/core/rv32im_core.v:370$922'.
No latch inferred for signal `\rv32im_core.\ham_decode$func$../rtl/core/rv32im_core.v:210$41.synd' from process `\rv32im_core.$proc$../rtl/core/rv32im_core.v:370$922'.
No latch inferred for signal `\rv32im_core.\ham_decode$func$../rtl/core/rv32im_core.v:210$41.cc' from process `\rv32im_core.$proc$../rtl/core/rv32im_core.v:370$922'.
No latch inferred for signal `\rv32im_core.$bitselwrite$rvalue$../rtl/core/rv32im_core.v:167$42' from process `\rv32im_core.$proc$../rtl/core/rv32im_core.v:370$922'.
No latch inferred for signal `\rv32im_core.\ham_decode$func$../rtl/core/rv32im_core.v:211$43.$result' from process `\rv32im_core.$proc$../rtl/core/rv32im_core.v:370$922'.
No latch inferred for signal `\rv32im_core.\ham_decode$func$../rtl/core/rv32im_core.v:211$43.c' from process `\rv32im_core.$proc$../rtl/core/rv32im_core.v:370$922'.
No latch inferred for signal `\rv32im_core.\ham_decode$func$../rtl/core/rv32im_core.v:211$43.synd' from process `\rv32im_core.$proc$../rtl/core/rv32im_core.v:370$922'.
No latch inferred for signal `\rv32im_core.\ham_decode$func$../rtl/core/rv32im_core.v:211$43.cc' from process `\rv32im_core.$proc$../rtl/core/rv32im_core.v:370$922'.
No latch inferred for signal `\rv32im_core.$bitselwrite$rvalue$../rtl/core/rv32im_core.v:167$44' from process `\rv32im_core.$proc$../rtl/core/rv32im_core.v:370$922'.
No latch inferred for signal `\rv32im_core.\ham_decode$func$../rtl/core/rv32im_core.v:212$45.$result' from process `\rv32im_core.$proc$../rtl/core/rv32im_core.v:370$922'.
No latch inferred for signal `\rv32im_core.\ham_decode$func$../rtl/core/rv32im_core.v:212$45.c' from process `\rv32im_core.$proc$../rtl/core/rv32im_core.v:370$922'.
No latch inferred for signal `\rv32im_core.\ham_decode$func$../rtl/core/rv32im_core.v:212$45.synd' from process `\rv32im_core.$proc$../rtl/core/rv32im_core.v:370$922'.
No latch inferred for signal `\rv32im_core.\ham_decode$func$../rtl/core/rv32im_core.v:212$45.cc' from process `\rv32im_core.$proc$../rtl/core/rv32im_core.v:370$922'.
No latch inferred for signal `\rv32im_core.$bitselwrite$rvalue$../rtl/core/rv32im_core.v:167$46' from process `\rv32im_core.$proc$../rtl/core/rv32im_core.v:370$922'.
No latch inferred for signal `\rv32im_core.\ham_decode$func$../rtl/core/rv32im_core.v:213$47.$result' from process `\rv32im_core.$proc$../rtl/core/rv32im_core.v:370$922'.
No latch inferred for signal `\rv32im_core.\ham_decode$func$../rtl/core/rv32im_core.v:213$47.c' from process `\rv32im_core.$proc$../rtl/core/rv32im_core.v:370$922'.
No latch inferred for signal `\rv32im_core.\ham_decode$func$../rtl/core/rv32im_core.v:213$47.synd' from process `\rv32im_core.$proc$../rtl/core/rv32im_core.v:370$922'.
No latch inferred for signal `\rv32im_core.\ham_decode$func$../rtl/core/rv32im_core.v:213$47.cc' from process `\rv32im_core.$proc$../rtl/core/rv32im_core.v:370$922'.
No latch inferred for signal `\rv32im_core.$bitselwrite$rvalue$../rtl/core/rv32im_core.v:167$48' from process `\rv32im_core.$proc$../rtl/core/rv32im_core.v:370$922'.
No latch inferred for signal `\rv32im_core.$mem2reg_rd$\regfile_ecc$../rtl/core/rv32im_core.v:206$66_ADDR' from process `\rv32im_core.$proc$../rtl/core/rv32im_core.v:370$922'.
No latch inferred for signal `\rv32im_core.$mem2reg_rd$\regfile_ecc$../rtl/core/rv32im_core.v:206$66_DATA' from process `\rv32im_core.$proc$../rtl/core/rv32im_core.v:370$922'.
No latch inferred for signal `\rv32im_core.$mem2reg_rd$\regfile_ecc$../rtl/core/rv32im_core.v:207$67_ADDR' from process `\rv32im_core.$proc$../rtl/core/rv32im_core.v:370$922'.
No latch inferred for signal `\rv32im_core.$mem2reg_rd$\regfile_ecc$../rtl/core/rv32im_core.v:207$67_DATA' from process `\rv32im_core.$proc$../rtl/core/rv32im_core.v:370$922'.
No latch inferred for signal `\rv32im_core.$mem2reg_rd$\regfile_ecc$../rtl/core/rv32im_core.v:208$68_ADDR' from process `\rv32im_core.$proc$../rtl/core/rv32im_core.v:370$922'.
No latch inferred for signal `\rv32im_core.$mem2reg_rd$\regfile_ecc$../rtl/core/rv32im_core.v:208$68_DATA' from process `\rv32im_core.$proc$../rtl/core/rv32im_core.v:370$922'.
No latch inferred for signal `\rv32im_core.$mem2reg_rd$\regfile_ecc$../rtl/core/rv32im_core.v:209$69_ADDR' from process `\rv32im_core.$proc$../rtl/core/rv32im_core.v:370$922'.
No latch inferred for signal `\rv32im_core.$mem2reg_rd$\regfile_ecc$../rtl/core/rv32im_core.v:209$69_DATA' from process `\rv32im_core.$proc$../rtl/core/rv32im_core.v:370$922'.
No latch inferred for signal `\rv32im_core.$mem2reg_rd$\regfile_ecc$../rtl/core/rv32im_core.v:210$70_ADDR' from process `\rv32im_core.$proc$../rtl/core/rv32im_core.v:370$922'.
No latch inferred for signal `\rv32im_core.$mem2reg_rd$\regfile_ecc$../rtl/core/rv32im_core.v:210$70_DATA' from process `\rv32im_core.$proc$../rtl/core/rv32im_core.v:370$922'.
No latch inferred for signal `\rv32im_core.$mem2reg_rd$\regfile_ecc$../rtl/core/rv32im_core.v:211$71_ADDR' from process `\rv32im_core.$proc$../rtl/core/rv32im_core.v:370$922'.
No latch inferred for signal `\rv32im_core.$mem2reg_rd$\regfile_ecc$../rtl/core/rv32im_core.v:211$71_DATA' from process `\rv32im_core.$proc$../rtl/core/rv32im_core.v:370$922'.
No latch inferred for signal `\rv32im_core.$mem2reg_rd$\regfile_ecc$../rtl/core/rv32im_core.v:212$72_ADDR' from process `\rv32im_core.$proc$../rtl/core/rv32im_core.v:370$922'.
No latch inferred for signal `\rv32im_core.$mem2reg_rd$\regfile_ecc$../rtl/core/rv32im_core.v:212$72_DATA' from process `\rv32im_core.$proc$../rtl/core/rv32im_core.v:370$922'.
No latch inferred for signal `\rv32im_core.$mem2reg_rd$\regfile_ecc$../rtl/core/rv32im_core.v:213$73_ADDR' from process `\rv32im_core.$proc$../rtl/core/rv32im_core.v:370$922'.
No latch inferred for signal `\rv32im_core.$mem2reg_rd$\regfile_ecc$../rtl/core/rv32im_core.v:213$73_DATA' from process `\rv32im_core.$proc$../rtl/core/rv32im_core.v:370$922'.
No latch inferred for signal `\rv32im_core.\regfile_read_ecc$func$../rtl/core/rv32im_core.v:369$4.$result' from process `\rv32im_core.$proc$../rtl/core/rv32im_core.v:369$562'.
No latch inferred for signal `\rv32im_core.\regfile_read_ecc$func$../rtl/core/rv32im_core.v:369$15.$result' from process `\rv32im_core.$proc$../rtl/core/rv32im_core.v:369$562'.
No latch inferred for signal `\rv32im_core.\regfile_read_ecc$func$../rtl/core/rv32im_core.v:369$15.addr' from process `\rv32im_core.$proc$../rtl/core/rv32im_core.v:369$562'.
No latch inferred for signal `\rv32im_core.\regfile_read_ecc$func$../rtl/core/rv32im_core.v:369$15.d0' from process `\rv32im_core.$proc$../rtl/core/rv32im_core.v:369$562'.
No latch inferred for signal `\rv32im_core.\regfile_read_ecc$func$../rtl/core/rv32im_core.v:369$15.d1' from process `\rv32im_core.$proc$../rtl/core/rv32im_core.v:369$562'.
No latch inferred for signal `\rv32im_core.\regfile_read_ecc$func$../rtl/core/rv32im_core.v:369$15.d2' from process `\rv32im_core.$proc$../rtl/core/rv32im_core.v:369$562'.
No latch inferred for signal `\rv32im_core.\regfile_read_ecc$func$../rtl/core/rv32im_core.v:369$15.d3' from process `\rv32im_core.$proc$../rtl/core/rv32im_core.v:369$562'.
No latch inferred for signal `\rv32im_core.\regfile_read_ecc$func$../rtl/core/rv32im_core.v:369$15.d4' from process `\rv32im_core.$proc$../rtl/core/rv32im_core.v:369$562'.
No latch inferred for signal `\rv32im_core.\regfile_read_ecc$func$../rtl/core/rv32im_core.v:369$15.d5' from process `\rv32im_core.$proc$../rtl/core/rv32im_core.v:369$562'.
No latch inferred for signal `\rv32im_core.\regfile_read_ecc$func$../rtl/core/rv32im_core.v:369$15.d6' from process `\rv32im_core.$proc$../rtl/core/rv32im_core.v:369$562'.
No latch inferred for signal `\rv32im_core.\regfile_read_ecc$func$../rtl/core/rv32im_core.v:369$15.d7' from process `\rv32im_core.$proc$../rtl/core/rv32im_core.v:369$562'.
No latch inferred for signal `\rv32im_core.\regfile_read_ecc$func$../rtl/core/rv32im_core.v:369$15.any_fatal' from process `\rv32im_core.$proc$../rtl/core/rv32im_core.v:369$562'.
No latch inferred for signal `\rv32im_core.\regfile_read_ecc$func$../rtl/core/rv32im_core.v:369$15.any_corr' from process `\rv32im_core.$proc$../rtl/core/rv32im_core.v:369$562'.
No latch inferred for signal `\rv32im_core.\ham_decode$func$../rtl/core/rv32im_core.v:206$16.$result' from process `\rv32im_core.$proc$../rtl/core/rv32im_core.v:369$562'.
No latch inferred for signal `\rv32im_core.\ham_decode$func$../rtl/core/rv32im_core.v:206$16.c' from process `\rv32im_core.$proc$../rtl/core/rv32im_core.v:369$562'.
No latch inferred for signal `\rv32im_core.\ham_decode$func$../rtl/core/rv32im_core.v:206$16.synd' from process `\rv32im_core.$proc$../rtl/core/rv32im_core.v:369$562'.
No latch inferred for signal `\rv32im_core.\ham_decode$func$../rtl/core/rv32im_core.v:206$16.cc' from process `\rv32im_core.$proc$../rtl/core/rv32im_core.v:369$562'.
No latch inferred for signal `\rv32im_core.$bitselwrite$rvalue$../rtl/core/rv32im_core.v:167$17' from process `\rv32im_core.$proc$../rtl/core/rv32im_core.v:369$562'.
No latch inferred for signal `\rv32im_core.\ham_decode$func$../rtl/core/rv32im_core.v:207$18.$result' from process `\rv32im_core.$proc$../rtl/core/rv32im_core.v:369$562'.
No latch inferred for signal `\rv32im_core.\ham_decode$func$../rtl/core/rv32im_core.v:207$18.c' from process `\rv32im_core.$proc$../rtl/core/rv32im_core.v:369$562'.
No latch inferred for signal `\rv32im_core.\ham_decode$func$../rtl/core/rv32im_core.v:207$18.synd' from process `\rv32im_core.$proc$../rtl/core/rv32im_core.v:369$562'.
No latch inferred for signal `\rv32im_core.\ham_decode$func$../rtl/core/rv32im_core.v:207$18.cc' from process `\rv32im_core.$proc$../rtl/core/rv32im_core.v:369$562'.
No latch inferred for signal `\rv32im_core.$bitselwrite$rvalue$../rtl/core/rv32im_core.v:167$19' from process `\rv32im_core.$proc$../rtl/core/rv32im_core.v:369$562'.
No latch inferred for signal `\rv32im_core.\ham_decode$func$../rtl/core/rv32im_core.v:208$20.$result' from process `\rv32im_core.$proc$../rtl/core/rv32im_core.v:369$562'.
No latch inferred for signal `\rv32im_core.\ham_decode$func$../rtl/core/rv32im_core.v:208$20.c' from process `\rv32im_core.$proc$../rtl/core/rv32im_core.v:369$562'.
No latch inferred for signal `\rv32im_core.\ham_decode$func$../rtl/core/rv32im_core.v:208$20.synd' from process `\rv32im_core.$proc$../rtl/core/rv32im_core.v:369$562'.
No latch inferred for signal `\rv32im_core.\ham_decode$func$../rtl/core/rv32im_core.v:208$20.cc' from process `\rv32im_core.$proc$../rtl/core/rv32im_core.v:369$562'.
No latch inferred for signal `\rv32im_core.$bitselwrite$rvalue$../rtl/core/rv32im_core.v:167$21' from process `\rv32im_core.$proc$../rtl/core/rv32im_core.v:369$562'.
No latch inferred for signal `\rv32im_core.\ham_decode$func$../rtl/core/rv32im_core.v:209$22.$result' from process `\rv32im_core.$proc$../rtl/core/rv32im_core.v:369$562'.
No latch inferred for signal `\rv32im_core.\ham_decode$func$../rtl/core/rv32im_core.v:209$22.c' from process `\rv32im_core.$proc$../rtl/core/rv32im_core.v:369$562'.
No latch inferred for signal `\rv32im_core.\ham_decode$func$../rtl/core/rv32im_core.v:209$22.synd' from process `\rv32im_core.$proc$../rtl/core/rv32im_core.v:369$562'.
No latch inferred for signal `\rv32im_core.\ham_decode$func$../rtl/core/rv32im_core.v:209$22.cc' from process `\rv32im_core.$proc$../rtl/core/rv32im_core.v:369$562'.
No latch inferred for signal `\rv32im_core.$bitselwrite$rvalue$../rtl/core/rv32im_core.v:167$23' from process `\rv32im_core.$proc$../rtl/core/rv32im_core.v:369$562'.
No latch inferred for signal `\rv32im_core.\ham_decode$func$../rtl/core/rv32im_core.v:210$24.$result' from process `\rv32im_core.$proc$../rtl/core/rv32im_core.v:369$562'.
No latch inferred for signal `\rv32im_core.\ham_decode$func$../rtl/core/rv32im_core.v:210$24.c' from process `\rv32im_core.$proc$../rtl/core/rv32im_core.v:369$562'.
No latch inferred for signal `\rv32im_core.\ham_decode$func$../rtl/core/rv32im_core.v:210$24.synd' from process `\rv32im_core.$proc$../rtl/core/rv32im_core.v:369$562'.
No latch inferred for signal `\rv32im_core.\ham_decode$func$../rtl/core/rv32im_core.v:210$24.cc' from process `\rv32im_core.$proc$../rtl/core/rv32im_core.v:369$562'.
No latch inferred for signal `\rv32im_core.$bitselwrite$rvalue$../rtl/core/rv32im_core.v:167$25' from process `\rv32im_core.$proc$../rtl/core/rv32im_core.v:369$562'.
No latch inferred for signal `\rv32im_core.\ham_decode$func$../rtl/core/rv32im_core.v:211$26.$result' from process `\rv32im_core.$proc$../rtl/core/rv32im_core.v:369$562'.
No latch inferred for signal `\rv32im_core.\ham_decode$func$../rtl/core/rv32im_core.v:211$26.c' from process `\rv32im_core.$proc$../rtl/core/rv32im_core.v:369$562'.
No latch inferred for signal `\rv32im_core.\ham_decode$func$../rtl/core/rv32im_core.v:211$26.synd' from process `\rv32im_core.$proc$../rtl/core/rv32im_core.v:369$562'.
No latch inferred for signal `\rv32im_core.\ham_decode$func$../rtl/core/rv32im_core.v:211$26.cc' from process `\rv32im_core.$proc$../rtl/core/rv32im_core.v:369$562'.
No latch inferred for signal `\rv32im_core.$bitselwrite$rvalue$../rtl/core/rv32im_core.v:167$27' from process `\rv32im_core.$proc$../rtl/core/rv32im_core.v:369$562'.
No latch inferred for signal `\rv32im_core.\ham_decode$func$../rtl/core/rv32im_core.v:212$28.$result' from process `\rv32im_core.$proc$../rtl/core/rv32im_core.v:369$562'.
No latch inferred for signal `\rv32im_core.\ham_decode$func$../rtl/core/rv32im_core.v:212$28.c' from process `\rv32im_core.$proc$../rtl/core/rv32im_core.v:369$562'.
No latch inferred for signal `\rv32im_core.\ham_decode$func$../rtl/core/rv32im_core.v:212$28.synd' from process `\rv32im_core.$proc$../rtl/core/rv32im_core.v:369$562'.
No latch inferred for signal `\rv32im_core.\ham_decode$func$../rtl/core/rv32im_core.v:212$28.cc' from process `\rv32im_core.$proc$../rtl/core/rv32im_core.v:369$562'.
No latch inferred for signal `\rv32im_core.$bitselwrite$rvalue$../rtl/core/rv32im_core.v:167$29' from process `\rv32im_core.$proc$../rtl/core/rv32im_core.v:369$562'.
No latch inferred for signal `\rv32im_core.\ham_decode$func$../rtl/core/rv32im_core.v:213$30.$result' from process `\rv32im_core.$proc$../rtl/core/rv32im_core.v:369$562'.
No latch inferred for signal `\rv32im_core.\ham_decode$func$../rtl/core/rv32im_core.v:213$30.c' from process `\rv32im_core.$proc$../rtl/core/rv32im_core.v:369$562'.
No latch inferred for signal `\rv32im_core.\ham_decode$func$../rtl/core/rv32im_core.v:213$30.synd' from process `\rv32im_core.$proc$../rtl/core/rv32im_core.v:369$562'.
No latch inferred for signal `\rv32im_core.\ham_decode$func$../rtl/core/rv32im_core.v:213$30.cc' from process `\rv32im_core.$proc$../rtl/core/rv32im_core.v:369$562'.
No latch inferred for signal `\rv32im_core.$bitselwrite$rvalue$../rtl/core/rv32im_core.v:167$31' from process `\rv32im_core.$proc$../rtl/core/rv32im_core.v:369$562'.
No latch inferred for signal `\rv32im_core.$mem2reg_rd$\regfile_ecc$../rtl/core/rv32im_core.v:206$58_ADDR' from process `\rv32im_core.$proc$../rtl/core/rv32im_core.v:369$562'.
No latch inferred for signal `\rv32im_core.$mem2reg_rd$\regfile_ecc$../rtl/core/rv32im_core.v:206$58_DATA' from process `\rv32im_core.$proc$../rtl/core/rv32im_core.v:369$562'.
No latch inferred for signal `\rv32im_core.$mem2reg_rd$\regfile_ecc$../rtl/core/rv32im_core.v:207$59_ADDR' from process `\rv32im_core.$proc$../rtl/core/rv32im_core.v:369$562'.
No latch inferred for signal `\rv32im_core.$mem2reg_rd$\regfile_ecc$../rtl/core/rv32im_core.v:207$59_DATA' from process `\rv32im_core.$proc$../rtl/core/rv32im_core.v:369$562'.
No latch inferred for signal `\rv32im_core.$mem2reg_rd$\regfile_ecc$../rtl/core/rv32im_core.v:208$60_ADDR' from process `\rv32im_core.$proc$../rtl/core/rv32im_core.v:369$562'.
No latch inferred for signal `\rv32im_core.$mem2reg_rd$\regfile_ecc$../rtl/core/rv32im_core.v:208$60_DATA' from process `\rv32im_core.$proc$../rtl/core/rv32im_core.v:369$562'.
No latch inferred for signal `\rv32im_core.$mem2reg_rd$\regfile_ecc$../rtl/core/rv32im_core.v:209$61_ADDR' from process `\rv32im_core.$proc$../rtl/core/rv32im_core.v:369$562'.
No latch inferred for signal `\rv32im_core.$mem2reg_rd$\regfile_ecc$../rtl/core/rv32im_core.v:209$61_DATA' from process `\rv32im_core.$proc$../rtl/core/rv32im_core.v:369$562'.
No latch inferred for signal `\rv32im_core.$mem2reg_rd$\regfile_ecc$../rtl/core/rv32im_core.v:210$62_ADDR' from process `\rv32im_core.$proc$../rtl/core/rv32im_core.v:369$562'.
No latch inferred for signal `\rv32im_core.$mem2reg_rd$\regfile_ecc$../rtl/core/rv32im_core.v:210$62_DATA' from process `\rv32im_core.$proc$../rtl/core/rv32im_core.v:369$562'.
No latch inferred for signal `\rv32im_core.$mem2reg_rd$\regfile_ecc$../rtl/core/rv32im_core.v:211$63_ADDR' from process `\rv32im_core.$proc$../rtl/core/rv32im_core.v:369$562'.
No latch inferred for signal `\rv32im_core.$mem2reg_rd$\regfile_ecc$../rtl/core/rv32im_core.v:211$63_DATA' from process `\rv32im_core.$proc$../rtl/core/rv32im_core.v:369$562'.
No latch inferred for signal `\rv32im_core.$mem2reg_rd$\regfile_ecc$../rtl/core/rv32im_core.v:212$64_ADDR' from process `\rv32im_core.$proc$../rtl/core/rv32im_core.v:369$562'.
No latch inferred for signal `\rv32im_core.$mem2reg_rd$\regfile_ecc$../rtl/core/rv32im_core.v:212$64_DATA' from process `\rv32im_core.$proc$../rtl/core/rv32im_core.v:369$562'.
No latch inferred for signal `\rv32im_core.$mem2reg_rd$\regfile_ecc$../rtl/core/rv32im_core.v:213$65_ADDR' from process `\rv32im_core.$proc$../rtl/core/rv32im_core.v:369$562'.
No latch inferred for signal `\rv32im_core.$mem2reg_rd$\regfile_ecc$../rtl/core/rv32im_core.v:213$65_DATA' from process `\rv32im_core.$proc$../rtl/core/rv32im_core.v:369$562'.
No latch inferred for signal `\rv32im_core.\stall_if' from process `\rv32im_core.$proc$../rtl/core/rv32im_core.v:1129$549'.
No latch inferred for signal `\rv32im_core.\stall_id' from process `\rv32im_core.$proc$../rtl/core/rv32im_core.v:1129$549'.
No latch inferred for signal `\rv32im_core.\flush_ex' from process `\rv32im_core.$proc$../rtl/core/rv32im_core.v:1129$549'.
No latch inferred for signal `\rv32im_core.\flush_id' from process `\rv32im_core.$proc$../rtl/core/rv32im_core.v:1129$549'.
No latch inferred for signal `\rv32im_core.\fwd_rs1' from process `\rv32im_core.$proc$../rtl/core/rv32im_core.v:448$107'.
No latch inferred for signal `\rv32im_core.\fwd_rs2' from process `\rv32im_core.$proc$../rtl/core/rv32im_core.v:448$107'.
No latch inferred for signal `\rv32im_core.\csr_rdata' from process `\rv32im_core.$proc$../rtl/core/rv32im_core.v:420$99'.
No latch inferred for signal `\rv32im_core.\branch_taken' from process `\rv32im_core.$proc$../rtl/core/rv32im_core.v:398$89'.
No latch inferred for signal `\rv32im_core.\alu_result' from process `\rv32im_core.$proc$../rtl/core/rv32im_core.v:379$76'.

3.2.9. Executing PROC_DFF pass (convert process syncs to FFs).
Creating register for signal `\rv32im_core.\i' using process `\rv32im_core.$proc$../rtl/core/rv32im_core.v:487$126'.
  created $adff cell `$procdff$12681' with positive edge clock and positive level reset.
Creating register for signal `\rv32im_core.\ecc_error' using process `\rv32im_core.$proc$../rtl/core/rv32im_core.v:487$126'.
  created $adff cell `$procdff$12686' with positive edge clock and positive level reset.
Creating register for signal `\rv32im_core.\ecc_fatal' using process `\rv32im_core.$proc$../rtl/core/rv32im_core.v:487$126'.
  created $adff cell `$procdff$12691' with positive edge clock and positive level reset.
Creating register for signal `\rv32im_core.\wdt_reset' using process `\rv32im_core.$proc$../rtl/core/rv32im_core.v:487$126'.
  created $adff cell `$procdff$12696' with positive edge clock and positive level reset.
Creating register for signal `\rv32im_core.\imem_araddr' using process `\rv32im_core.$proc$../rtl/core/rv32im_core.v:487$126'.
  created $adff cell `$procdff$12701' with positive edge clock and positive level reset.
Creating register for signal `\rv32im_core.\imem_arvalid' using process `\rv32im_core.$proc$../rtl/core/rv32im_core.v:487$126'.
  created $adff cell `$procdff$12706' with positive edge clock and positive level reset.
Creating register for signal `\rv32im_core.\imem_rready' using process `\rv32im_core.$proc$../rtl/core/rv32im_core.v:487$126'.
  created $adff cell `$procdff$12711' with positive edge clock and positive level reset.
Creating register for signal `\rv32im_core.\dmem_awaddr' using process `\rv32im_core.$proc$../rtl/core/rv32im_core.v:487$126'.
  created $dff cell `$procdff$12718' with positive edge clock.
Creating register for signal `\rv32im_core.\dmem_awvalid' using process `\rv32im_core.$proc$../rtl/core/rv32im_core.v:487$126'.
  created $adff cell `$procdff$12723' with positive edge clock and positive level reset.
Creating register for signal `\rv32im_core.\dmem_wdata' using process `\rv32im_core.$proc$../rtl/core/rv32im_core.v:487$126'.
  created $dff cell `$procdff$12730' with positive edge clock.
Creating register for signal `\rv32im_core.\dmem_wstrb' using process `\rv32im_core.$proc$../rtl/core/rv32im_core.v:487$126'.
  created $dff cell `$procdff$12737' with positive edge clock.
Creating register for signal `\rv32im_core.\dmem_wvalid' using process `\rv32im_core.$proc$../rtl/core/rv32im_core.v:487$126'.
  created $adff cell `$procdff$12742' with positive edge clock and positive level reset.
Creating register for signal `\rv32im_core.\dmem_bready' using process `\rv32im_core.$proc$../rtl/core/rv32im_core.v:487$126'.
  created $adff cell `$procdff$12747' with positive edge clock and positive level reset.
Creating register for signal `\rv32im_core.\dmem_araddr' using process `\rv32im_core.$proc$../rtl/core/rv32im_core.v:487$126'.
  created $dff cell `$procdff$12754' with positive edge clock.
Creating register for signal `\rv32im_core.\dmem_arvalid' using process `\rv32im_core.$proc$../rtl/core/rv32im_core.v:487$126'.
  created $adff cell `$procdff$12759' with positive edge clock and positive level reset.
Creating register for signal `\rv32im_core.\dmem_rready' using process `\rv32im_core.$proc$../rtl/core/rv32im_core.v:487$126'.
  created $adff cell `$procdff$12764' with positive edge clock and positive level reset.
Creating register for signal `\rv32im_core.\custom_valid' using process `\rv32im_core.$proc$../rtl/core/rv32im_core.v:487$126'.
  created $adff cell `$procdff$12769' with positive edge clock and positive level reset.
Creating register for signal `\rv32im_core.\custom_instr' using process `\rv32im_core.$proc$../rtl/core/rv32im_core.v:487$126'.
  created $adff cell `$procdff$12774' with positive edge clock and positive level reset.
Creating register for signal `\rv32im_core.\custom_rs1' using process `\rv32im_core.$proc$../rtl/core/rv32im_core.v:487$126'.
  created $adff cell `$procdff$12779' with positive edge clock and positive level reset.
Creating register for signal `\rv32im_core.\custom_rs2' using process `\rv32im_core.$proc$../rtl/core/rv32im_core.v:487$126'.
  created $adff cell `$procdff$12784' with positive edge clock and positive level reset.
Creating register for signal `\rv32im_core.\csr_mstatus' using process `\rv32im_core.$proc$../rtl/core/rv32im_core.v:487$126'.
  created $adff cell `$procdff$12789' with positive edge clock and positive level reset.
Creating register for signal `\rv32im_core.\csr_mie' using process `\rv32im_core.$proc$../rtl/core/rv32im_core.v:487$126'.
  created $adff cell `$procdff$12794' with positive edge clock and positive level reset.
Creating register for signal `\rv32im_core.\csr_mtvec' using process `\rv32im_core.$proc$../rtl/core/rv32im_core.v:487$126'.
  created $adff cell `$procdff$12799' with positive edge clock and positive level reset.
Creating register for signal `\rv32im_core.\csr_mscratch' using process `\rv32im_core.$proc$../rtl/core/rv32im_core.v:487$126'.
  created $adff cell `$procdff$12804' with positive edge clock and positive level reset.
Creating register for signal `\rv32im_core.\csr_mepc' using process `\rv32im_core.$proc$../rtl/core/rv32im_core.v:487$126'.
  created $adff cell `$procdff$12809' with positive edge clock and positive level reset.
Creating register for signal `\rv32im_core.\csr_mcause' using process `\rv32im_core.$proc$../rtl/core/rv32im_core.v:487$126'.
  created $adff cell `$procdff$12814' with positive edge clock and positive level reset.
Creating register for signal `\rv32im_core.\csr_mip' using process `\rv32im_core.$proc$../rtl/core/rv32im_core.v:487$126'.
  created $adff cell `$procdff$12819' with positive edge clock and positive level reset.
Creating register for signal `\rv32im_core.\csr_mcycle' using process `\rv32im_core.$proc$../rtl/core/rv32im_core.v:487$126'.
  created $adff cell `$procdff$12824' with positive edge clock and positive level reset.
Creating register for signal `\rv32im_core.\csr_minstret' using process `\rv32im_core.$proc$../rtl/core/rv32im_core.v:487$126'.
  created $adff cell `$procdff$12829' with positive edge clock and positive level reset.
Creating register for signal `\rv32im_core.\csr_pc_min' using process `\rv32im_core.$proc$../rtl/core/rv32im_core.v:487$126'.
  created $adff cell `$procdff$12834' with positive edge clock and positive level reset.
Creating register for signal `\rv32im_core.\csr_pc_max' using process `\rv32im_core.$proc$../rtl/core/rv32im_core.v:487$126'.
  created $adff cell `$procdff$12839' with positive edge clock and positive level reset.
Creating register for signal `\rv32im_core.\csr_wdt_reload' using process `\rv32im_core.$proc$../rtl/core/rv32im_core.v:487$126'.
  created $adff cell `$procdff$12844' with positive edge clock and positive level reset.
Creating register for signal `\rv32im_core.\ifid_pc' using process `\rv32im_core.$proc$../rtl/core/rv32im_core.v:487$126'.
  created $adff cell `$procdff$12849' with positive edge clock and positive level reset.
Creating register for signal `\rv32im_core.\ifid_instr' using process `\rv32im_core.$proc$../rtl/core/rv32im_core.v:487$126'.
  created $adff cell `$procdff$12854' with positive edge clock and positive level reset.
Creating register for signal `\rv32im_core.\ifid_valid' using process `\rv32im_core.$proc$../rtl/core/rv32im_core.v:487$126'.
  created $adff cell `$procdff$12859' with positive edge clock and positive level reset.
Creating register for signal `\rv32im_core.\idex_pc' using process `\rv32im_core.$proc$../rtl/core/rv32im_core.v:487$126'.
  created $dff cell `$procdff$12866' with positive edge clock.
Creating register for signal `\rv32im_core.\idex_instr' using process `\rv32im_core.$proc$../rtl/core/rv32im_core.v:487$126'.
  created $dff cell `$procdff$12873' with positive edge clock.
Creating register for signal `\rv32im_core.\idex_rs1_val' using process `\rv32im_core.$proc$../rtl/core/rv32im_core.v:487$126'.
  created $dff cell `$procdff$12880' with positive edge clock.
Creating register for signal `\rv32im_core.\idex_rs2_val' using process `\rv32im_core.$proc$../rtl/core/rv32im_core.v:487$126'.
  created $dff cell `$procdff$12887' with positive edge clock.
Creating register for signal `\rv32im_core.\idex_imm' using process `\rv32im_core.$proc$../rtl/core/rv32im_core.v:487$126'.
  created $dff cell `$procdff$12894' with positive edge clock.
Creating register for signal `\rv32im_core.\idex_rd' using process `\rv32im_core.$proc$../rtl/core/rv32im_core.v:487$126'.
  created $dff cell `$procdff$12901' with positive edge clock.
Creating register for signal `\rv32im_core.\idex_rs1' using process `\rv32im_core.$proc$../rtl/core/rv32im_core.v:487$126'.
  created $dff cell `$procdff$12908' with positive edge clock.
Creating register for signal `\rv32im_core.\idex_rs2' using process `\rv32im_core.$proc$../rtl/core/rv32im_core.v:487$126'.
  created $dff cell `$procdff$12915' with positive edge clock.
Creating register for signal `\rv32im_core.\idex_alu_op' using process `\rv32im_core.$proc$../rtl/core/rv32im_core.v:487$126'.
  created $dff cell `$procdff$12922' with positive edge clock.
Creating register for signal `\rv32im_core.\idex_alu_src' using process `\rv32im_core.$proc$../rtl/core/rv32im_core.v:487$126'.
  created $dff cell `$procdff$12929' with positive edge clock.
Creating register for signal `\rv32im_core.\idex_mem_read' using process `\rv32im_core.$proc$../rtl/core/rv32im_core.v:487$126'.
  created $dff cell `$procdff$12936' with positive edge clock.
Creating register for signal `\rv32im_core.\idex_mem_write' using process `\rv32im_core.$proc$../rtl/core/rv32im_core.v:487$126'.
  created $dff cell `$procdff$12943' with positive edge clock.
Creating register for signal `\rv32im_core.\idex_mem_width' using process `\rv32im_core.$proc$../rtl/core/rv32im_core.v:487$126'.
  created $dff cell `$procdff$12950' with positive edge clock.
Creating register for signal `\rv32im_core.\idex_reg_write' using process `\rv32im_core.$proc$../rtl/core/rv32im_core.v:487$126'.
  created $dff cell `$procdff$12957' with positive edge clock.
Creating register for signal `\rv32im_core.\idex_mem_to_reg' using process `\rv32im_core.$proc$../rtl/core/rv32im_core.v:487$126'.
  created $dff cell `$procdff$12964' with positive edge clock.
Creating register for signal `\rv32im_core.\idex_branch' using process `\rv32im_core.$proc$../rtl/core/rv32im_core.v:487$126'.
  created $dff cell `$procdff$12971' with positive edge clock.
Creating register for signal `\rv32im_core.\idex_jal' using process `\rv32im_core.$proc$../rtl/core/rv32im_core.v:487$126'.
  created $dff cell `$procdff$12978' with positive edge clock.
Creating register for signal `\rv32im_core.\idex_jalr' using process `\rv32im_core.$proc$../rtl/core/rv32im_core.v:487$126'.
  created $dff cell `$procdff$12985' with positive edge clock.
Creating register for signal `\rv32im_core.\idex_mdu_en' using process `\rv32im_core.$proc$../rtl/core/rv32im_core.v:487$126'.
  created $dff cell `$procdff$12992' with positive edge clock.
Creating register for signal `\rv32im_core.\idex_mdu_op' using process `\rv32im_core.$proc$../rtl/core/rv32im_core.v:487$126'.
  created $dff cell `$procdff$12999' with positive edge clock.
Creating register for signal `\rv32im_core.\idex_csr_en' using process `\rv32im_core.$proc$../rtl/core/rv32im_core.v:487$126'.
  created $dff cell `$procdff$13006' with positive edge clock.
Creating register for signal `\rv32im_core.\idex_csr_addr' using process `\rv32im_core.$proc$../rtl/core/rv32im_core.v:487$126'.
  created $dff cell `$procdff$13013' with positive edge clock.
Creating register for signal `\rv32im_core.\idex_csr_op' using process `\rv32im_core.$proc$../rtl/core/rv32im_core.v:487$126'.
  created $dff cell `$procdff$13020' with positive edge clock.
Creating register for signal `\rv32im_core.\idex_custom' using process `\rv32im_core.$proc$../rtl/core/rv32im_core.v:487$126'.
  created $dff cell `$procdff$13027' with positive edge clock.
Creating register for signal `\rv32im_core.\idex_is_lui' using process `\rv32im_core.$proc$../rtl/core/rv32im_core.v:487$126'.
  created $dff cell `$procdff$13034' with positive edge clock.
Creating register for signal `\rv32im_core.\idex_is_auipc' using process `\rv32im_core.$proc$../rtl/core/rv32im_core.v:487$126'.
  created $dff cell `$procdff$13041' with positive edge clock.
Creating register for signal `\rv32im_core.\idex_valid' using process `\rv32im_core.$proc$../rtl/core/rv32im_core.v:487$126'.
  created $adff cell `$procdff$13046' with positive edge clock and positive level reset.
Creating register for signal `\rv32im_core.\exmem_pc' using process `\rv32im_core.$proc$../rtl/core/rv32im_core.v:487$126'.
  created $dff cell `$procdff$13053' with positive edge clock.
Creating register for signal `\rv32im_core.\exmem_alu_result' using process `\rv32im_core.$proc$../rtl/core/rv32im_core.v:487$126'.
  created $dff cell `$procdff$13060' with positive edge clock.
Creating register for signal `\rv32im_core.\exmem_rs2_val' using process `\rv32im_core.$proc$../rtl/core/rv32im_core.v:487$126'.
  created $dff cell `$procdff$13067' with positive edge clock.
Creating register for signal `\rv32im_core.\exmem_rd' using process `\rv32im_core.$proc$../rtl/core/rv32im_core.v:487$126'.
  created $dff cell `$procdff$13074' with positive edge clock.
Creating register for signal `\rv32im_core.\exmem_mem_read' using process `\rv32im_core.$proc$../rtl/core/rv32im_core.v:487$126'.
  created $dff cell `$procdff$13081' with positive edge clock.
Creating register for signal `\rv32im_core.\exmem_mem_write' using process `\rv32im_core.$proc$../rtl/core/rv32im_core.v:487$126'.
  created $dff cell `$procdff$13088' with positive edge clock.
Creating register for signal `\rv32im_core.\exmem_mem_width' using process `\rv32im_core.$proc$../rtl/core/rv32im_core.v:487$126'.
  created $dff cell `$procdff$13095' with positive edge clock.
Creating register for signal `\rv32im_core.\exmem_reg_write' using process `\rv32im_core.$proc$../rtl/core/rv32im_core.v:487$126'.
  created $dff cell `$procdff$13102' with positive edge clock.
Creating register for signal `\rv32im_core.\exmem_mem_to_reg' using process `\rv32im_core.$proc$../rtl/core/rv32im_core.v:487$126'.
  created $dff cell `$procdff$13109' with positive edge clock.
Creating register for signal `\rv32im_core.\exmem_branch_taken' using process `\rv32im_core.$proc$../rtl/core/rv32im_core.v:487$126'.
  created $dff cell `$procdff$13116' with positive edge clock.
Creating register for signal `\rv32im_core.\exmem_branch_target' using process `\rv32im_core.$proc$../rtl/core/rv32im_core.v:487$126'.
  created $dff cell `$procdff$13123' with positive edge clock.
Creating register for signal `\rv32im_core.\exmem_valid' using process `\rv32im_core.$proc$../rtl/core/rv32im_core.v:487$126'.
  created $adff cell `$procdff$13128' with positive edge clock and positive level reset.
Creating register for signal `\rv32im_core.\exmem_csr_en' using process `\rv32im_core.$proc$../rtl/core/rv32im_core.v:487$126'.
  created $dff cell `$procdff$13135' with positive edge clock.
Creating register for signal `\rv32im_core.\exmem_csr_result' using process `\rv32im_core.$proc$../rtl/core/rv32im_core.v:487$126'.
  created $dff cell `$procdff$13142' with positive edge clock.
Creating register for signal `\rv32im_core.\exmem_rs2' using process `\rv32im_core.$proc$../rtl/core/rv32im_core.v:487$126'.
  created $dff cell `$procdff$13149' with positive edge clock.
Creating register for signal `\rv32im_core.\memwb_alu_result' using process `\rv32im_core.$proc$../rtl/core/rv32im_core.v:487$126'.
  created $dff cell `$procdff$13156' with positive edge clock.
Creating register for signal `\rv32im_core.\memwb_mem_data' using process `\rv32im_core.$proc$../rtl/core/rv32im_core.v:487$126'.
  created $dff cell `$procdff$13163' with positive edge clock.
Creating register for signal `\rv32im_core.\memwb_rd' using process `\rv32im_core.$proc$../rtl/core/rv32im_core.v:487$126'.
  created $dff cell `$procdff$13170' with positive edge clock.
Creating register for signal `\rv32im_core.\memwb_reg_write' using process `\rv32im_core.$proc$../rtl/core/rv32im_core.v:487$126'.
  created $dff cell `$procdff$13177' with positive edge clock.
Creating register for signal `\rv32im_core.\memwb_mem_to_reg' using process `\rv32im_core.$proc$../rtl/core/rv32im_core.v:487$126'.
  created $dff cell `$procdff$13184' with positive edge clock.
Creating register for signal `\rv32im_core.\memwb_valid' using process `\rv32im_core.$proc$../rtl/core/rv32im_core.v:487$126'.
  created $adff cell `$procdff$13189' with positive edge clock and positive level reset.
Creating register for signal `\rv32im_core.\mdu_busy' using process `\rv32im_core.$proc$../rtl/core/rv32im_core.v:487$126'.
  created $adff cell `$procdff$13194' with positive edge clock and positive level reset.
Creating register for signal `\rv32im_core.\mdu_op_r' using process `\rv32im_core.$proc$../rtl/core/rv32im_core.v:487$126'.
  created $dff cell `$procdff$13201' with positive edge clock.
Creating register for signal `\rv32im_core.\mdu_acc' using process `\rv32im_core.$proc$../rtl/core/rv32im_core.v:487$126'.
  created $dff cell `$procdff$13208' with positive edge clock.
Creating register for signal `\rv32im_core.\mdu_a' using process `\rv32im_core.$proc$../rtl/core/rv32im_core.v:487$126'.
  created $dff cell `$procdff$13215' with positive edge clock.
Creating register for signal `\rv32im_core.\mdu_b' using process `\rv32im_core.$proc$../rtl/core/rv32im_core.v:487$126'.
  created $dff cell `$procdff$13222' with positive edge clock.
Creating register for signal `\rv32im_core.\mdu_cnt' using process `\rv32im_core.$proc$../rtl/core/rv32im_core.v:487$126'.
  created $dff cell `$procdff$13229' with positive edge clock.
Creating register for signal `\rv32im_core.\mdu_neg_result' using process `\rv32im_core.$proc$../rtl/core/rv32im_core.v:487$126'.
  created $dff cell `$procdff$13236' with positive edge clock.
Creating register for signal `\rv32im_core.\mdu_result' using process `\rv32im_core.$proc$../rtl/core/rv32im_core.v:487$126'.
  created $dff cell `$procdff$13243' with positive edge clock.
Creating register for signal `\rv32im_core.\mdu_done' using process `\rv32im_core.$proc$../rtl/core/rv32im_core.v:487$126'.
  created $adff cell `$procdff$13248' with positive edge clock and positive level reset.
Creating register for signal `\rv32im_core.\trap_req' using process `\rv32im_core.$proc$../rtl/core/rv32im_core.v:487$126'.
  created $adff cell `$procdff$13253' with positive edge clock and positive level reset.
Creating register for signal `\rv32im_core.\trap_cause' using process `\rv32im_core.$proc$../rtl/core/rv32im_core.v:487$126'.
  created $adff cell `$procdff$13258' with positive edge clock and positive level reset.
Creating register for signal `\rv32im_core.\trap_pc' using process `\rv32im_core.$proc$../rtl/core/rv32im_core.v:487$126'.
  created $adff cell `$procdff$13263' with positive edge clock and positive level reset.
Creating register for signal `\rv32im_core.\wdt_counter' using process `\rv32im_core.$proc$../rtl/core/rv32im_core.v:487$126'.
  created $adff cell `$procdff$13268' with positive edge clock and positive level reset.
Creating register for signal `\rv32im_core.\pc' using process `\rv32im_core.$proc$../rtl/core/rv32im_core.v:487$126'.
  created $adff cell `$procdff$13273' with positive edge clock and positive level reset.
Creating register for signal `\rv32im_core.\fetch_pending' using process `\rv32im_core.$proc$../rtl/core/rv32im_core.v:487$126'.
  created $adff cell `$procdff$13278' with positive edge clock and positive level reset.
Creating register for signal `\rv32im_core.\alu_a' using process `\rv32im_core.$proc$../rtl/core/rv32im_core.v:487$126'.
  created $dff cell `$procdff$13285' with positive edge clock.
Creating register for signal `\rv32im_core.\alu_b' using process `\rv32im_core.$proc$../rtl/core/rv32im_core.v:487$126'.
  created $dff cell `$procdff$13292' with positive edge clock.
Creating register for signal `\rv32im_core.\imem_state' using process `\rv32im_core.$proc$../rtl/core/rv32im_core.v:487$126'.
  created $adff cell `$procdff$13297' with positive edge clock and positive level reset.
Creating register for signal `\rv32im_core.\dmem_rd_state' using process `\rv32im_core.$proc$../rtl/core/rv32im_core.v:487$126'.
  created $adff cell `$procdff$13302' with positive edge clock and positive level reset.
Creating register for signal `\rv32im_core.\dmem_wr_state' using process `\rv32im_core.$proc$../rtl/core/rv32im_core.v:487$126'.
  created $adff cell `$procdff$13307' with positive edge clock and positive level reset.
Creating register for signal `\rv32im_core.\dmem_op_pending' using process `\rv32im_core.$proc$../rtl/core/rv32im_core.v:487$126'.
  created $adff cell `$procdff$13312' with positive edge clock and positive level reset.
Creating register for signal `\rv32im_core.\dmem_is_write' using process `\rv32im_core.$proc$../rtl/core/rv32im_core.v:487$126'.
  created $dff cell `$procdff$13319' with positive edge clock.
Creating register for signal `\rv32im_core.\dmem_pending_addr' using process `\rv32im_core.$proc$../rtl/core/rv32im_core.v:487$126'.
  created $dff cell `$procdff$13326' with positive edge clock.
Creating register for signal `\rv32im_core.\dmem_pending_wdata' using process `\rv32im_core.$proc$../rtl/core/rv32im_core.v:487$126'.
  created $dff cell `$procdff$13333' with positive edge clock.
Creating register for signal `\rv32im_core.\dmem_pending_strb' using process `\rv32im_core.$proc$../rtl/core/rv32im_core.v:487$126'.
  created $dff cell `$procdff$13340' with positive edge clock.
Creating register for signal `\rv32im_core.\dmem_rdata_r' using process `\rv32im_core.$proc$../rtl/core/rv32im_core.v:487$126'.
  created $dff cell `$procdff$13347' with positive edge clock.
Creating register for signal `\rv32im_core.\dmem_done' using process `\rv32im_core.$proc$../rtl/core/rv32im_core.v:487$126'.
  created $adff cell `$procdff$13352' with positive edge clock and positive level reset.
Creating register for signal `\rv32im_core.$unnamed_block$2.csr_wdata' using process `\rv32im_core.$proc$../rtl/core/rv32im_core.v:487$126'.
  created $dff cell `$procdff$13359' with positive edge clock.
Creating register for signal `\rv32im_core.$unnamed_block$3.wb_data' using process `\rv32im_core.$proc$../rtl/core/rv32im_core.v:487$126'.
  created $dff cell `$procdff$13366' with positive edge clock.
Creating register for signal `\rv32im_core.\regfile[0]' using process `\rv32im_core.$proc$../rtl/core/rv32im_core.v:487$126'.
  created $adff cell `$procdff$13371' with positive edge clock and positive level reset.
Creating register for signal `\rv32im_core.\regfile[1]' using process `\rv32im_core.$proc$../rtl/core/rv32im_core.v:487$126'.
  created $adff cell `$procdff$13376' with positive edge clock and positive level reset.
Creating register for signal `\rv32im_core.\regfile[2]' using process `\rv32im_core.$proc$../rtl/core/rv32im_core.v:487$126'.
  created $adff cell `$procdff$13381' with positive edge clock and positive level reset.
Creating register for signal `\rv32im_core.\regfile[3]' using process `\rv32im_core.$proc$../rtl/core/rv32im_core.v:487$126'.
  created $adff cell `$procdff$13386' with positive edge clock and positive level reset.
Creating register for signal `\rv32im_core.\regfile[4]' using process `\rv32im_core.$proc$../rtl/core/rv32im_core.v:487$126'.
  created $adff cell `$procdff$13391' with positive edge clock and positive level reset.
Creating register for signal `\rv32im_core.\regfile[5]' using process `\rv32im_core.$proc$../rtl/core/rv32im_core.v:487$126'.
  created $adff cell `$procdff$13396' with positive edge clock and positive level reset.
Creating register for signal `\rv32im_core.\regfile[6]' using process `\rv32im_core.$proc$../rtl/core/rv32im_core.v:487$126'.
  created $adff cell `$procdff$13401' with positive edge clock and positive level reset.
Creating register for signal `\rv32im_core.\regfile[7]' using process `\rv32im_core.$proc$../rtl/core/rv32im_core.v:487$126'.
  created $adff cell `$procdff$13406' with positive edge clock and positive level reset.
Creating register for signal `\rv32im_core.\regfile[8]' using process `\rv32im_core.$proc$../rtl/core/rv32im_core.v:487$126'.
  created $adff cell `$procdff$13411' with positive edge clock and positive level reset.
Creating register for signal `\rv32im_core.\regfile[9]' using process `\rv32im_core.$proc$../rtl/core/rv32im_core.v:487$126'.
  created $adff cell `$procdff$13416' with positive edge clock and positive level reset.
Creating register for signal `\rv32im_core.\regfile[10]' using process `\rv32im_core.$proc$../rtl/core/rv32im_core.v:487$126'.
  created $adff cell `$procdff$13421' with positive edge clock and positive level reset.
Creating register for signal `\rv32im_core.\regfile[11]' using process `\rv32im_core.$proc$../rtl/core/rv32im_core.v:487$126'.
  created $adff cell `$procdff$13426' with positive edge clock and positive level reset.
Creating register for signal `\rv32im_core.\regfile[12]' using process `\rv32im_core.$proc$../rtl/core/rv32im_core.v:487$126'.
  created $adff cell `$procdff$13431' with positive edge clock and positive level reset.
Creating register for signal `\rv32im_core.\regfile[13]' using process `\rv32im_core.$proc$../rtl/core/rv32im_core.v:487$126'.
  created $adff cell `$procdff$13436' with positive edge clock and positive level reset.
Creating register for signal `\rv32im_core.\regfile[14]' using process `\rv32im_core.$proc$../rtl/core/rv32im_core.v:487$126'.
  created $adff cell `$procdff$13441' with positive edge clock and positive level reset.
Creating register for signal `\rv32im_core.\regfile[15]' using process `\rv32im_core.$proc$../rtl/core/rv32im_core.v:487$126'.
  created $adff cell `$procdff$13446' with positive edge clock and positive level reset.
Creating register for signal `\rv32im_core.\regfile[16]' using process `\rv32im_core.$proc$../rtl/core/rv32im_core.v:487$126'.
  created $adff cell `$procdff$13451' with positive edge clock and positive level reset.
Creating register for signal `\rv32im_core.\regfile[17]' using process `\rv32im_core.$proc$../rtl/core/rv32im_core.v:487$126'.
  created $adff cell `$procdff$13456' with positive edge clock and positive level reset.
Creating register for signal `\rv32im_core.\regfile[18]' using process `\rv32im_core.$proc$../rtl/core/rv32im_core.v:487$126'.
  created $adff cell `$procdff$13461' with positive edge clock and positive level reset.
Creating register for signal `\rv32im_core.\regfile[19]' using process `\rv32im_core.$proc$../rtl/core/rv32im_core.v:487$126'.
  created $adff cell `$procdff$13466' with positive edge clock and positive level reset.
Creating register for signal `\rv32im_core.\regfile[20]' using process `\rv32im_core.$proc$../rtl/core/rv32im_core.v:487$126'.
  created $adff cell `$procdff$13471' with positive edge clock and positive level reset.
Creating register for signal `\rv32im_core.\regfile[21]' using process `\rv32im_core.$proc$../rtl/core/rv32im_core.v:487$126'.
  created $adff cell `$procdff$13476' with positive edge clock and positive level reset.
Creating register for signal `\rv32im_core.\regfile[22]' using process `\rv32im_core.$proc$../rtl/core/rv32im_core.v:487$126'.
  created $adff cell `$procdff$13481' with positive edge clock and positive level reset.
Creating register for signal `\rv32im_core.\regfile[23]' using process `\rv32im_core.$proc$../rtl/core/rv32im_core.v:487$126'.
  created $adff cell `$procdff$13486' with positive edge clock and positive level reset.
Creating register for signal `\rv32im_core.\regfile[24]' using process `\rv32im_core.$proc$../rtl/core/rv32im_core.v:487$126'.
  created $adff cell `$procdff$13491' with positive edge clock and positive level reset.
Creating register for signal `\rv32im_core.\regfile[25]' using process `\rv32im_core.$proc$../rtl/core/rv32im_core.v:487$126'.
  created $adff cell `$procdff$13496' with positive edge clock and positive level reset.
Creating register for signal `\rv32im_core.\regfile[26]' using process `\rv32im_core.$proc$../rtl/core/rv32im_core.v:487$126'.
  created $adff cell `$procdff$13501' with positive edge clock and positive level reset.
Creating register for signal `\rv32im_core.\regfile[27]' using process `\rv32im_core.$proc$../rtl/core/rv32im_core.v:487$126'.
  created $adff cell `$procdff$13506' with positive edge clock and positive level reset.
Creating register for signal `\rv32im_core.\regfile[28]' using process `\rv32im_core.$proc$../rtl/core/rv32im_core.v:487$126'.
  created $adff cell `$procdff$13511' with positive edge clock and positive level reset.
Creating register for signal `\rv32im_core.\regfile[29]' using process `\rv32im_core.$proc$../rtl/core/rv32im_core.v:487$126'.
  created $adff cell `$procdff$13516' with positive edge clock and positive level reset.
Creating register for signal `\rv32im_core.\regfile[30]' using process `\rv32im_core.$proc$../rtl/core/rv32im_core.v:487$126'.
  created $adff cell `$procdff$13521' with positive edge clock and positive level reset.
Creating register for signal `\rv32im_core.\regfile[31]' using process `\rv32im_core.$proc$../rtl/core/rv32im_core.v:487$126'.
  created $adff cell `$procdff$13526' with positive edge clock and positive level reset.
Creating register for signal `\rv32im_core.\regfile_ecc[0]' using process `\rv32im_core.$proc$../rtl/core/rv32im_core.v:487$126'.
  created $adff cell `$procdff$13531' with positive edge clock and positive level reset.
Creating register for signal `\rv32im_core.\regfile_ecc[1]' using process `\rv32im_core.$proc$../rtl/core/rv32im_core.v:487$126'.
  created $adff cell `$procdff$13536' with positive edge clock and positive level reset.
Creating register for signal `\rv32im_core.\regfile_ecc[2]' using process `\rv32im_core.$proc$../rtl/core/rv32im_core.v:487$126'.
  created $adff cell `$procdff$13541' with positive edge clock and positive level reset.
Creating register for signal `\rv32im_core.\regfile_ecc[3]' using process `\rv32im_core.$proc$../rtl/core/rv32im_core.v:487$126'.
  created $adff cell `$procdff$13546' with positive edge clock and positive level reset.
Creating register for signal `\rv32im_core.\regfile_ecc[4]' using process `\rv32im_core.$proc$../rtl/core/rv32im_core.v:487$126'.
  created $adff cell `$procdff$13551' with positive edge clock and positive level reset.
Creating register for signal `\rv32im_core.\regfile_ecc[5]' using process `\rv32im_core.$proc$../rtl/core/rv32im_core.v:487$126'.
  created $adff cell `$procdff$13556' with positive edge clock and positive level reset.
Creating register for signal `\rv32im_core.\regfile_ecc[6]' using process `\rv32im_core.$proc$../rtl/core/rv32im_core.v:487$126'.
  created $adff cell `$procdff$13561' with positive edge clock and positive level reset.
Creating register for signal `\rv32im_core.\regfile_ecc[7]' using process `\rv32im_core.$proc$../rtl/core/rv32im_core.v:487$126'.
  created $adff cell `$procdff$13566' with positive edge clock and positive level reset.
Creating register for signal `\rv32im_core.\regfile_ecc[8]' using process `\rv32im_core.$proc$../rtl/core/rv32im_core.v:487$126'.
  created $adff cell `$procdff$13571' with positive edge clock and positive level reset.
Creating register for signal `\rv32im_core.\regfile_ecc[9]' using process `\rv32im_core.$proc$../rtl/core/rv32im_core.v:487$126'.
  created $adff cell `$procdff$13576' with positive edge clock and positive level reset.
Creating register for signal `\rv32im_core.\regfile_ecc[10]' using process `\rv32im_core.$proc$../rtl/core/rv32im_core.v:487$126'.
  created $adff cell `$procdff$13581' with positive edge clock and positive level reset.
Creating register for signal `\rv32im_core.\regfile_ecc[11]' using process `\rv32im_core.$proc$../rtl/core/rv32im_core.v:487$126'.
  created $adff cell `$procdff$13586' with positive edge clock and positive level reset.
Creating register for signal `\rv32im_core.\regfile_ecc[12]' using process `\rv32im_core.$proc$../rtl/core/rv32im_core.v:487$126'.
  created $adff cell `$procdff$13591' with positive edge clock and positive level reset.
Creating register for signal `\rv32im_core.\regfile_ecc[13]' using process `\rv32im_core.$proc$../rtl/core/rv32im_core.v:487$126'.
  created $adff cell `$procdff$13596' with positive edge clock and positive level reset.
Creating register for signal `\rv32im_core.\regfile_ecc[14]' using process `\rv32im_core.$proc$../rtl/core/rv32im_core.v:487$126'.
  created $adff cell `$procdff$13601' with positive edge clock and positive level reset.
Creating register for signal `\rv32im_core.\regfile_ecc[15]' using process `\rv32im_core.$proc$../rtl/core/rv32im_core.v:487$126'.
  created $adff cell `$procdff$13606' with positive edge clock and positive level reset.
Creating register for signal `\rv32im_core.\regfile_ecc[16]' using process `\rv32im_core.$proc$../rtl/core/rv32im_core.v:487$126'.
  created $adff cell `$procdff$13611' with positive edge clock and positive level reset.
Creating register for signal `\rv32im_core.\regfile_ecc[17]' using process `\rv32im_core.$proc$../rtl/core/rv32im_core.v:487$126'.
  created $adff cell `$procdff$13616' with positive edge clock and positive level reset.
Creating register for signal `\rv32im_core.\regfile_ecc[18]' using process `\rv32im_core.$proc$../rtl/core/rv32im_core.v:487$126'.
  created $adff cell `$procdff$13621' with positive edge clock and positive level reset.
Creating register for signal `\rv32im_core.\regfile_ecc[19]' using process `\rv32im_core.$proc$../rtl/core/rv32im_core.v:487$126'.
  created $adff cell `$procdff$13626' with positive edge clock and positive level reset.
Creating register for signal `\rv32im_core.\regfile_ecc[20]' using process `\rv32im_core.$proc$../rtl/core/rv32im_core.v:487$126'.
  created $adff cell `$procdff$13631' with positive edge clock and positive level reset.
Creating register for signal `\rv32im_core.\regfile_ecc[21]' using process `\rv32im_core.$proc$../rtl/core/rv32im_core.v:487$126'.
  created $adff cell `$procdff$13636' with positive edge clock and positive level reset.
Creating register for signal `\rv32im_core.\regfile_ecc[22]' using process `\rv32im_core.$proc$../rtl/core/rv32im_core.v:487$126'.
  created $adff cell `$procdff$13641' with positive edge clock and positive level reset.
Creating register for signal `\rv32im_core.\regfile_ecc[23]' using process `\rv32im_core.$proc$../rtl/core/rv32im_core.v:487$126'.
  created $adff cell `$procdff$13646' with positive edge clock and positive level reset.
Creating register for signal `\rv32im_core.\regfile_ecc[24]' using process `\rv32im_core.$proc$../rtl/core/rv32im_core.v:487$126'.
  created $adff cell `$procdff$13651' with positive edge clock and positive level reset.
Creating register for signal `\rv32im_core.\regfile_ecc[25]' using process `\rv32im_core.$proc$../rtl/core/rv32im_core.v:487$126'.
  created $adff cell `$procdff$13656' with positive edge clock and positive level reset.
Creating register for signal `\rv32im_core.\regfile_ecc[26]' using process `\rv32im_core.$proc$../rtl/core/rv32im_core.v:487$126'.
  created $adff cell `$procdff$13661' with positive edge clock and positive level reset.
Creating register for signal `\rv32im_core.\regfile_ecc[27]' using process `\rv32im_core.$proc$../rtl/core/rv32im_core.v:487$126'.
  created $adff cell `$procdff$13666' with positive edge clock and positive level reset.
Creating register for signal `\rv32im_core.\regfile_ecc[28]' using process `\rv32im_core.$proc$../rtl/core/rv32im_core.v:487$126'.
  created $adff cell `$procdff$13671' with positive edge clock and positive level reset.
Creating register for signal `\rv32im_core.\regfile_ecc[29]' using process `\rv32im_core.$proc$../rtl/core/rv32im_core.v:487$126'.
  created $adff cell `$procdff$13676' with positive edge clock and positive level reset.
Creating register for signal `\rv32im_core.\regfile_ecc[30]' using process `\rv32im_core.$proc$../rtl/core/rv32im_core.v:487$126'.
  created $adff cell `$procdff$13681' with positive edge clock and positive level reset.
Creating register for signal `\rv32im_core.\regfile_ecc[31]' using process `\rv32im_core.$proc$../rtl/core/rv32im_core.v:487$126'.
  created $adff cell `$procdff$13686' with positive edge clock and positive level reset.

3.2.10. Executing PROC_MEMWR pass (convert process memory writes to cells).

3.2.11. Executing PROC_CLEAN pass (remove empty switches from decision trees).
Found and cleaned up 25 empty switches in `\rv32im_core.$proc$../rtl/core/rv32im_core.v:370$922'.
Removing empty process `rv32im_core.$proc$../rtl/core/rv32im_core.v:370$922'.
Found and cleaned up 25 empty switches in `\rv32im_core.$proc$../rtl/core/rv32im_core.v:369$562'.
Removing empty process `rv32im_core.$proc$../rtl/core/rv32im_core.v:369$562'.
Removing empty process `rv32im_core.$proc$../rtl/core/rv32im_core.v:1129$549'.
Found and cleaned up 80 empty switches in `\rv32im_core.$proc$../rtl/core/rv32im_core.v:487$126'.
Removing empty process `rv32im_core.$proc$../rtl/core/rv32im_core.v:487$126'.
Found and cleaned up 4 empty switches in `\rv32im_core.$proc$../rtl/core/rv32im_core.v:448$107'.
Removing empty process `rv32im_core.$proc$../rtl/core/rv32im_core.v:448$107'.
Found and cleaned up 1 empty switch in `\rv32im_core.$proc$../rtl/core/rv32im_core.v:420$99'.
Removing empty process `rv32im_core.$proc$../rtl/core/rv32im_core.v:420$99'.
Found and cleaned up 2 empty switches in `\rv32im_core.$proc$../rtl/core/rv32im_core.v:398$89'.
Removing empty process `rv32im_core.$proc$../rtl/core/rv32im_core.v:398$89'.
Found and cleaned up 1 empty switch in `\rv32im_core.$proc$../rtl/core/rv32im_core.v:379$76'.
Removing empty process `rv32im_core.$proc$../rtl/core/rv32im_core.v:379$76'.
Cleaned up 138 empty switches.

3.2.12. Executing OPT_EXPR pass (perform const folding).
Optimizing module rv32im_core.
<suppressed ~491 debug messages>

3.3. Executing OPT_EXPR pass (perform const folding).
Optimizing module rv32im_core.

3.4. Executing OPT_CLEAN pass (remove unused cells and wires).
Finding unused cells or wires in module \rv32im_core..
Removed 729 unused cells and 3732 unused wires.
<suppressed ~805 debug messages>

3.5. Executing CHECK pass (checking for obvious problems).
Checking module rv32im_core...
Found and reported 0 problems.

3.6. Executing OPT pass (performing simple optimizations).

3.6.1. Executing OPT_EXPR pass (perform const folding).
Optimizing module rv32im_core.

3.6.2. Executing OPT_MERGE pass (detect identical cells).
Finding identical cells in module `\rv32im_core'.
Computing hashes of 3571 cells of `\rv32im_core'.
Finding duplicate cells in `\rv32im_core'.
Computing hashes of 2618 cells of `\rv32im_core'.
Finding duplicate cells in `\rv32im_core'.
Computing hashes of 2594 cells of `\rv32im_core'.
Finding duplicate cells in `\rv32im_core'.
Computing hashes of 2593 cells of `\rv32im_core'.
Finding duplicate cells in `\rv32im_core'.
Computing hashes of 2592 cells of `\rv32im_core'.
Finding duplicate cells in `\rv32im_core'.
<suppressed ~2937 debug messages>
Removed a total of 979 cells.

3.6.3. Executing OPT_MUXTREE pass (detect dead branches in mux trees).
Running muxtree optimizer on module \rv32im_core..
  Creating internal representation of mux trees.
  Evaluating internal representation of mux trees.
      Replacing known input bits on port A of cell $ternary$../rtl/core/rv32im_core.v:888$319: \mdu_b -> { 1'0 \mdu_b [30:0] }
      Replacing known input bits on port B of cell $procmux$11622: \trap_req -> 1'1
      Replacing known input bits on port A of cell $procmux$11620: \trap_req -> 1'0
      Replacing known input bits on port A of cell $ternary$../rtl/core/rv32im_core.v:887$316: \mdu_a -> { 1'0 \mdu_a [30:0] }
  Analyzing evaluation results.
    dead port 32/33 on $pmux $procmux$3607.
    dead port 1/2 on $mux $procmux$3599.
    dead port 1/2 on $mux $procmux$3593.
    dead port 2/2 on $mux $procmux$3590.
    dead port 1/2 on $mux $procmux$3578.
    dead port 2/2 on $mux $procmux$3575.
    dead port 1/2 on $mux $procmux$3568.
    dead port 2/2 on $mux $procmux$3565.
    dead port 1/2 on $mux $procmux$3555.
    dead port 2/2 on $mux $procmux$3552.
    dead port 1/2 on $mux $procmux$3544.
    dead port 2/2 on $mux $procmux$3541.
    dead port 1/2 on $mux $procmux$3530.
    dead port 2/2 on $mux $procmux$3527.
    dead port 1/2 on $mux $procmux$3518.
    dead port 2/2 on $mux $procmux$3515.
    dead port 32/33 on $pmux $procmux$3475.
    dead port 1/2 on $mux $procmux$3467.
    dead port 1/2 on $mux $procmux$3461.
    dead port 2/2 on $mux $procmux$3458.
    dead port 1/2 on $mux $procmux$3446.
    dead port 2/2 on $mux $procmux$3443.
    dead port 1/2 on $mux $procmux$3436.
    dead port 2/2 on $mux $procmux$3433.
    dead port 1/2 on $mux $procmux$3423.
    dead port 2/2 on $mux $procmux$3420.
    dead port 1/2 on $mux $procmux$3412.
    dead port 2/2 on $mux $procmux$3409.
    dead port 1/2 on $mux $procmux$3398.
    dead port 2/2 on $mux $procmux$3395.
    dead port 1/2 on $mux $procmux$3386.
    dead port 2/2 on $mux $procmux$3383.
    dead port 32/33 on $pmux $procmux$3343.
    dead port 1/2 on $mux $procmux$3335.
    dead port 1/2 on $mux $procmux$3329.
    dead port 2/2 on $mux $procmux$3326.
    dead port 1/2 on $mux $procmux$3314.
    dead port 2/2 on $mux $procmux$3311.
    dead port 1/2 on $mux $procmux$3304.
    dead port 2/2 on $mux $procmux$3301.
    dead port 1/2 on $mux $procmux$3291.
    dead port 2/2 on $mux $procmux$3288.
    dead port 1/2 on $mux $procmux$3280.
    dead port 2/2 on $mux $procmux$3277.
    dead port 1/2 on $mux $procmux$3266.
    dead port 2/2 on $mux $procmux$3263.
    dead port 1/2 on $mux $procmux$3254.
    dead port 2/2 on $mux $procmux$3251.
    dead port 32/33 on $pmux $procmux$3211.
    dead port 1/2 on $mux $procmux$3203.
    dead port 1/2 on $mux $procmux$3197.
    dead port 2/2 on $mux $procmux$3194.
    dead port 1/2 on $mux $procmux$3182.
    dead port 2/2 on $mux $procmux$3179.
    dead port 1/2 on $mux $procmux$3172.
    dead port 2/2 on $mux $procmux$3169.
    dead port 1/2 on $mux $procmux$3159.
    dead port 2/2 on $mux $procmux$3156.
    dead port 1/2 on $mux $procmux$3148.
    dead port 2/2 on $mux $procmux$3145.
    dead port 1/2 on $mux $procmux$3134.
    dead port 2/2 on $mux $procmux$3131.
    dead port 1/2 on $mux $procmux$3122.
    dead port 2/2 on $mux $procmux$3119.
    dead port 32/33 on $pmux $procmux$3079.
    dead port 1/2 on $mux $procmux$3071.
    dead port 1/2 on $mux $procmux$3065.
    dead port 2/2 on $mux $procmux$3062.
    dead port 1/2 on $mux $procmux$3050.
    dead port 2/2 on $mux $procmux$3047.
    dead port 1/2 on $mux $procmux$3040.
    dead port 2/2 on $mux $procmux$3037.
    dead port 1/2 on $mux $procmux$3027.
    dead port 2/2 on $mux $procmux$3024.
    dead port 1/2 on $mux $procmux$3016.
    dead port 2/2 on $mux $procmux$3013.
    dead port 1/2 on $mux $procmux$3002.
    dead port 2/2 on $mux $procmux$2999.
    dead port 1/2 on $mux $procmux$2990.
    dead port 2/2 on $mux $procmux$2987.
    dead port 2/2 on $mux $procmux$9858.
    dead port 2/2 on $mux $procmux$9856.
    dead port 32/33 on $pmux $procmux$2947.
    dead port 1/2 on $mux $procmux$2939.
    dead port 1/2 on $mux $procmux$2933.
    dead port 2/2 on $mux $procmux$2930.
    dead port 1/2 on $mux $procmux$2918.
    dead port 2/2 on $mux $procmux$2915.
    dead port 1/2 on $mux $procmux$2908.
    dead port 2/2 on $mux $procmux$2905.
    dead port 1/2 on $mux $procmux$2895.
    dead port 2/2 on $mux $procmux$2892.
    dead port 1/2 on $mux $procmux$2884.
    dead port 2/2 on $mux $procmux$2881.
    dead port 1/2 on $mux $procmux$2870.
    dead port 2/2 on $mux $procmux$2867.
    dead port 1/2 on $mux $procmux$2858.
    dead port 2/2 on $mux $procmux$2855.
    dead port 32/33 on $pmux $procmux$2815.
    dead port 1/2 on $mux $procmux$2807.
    dead port 1/2 on $mux $procmux$2801.
    dead port 2/2 on $mux $procmux$2798.
    dead port 1/2 on $mux $procmux$2786.
    dead port 2/2 on $mux $procmux$2783.
    dead port 1/2 on $mux $procmux$2776.
    dead port 2/2 on $mux $procmux$2773.
    dead port 1/2 on $mux $procmux$2763.
    dead port 2/2 on $mux $procmux$2760.
    dead port 1/2 on $mux $procmux$2752.
    dead port 2/2 on $mux $procmux$2749.
    dead port 1/2 on $mux $procmux$2738.
    dead port 2/2 on $mux $procmux$2735.
    dead port 1/2 on $mux $procmux$2726.
    dead port 2/2 on $mux $procmux$2723.
    dead port 32/33 on $pmux $procmux$2683.
    dead port 1/2 on $mux $procmux$2675.
    dead port 1/2 on $mux $procmux$2669.
    dead port 2/2 on $mux $procmux$2666.
    dead port 1/2 on $mux $procmux$2654.
    dead port 2/2 on $mux $procmux$2651.
    dead port 1/2 on $mux $procmux$2644.
    dead port 2/2 on $mux $procmux$2641.
    dead port 1/2 on $mux $procmux$2631.
    dead port 2/2 on $mux $procmux$2628.
    dead port 1/2 on $mux $procmux$2620.
    dead port 2/2 on $mux $procmux$2617.
    dead port 1/2 on $mux $procmux$2606.
    dead port 2/2 on $mux $procmux$2603.
    dead port 1/2 on $mux $procmux$2594.
    dead port 2/2 on $mux $procmux$2591.
    dead port 32/33 on $pmux $procmux$2302.
    dead port 1/2 on $mux $procmux$2294.
    dead port 1/2 on $mux $procmux$2288.
    dead port 2/2 on $mux $procmux$2285.
    dead port 1/2 on $mux $procmux$2273.
    dead port 2/2 on $mux $procmux$2270.
    dead port 1/2 on $mux $procmux$2263.
    dead port 2/2 on $mux $procmux$2260.
    dead port 1/2 on $mux $procmux$2250.
    dead port 2/2 on $mux $procmux$2247.
    dead port 1/2 on $mux $procmux$2239.
    dead port 2/2 on $mux $procmux$2236.
    dead port 1/2 on $mux $procmux$2225.
    dead port 2/2 on $mux $procmux$2222.
    dead port 1/2 on $mux $procmux$2213.
    dead port 2/2 on $mux $procmux$2210.
    dead port 32/33 on $pmux $procmux$2170.
    dead port 1/2 on $mux $procmux$2162.
    dead port 1/2 on $mux $procmux$2156.
    dead port 2/2 on $mux $procmux$2153.
    dead port 1/2 on $mux $procmux$2141.
    dead port 2/2 on $mux $procmux$2138.
    dead port 1/2 on $mux $procmux$2131.
    dead port 2/2 on $mux $procmux$2128.
    dead port 1/2 on $mux $procmux$2118.
    dead port 2/2 on $mux $procmux$2115.
    dead port 1/2 on $mux $procmux$2107.
    dead port 2/2 on $mux $procmux$2104.
    dead port 1/2 on $mux $procmux$2093.
    dead port 2/2 on $mux $procmux$2090.
    dead port 1/2 on $mux $procmux$2081.
    dead port 2/2 on $mux $procmux$2078.
    dead port 32/33 on $pmux $procmux$2038.
    dead port 1/2 on $mux $procmux$2030.
    dead port 1/2 on $mux $procmux$2024.
    dead port 2/2 on $mux $procmux$2021.
    dead port 1/2 on $mux $procmux$2009.
    dead port 2/2 on $mux $procmux$2006.
    dead port 1/2 on $mux $procmux$1999.
    dead port 2/2 on $mux $procmux$1996.
    dead port 1/2 on $mux $procmux$1986.
    dead port 2/2 on $mux $procmux$1983.
    dead port 1/2 on $mux $procmux$1975.
    dead port 2/2 on $mux $procmux$1972.
    dead port 1/2 on $mux $procmux$1961.
    dead port 2/2 on $mux $procmux$1958.
    dead port 1/2 on $mux $procmux$1949.
    dead port 2/2 on $mux $procmux$1946.
    dead port 32/33 on $pmux $procmux$1906.
    dead port 1/2 on $mux $procmux$1898.
    dead port 1/2 on $mux $procmux$1892.
    dead port 2/2 on $mux $procmux$1889.
    dead port 1/2 on $mux $procmux$1877.
    dead port 2/2 on $mux $procmux$1874.
    dead port 1/2 on $mux $procmux$1867.
    dead port 2/2 on $mux $procmux$1864.
    dead port 1/2 on $mux $procmux$1854.
    dead port 2/2 on $mux $procmux$1851.
    dead port 1/2 on $mux $procmux$1843.
    dead port 2/2 on $mux $procmux$1840.
    dead port 1/2 on $mux $procmux$1829.
    dead port 2/2 on $mux $procmux$1826.
    dead port 1/2 on $mux $procmux$1817.
    dead port 2/2 on $mux $procmux$1814.
    dead port 1/2 on $mux $procmux$12622.
    dead port 32/33 on $pmux $procmux$1774.
    dead port 1/2 on $mux $procmux$1766.
    dead port 1/2 on $mux $procmux$1760.
    dead port 2/2 on $mux $procmux$1757.
    dead port 1/2 on $mux $procmux$1745.
    dead port 2/2 on $mux $procmux$1742.
    dead port 1/2 on $mux $procmux$1735.
    dead port 2/2 on $mux $procmux$1732.
    dead port 1/2 on $mux $procmux$1722.
    dead port 2/2 on $mux $procmux$1719.
    dead port 1/2 on $mux $procmux$1711.
    dead port 2/2 on $mux $procmux$1708.
    dead port 1/2 on $mux $procmux$1697.
    dead port 2/2 on $mux $procmux$1694.
    dead port 1/2 on $mux $procmux$1685.
    dead port 2/2 on $mux $procmux$1682.
    dead port 1/2 on $mux $procmux$12631.
    dead port 1/2 on $mux $procmux$11622.
    dead port 2/2 on $mux $procmux$12659.
    dead port 2/2 on $mux $procmux$12662.
    dead port 32/33 on $pmux $procmux$1642.
    dead port 1/2 on $mux $procmux$1634.
    dead port 1/2 on $mux $procmux$1628.
    dead port 2/2 on $mux $procmux$1625.
    dead port 1/2 on $mux $procmux$1613.
    dead port 2/2 on $mux $procmux$1610.
    dead port 1/2 on $mux $procmux$1603.
    dead port 2/2 on $mux $procmux$1600.
    dead port 1/2 on $mux $procmux$1590.
    dead port 2/2 on $mux $procmux$1587.
    dead port 1/2 on $mux $procmux$1579.
    dead port 2/2 on $mux $procmux$1576.
    dead port 1/2 on $mux $procmux$1565.
    dead port 2/2 on $mux $procmux$1562.
    dead port 1/2 on $mux $procmux$1553.
    dead port 2/2 on $mux $procmux$1550.
    dead port 32/33 on $pmux $procmux$1510.
    dead port 1/2 on $mux $procmux$1502.
    dead port 1/2 on $mux $procmux$1496.
    dead port 2/2 on $mux $procmux$1493.
    dead port 1/2 on $mux $procmux$1481.
    dead port 2/2 on $mux $procmux$1478.
    dead port 1/2 on $mux $procmux$1471.
    dead port 2/2 on $mux $procmux$1468.
    dead port 1/2 on $mux $procmux$1458.
    dead port 2/2 on $mux $procmux$1455.
    dead port 1/2 on $mux $procmux$1447.
    dead port 2/2 on $mux $procmux$1444.
    dead port 1/2 on $mux $procmux$1433.
    dead port 2/2 on $mux $procmux$1430.
    dead port 1/2 on $mux $procmux$1421.
    dead port 2/2 on $mux $procmux$1418.
    dead port 32/33 on $pmux $procmux$1378.
    dead port 1/2 on $mux $procmux$1370.
    dead port 1/2 on $mux $procmux$1364.
    dead port 2/2 on $mux $procmux$1361.
    dead port 1/2 on $mux $procmux$1349.
    dead port 2/2 on $mux $procmux$1346.
    dead port 1/2 on $mux $procmux$1339.
    dead port 2/2 on $mux $procmux$1336.
    dead port 1/2 on $mux $procmux$1326.
    dead port 2/2 on $mux $procmux$1323.
    dead port 1/2 on $mux $procmux$1315.
    dead port 2/2 on $mux $procmux$1312.
    dead port 1/2 on $mux $procmux$1301.
    dead port 2/2 on $mux $procmux$1298.
    dead port 1/2 on $mux $procmux$1289.
    dead port 2/2 on $mux $procmux$1286.
Removed 263 multiplexer ports.
<suppressed ~2474 debug messages>

3.6.4. Executing OPT_REDUCE pass (consolidate $*mux and $reduce_* inputs).
  Optimizing cells in module \rv32im_core.
    New ctrl vector for $pmux cell $procmux$12187: { $procmux$11948_CMP $auto$opt_reduce.cc:137:opt_pmux$13688 }
    New ctrl vector for $pmux cell $procmux$12212: $auto$opt_reduce.cc:137:opt_pmux$13690
    New ctrl vector for $pmux cell $procmux$12264: $auto$opt_reduce.cc:137:opt_pmux$13692
    New ctrl vector for $pmux cell $procmux$12281: { $procmux$11642_CMP $procmux$11638_CMP $procmux$11950_CMP $procmux$11949_CMP $auto$opt_reduce.cc:137:opt_pmux$13694 }
    New ctrl vector for $pmux cell $procmux$12343: { $auto$opt_reduce.cc:137:opt_pmux$13698 $procmux$11640_CMP $procmux$11638_CMP $procmux$11951_CMP $auto$opt_reduce.cc:137:opt_pmux$13696 }
    New ctrl vector for $pmux cell $procmux$11943: { $procmux$11948_CMP $auto$opt_reduce.cc:137:opt_pmux$13700 }
    New ctrl vector for $pmux cell $procmux$11628: { $procmux$11948_CMP $auto$opt_reduce.cc:137:opt_pmux$13702 }
    New ctrl vector for $pmux cell $procmux$11599: $auto$opt_reduce.cc:137:opt_pmux$13704
    New ctrl vector for $pmux cell $procmux$11566: $auto$opt_reduce.cc:137:opt_pmux$13706
  Optimizing cells in module \rv32im_core.
Performed a total of 9 changes.

3.6.5. Executing OPT_MERGE pass (detect identical cells).
Finding identical cells in module `\rv32im_core'.
Computing hashes of 2355 cells of `\rv32im_core'.
Finding duplicate cells in `\rv32im_core'.
Computing hashes of 2322 cells of `\rv32im_core'.
Finding duplicate cells in `\rv32im_core'.
Computing hashes of 2307 cells of `\rv32im_core'.
Finding duplicate cells in `\rv32im_core'.
<suppressed ~144 debug messages>
Removed a total of 48 cells.

3.6.6. Executing OPT_DFF pass (perform DFF optimizations).
Handling D = Q on $procdff$12747 ($adff) from module rv32im_core (removing D path).
Setting constant 1-bit at position 0 on $procdff$12747 ($dlatch) from module rv32im_core.

3.6.7. Executing OPT_CLEAN pass (remove unused cells and wires).
Finding unused cells or wires in module \rv32im_core..
Removed 26 unused cells and 1268 unused wires.
<suppressed ~28 debug messages>

3.6.8. Executing OPT_EXPR pass (perform const folding).
Optimizing module rv32im_core.

3.6.9. Rerunning OPT passes. (Maybe there is more to do..)

3.6.10. Executing OPT_MUXTREE pass (detect dead branches in mux trees).
Running muxtree optimizer on module \rv32im_core..
  Creating internal representation of mux trees.
  Evaluating internal representation of mux trees.
  Analyzing evaluation results.
Removed 0 multiplexer ports.
<suppressed ~2039 debug messages>

3.6.11. Executing OPT_REDUCE pass (consolidate $*mux and $reduce_* inputs).
  Optimizing cells in module \rv32im_core.
    New ctrl vector for $pmux cell $procmux$11770: { $procmux$11665_CTRL $auto$opt_reduce.cc:137:opt_pmux$13708 }
    New ctrl vector for $pmux cell $procmux$9897: { $procmux$11665_CTRL $auto$opt_reduce.cc:137:opt_pmux$13710 }
    New ctrl vector for $pmux cell $procmux$11695: { $procmux$11665_CTRL $auto$opt_reduce.cc:137:opt_pmux$13712 }
    New ctrl vector for $pmux cell $procmux$11654: { $procmux$11677_CTRL $auto$opt_reduce.cc:137:opt_pmux$13714 $procmux$11665_CTRL $procmux$11655_CTRL }
    New input vector for $reduce_or cell $auto$opt_reduce.cc:131:opt_pmux$13707: { $procmux$11677_CMP [1] $procmux$11673_CMP $procmux$11669_CMP $procmux$11655_CMP [1] $eq$../rtl/core/rv32im_core.v:916$335_Y $eq$../rtl/core/rv32im_core.v:851$294_Y }
    New input vector for $reduce_or cell $auto$opt_reduce.cc:131:opt_pmux$13709: { $procmux$11677_CMP [1] $procmux$11673_CMP $procmux$11669_CMP $procmux$11655_CMP [1] $eq$../rtl/core/rv32im_core.v:916$335_Y $eq$../rtl/core/rv32im_core.v:851$294_Y }
    New input vector for $reduce_or cell $auto$opt_reduce.cc:131:opt_pmux$13711: { $procmux$11677_CMP [1] $procmux$11673_CMP $procmux$11669_CMP $procmux$11655_CMP [1] $eq$../rtl/core/rv32im_core.v:916$335_Y $eq$../rtl/core/rv32im_core.v:851$294_Y }
  Optimizing cells in module \rv32im_core.
Performed a total of 7 changes.

3.6.12. Executing OPT_MERGE pass (detect identical cells).
Finding identical cells in module `\rv32im_core'.
Computing hashes of 2284 cells of `\rv32im_core'.
Finding duplicate cells in `\rv32im_core'.
Computing hashes of 2282 cells of `\rv32im_core'.
Finding duplicate cells in `\rv32im_core'.
<suppressed ~6 debug messages>
Removed a total of 2 cells.

3.6.13. Executing OPT_DFF pass (perform DFF optimizations).

3.6.14. Executing OPT_CLEAN pass (remove unused cells and wires).
Finding unused cells or wires in module \rv32im_core..
Removed 0 unused cells and 2 unused wires.
<suppressed ~1 debug messages>

3.6.15. Executing OPT_EXPR pass (perform const folding).
Optimizing module rv32im_core.

3.6.16. Rerunning OPT passes. (Maybe there is more to do..)

3.6.17. Executing OPT_MUXTREE pass (detect dead branches in mux trees).
Running muxtree optimizer on module \rv32im_core..
  Creating internal representation of mux trees.
  Evaluating internal representation of mux trees.
  Analyzing evaluation results.
Removed 0 multiplexer ports.
<suppressed ~2023 debug messages>

3.6.18. Executing OPT_REDUCE pass (consolidate $*mux and $reduce_* inputs).
  Optimizing cells in module \rv32im_core.
Performed a total of 0 changes.

3.6.19. Executing OPT_MERGE pass (detect identical cells).
Finding identical cells in module `\rv32im_core'.
Computing hashes of 2282 cells of `\rv32im_core'.
Finding duplicate cells in `\rv32im_core'.
Removed a total of 0 cells.

3.6.20. Executing OPT_DFF pass (perform DFF optimizations).

3.6.21. Executing OPT_CLEAN pass (remove unused cells and wires).
Finding unused cells or wires in module \rv32im_core..

3.6.22. Executing OPT_EXPR pass (perform const folding).
Optimizing module rv32im_core.

3.6.23. Finished fast OPT passes. (There is nothing left to do.)

3.7. Executing FSM pass (extract and optimize FSM).

3.7.1. Executing FSM_DETECT pass (finding FSMs in design).
Found FSM state register rv32im_core.dmem_wr_state.
Found FSM state register rv32im_core.dmem_rd_state.
Found FSM state register rv32im_core.imem_state.
Not marking rv32im_core.trap_cause as FSM state register:
    Users of register don't seem to benefit from recoding.
Found FSM state register rv32im_core.idex_alu_op.

3.7.2. Executing FSM_EXTRACT pass (extracting FSM from design).
Extracting FSM `\dmem_wr_state' from module `\rv32im_core'.
  found $adff cell for state register: $procdff$13307
  root of input selection tree: $0\dmem_wr_state[1:0]
  found reset state: 2'00 (from async reset)
  found ctrl input: $logic_and$../rtl/core/rv32im_core.v:1027$367_Y
  found ctrl input: $procmux$11486_CMP
  found ctrl input: $procmux$11503_CMP
  found ctrl input: $procmux$11504_CMP
  found ctrl input: \dmem_bvalid
  found ctrl input: $logic_and$../rtl/core/rv32im_core.v:1040$372_Y
  found state code: 2'10
  found state code: 2'01
  found ctrl output: $procmux$11486_CMP
  found ctrl output: $procmux$11503_CMP
  found ctrl output: $procmux$11504_CMP
  ctrl inputs: { $logic_and$../rtl/core/rv32im_core.v:1040$372_Y $logic_and$../rtl/core/rv32im_core.v:1027$367_Y \dmem_bvalid }
  ctrl outputs: { $procmux$11504_CMP $procmux$11503_CMP $procmux$11486_CMP $0\dmem_wr_state[1:0] }
  transition:       2'00 3'-0- ->       2'00 5'10000
  transition:       2'00 3'-1- ->       2'01 5'10001
  transition:       2'10 3'-0- ->       2'10 5'00110
  transition:       2'10 3'-10 ->       2'10 5'00110
  transition:       2'10 3'-11 ->       2'00 5'00100
  transition:       2'01 3'-0- ->       2'01 5'01001
  transition:       2'01 3'01- ->       2'01 5'01001
  transition:       2'01 3'11- ->       2'10 5'01010
Extracting FSM `\dmem_rd_state' from module `\rv32im_core'.
  found $adff cell for state register: $procdff$13302
  root of input selection tree: $0\dmem_rd_state[1:0]
  found reset state: 2'00 (from async reset)
  found ctrl input: $logic_and$../rtl/core/rv32im_core.v:1055$374_Y
  found ctrl input: $procmux$11465_CMP
  found ctrl input: $procmux$11514_CMP
  found ctrl input: $procmux$11515_CMP
  found ctrl input: \dmem_rvalid
  found ctrl input: \dmem_arready
  found state code: 2'10
  found state code: 2'01
  found ctrl output: $procmux$11465_CMP
  found ctrl output: $procmux$11514_CMP
  found ctrl output: $procmux$11515_CMP
  ctrl inputs: { $logic_and$../rtl/core/rv32im_core.v:1055$374_Y \dmem_rvalid \dmem_arready }
  ctrl outputs: { $procmux$11515_CMP $procmux$11514_CMP $procmux$11465_CMP $0\dmem_rd_state[1:0] }
  transition:       2'00 3'0-- ->       2'00 5'10000
  transition:       2'00 3'1-- ->       2'01 5'10001
  transition:       2'10 3'0-- ->       2'10 5'00110
  transition:       2'10 3'10- ->       2'10 5'00110
  transition:       2'10 3'11- ->       2'00 5'00100
  transition:       2'01 3'0-- ->       2'01 5'01001
  transition:       2'01 3'1-0 ->       2'01 5'01001
  transition:       2'01 3'1-1 ->       2'10 5'01010
Extracting FSM `\imem_state' from module `\rv32im_core'.
  found $adff cell for state register: $procdff$13297
  root of input selection tree: $0\imem_state[1:0]
  found reset state: 2'00 (from async reset)
  found ctrl input: $logic_and$../rtl/core/rv32im_core.v:997$356_Y
  found ctrl input: \trap_req
  found ctrl input: $procmux$11522_CMP
  found ctrl input: $procmux$11525_CMP
  found ctrl input: $procmux$11528_CMP
  found ctrl input: \imem_rvalid
  found ctrl input: \imem_arready
  found state code: 2'10
  found ctrl input: $logic_and$../rtl/core/rv32im_core.v:605$263_Y
  found state code: 2'01
  found ctrl output: $procmux$11525_CMP
  found ctrl output: $procmux$11528_CMP
  found ctrl output: $procmux$11522_CMP
  ctrl inputs: { $logic_and$../rtl/core/rv32im_core.v:997$356_Y $logic_and$../rtl/core/rv32im_core.v:605$263_Y \trap_req \imem_rvalid \imem_arready }
  ctrl outputs: { $procmux$11528_CMP $procmux$11525_CMP $procmux$11522_CMP $0\imem_state[1:0] }
  transition:       2'00 5'000-- ->       2'00 5'10000
  transition:       2'00 5'010-- ->       2'01 5'10001
  transition:       2'00 5'0-1-- ->       2'00 5'10000
  transition:       2'00 5'1---- ->       2'00 5'10000
  transition:       2'10 5'0-00- ->       2'10 5'00110
  transition:       2'10 5'0-01- ->       2'00 5'00100
  transition:       2'10 5'0-1-- ->       2'00 5'00100
  transition:       2'10 5'1---- ->       2'00 5'00100
  transition:       2'01 5'0-0-0 ->       2'01 5'01001
  transition:       2'01 5'0-0-1 ->       2'10 5'01010
  transition:       2'01 5'0-1-- ->       2'00 5'01000
  transition:       2'01 5'1---- ->       2'00 5'01000
Extracting FSM `\idex_alu_op' from module `\rv32im_core'.
  found $dff cell for state register: $procdff$12922
  root of input selection tree: $auto$rtlil.cc:3390:Mux$12921
  found ctrl input: \rst_n
  found ctrl input: $logic_and$../rtl/core/rv32im_core.v:652$269_Y
  found ctrl input: $logic_or$../rtl/core/rv32im_core.v:660$272_Y
  found ctrl input: $logic_not$../rtl/core/rv32im_core.v:689$273_Y
  found ctrl input: $auto$opt_reduce.cc:137:opt_pmux$13694
  found ctrl input: $procmux$11570_CMP
  found ctrl input: $procmux$11571_CMP
  found ctrl input: $procmux$11574_CMP
  found ctrl input: $procmux$11578_CMP
  found state code: 4'0000
  found ctrl input: $eq$../rtl/core/rv32im_core.v:760$275_Y
  found ctrl input: $procmux$12284_CMP
  found ctrl input: $procmux$12285_CMP
  found ctrl input: $procmux$12286_CMP
  found ctrl input: $procmux$12287_CMP
  found ctrl input: $procmux$12288_CMP
  found ctrl input: $procmux$12289_CMP
  found ctrl input: $procmux$12290_CMP
  found ctrl input: $eq$../rtl/core/rv32im_core.v:784$279_Y
  found state code: 4'1001
  found state code: 4'1000
  found ctrl input: \ifid_instr [30]
  found state code: 4'0110
  found state code: 4'0111
  found state code: 4'0101
  found state code: 4'0100
  found state code: 4'0011
  found state code: 4'0010
  found state code: 4'0001
  found state code: 4'1010
  found ctrl output: $procmux$12666_CMP
  found ctrl output: $procmux$12667_CMP
  found ctrl output: $procmux$12668_CMP
  found ctrl output: $procmux$12669_CMP
  found ctrl output: $procmux$12670_CMP
  found ctrl output: $procmux$12671_CMP
  found ctrl output: $procmux$12672_CMP
  found ctrl output: $procmux$12673_CMP
  found ctrl output: $procmux$12674_CMP
  found ctrl output: $procmux$12675_CMP
  found ctrl output: $procmux$12676_CMP
  ctrl inputs: { $procmux$12290_CMP $procmux$12289_CMP $procmux$12288_CMP $procmux$12287_CMP $procmux$12286_CMP $procmux$12285_CMP $procmux$12284_CMP $procmux$11578_CMP $procmux$11574_CMP $procmux$11571_CMP $procmux$11570_CMP $eq$../rtl/core/rv32im_core.v:784$279_Y $eq$../rtl/core/rv32im_core.v:760$275_Y $logic_not$../rtl/core/rv32im_core.v:689$273_Y $logic_or$../rtl/core/rv32im_core.v:660$272_Y $logic_and$../rtl/core/rv32im_core.v:652$269_Y \ifid_instr [30] \rst_n $auto$opt_reduce.cc:137:opt_pmux$13694 }
  ctrl outputs: { $procmux$12676_CMP $procmux$12675_CMP $procmux$12674_CMP $procmux$12673_CMP $procmux$12672_CMP $procmux$12671_CMP $procmux$12670_CMP $procmux$12669_CMP $procmux$12668_CMP $procmux$12667_CMP $procmux$12666_CMP $auto$rtlil.cc:3390:Mux$12921 }
  transition:     4'0000 19'-----------------0- ->     4'0000 15'100000000000000
  transition:     4'0000 19'---------------0-1- ->     4'0000 15'100000000000000
  transition:     4'0000 19'-------0000--001-10 ->     4'0000 15'100000000000000
  transition:     4'0000 19'-------1-----001-1- ->     4'1010 15'100000000001010
  transition:     4'0000 19'--------1----001-1- ->     4'0001 15'100000000000001
  transition:     4'0000 19'0000000--1-0-001-1- -> INVALID_STATE(4'x) 15'10000000000xxxx  <ignored invalid transition!>
  transition:     4'0000 19'---------1-1-001-1- ->     4'0000 15'100000000000000
  transition:     4'0000 19'-1-------1---001-1- ->     4'0011 15'100000000000011
  transition:     4'0000 19'--1------1---001-1- ->     4'0100 15'100000000000100
  transition:     4'0000 19'---1-----1---001-1- ->     4'0101 15'100000000000101
  transition:     4'0000 19'-----1---1---001-1- ->     4'1000 15'100000000001000
  transition:     4'0000 19'------1--1---001-1- ->     4'1001 15'100000000001001
  transition:     4'0000 19'1--------1---001-1- ->     4'0010 15'100000000000010
  transition:     4'0000 19'----1----1---00101- ->     4'0110 15'100000000000110
  transition:     4'0000 19'----1----1---00111- ->     4'0111 15'100000000000111
  transition:     4'0000 19'0000000---100001-1- -> INVALID_STATE(4'x) 15'10000000000xxxx  <ignored invalid transition!>
  transition:     4'0000 19'----------11000101- ->     4'0000 15'100000000000000
  transition:     4'0000 19'----------11000111- ->     4'0001 15'100000000000001
  transition:     4'0000 19'1---------1-0001-1- ->     4'0010 15'100000000000010
  transition:     4'0000 19'-1--------1-0001-1- ->     4'0011 15'100000000000011
  transition:     4'0000 19'--1-------1-0001-1- ->     4'0100 15'100000000000100
  transition:     4'0000 19'---1------1-0001-1- ->     4'0101 15'100000000000101
  transition:     4'0000 19'----1-----1-000101- ->     4'0110 15'100000000000110
  transition:     4'0000 19'----1-----1-000111- ->     4'0111 15'100000000000111
  transition:     4'0000 19'-----1----1-0001-1- ->     4'1000 15'100000000001000
  transition:     4'0000 19'------1---1-0001-1- ->     4'1001 15'100000000001001
  transition:     4'0000 19'----------1-1001-1- ->     4'0000 15'100000000000000
  transition:     4'0000 19'-------------001-11 ->     4'0000 15'100000000000000
  transition:     4'0000 19'-------------101-1- ->     4'0000 15'100000000000000
  transition:     4'0000 19'--------------11-1- ->     4'0000 15'100000000000000
  transition:     4'1000 19'-----------------0- ->     4'1000 15'000000001001000
  transition:     4'1000 19'---------------0-1- ->     4'1000 15'000000001001000
  transition:     4'1000 19'-------0000--001-10 ->     4'1000 15'000000001001000
  transition:     4'1000 19'-------1-----001-1- ->     4'1010 15'000000001001010
  transition:     4'1000 19'--------1----001-1- ->     4'0001 15'000000001000001
  transition:     4'1000 19'0000000--1-0-001-1- -> INVALID_STATE(4'x) 15'00000000100xxxx  <ignored invalid transition!>
  transition:     4'1000 19'---------1-1-001-1- ->     4'0000 15'000000001000000
  transition:     4'1000 19'-1-------1---001-1- ->     4'0011 15'000000001000011
  transition:     4'1000 19'--1------1---001-1- ->     4'0100 15'000000001000100
  transition:     4'1000 19'---1-----1---001-1- ->     4'0101 15'000000001000101
  transition:     4'1000 19'-----1---1---001-1- ->     4'1000 15'000000001001000
  transition:     4'1000 19'------1--1---001-1- ->     4'1001 15'000000001001001
  transition:     4'1000 19'1--------1---001-1- ->     4'0010 15'000000001000010
  transition:     4'1000 19'----1----1---00101- ->     4'0110 15'000000001000110
  transition:     4'1000 19'----1----1---00111- ->     4'0111 15'000000001000111
  transition:     4'1000 19'0000000---100001-1- -> INVALID_STATE(4'x) 15'00000000100xxxx  <ignored invalid transition!>
  transition:     4'1000 19'----------11000101- ->     4'0000 15'000000001000000
  transition:     4'1000 19'----------11000111- ->     4'0001 15'000000001000001
  transition:     4'1000 19'1---------1-0001-1- ->     4'0010 15'000000001000010
  transition:     4'1000 19'-1--------1-0001-1- ->     4'0011 15'000000001000011
  transition:     4'1000 19'--1-------1-0001-1- ->     4'0100 15'000000001000100
  transition:     4'1000 19'---1------1-0001-1- ->     4'0101 15'000000001000101
  transition:     4'1000 19'----1-----1-000101- ->     4'0110 15'000000001000110
  transition:     4'1000 19'----1-----1-000111- ->     4'0111 15'000000001000111
  transition:     4'1000 19'-----1----1-0001-1- ->     4'1000 15'000000001001000
  transition:     4'1000 19'------1---1-0001-1- ->     4'1001 15'000000001001001
  transition:     4'1000 19'----------1-1001-1- ->     4'1000 15'000000001001000
  transition:     4'1000 19'-------------001-11 ->     4'0000 15'000000001000000
  transition:     4'1000 19'-------------101-1- ->     4'1000 15'000000001001000
  transition:     4'1000 19'--------------11-1- ->     4'1000 15'000000001001000
  transition:     4'0100 19'-----------------0- ->     4'0100 15'000010000000100
  transition:     4'0100 19'---------------0-1- ->     4'0100 15'000010000000100
  transition:     4'0100 19'-------0000--001-10 ->     4'0100 15'000010000000100
  transition:     4'0100 19'-------1-----001-1- ->     4'1010 15'000010000001010
  transition:     4'0100 19'--------1----001-1- ->     4'0001 15'000010000000001
  transition:     4'0100 19'0000000--1-0-001-1- -> INVALID_STATE(4'x) 15'00001000000xxxx  <ignored invalid transition!>
  transition:     4'0100 19'---------1-1-001-1- ->     4'0000 15'000010000000000
  transition:     4'0100 19'-1-------1---001-1- ->     4'0011 15'000010000000011
  transition:     4'0100 19'--1------1---001-1- ->     4'0100 15'000010000000100
  transition:     4'0100 19'---1-----1---001-1- ->     4'0101 15'000010000000101
  transition:     4'0100 19'-----1---1---001-1- ->     4'1000 15'000010000001000
  transition:     4'0100 19'------1--1---001-1- ->     4'1001 15'000010000001001
  transition:     4'0100 19'1--------1---001-1- ->     4'0010 15'000010000000010
  transition:     4'0100 19'----1----1---00101- ->     4'0110 15'000010000000110
  transition:     4'0100 19'----1----1---00111- ->     4'0111 15'000010000000111
  transition:     4'0100 19'0000000---100001-1- -> INVALID_STATE(4'x) 15'00001000000xxxx  <ignored invalid transition!>
  transition:     4'0100 19'----------11000101- ->     4'0000 15'000010000000000
  transition:     4'0100 19'----------11000111- ->     4'0001 15'000010000000001
  transition:     4'0100 19'1---------1-0001-1- ->     4'0010 15'000010000000010
  transition:     4'0100 19'-1--------1-0001-1- ->     4'0011 15'000010000000011
  transition:     4'0100 19'--1-------1-0001-1- ->     4'0100 15'000010000000100
  transition:     4'0100 19'---1------1-0001-1- ->     4'0101 15'000010000000101
  transition:     4'0100 19'----1-----1-000101- ->     4'0110 15'000010000000110
  transition:     4'0100 19'----1-----1-000111- ->     4'0111 15'000010000000111
  transition:     4'0100 19'-----1----1-0001-1- ->     4'1000 15'000010000001000
  transition:     4'0100 19'------1---1-0001-1- ->     4'1001 15'000010000001001
  transition:     4'0100 19'----------1-1001-1- ->     4'0100 15'000010000000100
  transition:     4'0100 19'-------------001-11 ->     4'0000 15'000010000000000
  transition:     4'0100 19'-------------101-1- ->     4'0100 15'000010000000100
  transition:     4'0100 19'--------------11-1- ->     4'0100 15'000010000000100
  transition:     4'0010 19'-----------------0- ->     4'0010 15'001000000000010
  transition:     4'0010 19'---------------0-1- ->     4'0010 15'001000000000010
  transition:     4'0010 19'-------0000--001-10 ->     4'0010 15'001000000000010
  transition:     4'0010 19'-------1-----001-1- ->     4'1010 15'001000000001010
  transition:     4'0010 19'--------1----001-1- ->     4'0001 15'001000000000001
  transition:     4'0010 19'0000000--1-0-001-1- -> INVALID_STATE(4'x) 15'00100000000xxxx  <ignored invalid transition!>
  transition:     4'0010 19'---------1-1-001-1- ->     4'0000 15'001000000000000
  transition:     4'0010 19'-1-------1---001-1- ->     4'0011 15'001000000000011
  transition:     4'0010 19'--1------1---001-1- ->     4'0100 15'001000000000100
  transition:     4'0010 19'---1-----1---001-1- ->     4'0101 15'001000000000101
  transition:     4'0010 19'-----1---1---001-1- ->     4'1000 15'001000000001000
  transition:     4'0010 19'------1--1---001-1- ->     4'1001 15'001000000001001
  transition:     4'0010 19'1--------1---001-1- ->     4'0010 15'001000000000010
  transition:     4'0010 19'----1----1---00101- ->     4'0110 15'001000000000110
  transition:     4'0010 19'----1----1---00111- ->     4'0111 15'001000000000111
  transition:     4'0010 19'0000000---100001-1- -> INVALID_STATE(4'x) 15'00100000000xxxx  <ignored invalid transition!>
  transition:     4'0010 19'----------11000101- ->     4'0000 15'001000000000000
  transition:     4'0010 19'----------11000111- ->     4'0001 15'001000000000001
  transition:     4'0010 19'1---------1-0001-1- ->     4'0010 15'001000000000010
  transition:     4'0010 19'-1--------1-0001-1- ->     4'0011 15'001000000000011
  transition:     4'0010 19'--1-------1-0001-1- ->     4'0100 15'001000000000100
  transition:     4'0010 19'---1------1-0001-1- ->     4'0101 15'001000000000101
  transition:     4'0010 19'----1-----1-000101- ->     4'0110 15'001000000000110
  transition:     4'0010 19'----1-----1-000111- ->     4'0111 15'001000000000111
  transition:     4'0010 19'-----1----1-0001-1- ->     4'1000 15'001000000001000
  transition:     4'0010 19'------1---1-0001-1- ->     4'1001 15'001000000001001
  transition:     4'0010 19'----------1-1001-1- ->     4'0010 15'001000000000010
  transition:     4'0010 19'-------------001-11 ->     4'0000 15'001000000000000
  transition:     4'0010 19'-------------101-1- ->     4'0010 15'001000000000010
  transition:     4'0010 19'--------------11-1- ->     4'0010 15'001000000000010
  transition:     4'1010 19'-----------------0- ->     4'1010 15'000000000011010
  transition:     4'1010 19'---------------0-1- ->     4'1010 15'000000000011010
  transition:     4'1010 19'-------0000--001-10 ->     4'1010 15'000000000011010
  transition:     4'1010 19'-------1-----001-1- ->     4'1010 15'000000000011010
  transition:     4'1010 19'--------1----001-1- ->     4'0001 15'000000000010001
  transition:     4'1010 19'0000000--1-0-001-1- -> INVALID_STATE(4'x) 15'00000000001xxxx  <ignored invalid transition!>
  transition:     4'1010 19'---------1-1-001-1- ->     4'0000 15'000000000010000
  transition:     4'1010 19'-1-------1---001-1- ->     4'0011 15'000000000010011
  transition:     4'1010 19'--1------1---001-1- ->     4'0100 15'000000000010100
  transition:     4'1010 19'---1-----1---001-1- ->     4'0101 15'000000000010101
  transition:     4'1010 19'-----1---1---001-1- ->     4'1000 15'000000000011000
  transition:     4'1010 19'------1--1---001-1- ->     4'1001 15'000000000011001
  transition:     4'1010 19'1--------1---001-1- ->     4'0010 15'000000000010010
  transition:     4'1010 19'----1----1---00101- ->     4'0110 15'000000000010110
  transition:     4'1010 19'----1----1---00111- ->     4'0111 15'000000000010111
  transition:     4'1010 19'0000000---100001-1- -> INVALID_STATE(4'x) 15'00000000001xxxx  <ignored invalid transition!>
  transition:     4'1010 19'----------11000101- ->     4'0000 15'000000000010000
  transition:     4'1010 19'----------11000111- ->     4'0001 15'000000000010001
  transition:     4'1010 19'1---------1-0001-1- ->     4'0010 15'000000000010010
  transition:     4'1010 19'-1--------1-0001-1- ->     4'0011 15'000000000010011
  transition:     4'1010 19'--1-------1-0001-1- ->     4'0100 15'000000000010100
  transition:     4'1010 19'---1------1-0001-1- ->     4'0101 15'000000000010101
  transition:     4'1010 19'----1-----1-000101- ->     4'0110 15'000000000010110
  transition:     4'1010 19'----1-----1-000111- ->     4'0111 15'000000000010111
  transition:     4'1010 19'-----1----1-0001-1- ->     4'1000 15'000000000011000
  transition:     4'1010 19'------1---1-0001-1- ->     4'1001 15'000000000011001
  transition:     4'1010 19'----------1-1001-1- ->     4'1010 15'000000000011010
  transition:     4'1010 19'-------------001-11 ->     4'0000 15'000000000010000
  transition:     4'1010 19'-------------101-1- ->     4'1010 15'000000000011010
  transition:     4'1010 19'--------------11-1- ->     4'1010 15'000000000011010
  transition:     4'0110 19'-----------------0- ->     4'0110 15'000000100000110
  transition:     4'0110 19'---------------0-1- ->     4'0110 15'000000100000110
  transition:     4'0110 19'-------0000--001-10 ->     4'0110 15'000000100000110
  transition:     4'0110 19'-------1-----001-1- ->     4'1010 15'000000100001010
  transition:     4'0110 19'--------1----001-1- ->     4'0001 15'000000100000001
  transition:     4'0110 19'0000000--1-0-001-1- -> INVALID_STATE(4'x) 15'00000010000xxxx  <ignored invalid transition!>
  transition:     4'0110 19'---------1-1-001-1- ->     4'0000 15'000000100000000
  transition:     4'0110 19'-1-------1---001-1- ->     4'0011 15'000000100000011
  transition:     4'0110 19'--1------1---001-1- ->     4'0100 15'000000100000100
  transition:     4'0110 19'---1-----1---001-1- ->     4'0101 15'000000100000101
  transition:     4'0110 19'-----1---1---001-1- ->     4'1000 15'000000100001000
  transition:     4'0110 19'------1--1---001-1- ->     4'1001 15'000000100001001
  transition:     4'0110 19'1--------1---001-1- ->     4'0010 15'000000100000010
  transition:     4'0110 19'----1----1---00101- ->     4'0110 15'000000100000110
  transition:     4'0110 19'----1----1---00111- ->     4'0111 15'000000100000111
  transition:     4'0110 19'0000000---100001-1- -> INVALID_STATE(4'x) 15'00000010000xxxx  <ignored invalid transition!>
  transition:     4'0110 19'----------11000101- ->     4'0000 15'000000100000000
  transition:     4'0110 19'----------11000111- ->     4'0001 15'000000100000001
  transition:     4'0110 19'1---------1-0001-1- ->     4'0010 15'000000100000010
  transition:     4'0110 19'-1--------1-0001-1- ->     4'0011 15'000000100000011
  transition:     4'0110 19'--1-------1-0001-1- ->     4'0100 15'000000100000100
  transition:     4'0110 19'---1------1-0001-1- ->     4'0101 15'000000100000101
  transition:     4'0110 19'----1-----1-000101- ->     4'0110 15'000000100000110
  transition:     4'0110 19'----1-----1-000111- ->     4'0111 15'000000100000111
  transition:     4'0110 19'-----1----1-0001-1- ->     4'1000 15'000000100001000
  transition:     4'0110 19'------1---1-0001-1- ->     4'1001 15'000000100001001
  transition:     4'0110 19'----------1-1001-1- ->     4'0110 15'000000100000110
  transition:     4'0110 19'-------------001-11 ->     4'0000 15'000000100000000
  transition:     4'0110 19'-------------101-1- ->     4'0110 15'000000100000110
  transition:     4'0110 19'--------------11-1- ->     4'0110 15'000000100000110
  transition:     4'0001 19'-----------------0- ->     4'0001 15'010000000000001
  transition:     4'0001 19'---------------0-1- ->     4'0001 15'010000000000001
  transition:     4'0001 19'-------0000--001-10 ->     4'0001 15'010000000000001
  transition:     4'0001 19'-------1-----001-1- ->     4'1010 15'010000000001010
  transition:     4'0001 19'--------1----001-1- ->     4'0001 15'010000000000001
  transition:     4'0001 19'0000000--1-0-001-1- -> INVALID_STATE(4'x) 15'01000000000xxxx  <ignored invalid transition!>
  transition:     4'0001 19'---------1-1-001-1- ->     4'0000 15'010000000000000
  transition:     4'0001 19'-1-------1---001-1- ->     4'0011 15'010000000000011
  transition:     4'0001 19'--1------1---001-1- ->     4'0100 15'010000000000100
  transition:     4'0001 19'---1-----1---001-1- ->     4'0101 15'010000000000101
  transition:     4'0001 19'-----1---1---001-1- ->     4'1000 15'010000000001000
  transition:     4'0001 19'------1--1---001-1- ->     4'1001 15'010000000001001
  transition:     4'0001 19'1--------1---001-1- ->     4'0010 15'010000000000010
  transition:     4'0001 19'----1----1---00101- ->     4'0110 15'010000000000110
  transition:     4'0001 19'----1----1---00111- ->     4'0111 15'010000000000111
  transition:     4'0001 19'0000000---100001-1- -> INVALID_STATE(4'x) 15'01000000000xxxx  <ignored invalid transition!>
  transition:     4'0001 19'----------11000101- ->     4'0000 15'010000000000000
  transition:     4'0001 19'----------11000111- ->     4'0001 15'010000000000001
  transition:     4'0001 19'1---------1-0001-1- ->     4'0010 15'010000000000010
  transition:     4'0001 19'-1--------1-0001-1- ->     4'0011 15'010000000000011
  transition:     4'0001 19'--1-------1-0001-1- ->     4'0100 15'010000000000100
  transition:     4'0001 19'---1------1-0001-1- ->     4'0101 15'010000000000101
  transition:     4'0001 19'----1-----1-000101- ->     4'0110 15'010000000000110
  transition:     4'0001 19'----1-----1-000111- ->     4'0111 15'010000000000111
  transition:     4'0001 19'-----1----1-0001-1- ->     4'1000 15'010000000001000
  transition:     4'0001 19'------1---1-0001-1- ->     4'1001 15'010000000001001
  transition:     4'0001 19'----------1-1001-1- ->     4'0001 15'010000000000001
  transition:     4'0001 19'-------------001-11 ->     4'0000 15'010000000000000
  transition:     4'0001 19'-------------101-1- ->     4'0001 15'010000000000001
  transition:     4'0001 19'--------------11-1- ->     4'0001 15'010000000000001
  transition:     4'1001 19'-----------------0- ->     4'1001 15'000000000101001
  transition:     4'1001 19'---------------0-1- ->     4'1001 15'000000000101001
  transition:     4'1001 19'-------0000--001-10 ->     4'1001 15'000000000101001
  transition:     4'1001 19'-------1-----001-1- ->     4'1010 15'000000000101010
  transition:     4'1001 19'--------1----001-1- ->     4'0001 15'000000000100001
  transition:     4'1001 19'0000000--1-0-001-1- -> INVALID_STATE(4'x) 15'00000000010xxxx  <ignored invalid transition!>
  transition:     4'1001 19'---------1-1-001-1- ->     4'0000 15'000000000100000
  transition:     4'1001 19'-1-------1---001-1- ->     4'0011 15'000000000100011
  transition:     4'1001 19'--1------1---001-1- ->     4'0100 15'000000000100100
  transition:     4'1001 19'---1-----1---001-1- ->     4'0101 15'000000000100101
  transition:     4'1001 19'-----1---1---001-1- ->     4'1000 15'000000000101000
  transition:     4'1001 19'------1--1---001-1- ->     4'1001 15'000000000101001
  transition:     4'1001 19'1--------1---001-1- ->     4'0010 15'000000000100010
  transition:     4'1001 19'----1----1---00101- ->     4'0110 15'000000000100110
  transition:     4'1001 19'----1----1---00111- ->     4'0111 15'000000000100111
  transition:     4'1001 19'0000000---100001-1- -> INVALID_STATE(4'x) 15'00000000010xxxx  <ignored invalid transition!>
  transition:     4'1001 19'----------11000101- ->     4'0000 15'000000000100000
  transition:     4'1001 19'----------11000111- ->     4'0001 15'000000000100001
  transition:     4'1001 19'1---------1-0001-1- ->     4'0010 15'000000000100010
  transition:     4'1001 19'-1--------1-0001-1- ->     4'0011 15'000000000100011
  transition:     4'1001 19'--1-------1-0001-1- ->     4'0100 15'000000000100100
  transition:     4'1001 19'---1------1-0001-1- ->     4'0101 15'000000000100101
  transition:     4'1001 19'----1-----1-000101- ->     4'0110 15'000000000100110
  transition:     4'1001 19'----1-----1-000111- ->     4'0111 15'000000000100111
  transition:     4'1001 19'-----1----1-0001-1- ->     4'1000 15'000000000101000
  transition:     4'1001 19'------1---1-0001-1- ->     4'1001 15'000000000101001
  transition:     4'1001 19'----------1-1001-1- ->     4'1001 15'000000000101001
  transition:     4'1001 19'-------------001-11 ->     4'0000 15'000000000100000
  transition:     4'1001 19'-------------101-1- ->     4'1001 15'000000000101001
  transition:     4'1001 19'--------------11-1- ->     4'1001 15'000000000101001
  transition:     4'0101 19'-----------------0- ->     4'0101 15'000001000000101
  transition:     4'0101 19'---------------0-1- ->     4'0101 15'000001000000101
  transition:     4'0101 19'-------0000--001-10 ->     4'0101 15'000001000000101
  transition:     4'0101 19'-------1-----001-1- ->     4'1010 15'000001000001010
  transition:     4'0101 19'--------1----001-1- ->     4'0001 15'000001000000001
  transition:     4'0101 19'0000000--1-0-001-1- -> INVALID_STATE(4'x) 15'00000100000xxxx  <ignored invalid transition!>
  transition:     4'0101 19'---------1-1-001-1- ->     4'0000 15'000001000000000
  transition:     4'0101 19'-1-------1---001-1- ->     4'0011 15'000001000000011
  transition:     4'0101 19'--1------1---001-1- ->     4'0100 15'000001000000100
  transition:     4'0101 19'---1-----1---001-1- ->     4'0101 15'000001000000101
  transition:     4'0101 19'-----1---1---001-1- ->     4'1000 15'000001000001000
  transition:     4'0101 19'------1--1---001-1- ->     4'1001 15'000001000001001
  transition:     4'0101 19'1--------1---001-1- ->     4'0010 15'000001000000010
  transition:     4'0101 19'----1----1---00101- ->     4'0110 15'000001000000110
  transition:     4'0101 19'----1----1---00111- ->     4'0111 15'000001000000111
  transition:     4'0101 19'0000000---100001-1- -> INVALID_STATE(4'x) 15'00000100000xxxx  <ignored invalid transition!>
  transition:     4'0101 19'----------11000101- ->     4'0000 15'000001000000000
  transition:     4'0101 19'----------11000111- ->     4'0001 15'000001000000001
  transition:     4'0101 19'1---------1-0001-1- ->     4'0010 15'000001000000010
  transition:     4'0101 19'-1--------1-0001-1- ->     4'0011 15'000001000000011
  transition:     4'0101 19'--1-------1-0001-1- ->     4'0100 15'000001000000100
  transition:     4'0101 19'---1------1-0001-1- ->     4'0101 15'000001000000101
  transition:     4'0101 19'----1-----1-000101- ->     4'0110 15'000001000000110
  transition:     4'0101 19'----1-----1-000111- ->     4'0111 15'000001000000111
  transition:     4'0101 19'-----1----1-0001-1- ->     4'1000 15'000001000001000
  transition:     4'0101 19'------1---1-0001-1- ->     4'1001 15'000001000001001
  transition:     4'0101 19'----------1-1001-1- ->     4'0101 15'000001000000101
  transition:     4'0101 19'-------------001-11 ->     4'0000 15'000001000000000
  transition:     4'0101 19'-------------101-1- ->     4'0101 15'000001000000101
  transition:     4'0101 19'--------------11-1- ->     4'0101 15'000001000000101
  transition:     4'0011 19'-----------------0- ->     4'0011 15'000100000000011
  transition:     4'0011 19'---------------0-1- ->     4'0011 15'000100000000011
  transition:     4'0011 19'-------0000--001-10 ->     4'0011 15'000100000000011
  transition:     4'0011 19'-------1-----001-1- ->     4'1010 15'000100000001010
  transition:     4'0011 19'--------1----001-1- ->     4'0001 15'000100000000001
  transition:     4'0011 19'0000000--1-0-001-1- -> INVALID_STATE(4'x) 15'00010000000xxxx  <ignored invalid transition!>
  transition:     4'0011 19'---------1-1-001-1- ->     4'0000 15'000100000000000
  transition:     4'0011 19'-1-------1---001-1- ->     4'0011 15'000100000000011
  transition:     4'0011 19'--1------1---001-1- ->     4'0100 15'000100000000100
  transition:     4'0011 19'---1-----1---001-1- ->     4'0101 15'000100000000101
  transition:     4'0011 19'-----1---1---001-1- ->     4'1000 15'000100000001000
  transition:     4'0011 19'------1--1---001-1- ->     4'1001 15'000100000001001
  transition:     4'0011 19'1--------1---001-1- ->     4'0010 15'000100000000010
  transition:     4'0011 19'----1----1---00101- ->     4'0110 15'000100000000110
  transition:     4'0011 19'----1----1---00111- ->     4'0111 15'000100000000111
  transition:     4'0011 19'0000000---100001-1- -> INVALID_STATE(4'x) 15'00010000000xxxx  <ignored invalid transition!>
  transition:     4'0011 19'----------11000101- ->     4'0000 15'000100000000000
  transition:     4'0011 19'----------11000111- ->     4'0001 15'000100000000001
  transition:     4'0011 19'1---------1-0001-1- ->     4'0010 15'000100000000010
  transition:     4'0011 19'-1--------1-0001-1- ->     4'0011 15'000100000000011
  transition:     4'0011 19'--1-------1-0001-1- ->     4'0100 15'000100000000100
  transition:     4'0011 19'---1------1-0001-1- ->     4'0101 15'000100000000101
  transition:     4'0011 19'----1-----1-000101- ->     4'0110 15'000100000000110
  transition:     4'0011 19'----1-----1-000111- ->     4'0111 15'000100000000111
  transition:     4'0011 19'-----1----1-0001-1- ->     4'1000 15'000100000001000
  transition:     4'0011 19'------1---1-0001-1- ->     4'1001 15'000100000001001
  transition:     4'0011 19'----------1-1001-1- ->     4'0011 15'000100000000011
  transition:     4'0011 19'-------------001-11 ->     4'0000 15'000100000000000
  transition:     4'0011 19'-------------101-1- ->     4'0011 15'000100000000011
  transition:     4'0011 19'--------------11-1- ->     4'0011 15'000100000000011
  transition:     4'0111 19'-----------------0- ->     4'0111 15'000000010000111
  transition:     4'0111 19'---------------0-1- ->     4'0111 15'000000010000111
  transition:     4'0111 19'-------0000--001-10 ->     4'0111 15'000000010000111
  transition:     4'0111 19'-------1-----001-1- ->     4'1010 15'000000010001010
  transition:     4'0111 19'--------1----001-1- ->     4'0001 15'000000010000001
  transition:     4'0111 19'0000000--1-0-001-1- -> INVALID_STATE(4'x) 15'00000001000xxxx  <ignored invalid transition!>
  transition:     4'0111 19'---------1-1-001-1- ->     4'0000 15'000000010000000
  transition:     4'0111 19'-1-------1---001-1- ->     4'0011 15'000000010000011
  transition:     4'0111 19'--1------1---001-1- ->     4'0100 15'000000010000100
  transition:     4'0111 19'---1-----1---001-1- ->     4'0101 15'000000010000101
  transition:     4'0111 19'-----1---1---001-1- ->     4'1000 15'000000010001000
  transition:     4'0111 19'------1--1---001-1- ->     4'1001 15'000000010001001
  transition:     4'0111 19'1--------1---001-1- ->     4'0010 15'000000010000010
  transition:     4'0111 19'----1----1---00101- ->     4'0110 15'000000010000110
  transition:     4'0111 19'----1----1---00111- ->     4'0111 15'000000010000111
  transition:     4'0111 19'0000000---100001-1- -> INVALID_STATE(4'x) 15'00000001000xxxx  <ignored invalid transition!>
  transition:     4'0111 19'----------11000101- ->     4'0000 15'000000010000000
  transition:     4'0111 19'----------11000111- ->     4'0001 15'000000010000001
  transition:     4'0111 19'1---------1-0001-1- ->     4'0010 15'000000010000010
  transition:     4'0111 19'-1--------1-0001-1- ->     4'0011 15'000000010000011
  transition:     4'0111 19'--1-------1-0001-1- ->     4'0100 15'000000010000100
  transition:     4'0111 19'---1------1-0001-1- ->     4'0101 15'000000010000101
  transition:     4'0111 19'----1-----1-000101- ->     4'0110 15'000000010000110
  transition:     4'0111 19'----1-----1-000111- ->     4'0111 15'000000010000111
  transition:     4'0111 19'-----1----1-0001-1- ->     4'1000 15'000000010001000
  transition:     4'0111 19'------1---1-0001-1- ->     4'1001 15'000000010001001
  transition:     4'0111 19'----------1-1001-1- ->     4'0111 15'000000010000111
  transition:     4'0111 19'-------------001-11 ->     4'0000 15'000000010000000
  transition:     4'0111 19'-------------101-1- ->     4'0111 15'000000010000111
  transition:     4'0111 19'--------------11-1- ->     4'0111 15'000000010000111

3.7.3. Executing FSM_OPT pass (simple optimizations of FSMs).
Optimizing FSM `$fsm$\idex_alu_op$13730' from module `\rv32im_core'.
Optimizing FSM `$fsm$\imem_state$13725' from module `\rv32im_core'.
Optimizing FSM `$fsm$\dmem_rd_state$13720' from module `\rv32im_core'.
Optimizing FSM `$fsm$\dmem_wr_state$13715' from module `\rv32im_core'.

3.7.4. Executing OPT_CLEAN pass (remove unused cells and wires).
Finding unused cells or wires in module \rv32im_core..
Removed 48 unused cells and 48 unused wires.
<suppressed ~49 debug messages>

3.7.5. Executing FSM_OPT pass (simple optimizations of FSMs).
Optimizing FSM `$fsm$\idex_alu_op$13730' from module `\rv32im_core'.
  Removing unused output signal $auto$rtlil.cc:3390:Mux$12921 [0].
  Removing unused output signal $auto$rtlil.cc:3390:Mux$12921 [1].
  Removing unused output signal $auto$rtlil.cc:3390:Mux$12921 [2].
  Removing unused output signal $auto$rtlil.cc:3390:Mux$12921 [3].
Optimizing FSM `$fsm$\dmem_wr_state$13715' from module `\rv32im_core'.
  Removing unused output signal $0\dmem_wr_state[1:0] [0].
  Removing unused output signal $0\dmem_wr_state[1:0] [1].
Optimizing FSM `$fsm$\dmem_rd_state$13720' from module `\rv32im_core'.
  Removing unused output signal $0\dmem_rd_state[1:0] [0].
  Removing unused output signal $0\dmem_rd_state[1:0] [1].
Optimizing FSM `$fsm$\imem_state$13725' from module `\rv32im_core'.
  Removing unused output signal $0\imem_state[1:0] [0].
  Removing unused output signal $0\imem_state[1:0] [1].

3.7.6. Executing FSM_RECODE pass (re-assigning FSM state encoding).
Recoding FSM `$fsm$\idex_alu_op$13730' from module `\rv32im_core' using `auto' encoding:
  mapping auto encoding to `one-hot` for this FSM.
  0000 -> ----------1
  1000 -> ---------1-
  0100 -> --------1--
  0010 -> -------1---
  1010 -> ------1----
  0110 -> -----1-----
  0001 -> ----1------
  1001 -> ---1-------
  0101 -> --1--------
  0011 -> -1---------
  0111 -> 1----------
Recoding FSM `$fsm$\dmem_wr_state$13715' from module `\rv32im_core' using `auto' encoding:
  mapping auto encoding to `one-hot` for this FSM.
  00 -> --1
  10 -> -1-
  01 -> 1--
Recoding FSM `$fsm$\dmem_rd_state$13720' from module `\rv32im_core' using `auto' encoding:
  mapping auto encoding to `one-hot` for this FSM.
  00 -> --1
  10 -> -1-
  01 -> 1--
Recoding FSM `$fsm$\imem_state$13725' from module `\rv32im_core' using `auto' encoding:
  mapping auto encoding to `one-hot` for this FSM.
  00 -> --1
  10 -> -1-
  01 -> 1--

3.7.7. Executing FSM_INFO pass (dumping all available information on FSM cells).

FSM `$fsm$\idex_alu_op$13730' from module `rv32im_core':
-------------------------------------

  Information on FSM $fsm$\idex_alu_op$13730 (\idex_alu_op):

  Number of input signals:   19
  Number of output signals:  11
  Number of state bits:      11

  Input signals:
    0: $auto$opt_reduce.cc:137:opt_pmux$13694
    1: \rst_n
    2: \ifid_instr [30]
    3: $logic_and$../rtl/core/rv32im_core.v:652$269_Y
    4: $logic_or$../rtl/core/rv32im_core.v:660$272_Y
    5: $logic_not$../rtl/core/rv32im_core.v:689$273_Y
    6: $eq$../rtl/core/rv32im_core.v:760$275_Y
    7: $eq$../rtl/core/rv32im_core.v:784$279_Y
    8: $procmux$11570_CMP
    9: $procmux$11571_CMP
   10: $procmux$11574_CMP
   11: $procmux$11578_CMP
   12: $procmux$12284_CMP
   13: $procmux$12285_CMP
   14: $procmux$12286_CMP
   15: $procmux$12287_CMP
   16: $procmux$12288_CMP
   17: $procmux$12289_CMP
   18: $procmux$12290_CMP

  Output signals:
    0: $procmux$12666_CMP
    1: $procmux$12667_CMP
    2: $procmux$12668_CMP
    3: $procmux$12669_CMP
    4: $procmux$12670_CMP
    5: $procmux$12671_CMP
    6: $procmux$12672_CMP
    7: $procmux$12673_CMP
    8: $procmux$12674_CMP
    9: $procmux$12675_CMP
   10: $procmux$12676_CMP

  State encoding:
    0: 11'----------1
    1: 11'---------1-
    2: 11'--------1--
    3: 11'-------1---
    4: 11'------1----
    5: 11'-----1-----
    6: 11'----1------
    7: 11'---1-------
    8: 11'--1--------
    9: 11'-1---------
   10: 11'1----------

  Transition Table (state_in, ctrl_in, state_out, ctrl_out):
      0:     0 19'-------0000--001-10   ->     0 11'10000000000
      1:     0 19'-------------001-11   ->     0 11'10000000000
      2:     0 19'-----------------0-   ->     0 11'10000000000
      3:     0 19'----------11000101-   ->     0 11'10000000000
      4:     0 19'---------------0-1-   ->     0 11'10000000000
      5:     0 19'----------1-1001-1-   ->     0 11'10000000000
      6:     0 19'---------1-1-001-1-   ->     0 11'10000000000
      7:     0 19'-------------101-1-   ->     0 11'10000000000
      8:     0 19'--------------11-1-   ->     0 11'10000000000
      9:     0 19'-----1----1-0001-1-   ->     1 11'10000000000
     10:     0 19'-----1---1---001-1-   ->     1 11'10000000000
     11:     0 19'--1-------1-0001-1-   ->     2 11'10000000000
     12:     0 19'--1------1---001-1-   ->     2 11'10000000000
     13:     0 19'1---------1-0001-1-   ->     3 11'10000000000
     14:     0 19'1--------1---001-1-   ->     3 11'10000000000
     15:     0 19'-------1-----001-1-   ->     4 11'10000000000
     16:     0 19'----1-----1-000101-   ->     5 11'10000000000
     17:     0 19'----1----1---00101-   ->     5 11'10000000000
     18:     0 19'----------11000111-   ->     6 11'10000000000
     19:     0 19'--------1----001-1-   ->     6 11'10000000000
     20:     0 19'------1---1-0001-1-   ->     7 11'10000000000
     21:     0 19'------1--1---001-1-   ->     7 11'10000000000
     22:     0 19'---1------1-0001-1-   ->     8 11'10000000000
     23:     0 19'---1-----1---001-1-   ->     8 11'10000000000
     24:     0 19'-1--------1-0001-1-   ->     9 11'10000000000
     25:     0 19'-1-------1---001-1-   ->     9 11'10000000000
     26:     0 19'----1-----1-000111-   ->    10 11'10000000000
     27:     0 19'----1----1---00111-   ->    10 11'10000000000
     28:     1 19'-------------001-11   ->     0 11'00000000100
     29:     1 19'----------11000101-   ->     0 11'00000000100
     30:     1 19'---------1-1-001-1-   ->     0 11'00000000100
     31:     1 19'-------0000--001-10   ->     1 11'00000000100
     32:     1 19'-----------------0-   ->     1 11'00000000100
     33:     1 19'---------------0-1-   ->     1 11'00000000100
     34:     1 19'-----1----1-0001-1-   ->     1 11'00000000100
     35:     1 19'----------1-1001-1-   ->     1 11'00000000100
     36:     1 19'-----1---1---001-1-   ->     1 11'00000000100
     37:     1 19'-------------101-1-   ->     1 11'00000000100
     38:     1 19'--------------11-1-   ->     1 11'00000000100
     39:     1 19'--1-------1-0001-1-   ->     2 11'00000000100
     40:     1 19'--1------1---001-1-   ->     2 11'00000000100
     41:     1 19'1---------1-0001-1-   ->     3 11'00000000100
     42:     1 19'1--------1---001-1-   ->     3 11'00000000100
     43:     1 19'-------1-----001-1-   ->     4 11'00000000100
     44:     1 19'----1-----1-000101-   ->     5 11'00000000100
     45:     1 19'----1----1---00101-   ->     5 11'00000000100
     46:     1 19'----------11000111-   ->     6 11'00000000100
     47:     1 19'--------1----001-1-   ->     6 11'00000000100
     48:     1 19'------1---1-0001-1-   ->     7 11'00000000100
     49:     1 19'------1--1---001-1-   ->     7 11'00000000100
     50:     1 19'---1------1-0001-1-   ->     8 11'00000000100
     51:     1 19'---1-----1---001-1-   ->     8 11'00000000100
     52:     1 19'-1--------1-0001-1-   ->     9 11'00000000100
     53:     1 19'-1-------1---001-1-   ->     9 11'00000000100
     54:     1 19'----1-----1-000111-   ->    10 11'00000000100
     55:     1 19'----1----1---00111-   ->    10 11'00000000100
     56:     2 19'-------------001-11   ->     0 11'00001000000
     57:     2 19'----------11000101-   ->     0 11'00001000000
     58:     2 19'---------1-1-001-1-   ->     0 11'00001000000
     59:     2 19'-----1----1-0001-1-   ->     1 11'00001000000
     60:     2 19'-----1---1---001-1-   ->     1 11'00001000000
     61:     2 19'-------0000--001-10   ->     2 11'00001000000
     62:     2 19'-----------------0-   ->     2 11'00001000000
     63:     2 19'---------------0-1-   ->     2 11'00001000000
     64:     2 19'--1-------1-0001-1-   ->     2 11'00001000000
     65:     2 19'----------1-1001-1-   ->     2 11'00001000000
     66:     2 19'--1------1---001-1-   ->     2 11'00001000000
     67:     2 19'-------------101-1-   ->     2 11'00001000000
     68:     2 19'--------------11-1-   ->     2 11'00001000000
     69:     2 19'1---------1-0001-1-   ->     3 11'00001000000
     70:     2 19'1--------1---001-1-   ->     3 11'00001000000
     71:     2 19'-------1-----001-1-   ->     4 11'00001000000
     72:     2 19'----1-----1-000101-   ->     5 11'00001000000
     73:     2 19'----1----1---00101-   ->     5 11'00001000000
     74:     2 19'----------11000111-   ->     6 11'00001000000
     75:     2 19'--------1----001-1-   ->     6 11'00001000000
     76:     2 19'------1---1-0001-1-   ->     7 11'00001000000
     77:     2 19'------1--1---001-1-   ->     7 11'00001000000
     78:     2 19'---1------1-0001-1-   ->     8 11'00001000000
     79:     2 19'---1-----1---001-1-   ->     8 11'00001000000
     80:     2 19'-1--------1-0001-1-   ->     9 11'00001000000
     81:     2 19'-1-------1---001-1-   ->     9 11'00001000000
     82:     2 19'----1-----1-000111-   ->    10 11'00001000000
     83:     2 19'----1----1---00111-   ->    10 11'00001000000
     84:     3 19'-------------001-11   ->     0 11'00100000000
     85:     3 19'----------11000101-   ->     0 11'00100000000
     86:     3 19'---------1-1-001-1-   ->     0 11'00100000000
     87:     3 19'-----1----1-0001-1-   ->     1 11'00100000000
     88:     3 19'-----1---1---001-1-   ->     1 11'00100000000
     89:     3 19'--1-------1-0001-1-   ->     2 11'00100000000
     90:     3 19'--1------1---001-1-   ->     2 11'00100000000
     91:     3 19'-------0000--001-10   ->     3 11'00100000000
     92:     3 19'-----------------0-   ->     3 11'00100000000
     93:     3 19'---------------0-1-   ->     3 11'00100000000
     94:     3 19'1---------1-0001-1-   ->     3 11'00100000000
     95:     3 19'----------1-1001-1-   ->     3 11'00100000000
     96:     3 19'1--------1---001-1-   ->     3 11'00100000000
     97:     3 19'-------------101-1-   ->     3 11'00100000000
     98:     3 19'--------------11-1-   ->     3 11'00100000000
     99:     3 19'-------1-----001-1-   ->     4 11'00100000000
    100:     3 19'----1-----1-000101-   ->     5 11'00100000000
    101:     3 19'----1----1---00101-   ->     5 11'00100000000
    102:     3 19'----------11000111-   ->     6 11'00100000000
    103:     3 19'--------1----001-1-   ->     6 11'00100000000
    104:     3 19'------1---1-0001-1-   ->     7 11'00100000000
    105:     3 19'------1--1---001-1-   ->     7 11'00100000000
    106:     3 19'---1------1-0001-1-   ->     8 11'00100000000
    107:     3 19'---1-----1---001-1-   ->     8 11'00100000000
    108:     3 19'-1--------1-0001-1-   ->     9 11'00100000000
    109:     3 19'-1-------1---001-1-   ->     9 11'00100000000
    110:     3 19'----1-----1-000111-   ->    10 11'00100000000
    111:     3 19'----1----1---00111-   ->    10 11'00100000000
    112:     4 19'-------------001-11   ->     0 11'00000000001
    113:     4 19'----------11000101-   ->     0 11'00000000001
    114:     4 19'---------1-1-001-1-   ->     0 11'00000000001
    115:     4 19'-----1----1-0001-1-   ->     1 11'00000000001
    116:     4 19'-----1---1---001-1-   ->     1 11'00000000001
    117:     4 19'--1-------1-0001-1-   ->     2 11'00000000001
    118:     4 19'--1------1---001-1-   ->     2 11'00000000001
    119:     4 19'1---------1-0001-1-   ->     3 11'00000000001
    120:     4 19'1--------1---001-1-   ->     3 11'00000000001
    121:     4 19'-------0000--001-10   ->     4 11'00000000001
    122:     4 19'-----------------0-   ->     4 11'00000000001
    123:     4 19'---------------0-1-   ->     4 11'00000000001
    124:     4 19'----------1-1001-1-   ->     4 11'00000000001
    125:     4 19'-------1-----001-1-   ->     4 11'00000000001
    126:     4 19'-------------101-1-   ->     4 11'00000000001
    127:     4 19'--------------11-1-   ->     4 11'00000000001
    128:     4 19'----1-----1-000101-   ->     5 11'00000000001
    129:     4 19'----1----1---00101-   ->     5 11'00000000001
    130:     4 19'----------11000111-   ->     6 11'00000000001
    131:     4 19'--------1----001-1-   ->     6 11'00000000001
    132:     4 19'------1---1-0001-1-   ->     7 11'00000000001
    133:     4 19'------1--1---001-1-   ->     7 11'00000000001
    134:     4 19'---1------1-0001-1-   ->     8 11'00000000001
    135:     4 19'---1-----1---001-1-   ->     8 11'00000000001
    136:     4 19'-1--------1-0001-1-   ->     9 11'00000000001
    137:     4 19'-1-------1---001-1-   ->     9 11'00000000001
    138:     4 19'----1-----1-000111-   ->    10 11'00000000001
    139:     4 19'----1----1---00111-   ->    10 11'00000000001
    140:     5 19'-------------001-11   ->     0 11'00000010000
    141:     5 19'----------11000101-   ->     0 11'00000010000
    142:     5 19'---------1-1-001-1-   ->     0 11'00000010000
    143:     5 19'-----1----1-0001-1-   ->     1 11'00000010000
    144:     5 19'-----1---1---001-1-   ->     1 11'00000010000
    145:     5 19'--1-------1-0001-1-   ->     2 11'00000010000
    146:     5 19'--1------1---001-1-   ->     2 11'00000010000
    147:     5 19'1---------1-0001-1-   ->     3 11'00000010000
    148:     5 19'1--------1---001-1-   ->     3 11'00000010000
    149:     5 19'-------1-----001-1-   ->     4 11'00000010000
    150:     5 19'-------0000--001-10   ->     5 11'00000010000
    151:     5 19'-----------------0-   ->     5 11'00000010000
    152:     5 19'----1-----1-000101-   ->     5 11'00000010000
    153:     5 19'----1----1---00101-   ->     5 11'00000010000
    154:     5 19'---------------0-1-   ->     5 11'00000010000
    155:     5 19'----------1-1001-1-   ->     5 11'00000010000
    156:     5 19'-------------101-1-   ->     5 11'00000010000
    157:     5 19'--------------11-1-   ->     5 11'00000010000
    158:     5 19'----------11000111-   ->     6 11'00000010000
    159:     5 19'--------1----001-1-   ->     6 11'00000010000
    160:     5 19'------1---1-0001-1-   ->     7 11'00000010000
    161:     5 19'------1--1---001-1-   ->     7 11'00000010000
    162:     5 19'---1------1-0001-1-   ->     8 11'00000010000
    163:     5 19'---1-----1---001-1-   ->     8 11'00000010000
    164:     5 19'-1--------1-0001-1-   ->     9 11'00000010000
    165:     5 19'-1-------1---001-1-   ->     9 11'00000010000
    166:     5 19'----1-----1-000111-   ->    10 11'00000010000
    167:     5 19'----1----1---00111-   ->    10 11'00000010000
    168:     6 19'-------------001-11   ->     0 11'01000000000
    169:     6 19'----------11000101-   ->     0 11'01000000000
    170:     6 19'---------1-1-001-1-   ->     0 11'01000000000
    171:     6 19'-----1----1-0001-1-   ->     1 11'01000000000
    172:     6 19'-----1---1---001-1-   ->     1 11'01000000000
    173:     6 19'--1-------1-0001-1-   ->     2 11'01000000000
    174:     6 19'--1------1---001-1-   ->     2 11'01000000000
    175:     6 19'1---------1-0001-1-   ->     3 11'01000000000
    176:     6 19'1--------1---001-1-   ->     3 11'01000000000
    177:     6 19'-------1-----001-1-   ->     4 11'01000000000
    178:     6 19'----1-----1-000101-   ->     5 11'01000000000
    179:     6 19'----1----1---00101-   ->     5 11'01000000000
    180:     6 19'-------0000--001-10   ->     6 11'01000000000
    181:     6 19'-----------------0-   ->     6 11'01000000000
    182:     6 19'----------11000111-   ->     6 11'01000000000
    183:     6 19'---------------0-1-   ->     6 11'01000000000
    184:     6 19'----------1-1001-1-   ->     6 11'01000000000
    185:     6 19'--------1----001-1-   ->     6 11'01000000000
    186:     6 19'-------------101-1-   ->     6 11'01000000000
    187:     6 19'--------------11-1-   ->     6 11'01000000000
    188:     6 19'------1---1-0001-1-   ->     7 11'01000000000
    189:     6 19'------1--1---001-1-   ->     7 11'01000000000
    190:     6 19'---1------1-0001-1-   ->     8 11'01000000000
    191:     6 19'---1-----1---001-1-   ->     8 11'01000000000
    192:     6 19'-1--------1-0001-1-   ->     9 11'01000000000
    193:     6 19'-1-------1---001-1-   ->     9 11'01000000000
    194:     6 19'----1-----1-000111-   ->    10 11'01000000000
    195:     6 19'----1----1---00111-   ->    10 11'01000000000
    196:     7 19'-------------001-11   ->     0 11'00000000010
    197:     7 19'----------11000101-   ->     0 11'00000000010
    198:     7 19'---------1-1-001-1-   ->     0 11'00000000010
    199:     7 19'-----1----1-0001-1-   ->     1 11'00000000010
    200:     7 19'-----1---1---001-1-   ->     1 11'00000000010
    201:     7 19'--1-------1-0001-1-   ->     2 11'00000000010
    202:     7 19'--1------1---001-1-   ->     2 11'00000000010
    203:     7 19'1---------1-0001-1-   ->     3 11'00000000010
    204:     7 19'1--------1---001-1-   ->     3 11'00000000010
    205:     7 19'-------1-----001-1-   ->     4 11'00000000010
    206:     7 19'----1-----1-000101-   ->     5 11'00000000010
    207:     7 19'----1----1---00101-   ->     5 11'00000000010
    208:     7 19'----------11000111-   ->     6 11'00000000010
    209:     7 19'--------1----001-1-   ->     6 11'00000000010
    210:     7 19'-------0000--001-10   ->     7 11'00000000010
    211:     7 19'-----------------0-   ->     7 11'00000000010
    212:     7 19'---------------0-1-   ->     7 11'00000000010
    213:     7 19'------1---1-0001-1-   ->     7 11'00000000010
    214:     7 19'----------1-1001-1-   ->     7 11'00000000010
    215:     7 19'------1--1---001-1-   ->     7 11'00000000010
    216:     7 19'-------------101-1-   ->     7 11'00000000010
    217:     7 19'--------------11-1-   ->     7 11'00000000010
    218:     7 19'---1------1-0001-1-   ->     8 11'00000000010
    219:     7 19'---1-----1---001-1-   ->     8 11'00000000010
    220:     7 19'-1--------1-0001-1-   ->     9 11'00000000010
    221:     7 19'-1-------1---001-1-   ->     9 11'00000000010
    222:     7 19'----1-----1-000111-   ->    10 11'00000000010
    223:     7 19'----1----1---00111-   ->    10 11'00000000010
    224:     8 19'-------------001-11   ->     0 11'00000100000
    225:     8 19'----------11000101-   ->     0 11'00000100000
    226:     8 19'---------1-1-001-1-   ->     0 11'00000100000
    227:     8 19'-----1----1-0001-1-   ->     1 11'00000100000
    228:     8 19'-----1---1---001-1-   ->     1 11'00000100000
    229:     8 19'--1-------1-0001-1-   ->     2 11'00000100000
    230:     8 19'--1------1---001-1-   ->     2 11'00000100000
    231:     8 19'1---------1-0001-1-   ->     3 11'00000100000
    232:     8 19'1--------1---001-1-   ->     3 11'00000100000
    233:     8 19'-------1-----001-1-   ->     4 11'00000100000
    234:     8 19'----1-----1-000101-   ->     5 11'00000100000
    235:     8 19'----1----1---00101-   ->     5 11'00000100000
    236:     8 19'----------11000111-   ->     6 11'00000100000
    237:     8 19'--------1----001-1-   ->     6 11'00000100000
    238:     8 19'------1---1-0001-1-   ->     7 11'00000100000
    239:     8 19'------1--1---001-1-   ->     7 11'00000100000
    240:     8 19'-------0000--001-10   ->     8 11'00000100000
    241:     8 19'-----------------0-   ->     8 11'00000100000
    242:     8 19'---------------0-1-   ->     8 11'00000100000
    243:     8 19'---1------1-0001-1-   ->     8 11'00000100000
    244:     8 19'----------1-1001-1-   ->     8 11'00000100000
    245:     8 19'---1-----1---001-1-   ->     8 11'00000100000
    246:     8 19'-------------101-1-   ->     8 11'00000100000
    247:     8 19'--------------11-1-   ->     8 11'00000100000
    248:     8 19'-1--------1-0001-1-   ->     9 11'00000100000
    249:     8 19'-1-------1---001-1-   ->     9 11'00000100000
    250:     8 19'----1-----1-000111-   ->    10 11'00000100000
    251:     8 19'----1----1---00111-   ->    10 11'00000100000
    252:     9 19'-------------001-11   ->     0 11'00010000000
    253:     9 19'----------11000101-   ->     0 11'00010000000
    254:     9 19'---------1-1-001-1-   ->     0 11'00010000000
    255:     9 19'-----1----1-0001-1-   ->     1 11'00010000000
    256:     9 19'-----1---1---001-1-   ->     1 11'00010000000
    257:     9 19'--1-------1-0001-1-   ->     2 11'00010000000
    258:     9 19'--1------1---001-1-   ->     2 11'00010000000
    259:     9 19'1---------1-0001-1-   ->     3 11'00010000000
    260:     9 19'1--------1---001-1-   ->     3 11'00010000000
    261:     9 19'-------1-----001-1-   ->     4 11'00010000000
    262:     9 19'----1-----1-000101-   ->     5 11'00010000000
    263:     9 19'----1----1---00101-   ->     5 11'00010000000
    264:     9 19'----------11000111-   ->     6 11'00010000000
    265:     9 19'--------1----001-1-   ->     6 11'00010000000
    266:     9 19'------1---1-0001-1-   ->     7 11'00010000000
    267:     9 19'------1--1---001-1-   ->     7 11'00010000000
    268:     9 19'---1------1-0001-1-   ->     8 11'00010000000
    269:     9 19'---1-----1---001-1-   ->     8 11'00010000000
    270:     9 19'-------0000--001-10   ->     9 11'00010000000
    271:     9 19'-----------------0-   ->     9 11'00010000000
    272:     9 19'---------------0-1-   ->     9 11'00010000000
    273:     9 19'-1--------1-0001-1-   ->     9 11'00010000000
    274:     9 19'----------1-1001-1-   ->     9 11'00010000000
    275:     9 19'-1-------1---001-1-   ->     9 11'00010000000
    276:     9 19'-------------101-1-   ->     9 11'00010000000
    277:     9 19'--------------11-1-   ->     9 11'00010000000
    278:     9 19'----1-----1-000111-   ->    10 11'00010000000
    279:     9 19'----1----1---00111-   ->    10 11'00010000000
    280:    10 19'-------------001-11   ->     0 11'00000001000
    281:    10 19'----------11000101-   ->     0 11'00000001000
    282:    10 19'---------1-1-001-1-   ->     0 11'00000001000
    283:    10 19'-----1----1-0001-1-   ->     1 11'00000001000
    284:    10 19'-----1---1---001-1-   ->     1 11'00000001000
    285:    10 19'--1-------1-0001-1-   ->     2 11'00000001000
    286:    10 19'--1------1---001-1-   ->     2 11'00000001000
    287:    10 19'1---------1-0001-1-   ->     3 11'00000001000
    288:    10 19'1--------1---001-1-   ->     3 11'00000001000
    289:    10 19'-------1-----001-1-   ->     4 11'00000001000
    290:    10 19'----1-----1-000101-   ->     5 11'00000001000
    291:    10 19'----1----1---00101-   ->     5 11'00000001000
    292:    10 19'----------11000111-   ->     6 11'00000001000
    293:    10 19'--------1----001-1-   ->     6 11'00000001000
    294:    10 19'------1---1-0001-1-   ->     7 11'00000001000
    295:    10 19'------1--1---001-1-   ->     7 11'00000001000
    296:    10 19'---1------1-0001-1-   ->     8 11'00000001000
    297:    10 19'---1-----1---001-1-   ->     8 11'00000001000
    298:    10 19'-1--------1-0001-1-   ->     9 11'00000001000
    299:    10 19'-1-------1---001-1-   ->     9 11'00000001000
    300:    10 19'-------0000--001-10   ->    10 11'00000001000
    301:    10 19'-----------------0-   ->    10 11'00000001000
    302:    10 19'----1-----1-000111-   ->    10 11'00000001000
    303:    10 19'----1----1---00111-   ->    10 11'00000001000
    304:    10 19'---------------0-1-   ->    10 11'00000001000
    305:    10 19'----------1-1001-1-   ->    10 11'00000001000
    306:    10 19'-------------101-1-   ->    10 11'00000001000
    307:    10 19'--------------11-1-   ->    10 11'00000001000

-------------------------------------

FSM `$fsm$\dmem_wr_state$13715' from module `rv32im_core':
-------------------------------------

  Information on FSM $fsm$\dmem_wr_state$13715 (\dmem_wr_state):

  Number of input signals:    3
  Number of output signals:   3
  Number of state bits:       3

  Input signals:
    0: \dmem_bvalid
    1: $logic_and$../rtl/core/rv32im_core.v:1027$367_Y
    2: $logic_and$../rtl/core/rv32im_core.v:1040$372_Y

  Output signals:
    0: $procmux$11486_CMP
    1: $procmux$11503_CMP
    2: $procmux$11504_CMP

  State encoding:
    0:      3'--1  <RESET STATE>
    1:      3'-1-
    2:      3'1--

  Transition Table (state_in, ctrl_in, state_out, ctrl_out):
      0:     0 3'-0-   ->     0 3'100
      1:     0 3'-1-   ->     2 3'100
      2:     1 3'-11   ->     0 3'001
      3:     1 3'-10   ->     1 3'001
      4:     1 3'-0-   ->     1 3'001
      5:     2 3'11-   ->     1 3'010
      6:     2 3'-0-   ->     2 3'010
      7:     2 3'01-   ->     2 3'010

-------------------------------------

FSM `$fsm$\dmem_rd_state$13720' from module `rv32im_core':
-------------------------------------

  Information on FSM $fsm$\dmem_rd_state$13720 (\dmem_rd_state):

  Number of input signals:    3
  Number of output signals:   3
  Number of state bits:       3

  Input signals:
    0: \dmem_arready
    1: \dmem_rvalid
    2: $logic_and$../rtl/core/rv32im_core.v:1055$374_Y

  Output signals:
    0: $procmux$11465_CMP
    1: $procmux$11514_CMP
    2: $procmux$11515_CMP

  State encoding:
    0:      3'--1  <RESET STATE>
    1:      3'-1-
    2:      3'1--

  Transition Table (state_in, ctrl_in, state_out, ctrl_out):
      0:     0 3'0--   ->     0 3'100
      1:     0 3'1--   ->     2 3'100
      2:     1 3'11-   ->     0 3'001
      3:     1 3'10-   ->     1 3'001
      4:     1 3'0--   ->     1 3'001
      5:     2 3'1-1   ->     1 3'010
      6:     2 3'1-0   ->     2 3'010
      7:     2 3'0--   ->     2 3'010

-------------------------------------

FSM `$fsm$\imem_state$13725' from module `rv32im_core':
-------------------------------------

  Information on FSM $fsm$\imem_state$13725 (\imem_state):

  Number of input signals:    5
  Number of output signals:   3
  Number of state bits:       3

  Input signals:
    0: \imem_arready
    1: \imem_rvalid
    2: \trap_req
    3: $logic_and$../rtl/core/rv32im_core.v:605$263_Y
    4: $logic_and$../rtl/core/rv32im_core.v:997$356_Y

  Output signals:
    0: $procmux$11522_CMP
    1: $procmux$11525_CMP
    2: $procmux$11528_CMP

  State encoding:
    0:      3'--1  <RESET STATE>
    1:      3'-1-
    2:      3'1--

  Transition Table (state_in, ctrl_in, state_out, ctrl_out):
      0:     0 5'000--   ->     0 3'100
      1:     0 5'0-1--   ->     0 3'100
      2:     0 5'1----   ->     0 3'100
      3:     0 5'010--   ->     2 3'100
      4:     1 5'0-01-   ->     0 3'001
      5:     1 5'0-1--   ->     0 3'001
      6:     1 5'1----   ->     0 3'001
      7:     1 5'0-00-   ->     1 3'001
      8:     2 5'0-1--   ->     0 3'010
      9:     2 5'1----   ->     0 3'010
     10:     2 5'0-0-1   ->     1 3'010
     11:     2 5'0-0-0   ->     2 3'010

-------------------------------------

3.7.8. Executing FSM_MAP pass (mapping FSMs to basic logic).
Mapping FSM `$fsm$\idex_alu_op$13730' from module `\rv32im_core'.
Mapping FSM `$fsm$\dmem_wr_state$13715' from module `\rv32im_core'.
Mapping FSM `$fsm$\dmem_rd_state$13720' from module `\rv32im_core'.
Mapping FSM `$fsm$\imem_state$13725' from module `\rv32im_core'.

3.8. Executing OPT pass (performing simple optimizations).

3.8.1. Executing OPT_EXPR pass (perform const folding).
Optimizing module rv32im_core.
<suppressed ~23 debug messages>

3.8.2. Executing OPT_MERGE pass (detect identical cells).
Finding identical cells in module `\rv32im_core'.
Computing hashes of 2455 cells of `\rv32im_core'.
Finding duplicate cells in `\rv32im_core'.
Computing hashes of 2391 cells of `\rv32im_core'.
Finding duplicate cells in `\rv32im_core'.
<suppressed ~192 debug messages>
Removed a total of 64 cells.

3.8.3. Executing OPT_MUXTREE pass (detect dead branches in mux trees).
Running muxtree optimizer on module \rv32im_core..
  Creating internal representation of mux trees.
  Evaluating internal representation of mux trees.
  Analyzing evaluation results.
Removed 0 multiplexer ports.
<suppressed ~1992 debug messages>

3.8.4. Executing OPT_REDUCE pass (consolidate $*mux and $reduce_* inputs).
  Optimizing cells in module \rv32im_core.
Performed a total of 0 changes.

3.8.5. Executing OPT_MERGE pass (detect identical cells).
Finding identical cells in module `\rv32im_core'.
Computing hashes of 2391 cells of `\rv32im_core'.
Finding duplicate cells in `\rv32im_core'.
Removed a total of 0 cells.

3.8.6. Executing OPT_DFF pass (perform DFF optimizations).
Adding EN signal on $procdff$13636 ($adff) from module rv32im_core (D = { $ternary$../rtl/core/rv32im_core.v:1116$440_Y [31:29] $xor$../rtl/core/rv32im_core.v:152$547_Y $ternary$../rtl/core/rv32im_core.v:1116$440_Y [28] $xor$../rtl/core/rv32im_core.v:151$545_Y $xor$../rtl/core/rv32im_core.v:150$543_Y $ternary$../rtl/core/rv32im_core.v:1116$440_Y [27:25] $xor$../rtl/core/rv32im_core.v:152$541_Y $ternary$../rtl/core/rv32im_core.v:1116$440_Y [24] $xor$../rtl/core/rv32im_core.v:151$539_Y $xor$../rtl/core/rv32im_core.v:150$537_Y $ternary$../rtl/core/rv32im_core.v:1116$440_Y [23:21] $xor$../rtl/core/rv32im_core.v:152$535_Y $ternary$../rtl/core/rv32im_core.v:1116$440_Y [20] $xor$../rtl/core/rv32im_core.v:151$533_Y $xor$../rtl/core/rv32im_core.v:150$531_Y $ternary$../rtl/core/rv32im_core.v:1116$440_Y [19:17] $xor$../rtl/core/rv32im_core.v:152$529_Y $ternary$../rtl/core/rv32im_core.v:1116$440_Y [16] $xor$../rtl/core/rv32im_core.v:151$527_Y $xor$../rtl/core/rv32im_core.v:150$525_Y $ternary$../rtl/core/rv32im_core.v:1116$440_Y [15:13] $xor$../rtl/core/rv32im_core.v:152$523_Y $ternary$../rtl/core/rv32im_core.v:1116$440_Y [12] $xor$../rtl/core/rv32im_core.v:151$521_Y $xor$../rtl/core/rv32im_core.v:150$519_Y $ternary$../rtl/core/rv32im_core.v:1116$440_Y [11:9] $xor$../rtl/core/rv32im_core.v:152$517_Y $ternary$../rtl/core/rv32im_core.v:1116$440_Y [8] $xor$../rtl/core/rv32im_core.v:151$515_Y $xor$../rtl/core/rv32im_core.v:150$513_Y $ternary$../rtl/core/rv32im_core.v:1116$440_Y [7:5] $xor$../rtl/core/rv32im_core.v:152$511_Y $ternary$../rtl/core/rv32im_core.v:1116$440_Y [4] $xor$../rtl/core/rv32im_core.v:151$509_Y $xor$../rtl/core/rv32im_core.v:150$507_Y $ternary$../rtl/core/rv32im_core.v:1116$440_Y [3:1] $xor$../rtl/core/rv32im_core.v:152$505_Y $ternary$../rtl/core/rv32im_core.v:1116$440_Y [0] $xor$../rtl/core/rv32im_core.v:151$503_Y $xor$../rtl/core/rv32im_core.v:150$501_Y }, Q = \regfile_ecc[21]).
Adding EN signal on $procdff$13074 ($dff) from module rv32im_core (D = \idex_rd, Q = \exmem_rd).
Adding EN signal on $procdff$13561 ($adff) from module rv32im_core (D = { $ternary$../rtl/core/rv32im_core.v:1116$440_Y [31:29] $xor$../rtl/core/rv32im_core.v:152$547_Y $ternary$../rtl/core/rv32im_core.v:1116$440_Y [28] $xor$../rtl/core/rv32im_core.v:151$545_Y $xor$../rtl/core/rv32im_core.v:150$543_Y $ternary$../rtl/core/rv32im_core.v:1116$440_Y [27:25] $xor$../rtl/core/rv32im_core.v:152$541_Y $ternary$../rtl/core/rv32im_core.v:1116$440_Y [24] $xor$../rtl/core/rv32im_core.v:151$539_Y $xor$../rtl/core/rv32im_core.v:150$537_Y $ternary$../rtl/core/rv32im_core.v:1116$440_Y [23:21] $xor$../rtl/core/rv32im_core.v:152$535_Y $ternary$../rtl/core/rv32im_core.v:1116$440_Y [20] $xor$../rtl/core/rv32im_core.v:151$533_Y $xor$../rtl/core/rv32im_core.v:150$531_Y $ternary$../rtl/core/rv32im_core.v:1116$440_Y [19:17] $xor$../rtl/core/rv32im_core.v:152$529_Y $ternary$../rtl/core/rv32im_core.v:1116$440_Y [16] $xor$../rtl/core/rv32im_core.v:151$527_Y $xor$../rtl/core/rv32im_core.v:150$525_Y $ternary$../rtl/core/rv32im_core.v:1116$440_Y [15:13] $xor$../rtl/core/rv32im_core.v:152$523_Y $ternary$../rtl/core/rv32im_core.v:1116$440_Y [12] $xor$../rtl/core/rv32im_core.v:151$521_Y $xor$../rtl/core/rv32im_core.v:150$519_Y $ternary$../rtl/core/rv32im_core.v:1116$440_Y [11:9] $xor$../rtl/core/rv32im_core.v:152$517_Y $ternary$../rtl/core/rv32im_core.v:1116$440_Y [8] $xor$../rtl/core/rv32im_core.v:151$515_Y $xor$../rtl/core/rv32im_core.v:150$513_Y $ternary$../rtl/core/rv32im_core.v:1116$440_Y [7:5] $xor$../rtl/core/rv32im_core.v:152$511_Y $ternary$../rtl/core/rv32im_core.v:1116$440_Y [4] $xor$../rtl/core/rv32im_core.v:151$509_Y $xor$../rtl/core/rv32im_core.v:150$507_Y $ternary$../rtl/core/rv32im_core.v:1116$440_Y [3:1] $xor$../rtl/core/rv32im_core.v:152$505_Y $ternary$../rtl/core/rv32im_core.v:1116$440_Y [0] $xor$../rtl/core/rv32im_core.v:151$503_Y $xor$../rtl/core/rv32im_core.v:150$501_Y }, Q = \regfile_ecc[6]).
Adding EN signal on $procdff$13571 ($adff) from module rv32im_core (D = { $ternary$../rtl/core/rv32im_core.v:1116$440_Y [31:29] $xor$../rtl/core/rv32im_core.v:152$547_Y $ternary$../rtl/core/rv32im_core.v:1116$440_Y [28] $xor$../rtl/core/rv32im_core.v:151$545_Y $xor$../rtl/core/rv32im_core.v:150$543_Y $ternary$../rtl/core/rv32im_core.v:1116$440_Y [27:25] $xor$../rtl/core/rv32im_core.v:152$541_Y $ternary$../rtl/core/rv32im_core.v:1116$440_Y [24] $xor$../rtl/core/rv32im_core.v:151$539_Y $xor$../rtl/core/rv32im_core.v:150$537_Y $ternary$../rtl/core/rv32im_core.v:1116$440_Y [23:21] $xor$../rtl/core/rv32im_core.v:152$535_Y $ternary$../rtl/core/rv32im_core.v:1116$440_Y [20] $xor$../rtl/core/rv32im_core.v:151$533_Y $xor$../rtl/core/rv32im_core.v:150$531_Y $ternary$../rtl/core/rv32im_core.v:1116$440_Y [19:17] $xor$../rtl/core/rv32im_core.v:152$529_Y $ternary$../rtl/core/rv32im_core.v:1116$440_Y [16] $xor$../rtl/core/rv32im_core.v:151$527_Y $xor$../rtl/core/rv32im_core.v:150$525_Y $ternary$../rtl/core/rv32im_core.v:1116$440_Y [15:13] $xor$../rtl/core/rv32im_core.v:152$523_Y $ternary$../rtl/core/rv32im_core.v:1116$440_Y [12] $xor$../rtl/core/rv32im_core.v:151$521_Y $xor$../rtl/core/rv32im_core.v:150$519_Y $ternary$../rtl/core/rv32im_core.v:1116$440_Y [11:9] $xor$../rtl/core/rv32im_core.v:152$517_Y $ternary$../rtl/core/rv32im_core.v:1116$440_Y [8] $xor$../rtl/core/rv32im_core.v:151$515_Y $xor$../rtl/core/rv32im_core.v:150$513_Y $ternary$../rtl/core/rv32im_core.v:1116$440_Y [7:5] $xor$../rtl/core/rv32im_core.v:152$511_Y $ternary$../rtl/core/rv32im_core.v:1116$440_Y [4] $xor$../rtl/core/rv32im_core.v:151$509_Y $xor$../rtl/core/rv32im_core.v:150$507_Y $ternary$../rtl/core/rv32im_core.v:1116$440_Y [3:1] $xor$../rtl/core/rv32im_core.v:152$505_Y $ternary$../rtl/core/rv32im_core.v:1116$440_Y [0] $xor$../rtl/core/rv32im_core.v:151$503_Y $xor$../rtl/core/rv32im_core.v:150$501_Y }, Q = \regfile_ecc[8]).
Adding EN signal on $procdff$12730 ($dff) from module rv32im_core (D = \dmem_pending_wdata, Q = \dmem_wdata).
Adding EN signal on $procdff$13671 ($adff) from module rv32im_core (D = { $ternary$../rtl/core/rv32im_core.v:1116$440_Y [31:29] $xor$../rtl/core/rv32im_core.v:152$547_Y $ternary$../rtl/core/rv32im_core.v:1116$440_Y [28] $xor$../rtl/core/rv32im_core.v:151$545_Y $xor$../rtl/core/rv32im_core.v:150$543_Y $ternary$../rtl/core/rv32im_core.v:1116$440_Y [27:25] $xor$../rtl/core/rv32im_core.v:152$541_Y $ternary$../rtl/core/rv32im_core.v:1116$440_Y [24] $xor$../rtl/core/rv32im_core.v:151$539_Y $xor$../rtl/core/rv32im_core.v:150$537_Y $ternary$../rtl/core/rv32im_core.v:1116$440_Y [23:21] $xor$../rtl/core/rv32im_core.v:152$535_Y $ternary$../rtl/core/rv32im_core.v:1116$440_Y [20] $xor$../rtl/core/rv32im_core.v:151$533_Y $xor$../rtl/core/rv32im_core.v:150$531_Y $ternary$../rtl/core/rv32im_core.v:1116$440_Y [19:17] $xor$../rtl/core/rv32im_core.v:152$529_Y $ternary$../rtl/core/rv32im_core.v:1116$440_Y [16] $xor$../rtl/core/rv32im_core.v:151$527_Y $xor$../rtl/core/rv32im_core.v:150$525_Y $ternary$../rtl/core/rv32im_core.v:1116$440_Y [15:13] $xor$../rtl/core/rv32im_core.v:152$523_Y $ternary$../rtl/core/rv32im_core.v:1116$440_Y [12] $xor$../rtl/core/rv32im_core.v:151$521_Y $xor$../rtl/core/rv32im_core.v:150$519_Y $ternary$../rtl/core/rv32im_core.v:1116$440_Y [11:9] $xor$../rtl/core/rv32im_core.v:152$517_Y $ternary$../rtl/core/rv32im_core.v:1116$440_Y [8] $xor$../rtl/core/rv32im_core.v:151$515_Y $xor$../rtl/core/rv32im_core.v:150$513_Y $ternary$../rtl/core/rv32im_core.v:1116$440_Y [7:5] $xor$../rtl/core/rv32im_core.v:152$511_Y $ternary$../rtl/core/rv32im_core.v:1116$440_Y [4] $xor$../rtl/core/rv32im_core.v:151$509_Y $xor$../rtl/core/rv32im_core.v:150$507_Y $ternary$../rtl/core/rv32im_core.v:1116$440_Y [3:1] $xor$../rtl/core/rv32im_core.v:152$505_Y $ternary$../rtl/core/rv32im_core.v:1116$440_Y [0] $xor$../rtl/core/rv32im_core.v:151$503_Y $xor$../rtl/core/rv32im_core.v:150$501_Y }, Q = \regfile_ecc[28]).
Adding EN signal on $procdff$13067 ($dff) from module rv32im_core (D = \fwd_rs2, Q = \exmem_rs2_val).
Adding EN signal on $procdff$12723 ($adff) from module rv32im_core (D = $procmux$12574_Y, Q = \dmem_awvalid).
Adding EN signal on $procdff$13095 ($dff) from module rv32im_core (D = \idex_mem_width, Q = \exmem_mem_width).
Adding EN signal on $procdff$12718 ($dff) from module rv32im_core (D = \dmem_pending_addr, Q = \dmem_awaddr).
Adding EN signal on $procdff$12711 ($adff) from module rv32im_core (D = $0\imem_rready[0:0], Q = \imem_rready).
Adding EN signal on $procdff$12706 ($adff) from module rv32im_core (D = $0\imem_arvalid[0:0], Q = \imem_arvalid).
Adding EN signal on $procdff$13591 ($adff) from module rv32im_core (D = { $ternary$../rtl/core/rv32im_core.v:1116$440_Y [31:29] $xor$../rtl/core/rv32im_core.v:152$547_Y $ternary$../rtl/core/rv32im_core.v:1116$440_Y [28] $xor$../rtl/core/rv32im_core.v:151$545_Y $xor$../rtl/core/rv32im_core.v:150$543_Y $ternary$../rtl/core/rv32im_core.v:1116$440_Y [27:25] $xor$../rtl/core/rv32im_core.v:152$541_Y $ternary$../rtl/core/rv32im_core.v:1116$440_Y [24] $xor$../rtl/core/rv32im_core.v:151$539_Y $xor$../rtl/core/rv32im_core.v:150$537_Y $ternary$../rtl/core/rv32im_core.v:1116$440_Y [23:21] $xor$../rtl/core/rv32im_core.v:152$535_Y $ternary$../rtl/core/rv32im_core.v:1116$440_Y [20] $xor$../rtl/core/rv32im_core.v:151$533_Y $xor$../rtl/core/rv32im_core.v:150$531_Y $ternary$../rtl/core/rv32im_core.v:1116$440_Y [19:17] $xor$../rtl/core/rv32im_core.v:152$529_Y $ternary$../rtl/core/rv32im_core.v:1116$440_Y [16] $xor$../rtl/core/rv32im_core.v:151$527_Y $xor$../rtl/core/rv32im_core.v:150$525_Y $ternary$../rtl/core/rv32im_core.v:1116$440_Y [15:13] $xor$../rtl/core/rv32im_core.v:152$523_Y $ternary$../rtl/core/rv32im_core.v:1116$440_Y [12] $xor$../rtl/core/rv32im_core.v:151$521_Y $xor$../rtl/core/rv32im_core.v:150$519_Y $ternary$../rtl/core/rv32im_core.v:1116$440_Y [11:9] $xor$../rtl/core/rv32im_core.v:152$517_Y $ternary$../rtl/core/rv32im_core.v:1116$440_Y [8] $xor$../rtl/core/rv32im_core.v:151$515_Y $xor$../rtl/core/rv32im_core.v:150$513_Y $ternary$../rtl/core/rv32im_core.v:1116$440_Y [7:5] $xor$../rtl/core/rv32im_core.v:152$511_Y $ternary$../rtl/core/rv32im_core.v:1116$440_Y [4] $xor$../rtl/core/rv32im_core.v:151$509_Y $xor$../rtl/core/rv32im_core.v:150$507_Y $ternary$../rtl/core/rv32im_core.v:1116$440_Y [3:1] $xor$../rtl/core/rv32im_core.v:152$505_Y $ternary$../rtl/core/rv32im_core.v:1116$440_Y [0] $xor$../rtl/core/rv32im_core.v:151$503_Y $xor$../rtl/core/rv32im_core.v:150$501_Y }, Q = \regfile_ecc[12]).
Adding EN signal on $procdff$13201 ($dff) from module rv32im_core (D = \idex_mdu_op, Q = \mdu_op_r).
Adding EN signal on $procdff$12701 ($adff) from module rv32im_core (D = \pc, Q = \imem_araddr).
Adding EN signal on $procdff$13292 ($dff) from module rv32im_core (D = $0\alu_b[31:0], Q = \alu_b).
Adding EN signal on $procdff$13088 ($dff) from module rv32im_core (D = \idex_mem_write, Q = \exmem_mem_write).
Adding EN signal on $procdff$13676 ($adff) from module rv32im_core (D = { $ternary$../rtl/core/rv32im_core.v:1116$440_Y [31:29] $xor$../rtl/core/rv32im_core.v:152$547_Y $ternary$../rtl/core/rv32im_core.v:1116$440_Y [28] $xor$../rtl/core/rv32im_core.v:151$545_Y $xor$../rtl/core/rv32im_core.v:150$543_Y $ternary$../rtl/core/rv32im_core.v:1116$440_Y [27:25] $xor$../rtl/core/rv32im_core.v:152$541_Y $ternary$../rtl/core/rv32im_core.v:1116$440_Y [24] $xor$../rtl/core/rv32im_core.v:151$539_Y $xor$../rtl/core/rv32im_core.v:150$537_Y $ternary$../rtl/core/rv32im_core.v:1116$440_Y [23:21] $xor$../rtl/core/rv32im_core.v:152$535_Y $ternary$../rtl/core/rv32im_core.v:1116$440_Y [20] $xor$../rtl/core/rv32im_core.v:151$533_Y $xor$../rtl/core/rv32im_core.v:150$531_Y $ternary$../rtl/core/rv32im_core.v:1116$440_Y [19:17] $xor$../rtl/core/rv32im_core.v:152$529_Y $ternary$../rtl/core/rv32im_core.v:1116$440_Y [16] $xor$../rtl/core/rv32im_core.v:151$527_Y $xor$../rtl/core/rv32im_core.v:150$525_Y $ternary$../rtl/core/rv32im_core.v:1116$440_Y [15:13] $xor$../rtl/core/rv32im_core.v:152$523_Y $ternary$../rtl/core/rv32im_core.v:1116$440_Y [12] $xor$../rtl/core/rv32im_core.v:151$521_Y $xor$../rtl/core/rv32im_core.v:150$519_Y $ternary$../rtl/core/rv32im_core.v:1116$440_Y [11:9] $xor$../rtl/core/rv32im_core.v:152$517_Y $ternary$../rtl/core/rv32im_core.v:1116$440_Y [8] $xor$../rtl/core/rv32im_core.v:151$515_Y $xor$../rtl/core/rv32im_core.v:150$513_Y $ternary$../rtl/core/rv32im_core.v:1116$440_Y [7:5] $xor$../rtl/core/rv32im_core.v:152$511_Y $ternary$../rtl/core/rv32im_core.v:1116$440_Y [4] $xor$../rtl/core/rv32im_core.v:151$509_Y $xor$../rtl/core/rv32im_core.v:150$507_Y $ternary$../rtl/core/rv32im_core.v:1116$440_Y [3:1] $xor$../rtl/core/rv32im_core.v:152$505_Y $ternary$../rtl/core/rv32im_core.v:1116$440_Y [0] $xor$../rtl/core/rv32im_core.v:151$503_Y $xor$../rtl/core/rv32im_core.v:150$501_Y }, Q = \regfile_ecc[29]).
Adding EN signal on $procdff$13626 ($adff) from module rv32im_core (D = { $ternary$../rtl/core/rv32im_core.v:1116$440_Y [31:29] $xor$../rtl/core/rv32im_core.v:152$547_Y $ternary$../rtl/core/rv32im_core.v:1116$440_Y [28] $xor$../rtl/core/rv32im_core.v:151$545_Y $xor$../rtl/core/rv32im_core.v:150$543_Y $ternary$../rtl/core/rv32im_core.v:1116$440_Y [27:25] $xor$../rtl/core/rv32im_core.v:152$541_Y $ternary$../rtl/core/rv32im_core.v:1116$440_Y [24] $xor$../rtl/core/rv32im_core.v:151$539_Y $xor$../rtl/core/rv32im_core.v:150$537_Y $ternary$../rtl/core/rv32im_core.v:1116$440_Y [23:21] $xor$../rtl/core/rv32im_core.v:152$535_Y $ternary$../rtl/core/rv32im_core.v:1116$440_Y [20] $xor$../rtl/core/rv32im_core.v:151$533_Y $xor$../rtl/core/rv32im_core.v:150$531_Y $ternary$../rtl/core/rv32im_core.v:1116$440_Y [19:17] $xor$../rtl/core/rv32im_core.v:152$529_Y $ternary$../rtl/core/rv32im_core.v:1116$440_Y [16] $xor$../rtl/core/rv32im_core.v:151$527_Y $xor$../rtl/core/rv32im_core.v:150$525_Y $ternary$../rtl/core/rv32im_core.v:1116$440_Y [15:13] $xor$../rtl/core/rv32im_core.v:152$523_Y $ternary$../rtl/core/rv32im_core.v:1116$440_Y [12] $xor$../rtl/core/rv32im_core.v:151$521_Y $xor$../rtl/core/rv32im_core.v:150$519_Y $ternary$../rtl/core/rv32im_core.v:1116$440_Y [11:9] $xor$../rtl/core/rv32im_core.v:152$517_Y $ternary$../rtl/core/rv32im_core.v:1116$440_Y [8] $xor$../rtl/core/rv32im_core.v:151$515_Y $xor$../rtl/core/rv32im_core.v:150$513_Y $ternary$../rtl/core/rv32im_core.v:1116$440_Y [7:5] $xor$../rtl/core/rv32im_core.v:152$511_Y $ternary$../rtl/core/rv32im_core.v:1116$440_Y [4] $xor$../rtl/core/rv32im_core.v:151$509_Y $xor$../rtl/core/rv32im_core.v:150$507_Y $ternary$../rtl/core/rv32im_core.v:1116$440_Y [3:1] $xor$../rtl/core/rv32im_core.v:152$505_Y $ternary$../rtl/core/rv32im_core.v:1116$440_Y [0] $xor$../rtl/core/rv32im_core.v:151$503_Y $xor$../rtl/core/rv32im_core.v:150$501_Y }, Q = \regfile_ecc[19]).
Adding EN signal on $procdff$13081 ($dff) from module rv32im_core (D = \idex_mem_read, Q = \exmem_mem_read).
Adding EN signal on $procdff$13666 ($adff) from module rv32im_core (D = { $ternary$../rtl/core/rv32im_core.v:1116$440_Y [31:29] $xor$../rtl/core/rv32im_core.v:152$547_Y $ternary$../rtl/core/rv32im_core.v:1116$440_Y [28] $xor$../rtl/core/rv32im_core.v:151$545_Y $xor$../rtl/core/rv32im_core.v:150$543_Y $ternary$../rtl/core/rv32im_core.v:1116$440_Y [27:25] $xor$../rtl/core/rv32im_core.v:152$541_Y $ternary$../rtl/core/rv32im_core.v:1116$440_Y [24] $xor$../rtl/core/rv32im_core.v:151$539_Y $xor$../rtl/core/rv32im_core.v:150$537_Y $ternary$../rtl/core/rv32im_core.v:1116$440_Y [23:21] $xor$../rtl/core/rv32im_core.v:152$535_Y $ternary$../rtl/core/rv32im_core.v:1116$440_Y [20] $xor$../rtl/core/rv32im_core.v:151$533_Y $xor$../rtl/core/rv32im_core.v:150$531_Y $ternary$../rtl/core/rv32im_core.v:1116$440_Y [19:17] $xor$../rtl/core/rv32im_core.v:152$529_Y $ternary$../rtl/core/rv32im_core.v:1116$440_Y [16] $xor$../rtl/core/rv32im_core.v:151$527_Y $xor$../rtl/core/rv32im_core.v:150$525_Y $ternary$../rtl/core/rv32im_core.v:1116$440_Y [15:13] $xor$../rtl/core/rv32im_core.v:152$523_Y $ternary$../rtl/core/rv32im_core.v:1116$440_Y [12] $xor$../rtl/core/rv32im_core.v:151$521_Y $xor$../rtl/core/rv32im_core.v:150$519_Y $ternary$../rtl/core/rv32im_core.v:1116$440_Y [11:9] $xor$../rtl/core/rv32im_core.v:152$517_Y $ternary$../rtl/core/rv32im_core.v:1116$440_Y [8] $xor$../rtl/core/rv32im_core.v:151$515_Y $xor$../rtl/core/rv32im_core.v:150$513_Y $ternary$../rtl/core/rv32im_core.v:1116$440_Y [7:5] $xor$../rtl/core/rv32im_core.v:152$511_Y $ternary$../rtl/core/rv32im_core.v:1116$440_Y [4] $xor$../rtl/core/rv32im_core.v:151$509_Y $xor$../rtl/core/rv32im_core.v:150$507_Y $ternary$../rtl/core/rv32im_core.v:1116$440_Y [3:1] $xor$../rtl/core/rv32im_core.v:152$505_Y $ternary$../rtl/core/rv32im_core.v:1116$440_Y [0] $xor$../rtl/core/rv32im_core.v:151$503_Y $xor$../rtl/core/rv32im_core.v:150$501_Y }, Q = \regfile_ecc[27]).
Adding EN signal on $procdff$13060 ($dff) from module rv32im_core (D = $procmux$11927_Y, Q = \exmem_alu_result).
Adding EN signal on $procdff$13326 ($dff) from module rv32im_core (D = \exmem_alu_result, Q = \dmem_pending_addr).
Adding EN signal on $procdff$13229 ($dff) from module rv32im_core (D = $0\mdu_cnt[5:0], Q = \mdu_cnt).
Adding EN signal on $procdff$13581 ($adff) from module rv32im_core (D = { $ternary$../rtl/core/rv32im_core.v:1116$440_Y [31:29] $xor$../rtl/core/rv32im_core.v:152$547_Y $ternary$../rtl/core/rv32im_core.v:1116$440_Y [28] $xor$../rtl/core/rv32im_core.v:151$545_Y $xor$../rtl/core/rv32im_core.v:150$543_Y $ternary$../rtl/core/rv32im_core.v:1116$440_Y [27:25] $xor$../rtl/core/rv32im_core.v:152$541_Y $ternary$../rtl/core/rv32im_core.v:1116$440_Y [24] $xor$../rtl/core/rv32im_core.v:151$539_Y $xor$../rtl/core/rv32im_core.v:150$537_Y $ternary$../rtl/core/rv32im_core.v:1116$440_Y [23:21] $xor$../rtl/core/rv32im_core.v:152$535_Y $ternary$../rtl/core/rv32im_core.v:1116$440_Y [20] $xor$../rtl/core/rv32im_core.v:151$533_Y $xor$../rtl/core/rv32im_core.v:150$531_Y $ternary$../rtl/core/rv32im_core.v:1116$440_Y [19:17] $xor$../rtl/core/rv32im_core.v:152$529_Y $ternary$../rtl/core/rv32im_core.v:1116$440_Y [16] $xor$../rtl/core/rv32im_core.v:151$527_Y $xor$../rtl/core/rv32im_core.v:150$525_Y $ternary$../rtl/core/rv32im_core.v:1116$440_Y [15:13] $xor$../rtl/core/rv32im_core.v:152$523_Y $ternary$../rtl/core/rv32im_core.v:1116$440_Y [12] $xor$../rtl/core/rv32im_core.v:151$521_Y $xor$../rtl/core/rv32im_core.v:150$519_Y $ternary$../rtl/core/rv32im_core.v:1116$440_Y [11:9] $xor$../rtl/core/rv32im_core.v:152$517_Y $ternary$../rtl/core/rv32im_core.v:1116$440_Y [8] $xor$../rtl/core/rv32im_core.v:151$515_Y $xor$../rtl/core/rv32im_core.v:150$513_Y $ternary$../rtl/core/rv32im_core.v:1116$440_Y [7:5] $xor$../rtl/core/rv32im_core.v:152$511_Y $ternary$../rtl/core/rv32im_core.v:1116$440_Y [4] $xor$../rtl/core/rv32im_core.v:151$509_Y $xor$../rtl/core/rv32im_core.v:150$507_Y $ternary$../rtl/core/rv32im_core.v:1116$440_Y [3:1] $xor$../rtl/core/rv32im_core.v:152$505_Y $ternary$../rtl/core/rv32im_core.v:1116$440_Y [0] $xor$../rtl/core/rv32im_core.v:151$503_Y $xor$../rtl/core/rv32im_core.v:150$501_Y }, Q = \regfile_ecc[10]).
Adding EN signal on $procdff$13041 ($dff) from module rv32im_core (D = $procmux$11983_Y, Q = \idex_is_auipc).
Adding SRST signal on $auto$ff.cc:337:slice$14266 ($dffe) from module rv32im_core (D = $procmux$11980_Y, Q = \idex_is_auipc, rval = 1'0).
Adding EN signal on $procdff$13034 ($dff) from module rv32im_core (D = $procmux$12006_Y, Q = \idex_is_lui).
Adding SRST signal on $auto$ff.cc:337:slice$14272 ($dffe) from module rv32im_core (D = $procmux$12003_Y, Q = \idex_is_lui, rval = 1'0).
Adding EN signal on $procdff$13621 ($adff) from module rv32im_core (D = { $ternary$../rtl/core/rv32im_core.v:1116$440_Y [31:29] $xor$../rtl/core/rv32im_core.v:152$547_Y $ternary$../rtl/core/rv32im_core.v:1116$440_Y [28] $xor$../rtl/core/rv32im_core.v:151$545_Y $xor$../rtl/core/rv32im_core.v:150$543_Y $ternary$../rtl/core/rv32im_core.v:1116$440_Y [27:25] $xor$../rtl/core/rv32im_core.v:152$541_Y $ternary$../rtl/core/rv32im_core.v:1116$440_Y [24] $xor$../rtl/core/rv32im_core.v:151$539_Y $xor$../rtl/core/rv32im_core.v:150$537_Y $ternary$../rtl/core/rv32im_core.v:1116$440_Y [23:21] $xor$../rtl/core/rv32im_core.v:152$535_Y $ternary$../rtl/core/rv32im_core.v:1116$440_Y [20] $xor$../rtl/core/rv32im_core.v:151$533_Y $xor$../rtl/core/rv32im_core.v:150$531_Y $ternary$../rtl/core/rv32im_core.v:1116$440_Y [19:17] $xor$../rtl/core/rv32im_core.v:152$529_Y $ternary$../rtl/core/rv32im_core.v:1116$440_Y [16] $xor$../rtl/core/rv32im_core.v:151$527_Y $xor$../rtl/core/rv32im_core.v:150$525_Y $ternary$../rtl/core/rv32im_core.v:1116$440_Y [15:13] $xor$../rtl/core/rv32im_core.v:152$523_Y $ternary$../rtl/core/rv32im_core.v:1116$440_Y [12] $xor$../rtl/core/rv32im_core.v:151$521_Y $xor$../rtl/core/rv32im_core.v:150$519_Y $ternary$../rtl/core/rv32im_core.v:1116$440_Y [11:9] $xor$../rtl/core/rv32im_core.v:152$517_Y $ternary$../rtl/core/rv32im_core.v:1116$440_Y [8] $xor$../rtl/core/rv32im_core.v:151$515_Y $xor$../rtl/core/rv32im_core.v:150$513_Y $ternary$../rtl/core/rv32im_core.v:1116$440_Y [7:5] $xor$../rtl/core/rv32im_core.v:152$511_Y $ternary$../rtl/core/rv32im_core.v:1116$440_Y [4] $xor$../rtl/core/rv32im_core.v:151$509_Y $xor$../rtl/core/rv32im_core.v:150$507_Y $ternary$../rtl/core/rv32im_core.v:1116$440_Y [3:1] $xor$../rtl/core/rv32im_core.v:152$505_Y $ternary$../rtl/core/rv32im_core.v:1116$440_Y [0] $xor$../rtl/core/rv32im_core.v:151$503_Y $xor$../rtl/core/rv32im_core.v:150$501_Y }, Q = \regfile_ecc[18]).
Adding EN signal on $procdff$13184 ($dff) from module rv32im_core (D = $procmux$11795_Y, Q = \memwb_mem_to_reg).
Adding SRST signal on $auto$ff.cc:337:slice$14281 ($dffe) from module rv32im_core (D = \exmem_mem_to_reg, Q = \memwb_mem_to_reg, rval = 1'0).
Adding EN signal on $procdff$13027 ($dff) from module rv32im_core (D = $procmux$12019_Y, Q = \idex_custom).
Adding SRST signal on $auto$ff.cc:337:slice$14285 ($dffe) from module rv32im_core (D = $procmux$12016_Y, Q = \idex_custom, rval = 1'0).
Adding EN signal on $procdff$13285 ($dff) from module rv32im_core (D = $0\alu_a[31:0], Q = \alu_a).
Adding EN signal on $procdff$13020 ($dff) from module rv32im_core (D = \ifid_instr [13:12], Q = \idex_csr_op).
Adding EN signal on $procdff$13681 ($adff) from module rv32im_core (D = { $ternary$../rtl/core/rv32im_core.v:1116$440_Y [31:29] $xor$../rtl/core/rv32im_core.v:152$547_Y $ternary$../rtl/core/rv32im_core.v:1116$440_Y [28] $xor$../rtl/core/rv32im_core.v:151$545_Y $xor$../rtl/core/rv32im_core.v:150$543_Y $ternary$../rtl/core/rv32im_core.v:1116$440_Y [27:25] $xor$../rtl/core/rv32im_core.v:152$541_Y $ternary$../rtl/core/rv32im_core.v:1116$440_Y [24] $xor$../rtl/core/rv32im_core.v:151$539_Y $xor$../rtl/core/rv32im_core.v:150$537_Y $ternary$../rtl/core/rv32im_core.v:1116$440_Y [23:21] $xor$../rtl/core/rv32im_core.v:152$535_Y $ternary$../rtl/core/rv32im_core.v:1116$440_Y [20] $xor$../rtl/core/rv32im_core.v:151$533_Y $xor$../rtl/core/rv32im_core.v:150$531_Y $ternary$../rtl/core/rv32im_core.v:1116$440_Y [19:17] $xor$../rtl/core/rv32im_core.v:152$529_Y $ternary$../rtl/core/rv32im_core.v:1116$440_Y [16] $xor$../rtl/core/rv32im_core.v:151$527_Y $xor$../rtl/core/rv32im_core.v:150$525_Y $ternary$../rtl/core/rv32im_core.v:1116$440_Y [15:13] $xor$../rtl/core/rv32im_core.v:152$523_Y $ternary$../rtl/core/rv32im_core.v:1116$440_Y [12] $xor$../rtl/core/rv32im_core.v:151$521_Y $xor$../rtl/core/rv32im_core.v:150$519_Y $ternary$../rtl/core/rv32im_core.v:1116$440_Y [11:9] $xor$../rtl/core/rv32im_core.v:152$517_Y $ternary$../rtl/core/rv32im_core.v:1116$440_Y [8] $xor$../rtl/core/rv32im_core.v:151$515_Y $xor$../rtl/core/rv32im_core.v:150$513_Y $ternary$../rtl/core/rv32im_core.v:1116$440_Y [7:5] $xor$../rtl/core/rv32im_core.v:152$511_Y $ternary$../rtl/core/rv32im_core.v:1116$440_Y [4] $xor$../rtl/core/rv32im_core.v:151$509_Y $xor$../rtl/core/rv32im_core.v:150$507_Y $ternary$../rtl/core/rv32im_core.v:1116$440_Y [3:1] $xor$../rtl/core/rv32im_core.v:152$505_Y $ternary$../rtl/core/rv32im_core.v:1116$440_Y [0] $xor$../rtl/core/rv32im_core.v:151$503_Y $xor$../rtl/core/rv32im_core.v:150$501_Y }, Q = \regfile_ecc[30]).
Adding EN signal on $procdff$13013 ($dff) from module rv32im_core (D = \ifid_instr [31:20], Q = \idex_csr_addr).
Adding EN signal on $procdff$13686 ($adff) from module rv32im_core (D = { $ternary$../rtl/core/rv32im_core.v:1116$440_Y [31:29] $xor$../rtl/core/rv32im_core.v:152$547_Y $ternary$../rtl/core/rv32im_core.v:1116$440_Y [28] $xor$../rtl/core/rv32im_core.v:151$545_Y $xor$../rtl/core/rv32im_core.v:150$543_Y $ternary$../rtl/core/rv32im_core.v:1116$440_Y [27:25] $xor$../rtl/core/rv32im_core.v:152$541_Y $ternary$../rtl/core/rv32im_core.v:1116$440_Y [24] $xor$../rtl/core/rv32im_core.v:151$539_Y $xor$../rtl/core/rv32im_core.v:150$537_Y $ternary$../rtl/core/rv32im_core.v:1116$440_Y [23:21] $xor$../rtl/core/rv32im_core.v:152$535_Y $ternary$../rtl/core/rv32im_core.v:1116$440_Y [20] $xor$../rtl/core/rv32im_core.v:151$533_Y $xor$../rtl/core/rv32im_core.v:150$531_Y $ternary$../rtl/core/rv32im_core.v:1116$440_Y [19:17] $xor$../rtl/core/rv32im_core.v:152$529_Y $ternary$../rtl/core/rv32im_core.v:1116$440_Y [16] $xor$../rtl/core/rv32im_core.v:151$527_Y $xor$../rtl/core/rv32im_core.v:150$525_Y $ternary$../rtl/core/rv32im_core.v:1116$440_Y [15:13] $xor$../rtl/core/rv32im_core.v:152$523_Y $ternary$../rtl/core/rv32im_core.v:1116$440_Y [12] $xor$../rtl/core/rv32im_core.v:151$521_Y $xor$../rtl/core/rv32im_core.v:150$519_Y $ternary$../rtl/core/rv32im_core.v:1116$440_Y [11:9] $xor$../rtl/core/rv32im_core.v:152$517_Y $ternary$../rtl/core/rv32im_core.v:1116$440_Y [8] $xor$../rtl/core/rv32im_core.v:151$515_Y $xor$../rtl/core/rv32im_core.v:150$513_Y $ternary$../rtl/core/rv32im_core.v:1116$440_Y [7:5] $xor$../rtl/core/rv32im_core.v:152$511_Y $ternary$../rtl/core/rv32im_core.v:1116$440_Y [4] $xor$../rtl/core/rv32im_core.v:151$509_Y $xor$../rtl/core/rv32im_core.v:150$507_Y $ternary$../rtl/core/rv32im_core.v:1116$440_Y [3:1] $xor$../rtl/core/rv32im_core.v:152$505_Y $ternary$../rtl/core/rv32im_core.v:1116$440_Y [0] $xor$../rtl/core/rv32im_core.v:151$503_Y $xor$../rtl/core/rv32im_core.v:150$501_Y }, Q = \regfile_ecc[31]).
Adding EN signal on $procdff$13541 ($adff) from module rv32im_core (D = { $ternary$../rtl/core/rv32im_core.v:1116$440_Y [31:29] $xor$../rtl/core/rv32im_core.v:152$547_Y $ternary$../rtl/core/rv32im_core.v:1116$440_Y [28] $xor$../rtl/core/rv32im_core.v:151$545_Y $xor$../rtl/core/rv32im_core.v:150$543_Y $ternary$../rtl/core/rv32im_core.v:1116$440_Y [27:25] $xor$../rtl/core/rv32im_core.v:152$541_Y $ternary$../rtl/core/rv32im_core.v:1116$440_Y [24] $xor$../rtl/core/rv32im_core.v:151$539_Y $xor$../rtl/core/rv32im_core.v:150$537_Y $ternary$../rtl/core/rv32im_core.v:1116$440_Y [23:21] $xor$../rtl/core/rv32im_core.v:152$535_Y $ternary$../rtl/core/rv32im_core.v:1116$440_Y [20] $xor$../rtl/core/rv32im_core.v:151$533_Y $xor$../rtl/core/rv32im_core.v:150$531_Y $ternary$../rtl/core/rv32im_core.v:1116$440_Y [19:17] $xor$../rtl/core/rv32im_core.v:152$529_Y $ternary$../rtl/core/rv32im_core.v:1116$440_Y [16] $xor$../rtl/core/rv32im_core.v:151$527_Y $xor$../rtl/core/rv32im_core.v:150$525_Y $ternary$../rtl/core/rv32im_core.v:1116$440_Y [15:13] $xor$../rtl/core/rv32im_core.v:152$523_Y $ternary$../rtl/core/rv32im_core.v:1116$440_Y [12] $xor$../rtl/core/rv32im_core.v:151$521_Y $xor$../rtl/core/rv32im_core.v:150$519_Y $ternary$../rtl/core/rv32im_core.v:1116$440_Y [11:9] $xor$../rtl/core/rv32im_core.v:152$517_Y $ternary$../rtl/core/rv32im_core.v:1116$440_Y [8] $xor$../rtl/core/rv32im_core.v:151$515_Y $xor$../rtl/core/rv32im_core.v:150$513_Y $ternary$../rtl/core/rv32im_core.v:1116$440_Y [7:5] $xor$../rtl/core/rv32im_core.v:152$511_Y $ternary$../rtl/core/rv32im_core.v:1116$440_Y [4] $xor$../rtl/core/rv32im_core.v:151$509_Y $xor$../rtl/core/rv32im_core.v:150$507_Y $ternary$../rtl/core/rv32im_core.v:1116$440_Y [3:1] $xor$../rtl/core/rv32im_core.v:152$505_Y $ternary$../rtl/core/rv32im_core.v:1116$440_Y [0] $xor$../rtl/core/rv32im_core.v:151$503_Y $xor$../rtl/core/rv32im_core.v:150$501_Y }, Q = \regfile_ecc[2]).
Adding EN signal on $procdff$13006 ($dff) from module rv32im_core (D = $procmux$12063_Y, Q = \idex_csr_en).
Adding SRST signal on $auto$ff.cc:337:slice$14315 ($dffe) from module rv32im_core (D = $procmux$11946_Y, Q = \idex_csr_en, rval = 1'0).
Adding EN signal on $procdff$13177 ($dff) from module rv32im_core (D = \exmem_reg_write, Q = \memwb_reg_write).
Adding EN signal on $procdff$12999 ($dff) from module rv32im_core (D = \ifid_instr [14:12], Q = \idex_mdu_op).
Adding EN signal on $procdff$12992 ($dff) from module rv32im_core (D = $procmux$12099_Y, Q = \idex_mdu_en).
Adding SRST signal on $auto$ff.cc:337:slice$14335 ($dffe) from module rv32im_core (D = $procmux$12094_Y, Q = \idex_mdu_en, rval = 1'0).
Adding EN signal on $procdff$13347 ($dff) from module rv32im_core (D = \dmem_rdata, Q = \dmem_rdata_r).
Adding EN signal on $procdff$12985 ($dff) from module rv32im_core (D = $procmux$12119_Y, Q = \idex_jalr).
Adding SRST signal on $auto$ff.cc:337:slice$14348 ($dffe) from module rv32im_core (D = $procmux$12116_Y, Q = \idex_jalr, rval = 1'0).
Adding EN signal on $procdff$13319 ($dff) from module rv32im_core (D = \exmem_mem_write, Q = \dmem_is_write).
Adding EN signal on $procdff$12978 ($dff) from module rv32im_core (D = $procmux$12140_Y, Q = \idex_jal).
Adding SRST signal on $auto$ff.cc:337:slice$14357 ($dffe) from module rv32im_core (D = $procmux$12137_Y, Q = \idex_jal, rval = 1'0).
Adding EN signal on $procdff$13170 ($dff) from module rv32im_core (D = \exmem_rd, Q = \memwb_rd).
Adding EN signal on $procdff$12971 ($dff) from module rv32im_core (D = $procmux$12159_Y, Q = \idex_branch).
Adding SRST signal on $auto$ff.cc:337:slice$14366 ($dffe) from module rv32im_core (D = $procmux$12156_Y, Q = \idex_branch, rval = 1'0).
Adding EN signal on $procdff$13616 ($adff) from module rv32im_core (D = { $ternary$../rtl/core/rv32im_core.v:1116$440_Y [31:29] $xor$../rtl/core/rv32im_core.v:152$547_Y $ternary$../rtl/core/rv32im_core.v:1116$440_Y [28] $xor$../rtl/core/rv32im_core.v:151$545_Y $xor$../rtl/core/rv32im_core.v:150$543_Y $ternary$../rtl/core/rv32im_core.v:1116$440_Y [27:25] $xor$../rtl/core/rv32im_core.v:152$541_Y $ternary$../rtl/core/rv32im_core.v:1116$440_Y [24] $xor$../rtl/core/rv32im_core.v:151$539_Y $xor$../rtl/core/rv32im_core.v:150$537_Y $ternary$../rtl/core/rv32im_core.v:1116$440_Y [23:21] $xor$../rtl/core/rv32im_core.v:152$535_Y $ternary$../rtl/core/rv32im_core.v:1116$440_Y [20] $xor$../rtl/core/rv32im_core.v:151$533_Y $xor$../rtl/core/rv32im_core.v:150$531_Y $ternary$../rtl/core/rv32im_core.v:1116$440_Y [19:17] $xor$../rtl/core/rv32im_core.v:152$529_Y $ternary$../rtl/core/rv32im_core.v:1116$440_Y [16] $xor$../rtl/core/rv32im_core.v:151$527_Y $xor$../rtl/core/rv32im_core.v:150$525_Y $ternary$../rtl/core/rv32im_core.v:1116$440_Y [15:13] $xor$../rtl/core/rv32im_core.v:152$523_Y $ternary$../rtl/core/rv32im_core.v:1116$440_Y [12] $xor$../rtl/core/rv32im_core.v:151$521_Y $xor$../rtl/core/rv32im_core.v:150$519_Y $ternary$../rtl/core/rv32im_core.v:1116$440_Y [11:9] $xor$../rtl/core/rv32im_core.v:152$517_Y $ternary$../rtl/core/rv32im_core.v:1116$440_Y [8] $xor$../rtl/core/rv32im_core.v:151$515_Y $xor$../rtl/core/rv32im_core.v:150$513_Y $ternary$../rtl/core/rv32im_core.v:1116$440_Y [7:5] $xor$../rtl/core/rv32im_core.v:152$511_Y $ternary$../rtl/core/rv32im_core.v:1116$440_Y [4] $xor$../rtl/core/rv32im_core.v:151$509_Y $xor$../rtl/core/rv32im_core.v:150$507_Y $ternary$../rtl/core/rv32im_core.v:1116$440_Y [3:1] $xor$../rtl/core/rv32im_core.v:152$505_Y $ternary$../rtl/core/rv32im_core.v:1116$440_Y [0] $xor$../rtl/core/rv32im_core.v:151$503_Y $xor$../rtl/core/rv32im_core.v:150$501_Y }, Q = \regfile_ecc[17]).
Adding EN signal on $procdff$12964 ($dff) from module rv32im_core (D = $procmux$12177_Y, Q = \idex_mem_to_reg).
Adding EN signal on $procdff$12957 ($dff) from module rv32im_core (D = $procmux$12198_Y, Q = \idex_reg_write).
Adding SRST signal on $auto$ff.cc:337:slice$14380 ($dffe) from module rv32im_core (D = $procmux$12187_Y, Q = \idex_reg_write, rval = 1'0).
Adding EN signal on $procdff$13222 ($dff) from module rv32im_core (D = $0\mdu_b[31:0] [31], Q = \mdu_b [31]).
Adding EN signal on $procdff$13222 ($dff) from module rv32im_core (D = $0\mdu_b[31:0] [30:0], Q = \mdu_b [30:0]).
Adding EN signal on $procdff$12950 ($dff) from module rv32im_core (D = \ifid_instr [14:12], Q = \idex_mem_width).
Adding EN signal on $procdff$13641 ($adff) from module rv32im_core (D = { $ternary$../rtl/core/rv32im_core.v:1116$440_Y [31:29] $xor$../rtl/core/rv32im_core.v:152$547_Y $ternary$../rtl/core/rv32im_core.v:1116$440_Y [28] $xor$../rtl/core/rv32im_core.v:151$545_Y $xor$../rtl/core/rv32im_core.v:150$543_Y $ternary$../rtl/core/rv32im_core.v:1116$440_Y [27:25] $xor$../rtl/core/rv32im_core.v:152$541_Y $ternary$../rtl/core/rv32im_core.v:1116$440_Y [24] $xor$../rtl/core/rv32im_core.v:151$539_Y $xor$../rtl/core/rv32im_core.v:150$537_Y $ternary$../rtl/core/rv32im_core.v:1116$440_Y [23:21] $xor$../rtl/core/rv32im_core.v:152$535_Y $ternary$../rtl/core/rv32im_core.v:1116$440_Y [20] $xor$../rtl/core/rv32im_core.v:151$533_Y $xor$../rtl/core/rv32im_core.v:150$531_Y $ternary$../rtl/core/rv32im_core.v:1116$440_Y [19:17] $xor$../rtl/core/rv32im_core.v:152$529_Y $ternary$../rtl/core/rv32im_core.v:1116$440_Y [16] $xor$../rtl/core/rv32im_core.v:151$527_Y $xor$../rtl/core/rv32im_core.v:150$525_Y $ternary$../rtl/core/rv32im_core.v:1116$440_Y [15:13] $xor$../rtl/core/rv32im_core.v:152$523_Y $ternary$../rtl/core/rv32im_core.v:1116$440_Y [12] $xor$../rtl/core/rv32im_core.v:151$521_Y $xor$../rtl/core/rv32im_core.v:150$519_Y $ternary$../rtl/core/rv32im_core.v:1116$440_Y [11:9] $xor$../rtl/core/rv32im_core.v:152$517_Y $ternary$../rtl/core/rv32im_core.v:1116$440_Y [8] $xor$../rtl/core/rv32im_core.v:151$515_Y $xor$../rtl/core/rv32im_core.v:150$513_Y $ternary$../rtl/core/rv32im_core.v:1116$440_Y [7:5] $xor$../rtl/core/rv32im_core.v:152$511_Y $ternary$../rtl/core/rv32im_core.v:1116$440_Y [4] $xor$../rtl/core/rv32im_core.v:151$509_Y $xor$../rtl/core/rv32im_core.v:150$507_Y $ternary$../rtl/core/rv32im_core.v:1116$440_Y [3:1] $xor$../rtl/core/rv32im_core.v:152$505_Y $ternary$../rtl/core/rv32im_core.v:1116$440_Y [0] $xor$../rtl/core/rv32im_core.v:151$503_Y $xor$../rtl/core/rv32im_core.v:150$501_Y }, Q = \regfile_ecc[22]).
Adding EN signal on $procdff$13163 ($dff) from module rv32im_core (D = $procmux$11807_Y, Q = \memwb_mem_data).
Adding EN signal on $procdff$12943 ($dff) from module rv32im_core (D = $procmux$12233_Y, Q = \idex_mem_write).
Adding SRST signal on $auto$ff.cc:337:slice$14405 ($dffe) from module rv32im_core (D = $procmux$12230_Y, Q = \idex_mem_write, rval = 1'0).
Adding EN signal on $procdff$13576 ($adff) from module rv32im_core (D = { $ternary$../rtl/core/rv32im_core.v:1116$440_Y [31:29] $xor$../rtl/core/rv32im_core.v:152$547_Y $ternary$../rtl/core/rv32im_core.v:1116$440_Y [28] $xor$../rtl/core/rv32im_core.v:151$545_Y $xor$../rtl/core/rv32im_core.v:150$543_Y $ternary$../rtl/core/rv32im_core.v:1116$440_Y [27:25] $xor$../rtl/core/rv32im_core.v:152$541_Y $ternary$../rtl/core/rv32im_core.v:1116$440_Y [24] $xor$../rtl/core/rv32im_core.v:151$539_Y $xor$../rtl/core/rv32im_core.v:150$537_Y $ternary$../rtl/core/rv32im_core.v:1116$440_Y [23:21] $xor$../rtl/core/rv32im_core.v:152$535_Y $ternary$../rtl/core/rv32im_core.v:1116$440_Y [20] $xor$../rtl/core/rv32im_core.v:151$533_Y $xor$../rtl/core/rv32im_core.v:150$531_Y $ternary$../rtl/core/rv32im_core.v:1116$440_Y [19:17] $xor$../rtl/core/rv32im_core.v:152$529_Y $ternary$../rtl/core/rv32im_core.v:1116$440_Y [16] $xor$../rtl/core/rv32im_core.v:151$527_Y $xor$../rtl/core/rv32im_core.v:150$525_Y $ternary$../rtl/core/rv32im_core.v:1116$440_Y [15:13] $xor$../rtl/core/rv32im_core.v:152$523_Y $ternary$../rtl/core/rv32im_core.v:1116$440_Y [12] $xor$../rtl/core/rv32im_core.v:151$521_Y $xor$../rtl/core/rv32im_core.v:150$519_Y $ternary$../rtl/core/rv32im_core.v:1116$440_Y [11:9] $xor$../rtl/core/rv32im_core.v:152$517_Y $ternary$../rtl/core/rv32im_core.v:1116$440_Y [8] $xor$../rtl/core/rv32im_core.v:151$515_Y $xor$../rtl/core/rv32im_core.v:150$513_Y $ternary$../rtl/core/rv32im_core.v:1116$440_Y [7:5] $xor$../rtl/core/rv32im_core.v:152$511_Y $ternary$../rtl/core/rv32im_core.v:1116$440_Y [4] $xor$../rtl/core/rv32im_core.v:151$509_Y $xor$../rtl/core/rv32im_core.v:150$507_Y $ternary$../rtl/core/rv32im_core.v:1116$440_Y [3:1] $xor$../rtl/core/rv32im_core.v:152$505_Y $ternary$../rtl/core/rv32im_core.v:1116$440_Y [0] $xor$../rtl/core/rv32im_core.v:151$503_Y $xor$../rtl/core/rv32im_core.v:150$501_Y }, Q = \regfile_ecc[9]).
Adding EN signal on $procdff$12936 ($dff) from module rv32im_core (D = $procmux$12177_Y, Q = \idex_mem_read).
Adding EN signal on $procdff$12929 ($dff) from module rv32im_core (D = $procmux$12272_Y, Q = \idex_alu_src).
Adding SRST signal on $auto$ff.cc:337:slice$14419 ($dffe) from module rv32im_core (D = $procmux$12264_Y, Q = \idex_alu_src, rval = 1'0).
Adding EN signal on $procdff$13243 ($dff) from module rv32im_core (D = $procmux$11654_Y, Q = \mdu_result).
Adding EN signal on $procdff$13156 ($dff) from module rv32im_core (D = $procmux$11818_Y, Q = \memwb_alu_result).
Adding EN signal on $procdff$12915 ($dff) from module rv32im_core (D = \ifid_instr [24:20], Q = \idex_rs2).
Adding EN signal on $procdff$12908 ($dff) from module rv32im_core (D = \ifid_instr [19:15], Q = \idex_rs1).
Adding EN signal on $procdff$13611 ($adff) from module rv32im_core (D = { $ternary$../rtl/core/rv32im_core.v:1116$440_Y [31:29] $xor$../rtl/core/rv32im_core.v:152$547_Y $ternary$../rtl/core/rv32im_core.v:1116$440_Y [28] $xor$../rtl/core/rv32im_core.v:151$545_Y $xor$../rtl/core/rv32im_core.v:150$543_Y $ternary$../rtl/core/rv32im_core.v:1116$440_Y [27:25] $xor$../rtl/core/rv32im_core.v:152$541_Y $ternary$../rtl/core/rv32im_core.v:1116$440_Y [24] $xor$../rtl/core/rv32im_core.v:151$539_Y $xor$../rtl/core/rv32im_core.v:150$537_Y $ternary$../rtl/core/rv32im_core.v:1116$440_Y [23:21] $xor$../rtl/core/rv32im_core.v:152$535_Y $ternary$../rtl/core/rv32im_core.v:1116$440_Y [20] $xor$../rtl/core/rv32im_core.v:151$533_Y $xor$../rtl/core/rv32im_core.v:150$531_Y $ternary$../rtl/core/rv32im_core.v:1116$440_Y [19:17] $xor$../rtl/core/rv32im_core.v:152$529_Y $ternary$../rtl/core/rv32im_core.v:1116$440_Y [16] $xor$../rtl/core/rv32im_core.v:151$527_Y $xor$../rtl/core/rv32im_core.v:150$525_Y $ternary$../rtl/core/rv32im_core.v:1116$440_Y [15:13] $xor$../rtl/core/rv32im_core.v:152$523_Y $ternary$../rtl/core/rv32im_core.v:1116$440_Y [12] $xor$../rtl/core/rv32im_core.v:151$521_Y $xor$../rtl/core/rv32im_core.v:150$519_Y $ternary$../rtl/core/rv32im_core.v:1116$440_Y [11:9] $xor$../rtl/core/rv32im_core.v:152$517_Y $ternary$../rtl/core/rv32im_core.v:1116$440_Y [8] $xor$../rtl/core/rv32im_core.v:151$515_Y $xor$../rtl/core/rv32im_core.v:150$513_Y $ternary$../rtl/core/rv32im_core.v:1116$440_Y [7:5] $xor$../rtl/core/rv32im_core.v:152$511_Y $ternary$../rtl/core/rv32im_core.v:1116$440_Y [4] $xor$../rtl/core/rv32im_core.v:151$509_Y $xor$../rtl/core/rv32im_core.v:150$507_Y $ternary$../rtl/core/rv32im_core.v:1116$440_Y [3:1] $xor$../rtl/core/rv32im_core.v:152$505_Y $ternary$../rtl/core/rv32im_core.v:1116$440_Y [0] $xor$../rtl/core/rv32im_core.v:151$503_Y $xor$../rtl/core/rv32im_core.v:150$501_Y }, Q = \regfile_ecc[16]).
Adding EN signal on $procdff$13556 ($adff) from module rv32im_core (D = { $ternary$../rtl/core/rv32im_core.v:1116$440_Y [31:29] $xor$../rtl/core/rv32im_core.v:152$547_Y $ternary$../rtl/core/rv32im_core.v:1116$440_Y [28] $xor$../rtl/core/rv32im_core.v:151$545_Y $xor$../rtl/core/rv32im_core.v:150$543_Y $ternary$../rtl/core/rv32im_core.v:1116$440_Y [27:25] $xor$../rtl/core/rv32im_core.v:152$541_Y $ternary$../rtl/core/rv32im_core.v:1116$440_Y [24] $xor$../rtl/core/rv32im_core.v:151$539_Y $xor$../rtl/core/rv32im_core.v:150$537_Y $ternary$../rtl/core/rv32im_core.v:1116$440_Y [23:21] $xor$../rtl/core/rv32im_core.v:152$535_Y $ternary$../rtl/core/rv32im_core.v:1116$440_Y [20] $xor$../rtl/core/rv32im_core.v:151$533_Y $xor$../rtl/core/rv32im_core.v:150$531_Y $ternary$../rtl/core/rv32im_core.v:1116$440_Y [19:17] $xor$../rtl/core/rv32im_core.v:152$529_Y $ternary$../rtl/core/rv32im_core.v:1116$440_Y [16] $xor$../rtl/core/rv32im_core.v:151$527_Y $xor$../rtl/core/rv32im_core.v:150$525_Y $ternary$../rtl/core/rv32im_core.v:1116$440_Y [15:13] $xor$../rtl/core/rv32im_core.v:152$523_Y $ternary$../rtl/core/rv32im_core.v:1116$440_Y [12] $xor$../rtl/core/rv32im_core.v:151$521_Y $xor$../rtl/core/rv32im_core.v:150$519_Y $ternary$../rtl/core/rv32im_core.v:1116$440_Y [11:9] $xor$../rtl/core/rv32im_core.v:152$517_Y $ternary$../rtl/core/rv32im_core.v:1116$440_Y [8] $xor$../rtl/core/rv32im_core.v:151$515_Y $xor$../rtl/core/rv32im_core.v:150$513_Y $ternary$../rtl/core/rv32im_core.v:1116$440_Y [7:5] $xor$../rtl/core/rv32im_core.v:152$511_Y $ternary$../rtl/core/rv32im_core.v:1116$440_Y [4] $xor$../rtl/core/rv32im_core.v:151$509_Y $xor$../rtl/core/rv32im_core.v:150$507_Y $ternary$../rtl/core/rv32im_core.v:1116$440_Y [3:1] $xor$../rtl/core/rv32im_core.v:152$505_Y $ternary$../rtl/core/rv32im_core.v:1116$440_Y [0] $xor$../rtl/core/rv32im_core.v:151$503_Y $xor$../rtl/core/rv32im_core.v:150$501_Y }, Q = \regfile_ecc[5]).
Adding EN signal on $procdff$12901 ($dff) from module rv32im_core (D = \ifid_instr [11:7], Q = \idex_rd).
Adding EN signal on $procdff$12894 ($dff) from module rv32im_core (D = $procmux$12343_Y, Q = \idex_imm).
Adding EN signal on $procdff$12887 ($dff) from module rv32im_core (D = \regfile_read_ecc$func$../rtl/core/rv32im_core.v:370$5.$result [31:0], Q = \idex_rs2_val).
Adding SRST signal on $auto$ff.cc:337:slice$14473 ($dffe) from module rv32im_core (D = { $2\ham_decode$func$../rtl/core/rv32im_core.v:213$47.cc[6:0]$1255 [6:4] $2\ham_decode$func$../rtl/core/rv32im_core.v:213$47.cc[6:0]$1255 [2] $2\ham_decode$func$../rtl/core/rv32im_core.v:212$45.cc[6:0]$1229 [6:4] $2\ham_decode$func$../rtl/core/rv32im_core.v:212$45.cc[6:0]$1229 [2] $2\ham_decode$func$../rtl/core/rv32im_core.v:211$43.cc[6:0]$1203 [6:4] $2\ham_decode$func$../rtl/core/rv32im_core.v:211$43.cc[6:0]$1203 [2] $2\ham_decode$func$../rtl/core/rv32im_core.v:210$41.cc[6:0]$1177 [6:4] $2\ham_decode$func$../rtl/core/rv32im_core.v:210$41.cc[6:0]$1177 [2] $2\ham_decode$func$../rtl/core/rv32im_core.v:209$39.cc[6:0]$1151 [6:4] $2\ham_decode$func$../rtl/core/rv32im_core.v:209$39.cc[6:0]$1151 [2] $2\ham_decode$func$../rtl/core/rv32im_core.v:208$37.cc[6:0]$1125 [6:4] $2\ham_decode$func$../rtl/core/rv32im_core.v:208$37.cc[6:0]$1125 [2] $2\ham_decode$func$../rtl/core/rv32im_core.v:207$35.cc[6:0]$1099 [6:4] $2\ham_decode$func$../rtl/core/rv32im_core.v:207$35.cc[6:0]$1099 [2] $2\ham_decode$func$../rtl/core/rv32im_core.v:206$33.cc[6:0]$1073 [6:4] $2\ham_decode$func$../rtl/core/rv32im_core.v:206$33.cc[6:0]$1073 [2] }, Q = \idex_rs2_val, rval = 0).
Adding EN signal on $procdff$13661 ($adff) from module rv32im_core (D = { $ternary$../rtl/core/rv32im_core.v:1116$440_Y [31:29] $xor$../rtl/core/rv32im_core.v:152$547_Y $ternary$../rtl/core/rv32im_core.v:1116$440_Y [28] $xor$../rtl/core/rv32im_core.v:151$545_Y $xor$../rtl/core/rv32im_core.v:150$543_Y $ternary$../rtl/core/rv32im_core.v:1116$440_Y [27:25] $xor$../rtl/core/rv32im_core.v:152$541_Y $ternary$../rtl/core/rv32im_core.v:1116$440_Y [24] $xor$../rtl/core/rv32im_core.v:151$539_Y $xor$../rtl/core/rv32im_core.v:150$537_Y $ternary$../rtl/core/rv32im_core.v:1116$440_Y [23:21] $xor$../rtl/core/rv32im_core.v:152$535_Y $ternary$../rtl/core/rv32im_core.v:1116$440_Y [20] $xor$../rtl/core/rv32im_core.v:151$533_Y $xor$../rtl/core/rv32im_core.v:150$531_Y $ternary$../rtl/core/rv32im_core.v:1116$440_Y [19:17] $xor$../rtl/core/rv32im_core.v:152$529_Y $ternary$../rtl/core/rv32im_core.v:1116$440_Y [16] $xor$../rtl/core/rv32im_core.v:151$527_Y $xor$../rtl/core/rv32im_core.v:150$525_Y $ternary$../rtl/core/rv32im_core.v:1116$440_Y [15:13] $xor$../rtl/core/rv32im_core.v:152$523_Y $ternary$../rtl/core/rv32im_core.v:1116$440_Y [12] $xor$../rtl/core/rv32im_core.v:151$521_Y $xor$../rtl/core/rv32im_core.v:150$519_Y $ternary$../rtl/core/rv32im_core.v:1116$440_Y [11:9] $xor$../rtl/core/rv32im_core.v:152$517_Y $ternary$../rtl/core/rv32im_core.v:1116$440_Y [8] $xor$../rtl/core/rv32im_core.v:151$515_Y $xor$../rtl/core/rv32im_core.v:150$513_Y $ternary$../rtl/core/rv32im_core.v:1116$440_Y [7:5] $xor$../rtl/core/rv32im_core.v:152$511_Y $ternary$../rtl/core/rv32im_core.v:1116$440_Y [4] $xor$../rtl/core/rv32im_core.v:151$509_Y $xor$../rtl/core/rv32im_core.v:150$507_Y $ternary$../rtl/core/rv32im_core.v:1116$440_Y [3:1] $xor$../rtl/core/rv32im_core.v:152$505_Y $ternary$../rtl/core/rv32im_core.v:1116$440_Y [0] $xor$../rtl/core/rv32im_core.v:151$503_Y $xor$../rtl/core/rv32im_core.v:150$501_Y }, Q = \regfile_ecc[26]).
Adding EN signal on $procdff$13236 ($dff) from module rv32im_core (D = $0\mdu_neg_result[0:0], Q = \mdu_neg_result).
Adding EN signal on $procdff$12880 ($dff) from module rv32im_core (D = \regfile_read_ecc$func$../rtl/core/rv32im_core.v:369$4.$result [31:0], Q = \idex_rs1_val).
Adding SRST signal on $auto$ff.cc:337:slice$14483 ($dffe) from module rv32im_core (D = { $2\ham_decode$func$../rtl/core/rv32im_core.v:213$30.cc[6:0]$895 [6:4] $2\ham_decode$func$../rtl/core/rv32im_core.v:213$30.cc[6:0]$895 [2] $2\ham_decode$func$../rtl/core/rv32im_core.v:212$28.cc[6:0]$869 [6:4] $2\ham_decode$func$../rtl/core/rv32im_core.v:212$28.cc[6:0]$869 [2] $2\ham_decode$func$../rtl/core/rv32im_core.v:211$26.cc[6:0]$843 [6:4] $2\ham_decode$func$../rtl/core/rv32im_core.v:211$26.cc[6:0]$843 [2] $2\ham_decode$func$../rtl/core/rv32im_core.v:210$24.cc[6:0]$817 [6:4] $2\ham_decode$func$../rtl/core/rv32im_core.v:210$24.cc[6:0]$817 [2] $2\ham_decode$func$../rtl/core/rv32im_core.v:209$22.cc[6:0]$791 [6:4] $2\ham_decode$func$../rtl/core/rv32im_core.v:209$22.cc[6:0]$791 [2] $2\ham_decode$func$../rtl/core/rv32im_core.v:208$20.cc[6:0]$765 [6:4] $2\ham_decode$func$../rtl/core/rv32im_core.v:208$20.cc[6:0]$765 [2] $2\ham_decode$func$../rtl/core/rv32im_core.v:207$18.cc[6:0]$739 [6:4] $2\ham_decode$func$../rtl/core/rv32im_core.v:207$18.cc[6:0]$739 [2] $2\ham_decode$func$../rtl/core/rv32im_core.v:206$16.cc[6:0]$713 [6:4] $2\ham_decode$func$../rtl/core/rv32im_core.v:206$16.cc[6:0]$713 [2] }, Q = \idex_rs1_val, rval = 0).
Adding EN signal on $procdff$13566 ($adff) from module rv32im_core (D = { $ternary$../rtl/core/rv32im_core.v:1116$440_Y [31:29] $xor$../rtl/core/rv32im_core.v:152$547_Y $ternary$../rtl/core/rv32im_core.v:1116$440_Y [28] $xor$../rtl/core/rv32im_core.v:151$545_Y $xor$../rtl/core/rv32im_core.v:150$543_Y $ternary$../rtl/core/rv32im_core.v:1116$440_Y [27:25] $xor$../rtl/core/rv32im_core.v:152$541_Y $ternary$../rtl/core/rv32im_core.v:1116$440_Y [24] $xor$../rtl/core/rv32im_core.v:151$539_Y $xor$../rtl/core/rv32im_core.v:150$537_Y $ternary$../rtl/core/rv32im_core.v:1116$440_Y [23:21] $xor$../rtl/core/rv32im_core.v:152$535_Y $ternary$../rtl/core/rv32im_core.v:1116$440_Y [20] $xor$../rtl/core/rv32im_core.v:151$533_Y $xor$../rtl/core/rv32im_core.v:150$531_Y $ternary$../rtl/core/rv32im_core.v:1116$440_Y [19:17] $xor$../rtl/core/rv32im_core.v:152$529_Y $ternary$../rtl/core/rv32im_core.v:1116$440_Y [16] $xor$../rtl/core/rv32im_core.v:151$527_Y $xor$../rtl/core/rv32im_core.v:150$525_Y $ternary$../rtl/core/rv32im_core.v:1116$440_Y [15:13] $xor$../rtl/core/rv32im_core.v:152$523_Y $ternary$../rtl/core/rv32im_core.v:1116$440_Y [12] $xor$../rtl/core/rv32im_core.v:151$521_Y $xor$../rtl/core/rv32im_core.v:150$519_Y $ternary$../rtl/core/rv32im_core.v:1116$440_Y [11:9] $xor$../rtl/core/rv32im_core.v:152$517_Y $ternary$../rtl/core/rv32im_core.v:1116$440_Y [8] $xor$../rtl/core/rv32im_core.v:151$515_Y $xor$../rtl/core/rv32im_core.v:150$513_Y $ternary$../rtl/core/rv32im_core.v:1116$440_Y [7:5] $xor$../rtl/core/rv32im_core.v:152$511_Y $ternary$../rtl/core/rv32im_core.v:1116$440_Y [4] $xor$../rtl/core/rv32im_core.v:151$509_Y $xor$../rtl/core/rv32im_core.v:150$507_Y $ternary$../rtl/core/rv32im_core.v:1116$440_Y [3:1] $xor$../rtl/core/rv32im_core.v:152$505_Y $ternary$../rtl/core/rv32im_core.v:1116$440_Y [0] $xor$../rtl/core/rv32im_core.v:151$503_Y $xor$../rtl/core/rv32im_core.v:150$501_Y }, Q = \regfile_ecc[7]).
Adding EN signal on $procdff$12873 ($dff) from module rv32im_core (D = \ifid_instr, Q = \idex_instr).
Adding EN signal on $procdff$13215 ($dff) from module rv32im_core (D = \fwd_rs1, Q = \mdu_a).
Adding EN signal on $procdff$12866 ($dff) from module rv32im_core (D = \ifid_pc, Q = \idex_pc).
Adding EN signal on $procdff$13546 ($adff) from module rv32im_core (D = { $ternary$../rtl/core/rv32im_core.v:1116$440_Y [31:29] $xor$../rtl/core/rv32im_core.v:152$547_Y $ternary$../rtl/core/rv32im_core.v:1116$440_Y [28] $xor$../rtl/core/rv32im_core.v:151$545_Y $xor$../rtl/core/rv32im_core.v:150$543_Y $ternary$../rtl/core/rv32im_core.v:1116$440_Y [27:25] $xor$../rtl/core/rv32im_core.v:152$541_Y $ternary$../rtl/core/rv32im_core.v:1116$440_Y [24] $xor$../rtl/core/rv32im_core.v:151$539_Y $xor$../rtl/core/rv32im_core.v:150$537_Y $ternary$../rtl/core/rv32im_core.v:1116$440_Y [23:21] $xor$../rtl/core/rv32im_core.v:152$535_Y $ternary$../rtl/core/rv32im_core.v:1116$440_Y [20] $xor$../rtl/core/rv32im_core.v:151$533_Y $xor$../rtl/core/rv32im_core.v:150$531_Y $ternary$../rtl/core/rv32im_core.v:1116$440_Y [19:17] $xor$../rtl/core/rv32im_core.v:152$529_Y $ternary$../rtl/core/rv32im_core.v:1116$440_Y [16] $xor$../rtl/core/rv32im_core.v:151$527_Y $xor$../rtl/core/rv32im_core.v:150$525_Y $ternary$../rtl/core/rv32im_core.v:1116$440_Y [15:13] $xor$../rtl/core/rv32im_core.v:152$523_Y $ternary$../rtl/core/rv32im_core.v:1116$440_Y [12] $xor$../rtl/core/rv32im_core.v:151$521_Y $xor$../rtl/core/rv32im_core.v:150$519_Y $ternary$../rtl/core/rv32im_core.v:1116$440_Y [11:9] $xor$../rtl/core/rv32im_core.v:152$517_Y $ternary$../rtl/core/rv32im_core.v:1116$440_Y [8] $xor$../rtl/core/rv32im_core.v:151$515_Y $xor$../rtl/core/rv32im_core.v:150$513_Y $ternary$../rtl/core/rv32im_core.v:1116$440_Y [7:5] $xor$../rtl/core/rv32im_core.v:152$511_Y $ternary$../rtl/core/rv32im_core.v:1116$440_Y [4] $xor$../rtl/core/rv32im_core.v:151$509_Y $xor$../rtl/core/rv32im_core.v:150$507_Y $ternary$../rtl/core/rv32im_core.v:1116$440_Y [3:1] $xor$../rtl/core/rv32im_core.v:152$505_Y $ternary$../rtl/core/rv32im_core.v:1116$440_Y [0] $xor$../rtl/core/rv32im_core.v:151$503_Y $xor$../rtl/core/rv32im_core.v:150$501_Y }, Q = \regfile_ecc[3]).
Adding EN signal on $procdff$13142 ($dff) from module rv32im_core (D = \csr_rdata, Q = \exmem_csr_result).
Adding EN signal on $procdff$12854 ($adff) from module rv32im_core (D = \imem_rdata, Q = \ifid_instr).
Adding EN signal on $procdff$13631 ($adff) from module rv32im_core (D = { $ternary$../rtl/core/rv32im_core.v:1116$440_Y [31:29] $xor$../rtl/core/rv32im_core.v:152$547_Y $ternary$../rtl/core/rv32im_core.v:1116$440_Y [28] $xor$../rtl/core/rv32im_core.v:151$545_Y $xor$../rtl/core/rv32im_core.v:150$543_Y $ternary$../rtl/core/rv32im_core.v:1116$440_Y [27:25] $xor$../rtl/core/rv32im_core.v:152$541_Y $ternary$../rtl/core/rv32im_core.v:1116$440_Y [24] $xor$../rtl/core/rv32im_core.v:151$539_Y $xor$../rtl/core/rv32im_core.v:150$537_Y $ternary$../rtl/core/rv32im_core.v:1116$440_Y [23:21] $xor$../rtl/core/rv32im_core.v:152$535_Y $ternary$../rtl/core/rv32im_core.v:1116$440_Y [20] $xor$../rtl/core/rv32im_core.v:151$533_Y $xor$../rtl/core/rv32im_core.v:150$531_Y $ternary$../rtl/core/rv32im_core.v:1116$440_Y [19:17] $xor$../rtl/core/rv32im_core.v:152$529_Y $ternary$../rtl/core/rv32im_core.v:1116$440_Y [16] $xor$../rtl/core/rv32im_core.v:151$527_Y $xor$../rtl/core/rv32im_core.v:150$525_Y $ternary$../rtl/core/rv32im_core.v:1116$440_Y [15:13] $xor$../rtl/core/rv32im_core.v:152$523_Y $ternary$../rtl/core/rv32im_core.v:1116$440_Y [12] $xor$../rtl/core/rv32im_core.v:151$521_Y $xor$../rtl/core/rv32im_core.v:150$519_Y $ternary$../rtl/core/rv32im_core.v:1116$440_Y [11:9] $xor$../rtl/core/rv32im_core.v:152$517_Y $ternary$../rtl/core/rv32im_core.v:1116$440_Y [8] $xor$../rtl/core/rv32im_core.v:151$515_Y $xor$../rtl/core/rv32im_core.v:150$513_Y $ternary$../rtl/core/rv32im_core.v:1116$440_Y [7:5] $xor$../rtl/core/rv32im_core.v:152$511_Y $ternary$../rtl/core/rv32im_core.v:1116$440_Y [4] $xor$../rtl/core/rv32im_core.v:151$509_Y $xor$../rtl/core/rv32im_core.v:150$507_Y $ternary$../rtl/core/rv32im_core.v:1116$440_Y [3:1] $xor$../rtl/core/rv32im_core.v:152$505_Y $ternary$../rtl/core/rv32im_core.v:1116$440_Y [0] $xor$../rtl/core/rv32im_core.v:151$503_Y $xor$../rtl/core/rv32im_core.v:150$501_Y }, Q = \regfile_ecc[20]).
Adding EN signal on $procdff$12849 ($adff) from module rv32im_core (D = \pc, Q = \ifid_pc).
Adding EN signal on $procdff$13606 ($adff) from module rv32im_core (D = { $ternary$../rtl/core/rv32im_core.v:1116$440_Y [31:29] $xor$../rtl/core/rv32im_core.v:152$547_Y $ternary$../rtl/core/rv32im_core.v:1116$440_Y [28] $xor$../rtl/core/rv32im_core.v:151$545_Y $xor$../rtl/core/rv32im_core.v:150$543_Y $ternary$../rtl/core/rv32im_core.v:1116$440_Y [27:25] $xor$../rtl/core/rv32im_core.v:152$541_Y $ternary$../rtl/core/rv32im_core.v:1116$440_Y [24] $xor$../rtl/core/rv32im_core.v:151$539_Y $xor$../rtl/core/rv32im_core.v:150$537_Y $ternary$../rtl/core/rv32im_core.v:1116$440_Y [23:21] $xor$../rtl/core/rv32im_core.v:152$535_Y $ternary$../rtl/core/rv32im_core.v:1116$440_Y [20] $xor$../rtl/core/rv32im_core.v:151$533_Y $xor$../rtl/core/rv32im_core.v:150$531_Y $ternary$../rtl/core/rv32im_core.v:1116$440_Y [19:17] $xor$../rtl/core/rv32im_core.v:152$529_Y $ternary$../rtl/core/rv32im_core.v:1116$440_Y [16] $xor$../rtl/core/rv32im_core.v:151$527_Y $xor$../rtl/core/rv32im_core.v:150$525_Y $ternary$../rtl/core/rv32im_core.v:1116$440_Y [15:13] $xor$../rtl/core/rv32im_core.v:152$523_Y $ternary$../rtl/core/rv32im_core.v:1116$440_Y [12] $xor$../rtl/core/rv32im_core.v:151$521_Y $xor$../rtl/core/rv32im_core.v:150$519_Y $ternary$../rtl/core/rv32im_core.v:1116$440_Y [11:9] $xor$../rtl/core/rv32im_core.v:152$517_Y $ternary$../rtl/core/rv32im_core.v:1116$440_Y [8] $xor$../rtl/core/rv32im_core.v:151$515_Y $xor$../rtl/core/rv32im_core.v:150$513_Y $ternary$../rtl/core/rv32im_core.v:1116$440_Y [7:5] $xor$../rtl/core/rv32im_core.v:152$511_Y $ternary$../rtl/core/rv32im_core.v:1116$440_Y [4] $xor$../rtl/core/rv32im_core.v:151$509_Y $xor$../rtl/core/rv32im_core.v:150$507_Y $ternary$../rtl/core/rv32im_core.v:1116$440_Y [3:1] $xor$../rtl/core/rv32im_core.v:152$505_Y $ternary$../rtl/core/rv32im_core.v:1116$440_Y [0] $xor$../rtl/core/rv32im_core.v:151$503_Y $xor$../rtl/core/rv32im_core.v:150$501_Y }, Q = \regfile_ecc[15]).
Adding EN signal on $procdff$12844 ($adff) from module rv32im_core (D = $4$unnamed_block$2.csr_wdata[31:0]$350 [23:0], Q = \csr_wdt_reload).
Adding EN signal on $procdff$13135 ($dff) from module rv32im_core (D = \idex_csr_en, Q = \exmem_csr_en).
Adding EN signal on $procdff$12839 ($adff) from module rv32im_core (D = $4$unnamed_block$2.csr_wdata[31:0]$350, Q = \csr_pc_max).
Adding EN signal on $procdff$12834 ($adff) from module rv32im_core (D = $4$unnamed_block$2.csr_wdata[31:0]$350, Q = \csr_pc_min).
Adding EN signal on $procdff$13333 ($dff) from module rv32im_core (D = $procmux$11471_Y, Q = \dmem_pending_wdata).
Adding EN signal on $procdff$12829 ($adff) from module rv32im_core (D = $add$../rtl/core/rv32im_core.v:1119$548_Y, Q = \csr_minstret).
Adding EN signal on $procdff$13646 ($adff) from module rv32im_core (D = { $ternary$../rtl/core/rv32im_core.v:1116$440_Y [31:29] $xor$../rtl/core/rv32im_core.v:152$547_Y $ternary$../rtl/core/rv32im_core.v:1116$440_Y [28] $xor$../rtl/core/rv32im_core.v:151$545_Y $xor$../rtl/core/rv32im_core.v:150$543_Y $ternary$../rtl/core/rv32im_core.v:1116$440_Y [27:25] $xor$../rtl/core/rv32im_core.v:152$541_Y $ternary$../rtl/core/rv32im_core.v:1116$440_Y [24] $xor$../rtl/core/rv32im_core.v:151$539_Y $xor$../rtl/core/rv32im_core.v:150$537_Y $ternary$../rtl/core/rv32im_core.v:1116$440_Y [23:21] $xor$../rtl/core/rv32im_core.v:152$535_Y $ternary$../rtl/core/rv32im_core.v:1116$440_Y [20] $xor$../rtl/core/rv32im_core.v:151$533_Y $xor$../rtl/core/rv32im_core.v:150$531_Y $ternary$../rtl/core/rv32im_core.v:1116$440_Y [19:17] $xor$../rtl/core/rv32im_core.v:152$529_Y $ternary$../rtl/core/rv32im_core.v:1116$440_Y [16] $xor$../rtl/core/rv32im_core.v:151$527_Y $xor$../rtl/core/rv32im_core.v:150$525_Y $ternary$../rtl/core/rv32im_core.v:1116$440_Y [15:13] $xor$../rtl/core/rv32im_core.v:152$523_Y $ternary$../rtl/core/rv32im_core.v:1116$440_Y [12] $xor$../rtl/core/rv32im_core.v:151$521_Y $xor$../rtl/core/rv32im_core.v:150$519_Y $ternary$../rtl/core/rv32im_core.v:1116$440_Y [11:9] $xor$../rtl/core/rv32im_core.v:152$517_Y $ternary$../rtl/core/rv32im_core.v:1116$440_Y [8] $xor$../rtl/core/rv32im_core.v:151$515_Y $xor$../rtl/core/rv32im_core.v:150$513_Y $ternary$../rtl/core/rv32im_core.v:1116$440_Y [7:5] $xor$../rtl/core/rv32im_core.v:152$511_Y $ternary$../rtl/core/rv32im_core.v:1116$440_Y [4] $xor$../rtl/core/rv32im_core.v:151$509_Y $xor$../rtl/core/rv32im_core.v:150$507_Y $ternary$../rtl/core/rv32im_core.v:1116$440_Y [3:1] $xor$../rtl/core/rv32im_core.v:152$505_Y $ternary$../rtl/core/rv32im_core.v:1116$440_Y [0] $xor$../rtl/core/rv32im_core.v:151$503_Y $xor$../rtl/core/rv32im_core.v:150$501_Y }, Q = \regfile_ecc[23]).
Adding EN signal on $procdff$13340 ($dff) from module rv32im_core (D = $ternary$../rtl/core/rv32im_core.v:1013$366_Y, Q = \dmem_pending_strb).
Adding EN signal on $procdff$13128 ($adff) from module rv32im_core (D = $0\exmem_valid[0:0], Q = \exmem_valid).
Adding EN signal on $procdff$12819 ($adff) from module rv32im_core (D = { \csr_mip [31:12] \csr_mip [10:8] \csr_mip [6:4] \csr_mip [2:0] }, Q = { \csr_mip [31:12] \csr_mip [10:8] \csr_mip [6:4] \csr_mip [2:0] }).
Handling D = Q on $auto$ff.cc:337:slice$14552 ($adffe) from module rv32im_core (removing D path).
Adding EN signal on $procdff$13651 ($adff) from module rv32im_core (D = { $ternary$../rtl/core/rv32im_core.v:1116$440_Y [31:29] $xor$../rtl/core/rv32im_core.v:152$547_Y $ternary$../rtl/core/rv32im_core.v:1116$440_Y [28] $xor$../rtl/core/rv32im_core.v:151$545_Y $xor$../rtl/core/rv32im_core.v:150$543_Y $ternary$../rtl/core/rv32im_core.v:1116$440_Y [27:25] $xor$../rtl/core/rv32im_core.v:152$541_Y $ternary$../rtl/core/rv32im_core.v:1116$440_Y [24] $xor$../rtl/core/rv32im_core.v:151$539_Y $xor$../rtl/core/rv32im_core.v:150$537_Y $ternary$../rtl/core/rv32im_core.v:1116$440_Y [23:21] $xor$../rtl/core/rv32im_core.v:152$535_Y $ternary$../rtl/core/rv32im_core.v:1116$440_Y [20] $xor$../rtl/core/rv32im_core.v:151$533_Y $xor$../rtl/core/rv32im_core.v:150$531_Y $ternary$../rtl/core/rv32im_core.v:1116$440_Y [19:17] $xor$../rtl/core/rv32im_core.v:152$529_Y $ternary$../rtl/core/rv32im_core.v:1116$440_Y [16] $xor$../rtl/core/rv32im_core.v:151$527_Y $xor$../rtl/core/rv32im_core.v:150$525_Y $ternary$../rtl/core/rv32im_core.v:1116$440_Y [15:13] $xor$../rtl/core/rv32im_core.v:152$523_Y $ternary$../rtl/core/rv32im_core.v:1116$440_Y [12] $xor$../rtl/core/rv32im_core.v:151$521_Y $xor$../rtl/core/rv32im_core.v:150$519_Y $ternary$../rtl/core/rv32im_core.v:1116$440_Y [11:9] $xor$../rtl/core/rv32im_core.v:152$517_Y $ternary$../rtl/core/rv32im_core.v:1116$440_Y [8] $xor$../rtl/core/rv32im_core.v:151$515_Y $xor$../rtl/core/rv32im_core.v:150$513_Y $ternary$../rtl/core/rv32im_core.v:1116$440_Y [7:5] $xor$../rtl/core/rv32im_core.v:152$511_Y $ternary$../rtl/core/rv32im_core.v:1116$440_Y [4] $xor$../rtl/core/rv32im_core.v:151$509_Y $xor$../rtl/core/rv32im_core.v:150$507_Y $ternary$../rtl/core/rv32im_core.v:1116$440_Y [3:1] $xor$../rtl/core/rv32im_core.v:152$505_Y $ternary$../rtl/core/rv32im_core.v:1116$440_Y [0] $xor$../rtl/core/rv32im_core.v:151$503_Y $xor$../rtl/core/rv32im_core.v:150$501_Y }, Q = \regfile_ecc[24]).
Adding EN signal on $procdff$13551 ($adff) from module rv32im_core (D = { $ternary$../rtl/core/rv32im_core.v:1116$440_Y [31:29] $xor$../rtl/core/rv32im_core.v:152$547_Y $ternary$../rtl/core/rv32im_core.v:1116$440_Y [28] $xor$../rtl/core/rv32im_core.v:151$545_Y $xor$../rtl/core/rv32im_core.v:150$543_Y $ternary$../rtl/core/rv32im_core.v:1116$440_Y [27:25] $xor$../rtl/core/rv32im_core.v:152$541_Y $ternary$../rtl/core/rv32im_core.v:1116$440_Y [24] $xor$../rtl/core/rv32im_core.v:151$539_Y $xor$../rtl/core/rv32im_core.v:150$537_Y $ternary$../rtl/core/rv32im_core.v:1116$440_Y [23:21] $xor$../rtl/core/rv32im_core.v:152$535_Y $ternary$../rtl/core/rv32im_core.v:1116$440_Y [20] $xor$../rtl/core/rv32im_core.v:151$533_Y $xor$../rtl/core/rv32im_core.v:150$531_Y $ternary$../rtl/core/rv32im_core.v:1116$440_Y [19:17] $xor$../rtl/core/rv32im_core.v:152$529_Y $ternary$../rtl/core/rv32im_core.v:1116$440_Y [16] $xor$../rtl/core/rv32im_core.v:151$527_Y $xor$../rtl/core/rv32im_core.v:150$525_Y $ternary$../rtl/core/rv32im_core.v:1116$440_Y [15:13] $xor$../rtl/core/rv32im_core.v:152$523_Y $ternary$../rtl/core/rv32im_core.v:1116$440_Y [12] $xor$../rtl/core/rv32im_core.v:151$521_Y $xor$../rtl/core/rv32im_core.v:150$519_Y $ternary$../rtl/core/rv32im_core.v:1116$440_Y [11:9] $xor$../rtl/core/rv32im_core.v:152$517_Y $ternary$../rtl/core/rv32im_core.v:1116$440_Y [8] $xor$../rtl/core/rv32im_core.v:151$515_Y $xor$../rtl/core/rv32im_core.v:150$513_Y $ternary$../rtl/core/rv32im_core.v:1116$440_Y [7:5] $xor$../rtl/core/rv32im_core.v:152$511_Y $ternary$../rtl/core/rv32im_core.v:1116$440_Y [4] $xor$../rtl/core/rv32im_core.v:151$509_Y $xor$../rtl/core/rv32im_core.v:150$507_Y $ternary$../rtl/core/rv32im_core.v:1116$440_Y [3:1] $xor$../rtl/core/rv32im_core.v:152$505_Y $ternary$../rtl/core/rv32im_core.v:1116$440_Y [0] $xor$../rtl/core/rv32im_core.v:151$503_Y $xor$../rtl/core/rv32im_core.v:150$501_Y }, Q = \regfile_ecc[4]).
Adding EN signal on $procdff$13123 ($dff) from module rv32im_core (D = $procmux$11849_Y, Q = \exmem_branch_target).
Adding EN signal on $procdff$12804 ($adff) from module rv32im_core (D = $4$unnamed_block$2.csr_wdata[31:0]$350, Q = \csr_mscratch).
Adding EN signal on $procdff$13601 ($adff) from module rv32im_core (D = { $ternary$../rtl/core/rv32im_core.v:1116$440_Y [31:29] $xor$../rtl/core/rv32im_core.v:152$547_Y $ternary$../rtl/core/rv32im_core.v:1116$440_Y [28] $xor$../rtl/core/rv32im_core.v:151$545_Y $xor$../rtl/core/rv32im_core.v:150$543_Y $ternary$../rtl/core/rv32im_core.v:1116$440_Y [27:25] $xor$../rtl/core/rv32im_core.v:152$541_Y $ternary$../rtl/core/rv32im_core.v:1116$440_Y [24] $xor$../rtl/core/rv32im_core.v:151$539_Y $xor$../rtl/core/rv32im_core.v:150$537_Y $ternary$../rtl/core/rv32im_core.v:1116$440_Y [23:21] $xor$../rtl/core/rv32im_core.v:152$535_Y $ternary$../rtl/core/rv32im_core.v:1116$440_Y [20] $xor$../rtl/core/rv32im_core.v:151$533_Y $xor$../rtl/core/rv32im_core.v:150$531_Y $ternary$../rtl/core/rv32im_core.v:1116$440_Y [19:17] $xor$../rtl/core/rv32im_core.v:152$529_Y $ternary$../rtl/core/rv32im_core.v:1116$440_Y [16] $xor$../rtl/core/rv32im_core.v:151$527_Y $xor$../rtl/core/rv32im_core.v:150$525_Y $ternary$../rtl/core/rv32im_core.v:1116$440_Y [15:13] $xor$../rtl/core/rv32im_core.v:152$523_Y $ternary$../rtl/core/rv32im_core.v:1116$440_Y [12] $xor$../rtl/core/rv32im_core.v:151$521_Y $xor$../rtl/core/rv32im_core.v:150$519_Y $ternary$../rtl/core/rv32im_core.v:1116$440_Y [11:9] $xor$../rtl/core/rv32im_core.v:152$517_Y $ternary$../rtl/core/rv32im_core.v:1116$440_Y [8] $xor$../rtl/core/rv32im_core.v:151$515_Y $xor$../rtl/core/rv32im_core.v:150$513_Y $ternary$../rtl/core/rv32im_core.v:1116$440_Y [7:5] $xor$../rtl/core/rv32im_core.v:152$511_Y $ternary$../rtl/core/rv32im_core.v:1116$440_Y [4] $xor$../rtl/core/rv32im_core.v:151$509_Y $xor$../rtl/core/rv32im_core.v:150$507_Y $ternary$../rtl/core/rv32im_core.v:1116$440_Y [3:1] $xor$../rtl/core/rv32im_core.v:152$505_Y $ternary$../rtl/core/rv32im_core.v:1116$440_Y [0] $xor$../rtl/core/rv32im_core.v:151$503_Y $xor$../rtl/core/rv32im_core.v:150$501_Y }, Q = \regfile_ecc[14]).
Adding EN signal on $procdff$13586 ($adff) from module rv32im_core (D = { $ternary$../rtl/core/rv32im_core.v:1116$440_Y [31:29] $xor$../rtl/core/rv32im_core.v:152$547_Y $ternary$../rtl/core/rv32im_core.v:1116$440_Y [28] $xor$../rtl/core/rv32im_core.v:151$545_Y $xor$../rtl/core/rv32im_core.v:150$543_Y $ternary$../rtl/core/rv32im_core.v:1116$440_Y [27:25] $xor$../rtl/core/rv32im_core.v:152$541_Y $ternary$../rtl/core/rv32im_core.v:1116$440_Y [24] $xor$../rtl/core/rv32im_core.v:151$539_Y $xor$../rtl/core/rv32im_core.v:150$537_Y $ternary$../rtl/core/rv32im_core.v:1116$440_Y [23:21] $xor$../rtl/core/rv32im_core.v:152$535_Y $ternary$../rtl/core/rv32im_core.v:1116$440_Y [20] $xor$../rtl/core/rv32im_core.v:151$533_Y $xor$../rtl/core/rv32im_core.v:150$531_Y $ternary$../rtl/core/rv32im_core.v:1116$440_Y [19:17] $xor$../rtl/core/rv32im_core.v:152$529_Y $ternary$../rtl/core/rv32im_core.v:1116$440_Y [16] $xor$../rtl/core/rv32im_core.v:151$527_Y $xor$../rtl/core/rv32im_core.v:150$525_Y $ternary$../rtl/core/rv32im_core.v:1116$440_Y [15:13] $xor$../rtl/core/rv32im_core.v:152$523_Y $ternary$../rtl/core/rv32im_core.v:1116$440_Y [12] $xor$../rtl/core/rv32im_core.v:151$521_Y $xor$../rtl/core/rv32im_core.v:150$519_Y $ternary$../rtl/core/rv32im_core.v:1116$440_Y [11:9] $xor$../rtl/core/rv32im_core.v:152$517_Y $ternary$../rtl/core/rv32im_core.v:1116$440_Y [8] $xor$../rtl/core/rv32im_core.v:151$515_Y $xor$../rtl/core/rv32im_core.v:150$513_Y $ternary$../rtl/core/rv32im_core.v:1116$440_Y [7:5] $xor$../rtl/core/rv32im_core.v:152$511_Y $ternary$../rtl/core/rv32im_core.v:1116$440_Y [4] $xor$../rtl/core/rv32im_core.v:151$509_Y $xor$../rtl/core/rv32im_core.v:150$507_Y $ternary$../rtl/core/rv32im_core.v:1116$440_Y [3:1] $xor$../rtl/core/rv32im_core.v:152$505_Y $ternary$../rtl/core/rv32im_core.v:1116$440_Y [0] $xor$../rtl/core/rv32im_core.v:151$503_Y $xor$../rtl/core/rv32im_core.v:150$501_Y }, Q = \regfile_ecc[11]).
Adding EN signal on $procdff$12794 ($adff) from module rv32im_core (D = $4$unnamed_block$2.csr_wdata[31:0]$350, Q = \csr_mie).
Adding EN signal on $procdff$13208 ($dff) from module rv32im_core (D = $0\mdu_acc[63:0], Q = \mdu_acc).
Adding EN signal on $procdff$12789 ($adff) from module rv32im_core (D = { $4$unnamed_block$2.csr_wdata[31:0]$350 [31:8] $4$unnamed_block$2.csr_wdata[31:0]$350 [6:4] $4$unnamed_block$2.csr_wdata[31:0]$350 [2:0] }, Q = { \csr_mstatus [31:8] \csr_mstatus [6:4] \csr_mstatus [2:0] }).
Adding EN signal on $procdff$13116 ($dff) from module rv32im_core (D = $procmux$11867_Y, Q = \exmem_branch_taken).
Adding SRST signal on $auto$ff.cc:337:slice$14588 ($dffe) from module rv32im_core (D = $procmux$11861_Y, Q = \exmem_branch_taken, rval = 1'1).
Adding EN signal on $procdff$12784 ($adff) from module rv32im_core (D = \fwd_rs2, Q = \custom_rs2).
Adding EN signal on $procdff$12779 ($adff) from module rv32im_core (D = \fwd_rs1, Q = \custom_rs1).
Adding EN signal on $procdff$12774 ($adff) from module rv32im_core (D = \idex_instr, Q = \custom_instr).
Adding EN signal on $procdff$13109 ($dff) from module rv32im_core (D = \idex_mem_to_reg, Q = \exmem_mem_to_reg).
Adding EN signal on $procdff$12764 ($adff) from module rv32im_core (D = $procmux$12524_Y, Q = \dmem_rready).
Adding EN signal on $procdff$12759 ($adff) from module rv32im_core (D = $procmux$12535_Y, Q = \dmem_arvalid).
Adding EN signal on $procdff$13596 ($adff) from module rv32im_core (D = { $ternary$../rtl/core/rv32im_core.v:1116$440_Y [31:29] $xor$../rtl/core/rv32im_core.v:152$547_Y $ternary$../rtl/core/rv32im_core.v:1116$440_Y [28] $xor$../rtl/core/rv32im_core.v:151$545_Y $xor$../rtl/core/rv32im_core.v:150$543_Y $ternary$../rtl/core/rv32im_core.v:1116$440_Y [27:25] $xor$../rtl/core/rv32im_core.v:152$541_Y $ternary$../rtl/core/rv32im_core.v:1116$440_Y [24] $xor$../rtl/core/rv32im_core.v:151$539_Y $xor$../rtl/core/rv32im_core.v:150$537_Y $ternary$../rtl/core/rv32im_core.v:1116$440_Y [23:21] $xor$../rtl/core/rv32im_core.v:152$535_Y $ternary$../rtl/core/rv32im_core.v:1116$440_Y [20] $xor$../rtl/core/rv32im_core.v:151$533_Y $xor$../rtl/core/rv32im_core.v:150$531_Y $ternary$../rtl/core/rv32im_core.v:1116$440_Y [19:17] $xor$../rtl/core/rv32im_core.v:152$529_Y $ternary$../rtl/core/rv32im_core.v:1116$440_Y [16] $xor$../rtl/core/rv32im_core.v:151$527_Y $xor$../rtl/core/rv32im_core.v:150$525_Y $ternary$../rtl/core/rv32im_core.v:1116$440_Y [15:13] $xor$../rtl/core/rv32im_core.v:152$523_Y $ternary$../rtl/core/rv32im_core.v:1116$440_Y [12] $xor$../rtl/core/rv32im_core.v:151$521_Y $xor$../rtl/core/rv32im_core.v:150$519_Y $ternary$../rtl/core/rv32im_core.v:1116$440_Y [11:9] $xor$../rtl/core/rv32im_core.v:152$517_Y $ternary$../rtl/core/rv32im_core.v:1116$440_Y [8] $xor$../rtl/core/rv32im_core.v:151$515_Y $xor$../rtl/core/rv32im_core.v:150$513_Y $ternary$../rtl/core/rv32im_core.v:1116$440_Y [7:5] $xor$../rtl/core/rv32im_core.v:152$511_Y $ternary$../rtl/core/rv32im_core.v:1116$440_Y [4] $xor$../rtl/core/rv32im_core.v:151$509_Y $xor$../rtl/core/rv32im_core.v:150$507_Y $ternary$../rtl/core/rv32im_core.v:1116$440_Y [3:1] $xor$../rtl/core/rv32im_core.v:152$505_Y $ternary$../rtl/core/rv32im_core.v:1116$440_Y [0] $xor$../rtl/core/rv32im_core.v:151$503_Y $xor$../rtl/core/rv32im_core.v:150$501_Y }, Q = \regfile_ecc[13]).
Adding EN signal on $procdff$12754 ($dff) from module rv32im_core (D = \dmem_pending_addr, Q = \dmem_araddr).
Adding EN signal on $procdff$13536 ($adff) from module rv32im_core (D = { $ternary$../rtl/core/rv32im_core.v:1116$440_Y [31:29] $xor$../rtl/core/rv32im_core.v:152$547_Y $ternary$../rtl/core/rv32im_core.v:1116$440_Y [28] $xor$../rtl/core/rv32im_core.v:151$545_Y $xor$../rtl/core/rv32im_core.v:150$543_Y $ternary$../rtl/core/rv32im_core.v:1116$440_Y [27:25] $xor$../rtl/core/rv32im_core.v:152$541_Y $ternary$../rtl/core/rv32im_core.v:1116$440_Y [24] $xor$../rtl/core/rv32im_core.v:151$539_Y $xor$../rtl/core/rv32im_core.v:150$537_Y $ternary$../rtl/core/rv32im_core.v:1116$440_Y [23:21] $xor$../rtl/core/rv32im_core.v:152$535_Y $ternary$../rtl/core/rv32im_core.v:1116$440_Y [20] $xor$../rtl/core/rv32im_core.v:151$533_Y $xor$../rtl/core/rv32im_core.v:150$531_Y $ternary$../rtl/core/rv32im_core.v:1116$440_Y [19:17] $xor$../rtl/core/rv32im_core.v:152$529_Y $ternary$../rtl/core/rv32im_core.v:1116$440_Y [16] $xor$../rtl/core/rv32im_core.v:151$527_Y $xor$../rtl/core/rv32im_core.v:150$525_Y $ternary$../rtl/core/rv32im_core.v:1116$440_Y [15:13] $xor$../rtl/core/rv32im_core.v:152$523_Y $ternary$../rtl/core/rv32im_core.v:1116$440_Y [12] $xor$../rtl/core/rv32im_core.v:151$521_Y $xor$../rtl/core/rv32im_core.v:150$519_Y $ternary$../rtl/core/rv32im_core.v:1116$440_Y [11:9] $xor$../rtl/core/rv32im_core.v:152$517_Y $ternary$../rtl/core/rv32im_core.v:1116$440_Y [8] $xor$../rtl/core/rv32im_core.v:151$515_Y $xor$../rtl/core/rv32im_core.v:150$513_Y $ternary$../rtl/core/rv32im_core.v:1116$440_Y [7:5] $xor$../rtl/core/rv32im_core.v:152$511_Y $ternary$../rtl/core/rv32im_core.v:1116$440_Y [4] $xor$../rtl/core/rv32im_core.v:151$509_Y $xor$../rtl/core/rv32im_core.v:150$507_Y $ternary$../rtl/core/rv32im_core.v:1116$440_Y [3:1] $xor$../rtl/core/rv32im_core.v:152$505_Y $ternary$../rtl/core/rv32im_core.v:1116$440_Y [0] $xor$../rtl/core/rv32im_core.v:151$503_Y $xor$../rtl/core/rv32im_core.v:150$501_Y }, Q = \regfile_ecc[1]).
Adding EN signal on $procdff$13102 ($dff) from module rv32im_core (D = $procmux$11894_Y, Q = \exmem_reg_write).
Adding SRST signal on $auto$ff.cc:337:slice$14629 ($dffe) from module rv32im_core (D = $procmux$11888_Y, Q = \exmem_reg_write, rval = 1'1).
Adding EN signal on $procdff$12742 ($adff) from module rv32im_core (D = $procmux$12551_Y, Q = \dmem_wvalid).
Adding EN signal on $procdff$13656 ($adff) from module rv32im_core (D = { $ternary$../rtl/core/rv32im_core.v:1116$440_Y [31:29] $xor$../rtl/core/rv32im_core.v:152$547_Y $ternary$../rtl/core/rv32im_core.v:1116$440_Y [28] $xor$../rtl/core/rv32im_core.v:151$545_Y $xor$../rtl/core/rv32im_core.v:150$543_Y $ternary$../rtl/core/rv32im_core.v:1116$440_Y [27:25] $xor$../rtl/core/rv32im_core.v:152$541_Y $ternary$../rtl/core/rv32im_core.v:1116$440_Y [24] $xor$../rtl/core/rv32im_core.v:151$539_Y $xor$../rtl/core/rv32im_core.v:150$537_Y $ternary$../rtl/core/rv32im_core.v:1116$440_Y [23:21] $xor$../rtl/core/rv32im_core.v:152$535_Y $ternary$../rtl/core/rv32im_core.v:1116$440_Y [20] $xor$../rtl/core/rv32im_core.v:151$533_Y $xor$../rtl/core/rv32im_core.v:150$531_Y $ternary$../rtl/core/rv32im_core.v:1116$440_Y [19:17] $xor$../rtl/core/rv32im_core.v:152$529_Y $ternary$../rtl/core/rv32im_core.v:1116$440_Y [16] $xor$../rtl/core/rv32im_core.v:151$527_Y $xor$../rtl/core/rv32im_core.v:150$525_Y $ternary$../rtl/core/rv32im_core.v:1116$440_Y [15:13] $xor$../rtl/core/rv32im_core.v:152$523_Y $ternary$../rtl/core/rv32im_core.v:1116$440_Y [12] $xor$../rtl/core/rv32im_core.v:151$521_Y $xor$../rtl/core/rv32im_core.v:150$519_Y $ternary$../rtl/core/rv32im_core.v:1116$440_Y [11:9] $xor$../rtl/core/rv32im_core.v:152$517_Y $ternary$../rtl/core/rv32im_core.v:1116$440_Y [8] $xor$../rtl/core/rv32im_core.v:151$515_Y $xor$../rtl/core/rv32im_core.v:150$513_Y $ternary$../rtl/core/rv32im_core.v:1116$440_Y [7:5] $xor$../rtl/core/rv32im_core.v:152$511_Y $ternary$../rtl/core/rv32im_core.v:1116$440_Y [4] $xor$../rtl/core/rv32im_core.v:151$509_Y $xor$../rtl/core/rv32im_core.v:150$507_Y $ternary$../rtl/core/rv32im_core.v:1116$440_Y [3:1] $xor$../rtl/core/rv32im_core.v:152$505_Y $ternary$../rtl/core/rv32im_core.v:1116$440_Y [0] $xor$../rtl/core/rv32im_core.v:151$503_Y $xor$../rtl/core/rv32im_core.v:150$501_Y }, Q = \regfile_ecc[25]).
Adding EN signal on $procdff$12737 ($dff) from module rv32im_core (D = \dmem_pending_strb, Q = \dmem_wstrb).
Setting constant 0-bit at position 0 on $auto$ff.cc:337:slice$14552 ($dlatch) from module rv32im_core.
Setting constant 0-bit at position 1 on $auto$ff.cc:337:slice$14552 ($dlatch) from module rv32im_core.
Setting constant 0-bit at position 2 on $auto$ff.cc:337:slice$14552 ($dlatch) from module rv32im_core.
Setting constant 0-bit at position 3 on $auto$ff.cc:337:slice$14552 ($dlatch) from module rv32im_core.
Setting constant 0-bit at position 4 on $auto$ff.cc:337:slice$14552 ($dlatch) from module rv32im_core.
Setting constant 0-bit at position 5 on $auto$ff.cc:337:slice$14552 ($dlatch) from module rv32im_core.
Setting constant 0-bit at position 6 on $auto$ff.cc:337:slice$14552 ($dlatch) from module rv32im_core.
Setting constant 0-bit at position 7 on $auto$ff.cc:337:slice$14552 ($dlatch) from module rv32im_core.
Setting constant 0-bit at position 8 on $auto$ff.cc:337:slice$14552 ($dlatch) from module rv32im_core.
Setting constant 0-bit at position 9 on $auto$ff.cc:337:slice$14552 ($dlatch) from module rv32im_core.
Setting constant 0-bit at position 10 on $auto$ff.cc:337:slice$14552 ($dlatch) from module rv32im_core.
Setting constant 0-bit at position 11 on $auto$ff.cc:337:slice$14552 ($dlatch) from module rv32im_core.
Setting constant 0-bit at position 12 on $auto$ff.cc:337:slice$14552 ($dlatch) from module rv32im_core.
Setting constant 0-bit at position 13 on $auto$ff.cc:337:slice$14552 ($dlatch) from module rv32im_core.
Setting constant 0-bit at position 14 on $auto$ff.cc:337:slice$14552 ($dlatch) from module rv32im_core.
Setting constant 0-bit at position 15 on $auto$ff.cc:337:slice$14552 ($dlatch) from module rv32im_core.
Setting constant 0-bit at position 16 on $auto$ff.cc:337:slice$14552 ($dlatch) from module rv32im_core.
Setting constant 0-bit at position 17 on $auto$ff.cc:337:slice$14552 ($dlatch) from module rv32im_core.
Setting constant 0-bit at position 18 on $auto$ff.cc:337:slice$14552 ($dlatch) from module rv32im_core.
Setting constant 0-bit at position 19 on $auto$ff.cc:337:slice$14552 ($dlatch) from module rv32im_core.
Setting constant 0-bit at position 20 on $auto$ff.cc:337:slice$14552 ($dlatch) from module rv32im_core.
Setting constant 0-bit at position 21 on $auto$ff.cc:337:slice$14552 ($dlatch) from module rv32im_core.
Setting constant 0-bit at position 22 on $auto$ff.cc:337:slice$14552 ($dlatch) from module rv32im_core.
Setting constant 0-bit at position 23 on $auto$ff.cc:337:slice$14552 ($dlatch) from module rv32im_core.
Setting constant 0-bit at position 24 on $auto$ff.cc:337:slice$14552 ($dlatch) from module rv32im_core.
Setting constant 0-bit at position 25 on $auto$ff.cc:337:slice$14552 ($dlatch) from module rv32im_core.
Setting constant 0-bit at position 26 on $auto$ff.cc:337:slice$14552 ($dlatch) from module rv32im_core.
Setting constant 0-bit at position 27 on $auto$ff.cc:337:slice$14552 ($dlatch) from module rv32im_core.
Setting constant 0-bit at position 28 on $auto$ff.cc:337:slice$14552 ($dlatch) from module rv32im_core.

3.8.7. Executing OPT_CLEAN pass (remove unused cells and wires).
Finding unused cells or wires in module \rv32im_core..
Removed 964 unused cells and 843 unused wires.
<suppressed ~965 debug messages>

3.8.8. Executing OPT_EXPR pass (perform const folding).
Optimizing module rv32im_core.
<suppressed ~10 debug messages>

3.8.9. Rerunning OPT passes. (Maybe there is more to do..)

3.8.10. Executing OPT_MUXTREE pass (detect dead branches in mux trees).
Running muxtree optimizer on module \rv32im_core..
  Creating internal representation of mux trees.
  Evaluating internal representation of mux trees.
  Analyzing evaluation results.
Removed 0 multiplexer ports.
<suppressed ~732 debug messages>

3.8.11. Executing OPT_REDUCE pass (consolidate $*mux and $reduce_* inputs).
  Optimizing cells in module \rv32im_core.
Performed a total of 0 changes.

3.8.12. Executing OPT_MERGE pass (detect identical cells).
Finding identical cells in module `\rv32im_core'.
Computing hashes of 1598 cells of `\rv32im_core'.
Finding duplicate cells in `\rv32im_core'.
Computing hashes of 1547 cells of `\rv32im_core'.
Finding duplicate cells in `\rv32im_core'.
Computing hashes of 1526 cells of `\rv32im_core'.
Finding duplicate cells in `\rv32im_core'.
Computing hashes of 1525 cells of `\rv32im_core'.
Finding duplicate cells in `\rv32im_core'.
Computing hashes of 1524 cells of `\rv32im_core'.
Finding duplicate cells in `\rv32im_core'.
<suppressed ~222 debug messages>
Removed a total of 74 cells.

3.8.13. Executing OPT_DFF pass (perform DFF optimizations).
Adding SRST signal on $auto$ff.cc:337:slice$14414 ($dffe) from module rv32im_core (D = $procmux$12174_Y, Q = \idex_mem_read, rval = 1'0).

3.8.14. Executing OPT_CLEAN pass (remove unused cells and wires).
Finding unused cells or wires in module \rv32im_core..
Removed 1 unused cells and 73 unused wires.
<suppressed ~2 debug messages>

3.8.15. Executing OPT_EXPR pass (perform const folding).
Optimizing module rv32im_core.

3.8.16. Rerunning OPT passes. (Maybe there is more to do..)

3.8.17. Executing OPT_MUXTREE pass (detect dead branches in mux trees).
Running muxtree optimizer on module \rv32im_core..
  Creating internal representation of mux trees.
  Evaluating internal representation of mux trees.
  Analyzing evaluation results.
Removed 0 multiplexer ports.
<suppressed ~731 debug messages>

3.8.18. Executing OPT_REDUCE pass (consolidate $*mux and $reduce_* inputs).
  Optimizing cells in module \rv32im_core.
Performed a total of 0 changes.

3.8.19. Executing OPT_MERGE pass (detect identical cells).
Finding identical cells in module `\rv32im_core'.
Computing hashes of 1523 cells of `\rv32im_core'.
Finding duplicate cells in `\rv32im_core'.
Removed a total of 0 cells.

3.8.20. Executing OPT_DFF pass (perform DFF optimizations).

3.8.21. Executing OPT_CLEAN pass (remove unused cells and wires).
Finding unused cells or wires in module \rv32im_core..

3.8.22. Executing OPT_EXPR pass (perform const folding).
Optimizing module rv32im_core.

3.8.23. Finished fast OPT passes. (There is nothing left to do.)

3.9. Executing WREDUCE pass (reducing word size of cells).
Removed top 2 bits (of 4) from port B of cell rv32im_core.$auto$opt_dff.cc:235:make_patterns_logic$14228 ($ne).
Removed top 1 bits (of 4) from port B of cell rv32im_core.$auto$opt_dff.cc:235:make_patterns_logic$14217 ($ne).
Removed top 1 bits (of 4) from port B of cell rv32im_core.$auto$opt_dff.cc:235:make_patterns_logic$14215 ($ne).
Removed top 1 bits (of 3) from port B of cell rv32im_core.$auto$fsm_map.cc:77:implement_pattern_cache$14175 ($eq).
Removed top 2 bits (of 3) from port B of cell rv32im_core.$auto$fsm_map.cc:77:implement_pattern_cache$14162 ($eq).
Removed top 1 bits (of 2) from port B of cell rv32im_core.$auto$fsm_map.cc:77:implement_pattern_cache$14157 ($eq).
Removed top 2 bits (of 3) from port B of cell rv32im_core.$auto$fsm_map.cc:77:implement_pattern_cache$14149 ($eq).
Removed top 1 bits (of 2) from port B of cell rv32im_core.$auto$fsm_map.cc:77:implement_pattern_cache$14097 ($eq).
Removed top 1 bits (of 2) from port B of cell rv32im_core.$auto$fsm_map.cc:77:implement_pattern_cache$14050 ($eq).
Removed top 6 bits (of 9) from port B of cell rv32im_core.$auto$fsm_map.cc:77:implement_pattern_cache$14038 ($eq).
Removed top 2 bits (of 5) from port B of cell rv32im_core.$auto$fsm_map.cc:77:implement_pattern_cache$13752 ($eq).
Removed top 31 bits (of 32) from mux cell rv32im_core.$ternary$../rtl/core/rv32im_core.v:384$81 ($mux).
Removed top 31 bits (of 32) from mux cell rv32im_core.$ternary$../rtl/core/rv32im_core.v:385$83 ($mux).
Removed top 63 bits (of 64) from port B of cell rv32im_core.$add$../rtl/core/rv32im_core.v:568$252 ($add).
Removed top 23 bits (of 24) from port B of cell rv32im_core.$sub$../rtl/core/rv32im_core.v:584$254 ($sub).
Removed top 20 bits (of 32) from port B of cell rv32im_core.$and$../rtl/core/rv32im_core.v:591$256 ($and).
Removed top 29 bits (of 32) from port B of cell rv32im_core.$add$../rtl/core/rv32im_core.v:625$265 ($add).
Removed top 6 bits (of 7) from port B of cell rv32im_core.$eq$../rtl/core/rv32im_core.v:760$275 ($eq).
Removed top 2 bits (of 12) from port B of cell rv32im_core.$eq$../rtl/core/rv32im_core.v:784$280 ($eq).
Removed top 63 bits (of 64) from port B of cell rv32im_core.$add$../rtl/core/rv32im_core.v:860$300 ($add).
Removed top 32 bits (of 64) from port A of cell rv32im_core.$shl$../rtl/core/rv32im_core.v:862$302 ($shl).
Removed top 31 bits (of 64) from port A of cell rv32im_core.$sshl$../rtl/core/rv32im_core.v:874$307 ($sshl).
Removed top 31 bits (of 32) from port B of cell rv32im_core.$add$../rtl/core/rv32im_core.v:887$315 ($add).
Removed top 31 bits (of 32) from port B of cell rv32im_core.$add$../rtl/core/rv32im_core.v:888$318 ($add).
Removed top 31 bits (of 32) from port B of cell rv32im_core.$add$../rtl/core/rv32im_core.v:900$326 ($add).
Removed top 31 bits (of 32) from port B of cell rv32im_core.$add$../rtl/core/rv32im_core.v:902$329 ($add).
Removed top 1 bits (of 33) from port B of cell rv32im_core.$ge$../rtl/core/rv32im_core.v:910$332 ($ge).
Removed top 1 bits (of 33) from port B of cell rv32im_core.$sub$../rtl/core/rv32im_core.v:911$333 ($sub).
Removed top 1 bits (of 33) from port Y of cell rv32im_core.$sub$../rtl/core/rv32im_core.v:911$333 ($sub).
Removed top 5 bits (of 6) from port B of cell rv32im_core.$add$../rtl/core/rv32im_core.v:914$334 ($add).
Removed top 29 bits (of 32) from port B of cell rv32im_core.$add$../rtl/core/rv32im_core.v:953$348 ($add).
Removed top 3 bits (of 4) from port A of cell rv32im_core.$shl$../rtl/core/rv32im_core.v:1014$362 ($shl).
Removed top 2 bits (of 4) from port A of cell rv32im_core.$shl$../rtl/core/rv32im_core.v:1016$364 ($shl).
Removed top 63 bits (of 64) from port B of cell rv32im_core.$add$../rtl/core/rv32im_core.v:1119$548 ($add).
Removed top 29 bits (of 32) from port B of cell rv32im_core.$le$../rtl/core/rv32im_core.v:167$711 ($le).
Removed top 31 bits (of 32) from port B of cell rv32im_core.$sub$../rtl/core/rv32im_core.v:167$718 ($sub).
Removed top 28 bits (of 32) from port Y of cell rv32im_core.$sub$../rtl/core/rv32im_core.v:167$718 ($sub).
Removed top 29 bits (of 32) from port B of cell rv32im_core.$gt$../rtl/core/rv32im_core.v:168$723 ($gt).
Removed top 29 bits (of 32) from port B of cell rv32im_core.$le$../rtl/core/rv32im_core.v:167$737 ($le).
Removed top 31 bits (of 32) from port B of cell rv32im_core.$sub$../rtl/core/rv32im_core.v:167$744 ($sub).
Removed top 28 bits (of 32) from port Y of cell rv32im_core.$sub$../rtl/core/rv32im_core.v:167$744 ($sub).
Removed top 29 bits (of 32) from port B of cell rv32im_core.$gt$../rtl/core/rv32im_core.v:168$749 ($gt).
Removed top 29 bits (of 32) from port B of cell rv32im_core.$le$../rtl/core/rv32im_core.v:167$763 ($le).
Removed top 31 bits (of 32) from port B of cell rv32im_core.$sub$../rtl/core/rv32im_core.v:167$770 ($sub).
Removed top 28 bits (of 32) from port Y of cell rv32im_core.$sub$../rtl/core/rv32im_core.v:167$770 ($sub).
Removed top 29 bits (of 32) from port B of cell rv32im_core.$gt$../rtl/core/rv32im_core.v:168$775 ($gt).
Removed top 29 bits (of 32) from port B of cell rv32im_core.$le$../rtl/core/rv32im_core.v:167$789 ($le).
Removed top 31 bits (of 32) from port B of cell rv32im_core.$sub$../rtl/core/rv32im_core.v:167$796 ($sub).
Removed top 28 bits (of 32) from port Y of cell rv32im_core.$sub$../rtl/core/rv32im_core.v:167$796 ($sub).
Removed top 29 bits (of 32) from port B of cell rv32im_core.$gt$../rtl/core/rv32im_core.v:168$801 ($gt).
Removed top 29 bits (of 32) from port B of cell rv32im_core.$le$../rtl/core/rv32im_core.v:167$815 ($le).
Removed top 31 bits (of 32) from port B of cell rv32im_core.$sub$../rtl/core/rv32im_core.v:167$822 ($sub).
Removed top 28 bits (of 32) from port Y of cell rv32im_core.$sub$../rtl/core/rv32im_core.v:167$822 ($sub).
Removed top 29 bits (of 32) from port B of cell rv32im_core.$gt$../rtl/core/rv32im_core.v:168$827 ($gt).
Removed top 29 bits (of 32) from port B of cell rv32im_core.$le$../rtl/core/rv32im_core.v:167$841 ($le).
Removed top 31 bits (of 32) from port B of cell rv32im_core.$sub$../rtl/core/rv32im_core.v:167$848 ($sub).
Removed top 28 bits (of 32) from port Y of cell rv32im_core.$sub$../rtl/core/rv32im_core.v:167$848 ($sub).
Removed top 29 bits (of 32) from port B of cell rv32im_core.$gt$../rtl/core/rv32im_core.v:168$853 ($gt).
Removed top 29 bits (of 32) from port B of cell rv32im_core.$le$../rtl/core/rv32im_core.v:167$867 ($le).
Removed top 31 bits (of 32) from port B of cell rv32im_core.$sub$../rtl/core/rv32im_core.v:167$874 ($sub).
Removed top 28 bits (of 32) from port Y of cell rv32im_core.$sub$../rtl/core/rv32im_core.v:167$874 ($sub).
Removed top 29 bits (of 32) from port B of cell rv32im_core.$gt$../rtl/core/rv32im_core.v:168$879 ($gt).
Removed top 29 bits (of 32) from port B of cell rv32im_core.$le$../rtl/core/rv32im_core.v:167$893 ($le).
Removed top 31 bits (of 32) from port B of cell rv32im_core.$sub$../rtl/core/rv32im_core.v:167$900 ($sub).
Removed top 28 bits (of 32) from port Y of cell rv32im_core.$sub$../rtl/core/rv32im_core.v:167$900 ($sub).
Removed top 29 bits (of 32) from port B of cell rv32im_core.$gt$../rtl/core/rv32im_core.v:168$905 ($gt).
Removed top 29 bits (of 32) from port B of cell rv32im_core.$le$../rtl/core/rv32im_core.v:167$1071 ($le).
Removed top 31 bits (of 32) from port B of cell rv32im_core.$sub$../rtl/core/rv32im_core.v:167$1078 ($sub).
Removed top 28 bits (of 32) from port Y of cell rv32im_core.$sub$../rtl/core/rv32im_core.v:167$1078 ($sub).
Removed top 29 bits (of 32) from port B of cell rv32im_core.$gt$../rtl/core/rv32im_core.v:168$1083 ($gt).
Removed top 29 bits (of 32) from port B of cell rv32im_core.$le$../rtl/core/rv32im_core.v:167$1097 ($le).
Removed top 31 bits (of 32) from port B of cell rv32im_core.$sub$../rtl/core/rv32im_core.v:167$1104 ($sub).
Removed top 28 bits (of 32) from port Y of cell rv32im_core.$sub$../rtl/core/rv32im_core.v:167$1104 ($sub).
Removed top 29 bits (of 32) from port B of cell rv32im_core.$gt$../rtl/core/rv32im_core.v:168$1109 ($gt).
Removed top 29 bits (of 32) from port B of cell rv32im_core.$le$../rtl/core/rv32im_core.v:167$1123 ($le).
Removed top 31 bits (of 32) from port B of cell rv32im_core.$sub$../rtl/core/rv32im_core.v:167$1130 ($sub).
Removed top 28 bits (of 32) from port Y of cell rv32im_core.$sub$../rtl/core/rv32im_core.v:167$1130 ($sub).
Removed top 29 bits (of 32) from port B of cell rv32im_core.$gt$../rtl/core/rv32im_core.v:168$1135 ($gt).
Removed top 29 bits (of 32) from port B of cell rv32im_core.$le$../rtl/core/rv32im_core.v:167$1149 ($le).
Removed top 31 bits (of 32) from port B of cell rv32im_core.$sub$../rtl/core/rv32im_core.v:167$1156 ($sub).
Removed top 28 bits (of 32) from port Y of cell rv32im_core.$sub$../rtl/core/rv32im_core.v:167$1156 ($sub).
Removed top 29 bits (of 32) from port B of cell rv32im_core.$gt$../rtl/core/rv32im_core.v:168$1161 ($gt).
Removed top 29 bits (of 32) from port B of cell rv32im_core.$le$../rtl/core/rv32im_core.v:167$1175 ($le).
Removed top 31 bits (of 32) from port B of cell rv32im_core.$sub$../rtl/core/rv32im_core.v:167$1182 ($sub).
Removed top 28 bits (of 32) from port Y of cell rv32im_core.$sub$../rtl/core/rv32im_core.v:167$1182 ($sub).
Removed top 29 bits (of 32) from port B of cell rv32im_core.$gt$../rtl/core/rv32im_core.v:168$1187 ($gt).
Removed top 29 bits (of 32) from port B of cell rv32im_core.$le$../rtl/core/rv32im_core.v:167$1201 ($le).
Removed top 31 bits (of 32) from port B of cell rv32im_core.$sub$../rtl/core/rv32im_core.v:167$1208 ($sub).
Removed top 28 bits (of 32) from port Y of cell rv32im_core.$sub$../rtl/core/rv32im_core.v:167$1208 ($sub).
Removed top 29 bits (of 32) from port B of cell rv32im_core.$gt$../rtl/core/rv32im_core.v:168$1213 ($gt).
Removed top 29 bits (of 32) from port B of cell rv32im_core.$le$../rtl/core/rv32im_core.v:167$1227 ($le).
Removed top 31 bits (of 32) from port B of cell rv32im_core.$sub$../rtl/core/rv32im_core.v:167$1234 ($sub).
Removed top 28 bits (of 32) from port Y of cell rv32im_core.$sub$../rtl/core/rv32im_core.v:167$1234 ($sub).
Removed top 29 bits (of 32) from port B of cell rv32im_core.$gt$../rtl/core/rv32im_core.v:168$1239 ($gt).
Removed top 29 bits (of 32) from port B of cell rv32im_core.$le$../rtl/core/rv32im_core.v:167$1253 ($le).
Removed top 31 bits (of 32) from port B of cell rv32im_core.$sub$../rtl/core/rv32im_core.v:167$1260 ($sub).
Removed top 28 bits (of 32) from port Y of cell rv32im_core.$sub$../rtl/core/rv32im_core.v:167$1260 ($sub).
Removed top 29 bits (of 32) from port B of cell rv32im_core.$gt$../rtl/core/rv32im_core.v:168$1265 ($gt).
Removed top 29 bits (of 32) from port B of cell rv32im_core.$procmux$1285_CMP0 ($eq).
Removed top 30 bits (of 32) from port B of cell rv32im_core.$procmux$1297_CMP0 ($eq).
Removed top 31 bits (of 32) from port B of cell rv32im_core.$procmux$1311_CMP0 ($eq).
Removed top 29 bits (of 32) from port B of cell rv32im_core.$procmux$1322_CMP0 ($eq).
Removed top 30 bits (of 32) from port B of cell rv32im_core.$procmux$1335_CMP0 ($eq).
Removed top 29 bits (of 32) from port B of cell rv32im_core.$procmux$1345_CMP0 ($eq).
Removed top 29 bits (of 32) from port B of cell rv32im_core.$procmux$1417_CMP0 ($eq).
Removed top 30 bits (of 32) from port B of cell rv32im_core.$procmux$1429_CMP0 ($eq).
Removed top 31 bits (of 32) from port B of cell rv32im_core.$procmux$1443_CMP0 ($eq).
Removed top 29 bits (of 32) from port B of cell rv32im_core.$procmux$1454_CMP0 ($eq).
Removed top 30 bits (of 32) from port B of cell rv32im_core.$procmux$1467_CMP0 ($eq).
Removed top 29 bits (of 32) from port B of cell rv32im_core.$procmux$1477_CMP0 ($eq).
Removed top 29 bits (of 32) from port B of cell rv32im_core.$procmux$1549_CMP0 ($eq).
Removed top 30 bits (of 32) from port B of cell rv32im_core.$procmux$1561_CMP0 ($eq).
Removed top 31 bits (of 32) from port B of cell rv32im_core.$procmux$1575_CMP0 ($eq).
Removed top 29 bits (of 32) from port B of cell rv32im_core.$procmux$1586_CMP0 ($eq).
Removed top 30 bits (of 32) from port B of cell rv32im_core.$procmux$1599_CMP0 ($eq).
Removed top 29 bits (of 32) from port B of cell rv32im_core.$procmux$1609_CMP0 ($eq).
Removed top 29 bits (of 32) from port B of cell rv32im_core.$procmux$1681_CMP0 ($eq).
Removed top 30 bits (of 32) from port B of cell rv32im_core.$procmux$1693_CMP0 ($eq).
Removed top 31 bits (of 32) from port B of cell rv32im_core.$procmux$1707_CMP0 ($eq).
Removed top 29 bits (of 32) from port B of cell rv32im_core.$procmux$1718_CMP0 ($eq).
Removed top 30 bits (of 32) from port B of cell rv32im_core.$procmux$1731_CMP0 ($eq).
Removed top 29 bits (of 32) from port B of cell rv32im_core.$procmux$1741_CMP0 ($eq).
Removed top 29 bits (of 32) from port B of cell rv32im_core.$procmux$1813_CMP0 ($eq).
Removed top 30 bits (of 32) from port B of cell rv32im_core.$procmux$1825_CMP0 ($eq).
Removed top 31 bits (of 32) from port B of cell rv32im_core.$procmux$1839_CMP0 ($eq).
Removed top 29 bits (of 32) from port B of cell rv32im_core.$procmux$1850_CMP0 ($eq).
Removed top 30 bits (of 32) from port B of cell rv32im_core.$procmux$1863_CMP0 ($eq).
Removed top 29 bits (of 32) from port B of cell rv32im_core.$procmux$1873_CMP0 ($eq).
Removed top 29 bits (of 32) from port B of cell rv32im_core.$procmux$1945_CMP0 ($eq).
Removed top 30 bits (of 32) from port B of cell rv32im_core.$procmux$1957_CMP0 ($eq).
Removed top 31 bits (of 32) from port B of cell rv32im_core.$procmux$1971_CMP0 ($eq).
Removed top 29 bits (of 32) from port B of cell rv32im_core.$procmux$1982_CMP0 ($eq).
Removed top 30 bits (of 32) from port B of cell rv32im_core.$procmux$1995_CMP0 ($eq).
Removed top 29 bits (of 32) from port B of cell rv32im_core.$procmux$2005_CMP0 ($eq).
Removed top 29 bits (of 32) from port B of cell rv32im_core.$procmux$2077_CMP0 ($eq).
Removed top 30 bits (of 32) from port B of cell rv32im_core.$procmux$2089_CMP0 ($eq).
Removed top 31 bits (of 32) from port B of cell rv32im_core.$procmux$2103_CMP0 ($eq).
Removed top 29 bits (of 32) from port B of cell rv32im_core.$procmux$2114_CMP0 ($eq).
Removed top 30 bits (of 32) from port B of cell rv32im_core.$procmux$2127_CMP0 ($eq).
Removed top 29 bits (of 32) from port B of cell rv32im_core.$procmux$2137_CMP0 ($eq).
Removed top 29 bits (of 32) from port B of cell rv32im_core.$procmux$2209_CMP0 ($eq).
Removed top 30 bits (of 32) from port B of cell rv32im_core.$procmux$2221_CMP0 ($eq).
Removed top 31 bits (of 32) from port B of cell rv32im_core.$procmux$2235_CMP0 ($eq).
Removed top 29 bits (of 32) from port B of cell rv32im_core.$procmux$2246_CMP0 ($eq).
Removed top 30 bits (of 32) from port B of cell rv32im_core.$procmux$2259_CMP0 ($eq).
Removed top 29 bits (of 32) from port B of cell rv32im_core.$procmux$2269_CMP0 ($eq).
Removed top 1 bits (of 5) from port B of cell rv32im_core.$procmux$2319_CMP0 ($eq).
Removed top 1 bits (of 5) from port B of cell rv32im_core.$procmux$2320_CMP0 ($eq).
Removed top 1 bits (of 5) from port B of cell rv32im_core.$procmux$2321_CMP0 ($eq).
Removed top 1 bits (of 5) from port B of cell rv32im_core.$procmux$2322_CMP0 ($eq).
Removed top 1 bits (of 5) from port B of cell rv32im_core.$procmux$2323_CMP0 ($eq).
Removed top 1 bits (of 5) from port B of cell rv32im_core.$procmux$2324_CMP0 ($eq).
Removed top 1 bits (of 5) from port B of cell rv32im_core.$procmux$2325_CMP0 ($eq).
Removed top 1 bits (of 5) from port B of cell rv32im_core.$procmux$2326_CMP0 ($eq).
Removed top 2 bits (of 5) from port B of cell rv32im_core.$procmux$2327_CMP0 ($eq).
Removed top 2 bits (of 5) from port B of cell rv32im_core.$procmux$2328_CMP0 ($eq).
Removed top 2 bits (of 5) from port B of cell rv32im_core.$procmux$2329_CMP0 ($eq).
Removed top 2 bits (of 5) from port B of cell rv32im_core.$procmux$2330_CMP0 ($eq).
Removed top 3 bits (of 5) from port B of cell rv32im_core.$procmux$2331_CMP0 ($eq).
Removed top 3 bits (of 5) from port B of cell rv32im_core.$procmux$2332_CMP0 ($eq).
Removed top 4 bits (of 5) from port B of cell rv32im_core.$procmux$2333_CMP0 ($eq).
Removed top 29 bits (of 32) from port B of cell rv32im_core.$procmux$2590_CMP0 ($eq).
Removed top 30 bits (of 32) from port B of cell rv32im_core.$procmux$2602_CMP0 ($eq).
Removed top 31 bits (of 32) from port B of cell rv32im_core.$procmux$2616_CMP0 ($eq).
Removed top 29 bits (of 32) from port B of cell rv32im_core.$procmux$2627_CMP0 ($eq).
Removed top 30 bits (of 32) from port B of cell rv32im_core.$procmux$2640_CMP0 ($eq).
Removed top 29 bits (of 32) from port B of cell rv32im_core.$procmux$2650_CMP0 ($eq).
Removed top 29 bits (of 32) from port B of cell rv32im_core.$procmux$2722_CMP0 ($eq).
Removed top 30 bits (of 32) from port B of cell rv32im_core.$procmux$2734_CMP0 ($eq).
Removed top 31 bits (of 32) from port B of cell rv32im_core.$procmux$2748_CMP0 ($eq).
Removed top 29 bits (of 32) from port B of cell rv32im_core.$procmux$2759_CMP0 ($eq).
Removed top 30 bits (of 32) from port B of cell rv32im_core.$procmux$2772_CMP0 ($eq).
Removed top 29 bits (of 32) from port B of cell rv32im_core.$procmux$2782_CMP0 ($eq).
Removed top 29 bits (of 32) from port B of cell rv32im_core.$procmux$2854_CMP0 ($eq).
Removed top 30 bits (of 32) from port B of cell rv32im_core.$procmux$2866_CMP0 ($eq).
Removed top 31 bits (of 32) from port B of cell rv32im_core.$procmux$2880_CMP0 ($eq).
Removed top 29 bits (of 32) from port B of cell rv32im_core.$procmux$2891_CMP0 ($eq).
Removed top 30 bits (of 32) from port B of cell rv32im_core.$procmux$2904_CMP0 ($eq).
Removed top 29 bits (of 32) from port B of cell rv32im_core.$procmux$2914_CMP0 ($eq).
Removed top 29 bits (of 32) from port B of cell rv32im_core.$procmux$2986_CMP0 ($eq).
Removed top 30 bits (of 32) from port B of cell rv32im_core.$procmux$2998_CMP0 ($eq).
Removed top 31 bits (of 32) from port B of cell rv32im_core.$procmux$3012_CMP0 ($eq).
Removed top 29 bits (of 32) from port B of cell rv32im_core.$procmux$3023_CMP0 ($eq).
Removed top 30 bits (of 32) from port B of cell rv32im_core.$procmux$3036_CMP0 ($eq).
Removed top 29 bits (of 32) from port B of cell rv32im_core.$procmux$3046_CMP0 ($eq).
Removed top 29 bits (of 32) from port B of cell rv32im_core.$procmux$3118_CMP0 ($eq).
Removed top 30 bits (of 32) from port B of cell rv32im_core.$procmux$3130_CMP0 ($eq).
Removed top 31 bits (of 32) from port B of cell rv32im_core.$procmux$3144_CMP0 ($eq).
Removed top 29 bits (of 32) from port B of cell rv32im_core.$procmux$3155_CMP0 ($eq).
Removed top 30 bits (of 32) from port B of cell rv32im_core.$procmux$3168_CMP0 ($eq).
Removed top 29 bits (of 32) from port B of cell rv32im_core.$procmux$3178_CMP0 ($eq).
Removed top 29 bits (of 32) from port B of cell rv32im_core.$procmux$3250_CMP0 ($eq).
Removed top 30 bits (of 32) from port B of cell rv32im_core.$procmux$3262_CMP0 ($eq).
Removed top 31 bits (of 32) from port B of cell rv32im_core.$procmux$3276_CMP0 ($eq).
Removed top 29 bits (of 32) from port B of cell rv32im_core.$procmux$3287_CMP0 ($eq).
Removed top 30 bits (of 32) from port B of cell rv32im_core.$procmux$3300_CMP0 ($eq).
Removed top 29 bits (of 32) from port B of cell rv32im_core.$procmux$3310_CMP0 ($eq).
Removed top 29 bits (of 32) from port B of cell rv32im_core.$procmux$3382_CMP0 ($eq).
Removed top 30 bits (of 32) from port B of cell rv32im_core.$procmux$3394_CMP0 ($eq).
Removed top 31 bits (of 32) from port B of cell rv32im_core.$procmux$3408_CMP0 ($eq).
Removed top 29 bits (of 32) from port B of cell rv32im_core.$procmux$3419_CMP0 ($eq).
Removed top 30 bits (of 32) from port B of cell rv32im_core.$procmux$3432_CMP0 ($eq).
Removed top 29 bits (of 32) from port B of cell rv32im_core.$procmux$3442_CMP0 ($eq).
Removed top 29 bits (of 32) from port B of cell rv32im_core.$procmux$3514_CMP0 ($eq).
Removed top 30 bits (of 32) from port B of cell rv32im_core.$procmux$3526_CMP0 ($eq).
Removed top 31 bits (of 32) from port B of cell rv32im_core.$procmux$3540_CMP0 ($eq).
Removed top 29 bits (of 32) from port B of cell rv32im_core.$procmux$3551_CMP0 ($eq).
Removed top 30 bits (of 32) from port B of cell rv32im_core.$procmux$3564_CMP0 ($eq).
Removed top 29 bits (of 32) from port B of cell rv32im_core.$procmux$3574_CMP0 ($eq).
Removed top 1 bits (of 5) from port B of cell rv32im_core.$procmux$3624_CMP0 ($eq).
Removed top 1 bits (of 5) from port B of cell rv32im_core.$procmux$3625_CMP0 ($eq).
Removed top 1 bits (of 5) from port B of cell rv32im_core.$procmux$3626_CMP0 ($eq).
Removed top 1 bits (of 5) from port B of cell rv32im_core.$procmux$3627_CMP0 ($eq).
Removed top 1 bits (of 5) from port B of cell rv32im_core.$procmux$3628_CMP0 ($eq).
Removed top 1 bits (of 5) from port B of cell rv32im_core.$procmux$3629_CMP0 ($eq).
Removed top 1 bits (of 5) from port B of cell rv32im_core.$procmux$3630_CMP0 ($eq).
Removed top 1 bits (of 5) from port B of cell rv32im_core.$procmux$3631_CMP0 ($eq).
Removed top 2 bits (of 5) from port B of cell rv32im_core.$procmux$3632_CMP0 ($eq).
Removed top 2 bits (of 5) from port B of cell rv32im_core.$procmux$3633_CMP0 ($eq).
Removed top 2 bits (of 5) from port B of cell rv32im_core.$procmux$3634_CMP0 ($eq).
Removed top 2 bits (of 5) from port B of cell rv32im_core.$procmux$3635_CMP0 ($eq).
Removed top 3 bits (of 5) from port B of cell rv32im_core.$procmux$3636_CMP0 ($eq).
Removed top 3 bits (of 5) from port B of cell rv32im_core.$procmux$3637_CMP0 ($eq).
Removed top 4 bits (of 5) from port B of cell rv32im_core.$procmux$3638_CMP0 ($eq).
Removed top 1 bits (of 5) from port B of cell rv32im_core.$procmux$10149_CMP0 ($eq).
Removed top 1 bits (of 5) from port B of cell rv32im_core.$procmux$10174_CMP0 ($eq).
Removed top 1 bits (of 5) from port B of cell rv32im_core.$procmux$10200_CMP0 ($eq).
Removed top 1 bits (of 5) from port B of cell rv32im_core.$procmux$10227_CMP0 ($eq).
Removed top 1 bits (of 5) from port B of cell rv32im_core.$procmux$10255_CMP0 ($eq).
Removed top 1 bits (of 5) from port B of cell rv32im_core.$procmux$10284_CMP0 ($eq).
Removed top 1 bits (of 5) from port B of cell rv32im_core.$procmux$10314_CMP0 ($eq).
Removed top 1 bits (of 5) from port B of cell rv32im_core.$procmux$10345_CMP0 ($eq).
Removed top 2 bits (of 5) from port B of cell rv32im_core.$procmux$10377_CMP0 ($eq).
Removed top 2 bits (of 5) from port B of cell rv32im_core.$procmux$10410_CMP0 ($eq).
Removed top 2 bits (of 5) from port B of cell rv32im_core.$procmux$10444_CMP0 ($eq).
Removed top 2 bits (of 5) from port B of cell rv32im_core.$procmux$10479_CMP0 ($eq).
Removed top 3 bits (of 5) from port B of cell rv32im_core.$procmux$10515_CMP0 ($eq).
Removed top 3 bits (of 5) from port B of cell rv32im_core.$procmux$10552_CMP0 ($eq).
Removed top 4 bits (of 5) from port B of cell rv32im_core.$procmux$10590_CMP0 ($eq).
Removed top 1 bits (of 2) from port B of cell rv32im_core.$procmux$11472_CMP0 ($eq).
Removed top 29 bits (of 32) from mux cell rv32im_core.$procmux$11588 ($mux).
Removed top 28 bits (of 32) from mux cell rv32im_core.$procmux$11591 ($mux).
Removed top 2 bits (of 7) from port B of cell rv32im_core.$procmux$11641_CMP0 ($eq).
Removed top 1 bits (of 7) from port B of cell rv32im_core.$procmux$11642_CMP0 ($eq).
Removed top 2 bits (of 12) from port B of cell rv32im_core.$procmux$11758_CMP0 ($eq).
Removed top 1 bits (of 3) from port B of cell rv32im_core.$procmux$11782_CMP0 ($eq).
Removed top 2 bits (of 3) from port B of cell rv32im_core.$procmux$11786_CMP0 ($eq).
Removed top 1 bits (of 3) from port B of cell rv32im_core.$procmux$11790_CMP1 ($eq).
Removed top 2 bits (of 3) from port B of cell rv32im_core.$procmux$11810_CMP0 ($eq).
Removed top 3 bits (of 7) from port B of cell rv32im_core.$procmux$11944_CMP0 ($eq).
Removed top 3 bits (of 7) from port B of cell rv32im_core.$procmux$11945_CMP0 ($eq).
Removed top 1 bits (of 7) from port B of cell rv32im_core.$procmux$11949_CMP0 ($eq).
Removed top 2 bits (of 7) from port B of cell rv32im_core.$procmux$11950_CMP0 ($eq).
Removed top 1 bits (of 7) from port B of cell rv32im_core.$procmux$11951_CMP0 ($eq).
Removed top 5 bits (of 7) from port B of cell rv32im_core.$procmux$11952_CMP0 ($eq).
Removed top 1 bits (of 3) from port B of cell rv32im_core.$procmux$12288_CMP0 ($eq).
Removed top 1 bits (of 3) from port B of cell rv32im_core.$procmux$12289_CMP0 ($eq).
Removed top 2 bits (of 3) from port B of cell rv32im_core.$procmux$12290_CMP0 ($eq).
Removed top 2 bits (of 12) from port B of cell rv32im_core.$procmux$12463_CMP0 ($eq).
Removed top 2 bits (of 12) from port B of cell rv32im_core.$procmux$12477_CMP0 ($eq).
Removed top 2 bits (of 12) from port B of cell rv32im_core.$procmux$12490_CMP0 ($eq).
Removed top 2 bits (of 12) from port B of cell rv32im_core.$procmux$12504_CMP0 ($eq).
Removed top 2 bits (of 12) from port B of cell rv32im_core.$procmux$12643_CMP0 ($eq).
Removed top 2 bits (of 12) from port B of cell rv32im_core.$procmux$12647_CMP0 ($eq).
Removed top 2 bits (of 3) from port B of cell rv32im_core.$procmux$12657_CMP0 ($eq).
Removed top 29 bits (of 32) from wire rv32im_core.$procmux$11588_Y.
Removed top 1 bits (of 33) from wire rv32im_core.$sub$../rtl/core/rv32im_core.v:894$322_Y.
Removed top 28 bits (of 32) from wire rv32im_core.$procmux$11591_Y.
Removed top 24 bits (of 32) from wire rv32im_core.$0\csr_mstatus[31:0].
Removed top 31 bits (of 32) from wire rv32im_core.$ternary$../rtl/core/rv32im_core.v:385$83_Y.
Removed top 31 bits (of 32) from wire rv32im_core.$ternary$../rtl/core/rv32im_core.v:384$81_Y.
Removed top 20 bits (of 32) from wire rv32im_core.csr_mip.

3.10. Executing PEEPOPT pass (run peephole optimizers).

3.11. Executing OPT_CLEAN pass (remove unused cells and wires).
Finding unused cells or wires in module \rv32im_core..
Removed 0 unused cells and 7 unused wires.
<suppressed ~1 debug messages>

3.12. Executing ALUMACC pass (create $alu and $macc cells).
Extracting $alu and $macc cells in module rv32im_core:
  creating $macc model for $sub$../rtl/core/rv32im_core.v:167$1260 ($sub).
  creating $macc model for $sub$../rtl/core/rv32im_core.v:167$1234 ($sub).
  creating $macc model for $sub$../rtl/core/rv32im_core.v:167$1208 ($sub).
  creating $macc model for $sub$../rtl/core/rv32im_core.v:167$1182 ($sub).
  creating $macc model for $sub$../rtl/core/rv32im_core.v:167$1156 ($sub).
  creating $macc model for $sub$../rtl/core/rv32im_core.v:167$1130 ($sub).
  creating $macc model for $sub$../rtl/core/rv32im_core.v:167$1104 ($sub).
  creating $macc model for $sub$../rtl/core/rv32im_core.v:167$1078 ($sub).
  creating $macc model for $sub$../rtl/core/rv32im_core.v:167$900 ($sub).
  creating $macc model for $sub$../rtl/core/rv32im_core.v:167$874 ($sub).
  creating $macc model for $sub$../rtl/core/rv32im_core.v:167$848 ($sub).
  creating $macc model for $sub$../rtl/core/rv32im_core.v:167$822 ($sub).
  creating $macc model for $sub$../rtl/core/rv32im_core.v:167$796 ($sub).
  creating $macc model for $sub$../rtl/core/rv32im_core.v:167$770 ($sub).
  creating $macc model for $sub$../rtl/core/rv32im_core.v:167$744 ($sub).
  creating $macc model for $sub$../rtl/core/rv32im_core.v:167$718 ($sub).
  creating $macc model for $add$../rtl/core/rv32im_core.v:1119$548 ($add).
  creating $macc model for $add$../rtl/core/rv32im_core.v:953$348 ($add).
  creating $macc model for $add$../rtl/core/rv32im_core.v:951$347 ($add).
  creating $macc model for $add$../rtl/core/rv32im_core.v:914$334 ($add).
  creating $macc model for $sub$../rtl/core/rv32im_core.v:911$333 ($sub).
  creating $macc model for $add$../rtl/core/rv32im_core.v:902$329 ($add).
  creating $macc model for $add$../rtl/core/rv32im_core.v:900$326 ($add).
  creating $macc model for $add$../rtl/core/rv32im_core.v:888$318 ($add).
  creating $macc model for $add$../rtl/core/rv32im_core.v:887$315 ($add).
  creating $macc model for $add$../rtl/core/rv32im_core.v:874$308 ($add).
  creating $macc model for $add$../rtl/core/rv32im_core.v:862$303 ($add).
  creating $macc model for $add$../rtl/core/rv32im_core.v:860$301 ($add).
  creating $macc model for $add$../rtl/core/rv32im_core.v:860$300 ($add).
  creating $macc model for $add$../rtl/core/rv32im_core.v:625$265 ($add).
  creating $macc model for $sub$../rtl/core/rv32im_core.v:584$254 ($sub).
  creating $macc model for $add$../rtl/core/rv32im_core.v:568$252 ($add).
  creating $macc model for $add$../rtl/core/rv32im_core.v:414$97 ($add).
  creating $macc model for $sub$../rtl/core/rv32im_core.v:382$78 ($sub).
  creating $macc model for $add$../rtl/core/rv32im_core.v:381$77 ($add).
  merging $macc model for $add$../rtl/core/rv32im_core.v:860$300 into $add$../rtl/core/rv32im_core.v:860$301.
  creating $alu model for $macc $sub$../rtl/core/rv32im_core.v:382$78.
  creating $alu model for $macc $add$../rtl/core/rv32im_core.v:414$97.
  creating $alu model for $macc $add$../rtl/core/rv32im_core.v:568$252.
  creating $alu model for $macc $sub$../rtl/core/rv32im_core.v:584$254.
  creating $alu model for $macc $add$../rtl/core/rv32im_core.v:625$265.
  creating $alu model for $macc $add$../rtl/core/rv32im_core.v:381$77.
  creating $alu model for $macc $add$../rtl/core/rv32im_core.v:860$301.
  creating $alu model for $macc $add$../rtl/core/rv32im_core.v:862$303.
  creating $alu model for $macc $add$../rtl/core/rv32im_core.v:874$308.
  creating $alu model for $macc $add$../rtl/core/rv32im_core.v:887$315.
  creating $alu model for $macc $add$../rtl/core/rv32im_core.v:888$318.
  creating $alu model for $macc $add$../rtl/core/rv32im_core.v:900$326.
  creating $alu model for $macc $add$../rtl/core/rv32im_core.v:902$329.
  creating $alu model for $macc $sub$../rtl/core/rv32im_core.v:911$333.
  creating $alu model for $macc $add$../rtl/core/rv32im_core.v:914$334.
  creating $alu model for $macc $add$../rtl/core/rv32im_core.v:951$347.
  creating $alu model for $macc $add$../rtl/core/rv32im_core.v:953$348.
  creating $alu model for $macc $add$../rtl/core/rv32im_core.v:1119$548.
  creating $alu model for $macc $sub$../rtl/core/rv32im_core.v:167$718.
  creating $alu model for $macc $sub$../rtl/core/rv32im_core.v:167$744.
  creating $alu model for $macc $sub$../rtl/core/rv32im_core.v:167$770.
  creating $alu model for $macc $sub$../rtl/core/rv32im_core.v:167$796.
  creating $alu model for $macc $sub$../rtl/core/rv32im_core.v:167$822.
  creating $alu model for $macc $sub$../rtl/core/rv32im_core.v:167$848.
  creating $alu model for $macc $sub$../rtl/core/rv32im_core.v:167$874.
  creating $alu model for $macc $sub$../rtl/core/rv32im_core.v:167$900.
  creating $alu model for $macc $sub$../rtl/core/rv32im_core.v:167$1078.
  creating $alu model for $macc $sub$../rtl/core/rv32im_core.v:167$1104.
  creating $alu model for $macc $sub$../rtl/core/rv32im_core.v:167$1130.
  creating $alu model for $macc $sub$../rtl/core/rv32im_core.v:167$1156.
  creating $alu model for $macc $sub$../rtl/core/rv32im_core.v:167$1182.
  creating $alu model for $macc $sub$../rtl/core/rv32im_core.v:167$1208.
  creating $alu model for $macc $sub$../rtl/core/rv32im_core.v:167$1234.
  creating $alu model for $macc $sub$../rtl/core/rv32im_core.v:167$1260.
  creating $alu model for $gt$../rtl/core/rv32im_core.v:168$1265 ($gt): new $alu
  creating $alu model for $le$../rtl/core/rv32im_core.v:167$1253 ($le): merged with $gt$../rtl/core/rv32im_core.v:168$1265.
  creating $alu model for $gt$../rtl/core/rv32im_core.v:168$1239 ($gt): new $alu
  creating $alu model for $le$../rtl/core/rv32im_core.v:167$1227 ($le): merged with $gt$../rtl/core/rv32im_core.v:168$1239.
  creating $alu model for $gt$../rtl/core/rv32im_core.v:168$1213 ($gt): new $alu
  creating $alu model for $le$../rtl/core/rv32im_core.v:167$1201 ($le): merged with $gt$../rtl/core/rv32im_core.v:168$1213.
  creating $alu model for $gt$../rtl/core/rv32im_core.v:168$1187 ($gt): new $alu
  creating $alu model for $le$../rtl/core/rv32im_core.v:167$1175 ($le): merged with $gt$../rtl/core/rv32im_core.v:168$1187.
  creating $alu model for $gt$../rtl/core/rv32im_core.v:168$1161 ($gt): new $alu
  creating $alu model for $le$../rtl/core/rv32im_core.v:167$1149 ($le): merged with $gt$../rtl/core/rv32im_core.v:168$1161.
  creating $alu model for $gt$../rtl/core/rv32im_core.v:168$1135 ($gt): new $alu
  creating $alu model for $le$../rtl/core/rv32im_core.v:167$1123 ($le): merged with $gt$../rtl/core/rv32im_core.v:168$1135.
  creating $alu model for $gt$../rtl/core/rv32im_core.v:168$1109 ($gt): new $alu
  creating $alu model for $le$../rtl/core/rv32im_core.v:167$1097 ($le): merged with $gt$../rtl/core/rv32im_core.v:168$1109.
  creating $alu model for $gt$../rtl/core/rv32im_core.v:168$1083 ($gt): new $alu
  creating $alu model for $le$../rtl/core/rv32im_core.v:167$1071 ($le): merged with $gt$../rtl/core/rv32im_core.v:168$1083.
  creating $alu model for $gt$../rtl/core/rv32im_core.v:168$905 ($gt): new $alu
  creating $alu model for $le$../rtl/core/rv32im_core.v:167$893 ($le): merged with $gt$../rtl/core/rv32im_core.v:168$905.
  creating $alu model for $gt$../rtl/core/rv32im_core.v:168$879 ($gt): new $alu
  creating $alu model for $le$../rtl/core/rv32im_core.v:167$867 ($le): merged with $gt$../rtl/core/rv32im_core.v:168$879.
  creating $alu model for $gt$../rtl/core/rv32im_core.v:168$853 ($gt): new $alu
  creating $alu model for $le$../rtl/core/rv32im_core.v:167$841 ($le): merged with $gt$../rtl/core/rv32im_core.v:168$853.
  creating $alu model for $gt$../rtl/core/rv32im_core.v:168$827 ($gt): new $alu
  creating $alu model for $le$../rtl/core/rv32im_core.v:167$815 ($le): merged with $gt$../rtl/core/rv32im_core.v:168$827.
  creating $alu model for $gt$../rtl/core/rv32im_core.v:168$801 ($gt): new $alu
  creating $alu model for $le$../rtl/core/rv32im_core.v:167$789 ($le): merged with $gt$../rtl/core/rv32im_core.v:168$801.
  creating $alu model for $gt$../rtl/core/rv32im_core.v:168$775 ($gt): new $alu
  creating $alu model for $le$../rtl/core/rv32im_core.v:167$763 ($le): merged with $gt$../rtl/core/rv32im_core.v:168$775.
  creating $alu model for $gt$../rtl/core/rv32im_core.v:168$749 ($gt): new $alu
  creating $alu model for $le$../rtl/core/rv32im_core.v:167$737 ($le): merged with $gt$../rtl/core/rv32im_core.v:168$749.
  creating $alu model for $gt$../rtl/core/rv32im_core.v:168$723 ($gt): new $alu
  creating $alu model for $le$../rtl/core/rv32im_core.v:167$711 ($le): merged with $gt$../rtl/core/rv32im_core.v:168$723.
  creating $alu model for $ge$../rtl/core/rv32im_core.v:910$332 ($ge): merged with $sub$../rtl/core/rv32im_core.v:911$333.
  creating $alu model for $lt$../rtl/core/rv32im_core.v:908$331 ($lt): new $alu
  creating $alu model for $le$../rtl/core/rv32im_core.v:890$320 ($le): merged with $lt$../rtl/core/rv32im_core.v:908$331.
  creating $alu model for $gt$../rtl/core/rv32im_core.v:660$271 ($gt): new $alu
  creating $alu model for $lt$../rtl/core/rv32im_core.v:660$270 ($lt): new $alu
  creating $alu model for $ge$../rtl/core/rv32im_core.v:407$95 ($ge): new $alu
  creating $alu model for $lt$../rtl/core/rv32im_core.v:406$94 ($lt): merged with $ge$../rtl/core/rv32im_core.v:407$95.
  creating $alu model for $ge$../rtl/core/rv32im_core.v:405$93 ($ge): merged with $ge$../rtl/core/rv32im_core.v:407$95.
  creating $alu model for $lt$../rtl/core/rv32im_core.v:404$92 ($lt): merged with $ge$../rtl/core/rv32im_core.v:407$95.
  creating $alu model for $lt$../rtl/core/rv32im_core.v:385$82 ($lt): merged with $sub$../rtl/core/rv32im_core.v:382$78.
  creating $alu model for $lt$../rtl/core/rv32im_core.v:384$80 ($lt): merged with $sub$../rtl/core/rv32im_core.v:382$78.
  creating $alu model for $ne$../rtl/core/rv32im_core.v:403$91 ($ne): merged with $ge$../rtl/core/rv32im_core.v:407$95.
  creating $alu model for $eq$../rtl/core/rv32im_core.v:402$90 ($eq): merged with $ge$../rtl/core/rv32im_core.v:407$95.
  creating $alu cell for $ge$../rtl/core/rv32im_core.v:407$95, $lt$../rtl/core/rv32im_core.v:406$94, $ge$../rtl/core/rv32im_core.v:405$93, $lt$../rtl/core/rv32im_core.v:404$92, $ne$../rtl/core/rv32im_core.v:403$91, $eq$../rtl/core/rv32im_core.v:402$90: $auto$alumacc.cc:512:replace_alu$14676
  creating $alu cell for $lt$../rtl/core/rv32im_core.v:660$270: $auto$alumacc.cc:512:replace_alu$14701
  creating $alu cell for $gt$../rtl/core/rv32im_core.v:660$271: $auto$alumacc.cc:512:replace_alu$14706
  creating $alu cell for $lt$../rtl/core/rv32im_core.v:908$331, $le$../rtl/core/rv32im_core.v:890$320: $auto$alumacc.cc:512:replace_alu$14717
  creating $alu cell for $gt$../rtl/core/rv32im_core.v:168$723, $le$../rtl/core/rv32im_core.v:167$711: $auto$alumacc.cc:512:replace_alu$14726
  creating $alu cell for $gt$../rtl/core/rv32im_core.v:168$749, $le$../rtl/core/rv32im_core.v:167$737: $auto$alumacc.cc:512:replace_alu$14739
  creating $alu cell for $gt$../rtl/core/rv32im_core.v:168$775, $le$../rtl/core/rv32im_core.v:167$763: $auto$alumacc.cc:512:replace_alu$14752
  creating $alu cell for $gt$../rtl/core/rv32im_core.v:168$801, $le$../rtl/core/rv32im_core.v:167$789: $auto$alumacc.cc:512:replace_alu$14765
  creating $alu cell for $gt$../rtl/core/rv32im_core.v:168$827, $le$../rtl/core/rv32im_core.v:167$815: $auto$alumacc.cc:512:replace_alu$14778
  creating $alu cell for $gt$../rtl/core/rv32im_core.v:168$853, $le$../rtl/core/rv32im_core.v:167$841: $auto$alumacc.cc:512:replace_alu$14791
  creating $alu cell for $gt$../rtl/core/rv32im_core.v:168$879, $le$../rtl/core/rv32im_core.v:167$867: $auto$alumacc.cc:512:replace_alu$14804
  creating $alu cell for $gt$../rtl/core/rv32im_core.v:168$905, $le$../rtl/core/rv32im_core.v:167$893: $auto$alumacc.cc:512:replace_alu$14817
  creating $alu cell for $gt$../rtl/core/rv32im_core.v:168$1083, $le$../rtl/core/rv32im_core.v:167$1071: $auto$alumacc.cc:512:replace_alu$14830
  creating $alu cell for $gt$../rtl/core/rv32im_core.v:168$1109, $le$../rtl/core/rv32im_core.v:167$1097: $auto$alumacc.cc:512:replace_alu$14843
  creating $alu cell for $gt$../rtl/core/rv32im_core.v:168$1135, $le$../rtl/core/rv32im_core.v:167$1123: $auto$alumacc.cc:512:replace_alu$14856
  creating $alu cell for $gt$../rtl/core/rv32im_core.v:168$1161, $le$../rtl/core/rv32im_core.v:167$1149: $auto$alumacc.cc:512:replace_alu$14869
  creating $alu cell for $gt$../rtl/core/rv32im_core.v:168$1187, $le$../rtl/core/rv32im_core.v:167$1175: $auto$alumacc.cc:512:replace_alu$14882
  creating $alu cell for $gt$../rtl/core/rv32im_core.v:168$1213, $le$../rtl/core/rv32im_core.v:167$1201: $auto$alumacc.cc:512:replace_alu$14895
  creating $alu cell for $gt$../rtl/core/rv32im_core.v:168$1239, $le$../rtl/core/rv32im_core.v:167$1227: $auto$alumacc.cc:512:replace_alu$14908
  creating $alu cell for $gt$../rtl/core/rv32im_core.v:168$1265, $le$../rtl/core/rv32im_core.v:167$1253: $auto$alumacc.cc:512:replace_alu$14921
  creating $alu cell for $sub$../rtl/core/rv32im_core.v:167$1260: $auto$alumacc.cc:512:replace_alu$14934
  creating $alu cell for $sub$../rtl/core/rv32im_core.v:167$1234: $auto$alumacc.cc:512:replace_alu$14937
  creating $alu cell for $sub$../rtl/core/rv32im_core.v:167$1208: $auto$alumacc.cc:512:replace_alu$14940
  creating $alu cell for $sub$../rtl/core/rv32im_core.v:167$1182: $auto$alumacc.cc:512:replace_alu$14943
  creating $alu cell for $sub$../rtl/core/rv32im_core.v:167$1156: $auto$alumacc.cc:512:replace_alu$14946
  creating $alu cell for $sub$../rtl/core/rv32im_core.v:167$1130: $auto$alumacc.cc:512:replace_alu$14949
  creating $alu cell for $sub$../rtl/core/rv32im_core.v:167$1104: $auto$alumacc.cc:512:replace_alu$14952
  creating $alu cell for $sub$../rtl/core/rv32im_core.v:167$1078: $auto$alumacc.cc:512:replace_alu$14955
  creating $alu cell for $sub$../rtl/core/rv32im_core.v:167$900: $auto$alumacc.cc:512:replace_alu$14958
  creating $alu cell for $sub$../rtl/core/rv32im_core.v:167$874: $auto$alumacc.cc:512:replace_alu$14961
  creating $alu cell for $sub$../rtl/core/rv32im_core.v:167$848: $auto$alumacc.cc:512:replace_alu$14964
  creating $alu cell for $sub$../rtl/core/rv32im_core.v:167$822: $auto$alumacc.cc:512:replace_alu$14967
  creating $alu cell for $sub$../rtl/core/rv32im_core.v:167$796: $auto$alumacc.cc:512:replace_alu$14970
  creating $alu cell for $sub$../rtl/core/rv32im_core.v:167$770: $auto$alumacc.cc:512:replace_alu$14973
  creating $alu cell for $sub$../rtl/core/rv32im_core.v:167$744: $auto$alumacc.cc:512:replace_alu$14976
  creating $alu cell for $sub$../rtl/core/rv32im_core.v:167$718: $auto$alumacc.cc:512:replace_alu$14979
  creating $alu cell for $add$../rtl/core/rv32im_core.v:1119$548: $auto$alumacc.cc:512:replace_alu$14982
  creating $alu cell for $add$../rtl/core/rv32im_core.v:953$348: $auto$alumacc.cc:512:replace_alu$14985
  creating $alu cell for $add$../rtl/core/rv32im_core.v:951$347: $auto$alumacc.cc:512:replace_alu$14988
  creating $alu cell for $add$../rtl/core/rv32im_core.v:914$334: $auto$alumacc.cc:512:replace_alu$14991
  creating $alu cell for $sub$../rtl/core/rv32im_core.v:911$333, $ge$../rtl/core/rv32im_core.v:910$332: $auto$alumacc.cc:512:replace_alu$14994
  creating $alu cell for $add$../rtl/core/rv32im_core.v:902$329: $auto$alumacc.cc:512:replace_alu$15007
  creating $alu cell for $add$../rtl/core/rv32im_core.v:900$326: $auto$alumacc.cc:512:replace_alu$15010
  creating $alu cell for $add$../rtl/core/rv32im_core.v:888$318: $auto$alumacc.cc:512:replace_alu$15013
  creating $alu cell for $add$../rtl/core/rv32im_core.v:887$315: $auto$alumacc.cc:512:replace_alu$15016
  creating $alu cell for $add$../rtl/core/rv32im_core.v:874$308: $auto$alumacc.cc:512:replace_alu$15019
  creating $alu cell for $add$../rtl/core/rv32im_core.v:862$303: $auto$alumacc.cc:512:replace_alu$15022
  creating $alu cell for $add$../rtl/core/rv32im_core.v:860$301: $auto$alumacc.cc:512:replace_alu$15025
  creating $alu cell for $add$../rtl/core/rv32im_core.v:625$265: $auto$alumacc.cc:512:replace_alu$15028
  creating $alu cell for $sub$../rtl/core/rv32im_core.v:584$254: $auto$alumacc.cc:512:replace_alu$15031
  creating $alu cell for $add$../rtl/core/rv32im_core.v:568$252: $auto$alumacc.cc:512:replace_alu$15034
  creating $alu cell for $add$../rtl/core/rv32im_core.v:414$97: $auto$alumacc.cc:512:replace_alu$15037
  creating $alu cell for $add$../rtl/core/rv32im_core.v:381$77: $auto$alumacc.cc:512:replace_alu$15040
  creating $alu cell for $sub$../rtl/core/rv32im_core.v:382$78, $lt$../rtl/core/rv32im_core.v:385$82, $lt$../rtl/core/rv32im_core.v:384$80: $auto$alumacc.cc:512:replace_alu$15043
  created 54 $alu and 0 $macc cells.

3.13. Executing SHARE pass (SAT-based resource sharing).
Found 5 cells in module rv32im_core that may be considered for resource sharing.
  Analyzing resource sharing options for $shl$../rtl/core/rv32im_core.v:383$79 ($shl):
    Found 1 activation_patterns using ctrl signal { $logic_and$../rtl/core/rv32im_core.v:945$345_Y $logic_and$../rtl/core/rv32im_core.v:942$344_Y \idex_jalr \idex_jal \idex_branch \idex_alu_op [3] }.
    Found 1 candidates: $shl$../rtl/core/rv32im_core.v:862$302
    Analyzing resource sharing with $shl$../rtl/core/rv32im_core.v:862$302 ($shl):
      Found cell that is never activated: $add$../rtl/core/rv32im_core.v:860$300
      Found 2 activation_patterns using ctrl signal { $procmux$11677_CTRL $procmux$11673_CMP $procmux$9736_CMP \mdu_busy $auto$rtlil.cc:3255:Not$14721 }.
      Activation pattern for cell $shl$../rtl/core/rv32im_core.v:383$79: { $logic_and$../rtl/core/rv32im_core.v:945$345_Y $logic_and$../rtl/core/rv32im_core.v:942$344_Y \idex_jalr \idex_jal \idex_branch \idex_alu_op [3] } = 6'000001
      Activation pattern for cell $shl$../rtl/core/rv32im_core.v:862$302: { $procmux$11673_CMP $procmux$9736_CMP \mdu_busy $auto$rtlil.cc:3255:Not$14721 } = 4'1111
      Activation pattern for cell $shl$../rtl/core/rv32im_core.v:862$302: { $procmux$11677_CTRL $procmux$9736_CMP \mdu_busy $auto$rtlil.cc:3255:Not$14721 } = 4'1111
      Size of SAT problem: 8 cells, 216 variables, 642 clauses
      According to the SAT solver this pair of cells can not be shared.
      Model from SAT solver: { $procmux$11677_CTRL $procmux$11673_CMP $procmux$9736_CMP $logic_and$../rtl/core/rv32im_core.v:945$345_Y $logic_and$../rtl/core/rv32im_core.v:942$344_Y \mdu_busy \idex_jalr \idex_jal \idex_branch \idex_alu_op [3] $auto$rtlil.cc:3255:Not$14721 } = 11'01100100011
  Analyzing resource sharing options for $shr$../rtl/core/rv32im_core.v:387$85 ($shr):
    Found 1 activation_patterns using ctrl signal { $logic_and$../rtl/core/rv32im_core.v:945$345_Y $logic_and$../rtl/core/rv32im_core.v:942$344_Y \idex_jalr \idex_jal \idex_branch \idex_alu_op [5] }.
    No candidates found.
  Analyzing resource sharing options for $sshr$../rtl/core/rv32im_core.v:388$86 ($sshr):
    Found 1 activation_patterns using ctrl signal { $logic_and$../rtl/core/rv32im_core.v:945$345_Y $logic_and$../rtl/core/rv32im_core.v:942$344_Y \idex_jalr \idex_jal \idex_branch \idex_alu_op [10] }.
    No candidates found.
  Analyzing resource sharing options for $shl$../rtl/core/rv32im_core.v:862$302 ($shl):
    Found 2 activation_patterns using ctrl signal { $procmux$11677_CTRL $procmux$11673_CMP $procmux$9736_CMP \mdu_busy $auto$rtlil.cc:3255:Not$14721 }.
    No candidates found.
  Analyzing resource sharing options for $sshl$../rtl/core/rv32im_core.v:874$307 ($sshl):
    Found 1 activation_patterns using ctrl signal { $procmux$11669_CMP $procmux$9736_CMP \mdu_busy $auto$rtlil.cc:3255:Not$14721 }.
    No candidates found.
Removing 1 cells in module rv32im_core:
  Removing cell $add$../rtl/core/rv32im_core.v:860$300 ($add).

3.14. Executing OPT pass (performing simple optimizations).

3.14.1. Executing OPT_EXPR pass (perform const folding).
Optimizing module rv32im_core.
<suppressed ~19 debug messages>

3.14.2. Executing OPT_MERGE pass (detect identical cells).
Finding identical cells in module `\rv32im_core'.
Computing hashes of 1604 cells of `\rv32im_core'.
Finding duplicate cells in `\rv32im_core'.
Removed a total of 0 cells.

3.14.3. Executing OPT_MUXTREE pass (detect dead branches in mux trees).
Running muxtree optimizer on module \rv32im_core..
  Creating internal representation of mux trees.
  Evaluating internal representation of mux trees.
  Analyzing evaluation results.
Removed 0 multiplexer ports.
<suppressed ~731 debug messages>

3.14.4. Executing OPT_REDUCE pass (consolidate $*mux and $reduce_* inputs).
  Optimizing cells in module \rv32im_core.
Performed a total of 0 changes.

3.14.5. Executing OPT_MERGE pass (detect identical cells).
Finding identical cells in module `\rv32im_core'.
Computing hashes of 1604 cells of `\rv32im_core'.
Finding duplicate cells in `\rv32im_core'.
Removed a total of 0 cells.

3.14.6. Executing OPT_DFF pass (perform DFF optimizations).

3.14.7. Executing OPT_CLEAN pass (remove unused cells and wires).
Finding unused cells or wires in module \rv32im_core..
Removed 1 unused cells and 47 unused wires.
<suppressed ~2 debug messages>

3.14.8. Executing OPT_EXPR pass (perform const folding).
Optimizing module rv32im_core.

3.14.9. Rerunning OPT passes. (Maybe there is more to do..)

3.14.10. Executing OPT_MUXTREE pass (detect dead branches in mux trees).
Running muxtree optimizer on module \rv32im_core..
  Creating internal representation of mux trees.
  Evaluating internal representation of mux trees.
  Analyzing evaluation results.
Removed 0 multiplexer ports.
<suppressed ~731 debug messages>

3.14.11. Executing OPT_REDUCE pass (consolidate $*mux and $reduce_* inputs).
  Optimizing cells in module \rv32im_core.
Performed a total of 0 changes.

3.14.12. Executing OPT_MERGE pass (detect identical cells).
Finding identical cells in module `\rv32im_core'.
Computing hashes of 1603 cells of `\rv32im_core'.
Finding duplicate cells in `\rv32im_core'.
Removed a total of 0 cells.

3.14.13. Executing OPT_DFF pass (perform DFF optimizations).

3.14.14. Executing OPT_CLEAN pass (remove unused cells and wires).
Finding unused cells or wires in module \rv32im_core..

3.14.15. Executing OPT_EXPR pass (perform const folding).
Optimizing module rv32im_core.

3.14.16. Finished fast OPT passes. (There is nothing left to do.)

3.15. Executing MEMORY pass.

3.15.1. Executing OPT_MEM pass (optimize memories).
Performed a total of 0 transformations.

3.15.2. Executing OPT_MEM_PRIORITY pass (removing unnecessary memory write priority relations).
Performed a total of 0 transformations.

3.15.3. Executing OPT_MEM_FEEDBACK pass (finding memory read-to-write feedback paths).

3.15.4. Executing MEMORY_BMUX2ROM pass (converting muxes to ROMs).

3.15.5. Executing MEMORY_DFF pass (merging $dff cells to $memrd).

3.15.6. Executing OPT_CLEAN pass (remove unused cells and wires).
Finding unused cells or wires in module \rv32im_core..

3.15.7. Executing MEMORY_SHARE pass (consolidating $memrd/$memwr cells).

3.15.8. Executing OPT_MEM_WIDEN pass (optimize memories where all ports are wide).
Performed a total of 0 transformations.

3.15.9. Executing OPT_CLEAN pass (remove unused cells and wires).
Finding unused cells or wires in module \rv32im_core..

3.15.10. Executing MEMORY_COLLECT pass (generating $mem cells).

3.16. Executing OPT_CLEAN pass (remove unused cells and wires).
Finding unused cells or wires in module \rv32im_core..

3.17. Executing OPT pass (performing simple optimizations).

3.17.1. Executing OPT_EXPR pass (perform const folding).
Optimizing module rv32im_core.
<suppressed ~208 debug messages>

3.17.2. Executing OPT_MERGE pass (detect identical cells).
Finding identical cells in module `\rv32im_core'.
Computing hashes of 1536 cells of `\rv32im_core'.
Finding duplicate cells in `\rv32im_core'.
Computing hashes of 1535 cells of `\rv32im_core'.
Finding duplicate cells in `\rv32im_core'.
<suppressed ~3 debug messages>
Removed a total of 1 cells.

3.17.3. Executing OPT_DFF pass (perform DFF optimizations).

3.17.4. Executing OPT_CLEAN pass (remove unused cells and wires).
Finding unused cells or wires in module \rv32im_core..
Removed 2 unused cells and 82 unused wires.
<suppressed ~3 debug messages>

3.17.5. Finished fast OPT passes.

3.18. Executing MEMORY_MAP pass (converting memories to logic and flip-flops).

3.19. Executing OPT pass (performing simple optimizations).

3.19.1. Executing OPT_EXPR pass (perform const folding).
Optimizing module rv32im_core.
<suppressed ~5 debug messages>

3.19.2. Executing OPT_MERGE pass (detect identical cells).
Finding identical cells in module `\rv32im_core'.
Computing hashes of 1533 cells of `\rv32im_core'.
Finding duplicate cells in `\rv32im_core'.
Removed a total of 0 cells.

3.19.3. Executing OPT_MUXTREE pass (detect dead branches in mux trees).
Running muxtree optimizer on module \rv32im_core..
  Creating internal representation of mux trees.
  Evaluating internal representation of mux trees.
  Analyzing evaluation results.
Removed 0 multiplexer ports.
<suppressed ~546 debug messages>

3.19.4. Executing OPT_REDUCE pass (consolidate $*mux and $reduce_* inputs).
  Optimizing cells in module \rv32im_core.
    Consolidated identical input bits for $pmux cell $procmux$11471:
      Old ports: A=\exmem_rs2_val, B={ \exmem_rs2_val [7:0] \exmem_rs2_val [7:0] \exmem_rs2_val [7:0] \exmem_rs2_val [7:0] \exmem_rs2_val [15:0] \exmem_rs2_val [15:0] }, Y=$procmux$11471_Y
      New ports: A=\exmem_rs2_val [31:8], B={ \exmem_rs2_val [7:0] \exmem_rs2_val [7:0] \exmem_rs2_val [7:0] \exmem_rs2_val [15:0] \exmem_rs2_val [15:8] }, Y=$procmux$11471_Y [31:8]
      New connections: $procmux$11471_Y [7:0] = \exmem_rs2_val [7:0]
    Consolidated identical input bits for $pmux cell $procmux$11807:
      Old ports: A=\dmem_rdata_r, B={ \dmem_rdata_r [7] \dmem_rdata_r [7] \dmem_rdata_r [7] \dmem_rdata_r [7] \dmem_rdata_r [7] \dmem_rdata_r [7] \dmem_rdata_r [7] \dmem_rdata_r [7] \dmem_rdata_r [7] \dmem_rdata_r [7] \dmem_rdata_r [7] \dmem_rdata_r [7] \dmem_rdata_r [7] \dmem_rdata_r [7] \dmem_rdata_r [7] \dmem_rdata_r [7] \dmem_rdata_r [7] \dmem_rdata_r [7] \dmem_rdata_r [7] \dmem_rdata_r [7] \dmem_rdata_r [7] \dmem_rdata_r [7] \dmem_rdata_r [7] \dmem_rdata_r [7] \dmem_rdata_r [7:0] \dmem_rdata_r [15] \dmem_rdata_r [15] \dmem_rdata_r [15] \dmem_rdata_r [15] \dmem_rdata_r [15] \dmem_rdata_r [15] \dmem_rdata_r [15] \dmem_rdata_r [15] \dmem_rdata_r [15] \dmem_rdata_r [15] \dmem_rdata_r [15] \dmem_rdata_r [15] \dmem_rdata_r [15] \dmem_rdata_r [15] \dmem_rdata_r [15] \dmem_rdata_r [15] \dmem_rdata_r [15:0] 24'000000000000000000000000 \dmem_rdata_r [7:0] 16'0000000000000000 \dmem_rdata_r [15:0] }, Y=$procmux$11807_Y
      New ports: A=\dmem_rdata_r [31:8], B={ \dmem_rdata_r [7] \dmem_rdata_r [7] \dmem_rdata_r [7] \dmem_rdata_r [7] \dmem_rdata_r [7] \dmem_rdata_r [7] \dmem_rdata_r [7] \dmem_rdata_r [7] \dmem_rdata_r [7] \dmem_rdata_r [7] \dmem_rdata_r [7] \dmem_rdata_r [7] \dmem_rdata_r [7] \dmem_rdata_r [7] \dmem_rdata_r [7] \dmem_rdata_r [7] \dmem_rdata_r [7] \dmem_rdata_r [7] \dmem_rdata_r [7] \dmem_rdata_r [7] \dmem_rdata_r [7] \dmem_rdata_r [7] \dmem_rdata_r [7] \dmem_rdata_r [7] \dmem_rdata_r [15] \dmem_rdata_r [15] \dmem_rdata_r [15] \dmem_rdata_r [15] \dmem_rdata_r [15] \dmem_rdata_r [15] \dmem_rdata_r [15] \dmem_rdata_r [15] \dmem_rdata_r [15] \dmem_rdata_r [15] \dmem_rdata_r [15] \dmem_rdata_r [15] \dmem_rdata_r [15] \dmem_rdata_r [15] \dmem_rdata_r [15] \dmem_rdata_r [15] \dmem_rdata_r [15:8] 40'0000000000000000000000000000000000000000 \dmem_rdata_r [15:8] }, Y=$procmux$11807_Y [31:8]
      New connections: $procmux$11807_Y [7:0] = \dmem_rdata_r [7:0]
    Consolidated identical input bits for $mux cell $procmux$11534:
      Old ports: A={ $add$../rtl/core/rv32im_core.v:625$265_Y [31:2] \pc [1:0] }, B=\pc, Y=$procmux$11534_Y
      New ports: A=$add$../rtl/core/rv32im_core.v:625$265_Y [31:2], B=\pc [31:2], Y=$procmux$11534_Y [31:2]
      New connections: $procmux$11534_Y [1:0] = \pc [1:0]
    Consolidated identical input bits for $mux cell $procmux$11588:
      Old ports: A=3'011, B=3'111, Y=$auto$wreduce.cc:514:run$14649 [2:0]
      New ports: A=1'0, B=1'1, Y=$auto$wreduce.cc:514:run$14649 [2]
      New connections: $auto$wreduce.cc:514:run$14649 [1:0] = 2'11
    Consolidated identical input bits for $pmux cell $procmux$12343:
      Old ports: A={ \ifid_instr [31:12] 12'000000000000 }, B={ \ifid_instr [31] \ifid_instr [31] \ifid_instr [31] \ifid_instr [31] \ifid_instr [31] \ifid_instr [31] \ifid_instr [31] \ifid_instr [31] \ifid_instr [31] \ifid_instr [31] \ifid_instr [31] \ifid_instr [31] \ifid_instr [19:12] \ifid_instr [20] \ifid_instr [30:21] 1'0 \ifid_instr [31] \ifid_instr [31] \ifid_instr [31] \ifid_instr [31] \ifid_instr [31] \ifid_instr [31] \ifid_instr [31] \ifid_instr [31] \ifid_instr [31] \ifid_instr [31] \ifid_instr [31] \ifid_instr [31] \ifid_instr [31] \ifid_instr [31] \ifid_instr [31] \ifid_instr [31] \ifid_instr [31] \ifid_instr [31] \ifid_instr [31] \ifid_instr [31] \ifid_instr [7] \ifid_instr [30:25] \ifid_instr [11:8] 1'0 \ifid_instr [31] \ifid_instr [31] \ifid_instr [31] \ifid_instr [31] \ifid_instr [31] \ifid_instr [31] \ifid_instr [31] \ifid_instr [31] \ifid_instr [31] \ifid_instr [31] \ifid_instr [31] \ifid_instr [31] \ifid_instr [31] \ifid_instr [31] \ifid_instr [31] \ifid_instr [31] \ifid_instr [31] \ifid_instr [31] \ifid_instr [31] \ifid_instr [31] \ifid_instr [31:25] \ifid_instr [11:7] \ifid_instr [31] \ifid_instr [31] \ifid_instr [31] \ifid_instr [31] \ifid_instr [31] \ifid_instr [31] \ifid_instr [31] \ifid_instr [31] \ifid_instr [31] \ifid_instr [31] \ifid_instr [31] \ifid_instr [31] \ifid_instr [31] \ifid_instr [31] \ifid_instr [31] \ifid_instr [31] \ifid_instr [31] \ifid_instr [31] \ifid_instr [31] \ifid_instr [31] \ifid_instr [31:20] }, Y=$procmux$12343_Y
      New ports: A={ \ifid_instr [30:12] 12'000000000000 }, B={ \ifid_instr [31] \ifid_instr [31] \ifid_instr [31] \ifid_instr [31] \ifid_instr [31] \ifid_instr [31] \ifid_instr [31] \ifid_instr [31] \ifid_instr [31] \ifid_instr [31] \ifid_instr [31] \ifid_instr [19:12] \ifid_instr [20] \ifid_instr [30:21] 1'0 \ifid_instr [31] \ifid_instr [31] \ifid_instr [31] \ifid_instr [31] \ifid_instr [31] \ifid_instr [31] \ifid_instr [31] \ifid_instr [31] \ifid_instr [31] \ifid_instr [31] \ifid_instr [31] \ifid_instr [31] \ifid_instr [31] \ifid_instr [31] \ifid_instr [31] \ifid_instr [31] \ifid_instr [31] \ifid_instr [31] \ifid_instr [31] \ifid_instr [7] \ifid_instr [30:25] \ifid_instr [11:8] 1'0 \ifid_instr [31] \ifid_instr [31] \ifid_instr [31] \ifid_instr [31] \ifid_instr [31] \ifid_instr [31] \ifid_instr [31] \ifid_instr [31] \ifid_instr [31] \ifid_instr [31] \ifid_instr [31] \ifid_instr [31] \ifid_instr [31] \ifid_instr [31] \ifid_instr [31] \ifid_instr [31] \ifid_instr [31] \ifid_instr [31] \ifid_instr [31] \ifid_instr [31:25] \ifid_instr [11:7] \ifid_instr [31] \ifid_instr [31] \ifid_instr [31] \ifid_instr [31] \ifid_instr [31] \ifid_instr [31] \ifid_instr [31] \ifid_instr [31] \ifid_instr [31] \ifid_instr [31] \ifid_instr [31] \ifid_instr [31] \ifid_instr [31] \ifid_instr [31] \ifid_instr [31] \ifid_instr [31] \ifid_instr [31] \ifid_instr [31] \ifid_instr [31] \ifid_instr [31:20] }, Y=$procmux$12343_Y [30:0]
      New connections: $procmux$12343_Y [31] = \ifid_instr [31]
  Optimizing cells in module \rv32im_core.
    Consolidated identical input bits for $mux cell $procmux$11536:
      Old ports: A=\pc, B=$procmux$11534_Y, Y=$procmux$11536_Y
      New ports: A=\pc [31:2], B=$procmux$11534_Y [31:2], Y=$procmux$11536_Y [31:2]
      New connections: $procmux$11536_Y [1:0] = \pc [1:0]
    Consolidated identical input bits for $mux cell $procmux$11591:
      Old ports: A={ 1'0 $auto$wreduce.cc:514:run$14649 [2:0] }, B=4'1011, Y=$auto$wreduce.cc:514:run$14651 [3:0]
      New ports: A={ 1'0 $auto$wreduce.cc:514:run$14649 [2] }, B=2'10, Y=$auto$wreduce.cc:514:run$14651 [3:2]
      New connections: $auto$wreduce.cc:514:run$14651 [1:0] = 2'11
  Optimizing cells in module \rv32im_core.
    Consolidated identical input bits for $mux cell $procmux$11538:
      Old ports: A=\pc, B=$procmux$11536_Y, Y=$procmux$11538_Y
      New ports: A=\pc [31:2], B=$procmux$11536_Y [31:2], Y=$procmux$11538_Y [31:2]
      New connections: $procmux$11538_Y [1:0] = \pc [1:0]
  Optimizing cells in module \rv32im_core.
Performed a total of 8 changes.

3.19.5. Executing OPT_MERGE pass (detect identical cells).
Finding identical cells in module `\rv32im_core'.
Computing hashes of 1533 cells of `\rv32im_core'.
Finding duplicate cells in `\rv32im_core'.
Removed a total of 0 cells.

3.19.6. Executing OPT_SHARE pass.

3.19.7. Executing OPT_DFF pass (perform DFF optimizations).

3.19.8. Executing OPT_CLEAN pass (remove unused cells and wires).
Finding unused cells or wires in module \rv32im_core..

3.19.9. Executing OPT_EXPR pass (perform const folding).
Optimizing module rv32im_core.
<suppressed ~1 debug messages>

3.19.10. Rerunning OPT passes. (Maybe there is more to do..)

3.19.11. Executing OPT_MUXTREE pass (detect dead branches in mux trees).
Running muxtree optimizer on module \rv32im_core..
  Creating internal representation of mux trees.
  Evaluating internal representation of mux trees.
  Analyzing evaluation results.
Removed 0 multiplexer ports.
<suppressed ~543 debug messages>

3.19.12. Executing OPT_REDUCE pass (consolidate $*mux and $reduce_* inputs).
  Optimizing cells in module \rv32im_core.
Performed a total of 0 changes.

3.19.13. Executing OPT_MERGE pass (detect identical cells).
Finding identical cells in module `\rv32im_core'.
Computing hashes of 1532 cells of `\rv32im_core'.
Finding duplicate cells in `\rv32im_core'.
Removed a total of 0 cells.

3.19.14. Executing OPT_SHARE pass.

3.19.15. Executing OPT_DFF pass (perform DFF optimizations).

3.19.16. Executing OPT_CLEAN pass (remove unused cells and wires).
Finding unused cells or wires in module \rv32im_core..
Removed 0 unused cells and 1 unused wires.
<suppressed ~1 debug messages>

3.19.17. Executing OPT_EXPR pass (perform const folding).
Optimizing module rv32im_core.

3.19.18. Rerunning OPT passes. (Maybe there is more to do..)

3.19.19. Executing OPT_MUXTREE pass (detect dead branches in mux trees).
Running muxtree optimizer on module \rv32im_core..
  Creating internal representation of mux trees.
  Evaluating internal representation of mux trees.
  Analyzing evaluation results.
Removed 0 multiplexer ports.
<suppressed ~543 debug messages>

3.19.20. Executing OPT_REDUCE pass (consolidate $*mux and $reduce_* inputs).
  Optimizing cells in module \rv32im_core.
Performed a total of 0 changes.

3.19.21. Executing OPT_MERGE pass (detect identical cells).
Finding identical cells in module `\rv32im_core'.
Computing hashes of 1532 cells of `\rv32im_core'.
Finding duplicate cells in `\rv32im_core'.
Removed a total of 0 cells.

3.19.22. Executing OPT_SHARE pass.

3.19.23. Executing OPT_DFF pass (perform DFF optimizations).

3.19.24. Executing OPT_CLEAN pass (remove unused cells and wires).
Finding unused cells or wires in module \rv32im_core..

3.19.25. Executing OPT_EXPR pass (perform const folding).
Optimizing module rv32im_core.

3.19.26. Finished fast OPT passes. (There is nothing left to do.)

3.20. Executing TECHMAP pass (map to technology primitives).

3.20.1. Executing Verilog-2005 frontend: /opt/homebrew/bin/../share/yosys/techmap.v
Parsing Verilog input from `/opt/homebrew/bin/../share/yosys/techmap.v' to AST representation.
Generating RTLIL representation for module `\_90_simplemap_bool_ops'.
Generating RTLIL representation for module `\_90_simplemap_reduce_ops'.
Generating RTLIL representation for module `\_90_simplemap_logic_ops'.
Generating RTLIL representation for module `\_90_simplemap_compare_ops'.
Generating RTLIL representation for module `\_90_simplemap_various'.
Generating RTLIL representation for module `\_90_simplemap_registers'.
Generating RTLIL representation for module `\_90_shift_ops_shr_shl_sshl_sshr'.
Generating RTLIL representation for module `\_90_shift_shiftx'.
Generating RTLIL representation for module `\_90_fa'.
Generating RTLIL representation for module `\_90_lcu_brent_kung'.
Generating RTLIL representation for module `\_90_alu'.
Generating RTLIL representation for module `\_90_macc'.
Generating RTLIL representation for module `\_90_alumacc'.
Generating RTLIL representation for module `$__div_mod_u'.
Generating RTLIL representation for module `$__div_mod_trunc'.
Generating RTLIL representation for module `\_90_div'.
Generating RTLIL representation for module `\_90_mod'.
Generating RTLIL representation for module `$__div_mod_floor'.
Generating RTLIL representation for module `\_90_divfloor'.
Generating RTLIL representation for module `\_90_modfloor'.
Generating RTLIL representation for module `\_90_pow'.
Generating RTLIL representation for module `\_90_pmux'.
Generating RTLIL representation for module `\_90_demux'.
Generating RTLIL representation for module `\_90_lut'.
Generating RTLIL representation for module `$connect'.
Generating RTLIL representation for module `$input_port'.
Successfully finished Verilog frontend.

3.20.2. Continuing TECHMAP pass.
Using extmapper simplemap for cells of type $and.
Using extmapper simplemap for cells of type $not.
Using extmapper simplemap for cells of type $xor.
Using template $paramod$fbc7873bff55778c0b3173955b7e4bce1d9d6834\_90_alu for cells of type $alu.
Using template $paramod$cc80a4e89b0341cb117f5d28b0e7244620640141\_90_alu for cells of type $alu.
Using template $paramod$c9511eeb847f2aa95252b1013477609463f67ee0\_90_alu for cells of type $alu.
Using template $paramod$44a13d10af618e7fbe7b9aad2f6151ffcee1e2fa\_90_alu for cells of type $alu.
Using template $paramod$039520c137afc9cd69dd56c3fb11a4e1fbe5f664\_90_alu for cells of type $alu.
Using template $paramod$constmap:075ef752f0bd9650f9ac36de0fdbc7fa3eb9e429$paramod$8ac1cd03185838f516ceef7d902199c92b3a1cdd\_90_shift_ops_shr_shl_sshl_sshr for cells of type $shl.
Using template $paramod$constmap:78763066494c41bbfc864e7de902c9d0879aae99$paramod$d55fd088fd4eb196bf845163af1ffa45c866081d\_90_shift_ops_shr_shl_sshl_sshr for cells of type $sshl.
Using template $paramod$6a42b6fefed750f8a1c58eab59479d960557103c\_90_alu for cells of type $alu.
Using extmapper simplemap for cells of type $reduce_or.
Using extmapper simplemap for cells of type $or.
Using extmapper simplemap for cells of type $reduce_and.
Using template $paramod$32efbfac1c4dc57230cf86180788fdfd12e3b511\_90_alu for cells of type $alu.
Using template $paramod$1a9b2adc0e90ccf2d22dba8d72430d10741e65ed\_90_alu for cells of type $alu.
Using template $paramod$78e969f2586efcf3a5b0b0440bcca0db83d5cca2\_90_alu for cells of type $alu.
Using template $paramod$fc972a7a46956c1788f3cb5257b53c8f1df2d0cc\_90_alu for cells of type $alu.
Using extmapper simplemap for cells of type $sdffce.
Using extmapper simplemap for cells of type $dffe.
Using extmapper simplemap for cells of type $adffe.
Using extmapper simplemap for cells of type $ne.
Using extmapper simplemap for cells of type $reduce_bool.
Using extmapper simplemap for cells of type $adff.
Using extmapper simplemap for cells of type $eq.
Using extmapper simplemap for cells of type $logic_not.
Using extmapper simplemap for cells of type $dff.
Using extmapper simplemap for cells of type $reduce_xor.
Using template $paramod$constmap:6111415c3ecfd9bb520e2072bfee38e7d8bfb139$paramod$335cfd09f1afa8139c4aafcbbe5f361887b79c5e\_90_shift_ops_shr_shl_sshl_sshr for cells of type $shl.
Using template $paramod$constmap:6111415c3ecfd9bb520e2072bfee38e7d8bfb139$paramod$feecc7a0dbd012970970f2858f15e786e251f677\_90_shift_ops_shr_shl_sshl_sshr for cells of type $shr.
Using template $paramod$constmap:6111415c3ecfd9bb520e2072bfee38e7d8bfb139$paramod$e765c459d3029c22a22a27989e94858fd9ebfa9c\_90_shift_ops_shr_shl_sshl_sshr for cells of type $sshr.
Using extmapper simplemap for cells of type $logic_and.
Using extmapper simplemap for cells of type $logic_or.
Using template $paramod$constmap:0f6d73c107b19a5969bcabd5e287bbcbf577ee1e$paramod$35a84c2bcaee82e2fc70141fee55c05d87ec60ff\_90_shift_shiftx for cells of type $shiftx.
Using template $paramod$constmap:574a95964644c704a7e64c257267b27c2c48aa52$paramod$77562a466236eb4a6d905351a0995599b75075cb\_90_shift_ops_shr_shl_sshl_sshr for cells of type $shl.
Using template $paramod$constmap:bf4e505ae6c6af6f880f13d26f7389650db9dc6b$paramod$cbc044d1bfac1f26bafb5691fcbb649e98f6b6fc\_90_shift_ops_shr_shl_sshl_sshr for cells of type $shl.
Using template $paramod$31da6d5363b348e5d73b6f97e898dd05096cb75b\_90_pmux for cells of type $pmux.
Using template $paramod$constmap:2b877f7f1261f184f56d42833c8688882ee29096$paramod$56a48bd44e86d08fefdee460d5d35297c232a9bd\_90_shift_shiftx for cells of type $shiftx.
Using template $paramod$59b03ae2620a41577de8da5f5c97b2919e82362b\_90_pmux for cells of type $pmux.
Using template $paramod$2407ada40cc3dda6c6015be2b49b748cddb5a800\_90_pmux for cells of type $pmux.
Using template $paramod$878fd1809419ed11a2d056be26ac30d95fbba358\_90_pmux for cells of type $pmux.
Using template $paramod$8fabc56b80a569262acfc42757a02ca0b8e91278\_90_pmux for cells of type $pmux.
Using template $paramod$c5c783b17ab1d780abfad8cfe6563a0a7b47a3b0\_90_pmux for cells of type $pmux.
Using template $paramod$cc1e387d9d5ac1d3f6e6bed180038d9c0ac48d0c\_90_pmux for cells of type $pmux.
Using template $paramod$54d740639e1393b22262823179ff783ea9f17a35\_90_pmux for cells of type $pmux.
Using template $paramod$ed0bb9616228df1e6c226f91f8133e751815f1b1\_90_pmux for cells of type $pmux.
Using template $paramod$19e9557905baa9d3741d0daa66e2ef076e9bab7d\_90_pmux for cells of type $pmux.
Using template $paramod$0ae36a7056fbae1b1191049d3533163e46c0843a\_90_pmux for cells of type $pmux.
Using template $paramod$ed6389a5938b09f91843a91d67becca5abedb1bd\_90_pmux for cells of type $pmux.
Using template $paramod$eaeb96106163dbf82031649d189817109fe07c69\_90_pmux for cells of type $pmux.
Using template $paramod$a5f0941832cc861549e29ccafffe20bfdf2e5528\_90_pmux for cells of type $pmux.
Using extmapper simplemap for cells of type $pos.
Using template $paramod\_90_fa\WIDTH=32'00000000000000000000000000100000 for cells of type $fa.
Using template $paramod\_90_lcu_brent_kung\WIDTH=32'00000000000000000000000000100000 for cells of type $lcu.
Using template $paramod\_90_fa\WIDTH=32'00000000000000000000000000000011 for cells of type $fa.
Using template $paramod\_90_lcu_brent_kung\WIDTH=32'00000000000000000000000000000011 for cells of type $lcu.
Using template $paramod\_90_fa\WIDTH=32'00000000000000000000000000000100 for cells of type $fa.
Using template $paramod\_90_lcu_brent_kung\WIDTH=32'00000000000000000000000000000100 for cells of type $lcu.
Using template $paramod\_90_fa\WIDTH=32'00000000000000000000000001000000 for cells of type $fa.
Using template $paramod\_90_lcu_brent_kung\WIDTH=32'00000000000000000000000001000000 for cells of type $lcu.
Using template $paramod\_90_fa\WIDTH=32'00000000000000000000000000011110 for cells of type $fa.
Using template $paramod\_90_lcu_brent_kung\WIDTH=32'00000000000000000000000000011110 for cells of type $lcu.
Using template $paramod\_90_fa\WIDTH=32'00000000000000000000000000000110 for cells of type $fa.
Using template $paramod\_90_lcu_brent_kung\WIDTH=32'00000000000000000000000000000110 for cells of type $lcu.
Using template $paramod\_90_fa\WIDTH=32'00000000000000000000000000000001 for cells of type $fa.
Using template $paramod\_90_lcu_brent_kung\WIDTH=32'00000000000000000000000000000001 for cells of type $lcu.
Using template $paramod\_90_fa\WIDTH=32'00000000000000000000000000011000 for cells of type $fa.
Using template $paramod\_90_lcu_brent_kung\WIDTH=32'00000000000000000000000000011000 for cells of type $lcu.
No more expansions possible.
<suppressed ~11484 debug messages>

3.21. Executing OPT pass (performing simple optimizations).

3.21.1. Executing OPT_EXPR pass (perform const folding).
Optimizing module rv32im_core.
<suppressed ~10024 debug messages>

3.21.2. Executing OPT_MERGE pass (detect identical cells).
Finding identical cells in module `\rv32im_core'.
Computing hashes of 27341 cells of `\rv32im_core'.
Finding duplicate cells in `\rv32im_core'.
Computing hashes of 26055 cells of `\rv32im_core'.
Finding duplicate cells in `\rv32im_core'.
Computing hashes of 25612 cells of `\rv32im_core'.
Finding duplicate cells in `\rv32im_core'.
Computing hashes of 25439 cells of `\rv32im_core'.
Finding duplicate cells in `\rv32im_core'.
Computing hashes of 25386 cells of `\rv32im_core'.
Finding duplicate cells in `\rv32im_core'.
Computing hashes of 25352 cells of `\rv32im_core'.
Finding duplicate cells in `\rv32im_core'.
Computing hashes of 25320 cells of `\rv32im_core'.
Finding duplicate cells in `\rv32im_core'.
Computing hashes of 25224 cells of `\rv32im_core'.
Finding duplicate cells in `\rv32im_core'.
Computing hashes of 25191 cells of `\rv32im_core'.
Finding duplicate cells in `\rv32im_core'.
Computing hashes of 25166 cells of `\rv32im_core'.
Finding duplicate cells in `\rv32im_core'.
Computing hashes of 25152 cells of `\rv32im_core'.
Finding duplicate cells in `\rv32im_core'.
Computing hashes of 25141 cells of `\rv32im_core'.
Finding duplicate cells in `\rv32im_core'.
Computing hashes of 25132 cells of `\rv32im_core'.
Finding duplicate cells in `\rv32im_core'.
Computing hashes of 25124 cells of `\rv32im_core'.
Finding duplicate cells in `\rv32im_core'.
Computing hashes of 25113 cells of `\rv32im_core'.
Finding duplicate cells in `\rv32im_core'.
Computing hashes of 25104 cells of `\rv32im_core'.
Finding duplicate cells in `\rv32im_core'.
Computing hashes of 25088 cells of `\rv32im_core'.
Finding duplicate cells in `\rv32im_core'.
Computing hashes of 25075 cells of `\rv32im_core'.
Finding duplicate cells in `\rv32im_core'.
Computing hashes of 25056 cells of `\rv32im_core'.
Finding duplicate cells in `\rv32im_core'.
Computing hashes of 25042 cells of `\rv32im_core'.
Finding duplicate cells in `\rv32im_core'.
Computing hashes of 25024 cells of `\rv32im_core'.
Finding duplicate cells in `\rv32im_core'.
Computing hashes of 25013 cells of `\rv32im_core'.
Finding duplicate cells in `\rv32im_core'.
Computing hashes of 25001 cells of `\rv32im_core'.
Finding duplicate cells in `\rv32im_core'.
Computing hashes of 24996 cells of `\rv32im_core'.
Finding duplicate cells in `\rv32im_core'.
Computing hashes of 24991 cells of `\rv32im_core'.
Finding duplicate cells in `\rv32im_core'.
Computing hashes of 24990 cells of `\rv32im_core'.
Finding duplicate cells in `\rv32im_core'.
Computing hashes of 24989 cells of `\rv32im_core'.
Finding duplicate cells in `\rv32im_core'.
<suppressed ~7056 debug messages>
Removed a total of 2352 cells.

3.21.3. Executing OPT_DFF pass (perform DFF optimizations).
Adding EN signal on $auto$ff.cc:337:slice$19226 ($_DFFE_PP_) from module rv32im_core (D = $0\mdu_b[31:0] [0], Q = \mdu_b [0]).

3.21.4. Executing OPT_CLEAN pass (remove unused cells and wires).
Finding unused cells or wires in module \rv32im_core..
Removed 2644 unused cells and 7328 unused wires.
<suppressed ~2645 debug messages>

3.21.5. Rerunning OPT passes. (Removed registers in this run.)

3.21.6. Executing OPT_EXPR pass (perform const folding).
Optimizing module rv32im_core.
<suppressed ~89 debug messages>

3.21.7. Executing OPT_MERGE pass (detect identical cells).
Finding identical cells in module `\rv32im_core'.
Computing hashes of 22267 cells of `\rv32im_core'.
Finding duplicate cells in `\rv32im_core'.
Computing hashes of 22264 cells of `\rv32im_core'.
Finding duplicate cells in `\rv32im_core'.
<suppressed ~9 debug messages>
Removed a total of 3 cells.

3.21.8. Executing OPT_DFF pass (perform DFF optimizations).
Adding SRST signal on $auto$ff.cc:337:slice$19258 ($_SDFFCE_PP0P_) from module rv32im_core (D = $procmux$12187.Y_B, Q = \idex_reg_write, rval = 1'0).
Adding SRST signal on $auto$ff.cc:337:slice$18763 ($_DFFE_PP_) from module rv32im_core (D = $procmux$12343.Y_B [0], Q = \idex_imm [0], rval = 1'0).
Adding SRST signal on $auto$ff.cc:337:slice$18764 ($_DFFE_PP_) from module rv32im_core (D = $procmux$12343.Y_B [1], Q = \idex_imm [1], rval = 1'0).
Adding SRST signal on $auto$ff.cc:337:slice$18765 ($_DFFE_PP_) from module rv32im_core (D = $procmux$12343.Y_B [2], Q = \idex_imm [2], rval = 1'0).
Adding SRST signal on $auto$ff.cc:337:slice$18766 ($_DFFE_PP_) from module rv32im_core (D = $procmux$12343.Y_B [3], Q = \idex_imm [3], rval = 1'0).
Adding SRST signal on $auto$ff.cc:337:slice$18767 ($_DFFE_PP_) from module rv32im_core (D = $procmux$12343.Y_B [4], Q = \idex_imm [4], rval = 1'0).
Adding SRST signal on $auto$ff.cc:337:slice$18768 ($_DFFE_PP_) from module rv32im_core (D = $procmux$12343.Y_B [5], Q = \idex_imm [5], rval = 1'0).
Adding SRST signal on $auto$ff.cc:337:slice$18769 ($_DFFE_PP_) from module rv32im_core (D = $procmux$12343.Y_B [6], Q = \idex_imm [6], rval = 1'0).
Adding SRST signal on $auto$ff.cc:337:slice$18770 ($_DFFE_PP_) from module rv32im_core (D = $procmux$12343.Y_B [7], Q = \idex_imm [7], rval = 1'0).
Adding SRST signal on $auto$ff.cc:337:slice$18771 ($_DFFE_PP_) from module rv32im_core (D = $procmux$12343.Y_B [8], Q = \idex_imm [8], rval = 1'0).
Adding SRST signal on $auto$ff.cc:337:slice$18772 ($_DFFE_PP_) from module rv32im_core (D = $procmux$12343.Y_B [9], Q = \idex_imm [9], rval = 1'0).
Adding SRST signal on $auto$ff.cc:337:slice$18773 ($_DFFE_PP_) from module rv32im_core (D = $procmux$12343.Y_B [10], Q = \idex_imm [10], rval = 1'0).
Adding SRST signal on $auto$ff.cc:337:slice$18774 ($_DFFE_PP_) from module rv32im_core (D = $procmux$12343.Y_B [11], Q = \idex_imm [11], rval = 1'0).
Setting constant 0-bit at position 0 on $auto$ff.cc:337:slice$32439 ($_DFF_PN0_) from module rv32im_core.

3.21.9. Executing OPT_CLEAN pass (remove unused cells and wires).
Finding unused cells or wires in module \rv32im_core..
Removed 61 unused cells and 120 unused wires.
<suppressed ~62 debug messages>

3.21.10. Rerunning OPT passes. (Removed registers in this run.)

3.21.11. Executing OPT_EXPR pass (perform const folding).
Optimizing module rv32im_core.

3.21.12. Executing OPT_MERGE pass (detect identical cells).
Finding identical cells in module `\rv32im_core'.
Computing hashes of 22204 cells of `\rv32im_core'.
Finding duplicate cells in `\rv32im_core'.
Removed a total of 0 cells.

3.21.13. Executing OPT_DFF pass (perform DFF optimizations).

3.21.14. Executing OPT_CLEAN pass (remove unused cells and wires).
Finding unused cells or wires in module \rv32im_core..

3.21.15. Finished fast OPT passes.

3.22. Executing ABC pass (technology mapping using ABC).

3.22.1. Extracting gate netlist of module `\rv32im_core' to `<abc-temp-dir>/input.blif'..
Replacing 175 occurrences of constant undef bits with constant zero bits

3.22.1.1. Executed ABC.
Extracted 18964 gates and 21917 wires to a netlist network with 2950 inputs and 1001 outputs.
Running ABC script: <abc-temp-dir>/abc.script
ABC: ======== ABC command line "source <abc-temp-dir>/abc.script"
ABC: + read_blif <abc-temp-dir>/input.blif 
ABC: + read_library <abc-temp-dir>/stdcells.genlib 
ABC: + strash 
ABC: + &get -n 
ABC: + &fraig -x 
ABC: + &put 
ABC: + scorr 
ABC: Warning: The network is combinational (run "fraig" or "fraig_sweep").
ABC: + dc2 
ABC: + dretime 
ABC: + strash 
ABC: + &get -n 
ABC: + &dch -f 
ABC: + &nf 
ABC: + &put 
ABC: + write_blif <abc-temp-dir>/output.blif 

3.22.1.2. Re-integrating ABC results.
ABC RESULTS:               AND cells:     5552
ABC RESULTS:            ANDNOT cells:      342
ABC RESULTS:               MUX cells:     1252
ABC RESULTS:              NAND cells:     6539
ABC RESULTS:               NOR cells:      124
ABC RESULTS:               NOT cells:       51
ABC RESULTS:                OR cells:      750
ABC RESULTS:             ORNOT cells:      499
ABC RESULTS:              XNOR cells:      568
ABC RESULTS:               XOR cells:      295
ABC RESULTS:        internal signals:    17966
ABC RESULTS:           input signals:     2950
ABC RESULTS:          output signals:     1001
Removing temp directory.
Removing global temp directory.

3.23. Executing OPT pass (performing simple optimizations).

3.23.1. Executing OPT_EXPR pass (perform const folding).
Optimizing module rv32im_core.
<suppressed ~89 debug messages>

3.23.2. Executing OPT_MERGE pass (detect identical cells).
Finding identical cells in module `\rv32im_core'.
Computing hashes of 19212 cells of `\rv32im_core'.
Finding duplicate cells in `\rv32im_core'.
Removed a total of 0 cells.

3.23.3. Executing OPT_DFF pass (perform DFF optimizations).

3.23.4. Executing OPT_CLEAN pass (remove unused cells and wires).
Finding unused cells or wires in module \rv32im_core..
Removed 0 unused cells and 7800 unused wires.
<suppressed ~11 debug messages>

3.23.5. Finished fast OPT passes.

3.24. Executing HIERARCHY pass (managing design hierarchy).
Attribute `top' found on module `rv32im_core'. Setting top module to rv32im_core.

3.24.1. Analyzing design hierarchy..
Top module:  \rv32im_core

3.24.2. Analyzing design hierarchy..
Top module:  \rv32im_core
Removed 0 unused modules.

3.25. Printing statistics.

=== rv32im_core ===

        +----------Local Count, excluding submodules.
        | 
    15533 wires
    20436 wire bits
      244 public wires
     4281 public wire bits
       38 ports
      354 port bits
    19212 cells
      342   $_ANDNOT_
     5552   $_AND_
     2107   $_DFFE_PN0P_
       42   $_DFFE_PN1P_
      748   $_DFFE_PP_
      214   $_DFF_PN0_
       27   $_DFF_PN1_
       11   $_DFF_P_
     1252   $_MUX_
     6539   $_NAND_
      124   $_NOR_
       51   $_NOT_
      499   $_ORNOT_
      750   $_OR_
       12   $_SDFFCE_PN0P_
       77   $_SDFFCE_PP0P_
        2   $_SDFFCE_PP1P_
      568   $_XNOR_
      295   $_XOR_

3.26. Executing CHECK pass (checking for obvious problems).
Checking module rv32im_core...
Found and reported 0 problems.

4. Executing DFFLIBMAP pass (mapping DFF cells to sequential cells from liberty file).
  cell DFF_X1 (noninv, pins=4, area=4.52) is a direct match for cell type $_DFF_P_.
  cell DFFR_X1 (noninv, pins=5, area=5.32) is a direct match for cell type $_DFF_PN0_.
  cell DFFS_X1 (noninv, pins=5, area=5.32) is a direct match for cell type $_DFF_PN1_.
  cell DFFRS_X1 (noninv, pins=6, area=6.38) is a direct match for cell type $_DFFSR_PNN_.
  final dff cell mappings:
    unmapped dff cell: $_DFF_N_
    \DFF_X1 _DFF_P_ (.CK( C), .D( D), .Q( Q), .QN(~Q));
    unmapped dff cell: $_DFF_NN0_
    unmapped dff cell: $_DFF_NN1_
    unmapped dff cell: $_DFF_NP0_
    unmapped dff cell: $_DFF_NP1_
    \DFFR_X1 _DFF_PN0_ (.CK( C), .D( D), .Q( Q), .QN(~Q), .RN( R));
    \DFFS_X1 _DFF_PN1_ (.CK( C), .D( D), .Q( Q), .QN(~Q), .SN( R));
    unmapped dff cell: $_DFF_PP0_
    unmapped dff cell: $_DFF_PP1_
    unmapped dff cell: $_DFFE_NN_
    unmapped dff cell: $_DFFE_NP_
    unmapped dff cell: $_DFFE_PN_
    unmapped dff cell: $_DFFE_PP_
    unmapped dff cell: $_DFFSR_NNN_
    unmapped dff cell: $_DFFSR_NNP_
    unmapped dff cell: $_DFFSR_NPN_
    unmapped dff cell: $_DFFSR_NPP_
    \DFFRS_X1 _DFFSR_PNN_ (.CK( C), .D( D), .Q( Q), .QN(~Q), .RN( R), .SN( S));
    unmapped dff cell: $_DFFSR_PNP_
    unmapped dff cell: $_DFFSR_PPN_
    unmapped dff cell: $_DFFSR_PPP_

4.1. Executing DFFLEGALIZE pass (convert FFs to types supported by the target).
<suppressed ~8 debug messages>
Mapping DFF cells in module `\rv32im_core':
  mapped 2321 $_DFF_PN0_ cells to \DFFR_X1 cells.
  mapped 69 $_DFF_PN1_ cells to \DFFS_X1 cells.
  mapped 850 $_DFF_P_ cells to \DFF_X1 cells.

5. Executing ABC pass (technology mapping using ABC).

5.1. Extracting gate netlist of module `\rv32im_core' to `<abc-temp-dir>/input.blif'..

5.1.1. Executed ABC.
Extracted 19051 gates and 22417 wires to a netlist network with 3364 inputs and 3235 outputs.
Running ABC script: <abc-temp-dir>/abc.script
ABC: ======== ABC command line "source <abc-temp-dir>/abc.script"
ABC: + read_blif <abc-temp-dir>/input.blif 
ABC: + read_lib -w /Users/aasheiksaran/Desktop/Productivity/INDIA_CRYPTO_SOC/synth/../pdk/nangate45/NangateOpenCellLibrary_typical.lib 
ABC: Parsing finished successfully.  Parsing time =     0.02 sec
ABC: Scl_LibertyReadGenlib() skipped cell "ANTENNA_X1" due to dont_use attribute.
ABC: Scl_LibertyReadGenlib() skipped cell "CLKGATETST_X1" without logic function.
ABC: Scl_LibertyReadGenlib() skipped cell "CLKGATETST_X2" without logic function.
ABC: Scl_LibertyReadGenlib() skipped cell "CLKGATETST_X4" without logic function.
ABC: Scl_LibertyReadGenlib() skipped cell "CLKGATETST_X8" without logic function.
ABC: Scl_LibertyReadGenlib() skipped cell "CLKGATE_X1" without logic function.
ABC: Scl_LibertyReadGenlib() skipped cell "CLKGATE_X2" without logic function.
ABC: Scl_LibertyReadGenlib() skipped cell "CLKGATE_X4" without logic function.
ABC: Scl_LibertyReadGenlib() skipped cell "CLKGATE_X8" without logic function.
ABC: Scl_LibertyReadGenlib() skipped sequential cell "DFFRS_X1".
ABC: Scl_LibertyReadGenlib() skipped sequential cell "DFFRS_X2".
ABC: Scl_LibertyReadGenlib() skipped sequential cell "DFFR_X1".
ABC: Scl_LibertyReadGenlib() skipped sequential cell "DFFR_X2".
ABC: Scl_LibertyReadGenlib() skipped sequential cell "DFFS_X1".
ABC: Scl_LibertyReadGenlib() skipped sequential cell "DFFS_X2".
ABC: Scl_LibertyReadGenlib() skipped sequential cell "DFF_X1".
ABC: Scl_LibertyReadGenlib() skipped sequential cell "DFF_X2".
ABC: Scl_LibertyReadGenlib() skipped sequential cell "DLH_X1".
ABC: Scl_LibertyReadGenlib() skipped sequential cell "DLH_X2".
ABC: Scl_LibertyReadGenlib() skipped sequential cell "DLL_X1".
ABC: Scl_LibertyReadGenlib() skipped sequential cell "DLL_X2".
ABC: Scl_LibertyReadGenlib() skipped cell "FILLCELL_X1" due to dont_use attribute.
ABC: Scl_LibertyReadGenlib() skipped cell "TAPCELL_X1" due to dont_use attribute.
ABC: Scl_LibertyReadGenlib() skipped cell "FILLCELL_X2" due to dont_use attribute.
ABC: Scl_LibertyReadGenlib() skipped cell "FILLCELL_X4" due to dont_use attribute.
ABC: Scl_LibertyReadGenlib() skipped cell "FILLCELL_X8" due to dont_use attribute.
ABC: Scl_LibertyReadGenlib() skipped cell "FILLCELL_X16" due to dont_use attribute.
ABC: Scl_LibertyReadGenlib() skipped cell "FILLCELL_X32" due to dont_use attribute.
ABC: Scl_LibertyReadGenlib() skipped cell "LOGIC0_X1" due to dont_use attribute.
ABC: Scl_LibertyReadGenlib() skipped cell "LOGIC1_X1" due to dont_use attribute.
ABC: Scl_LibertyReadGenlib() skipped sequential cell "SDFFRS_X1".
ABC: Scl_LibertyReadGenlib() skipped sequential cell "SDFFRS_X2".
ABC: Scl_LibertyReadGenlib() skipped sequential cell "SDFFR_X1".
ABC: Scl_LibertyReadGenlib() skipped sequential cell "SDFFR_X2".
ABC: Scl_LibertyReadGenlib() skipped sequential cell "SDFFS_X1".
ABC: Scl_LibertyReadGenlib() skipped sequential cell "SDFFS_X2".
ABC: Scl_LibertyReadGenlib() skipped sequential cell "SDFF_X1".
ABC: Scl_LibertyReadGenlib() skipped sequential cell "SDFF_X2".
ABC: Scl_LibertyReadGenlib() skipped three-state cell "TBUF_X1".
ABC: Scl_LibertyReadGenlib() skipped three-state cell "TBUF_X2".
ABC: Scl_LibertyReadGenlib() skipped three-state cell "TBUF_X4".
ABC: Scl_LibertyReadGenlib() skipped three-state cell "TBUF_X8".
ABC: Scl_LibertyReadGenlib() skipped three-state cell "TBUF_X16".
ABC: Scl_LibertyReadGenlib() skipped three-state cell "TINV_X1".
ABC: Scl_LibertyReadGenlib() skipped sequential cell "TLAT_X1".
ABC: Library "NangateOpenCellLibrary" from "/Users/aasheiksaran/Desktop/Productivity/INDIA_CRYPTO_SOC/synth/../pdk/nangate45/NangateOpenCellLibrary_typical.lib" has 90 cells (45 skipped: 21 seq; 6 tri-state; 8 no func; 10 dont_use; 0 with 2 outputs; 0 with 3+ outputs).  Time =     0.03 sec
ABC: Memory =   11.38 MB. Time =     0.03 sec
ABC: Warning: Detected 2 multi-output cells (for example, "FA_X1").
ABC: + strash 
ABC: + &get -n 
ABC: + &fraig -x 
ABC: + &put 
ABC: + scorr 
ABC: Warning: The network is combinational (run "fraig" or "fraig_sweep").
ABC: + dc2 
ABC: + dretime 
ABC: + strash 
ABC: + &get -n 
ABC: + &dch -f 
ABC: + &nf 
ABC: + &put 
ABC: + write_blif <abc-temp-dir>/output.blif 

5.1.2. Re-integrating ABC results.
ABC RESULTS:           AND2_X1 cells:      168
ABC RESULTS:           AND3_X1 cells:       89
ABC RESULTS:           AND4_X1 cells:       55
ABC RESULTS:         AOI211_X1 cells:      147
ABC RESULTS:          AOI21_X1 cells:      774
ABC RESULTS:         AOI221_X1 cells:      197
ABC RESULTS:         AOI222_X1 cells:      608
ABC RESULTS:          AOI22_X1 cells:     1129
ABC RESULTS:            INV_X1 cells:      752
ABC RESULTS:           MUX2_X1 cells:     3213
ABC RESULTS:          NAND2_X1 cells:     1036
ABC RESULTS:          NAND3_X1 cells:      400
ABC RESULTS:          NAND4_X1 cells:      245
ABC RESULTS:           NOR2_X1 cells:      787
ABC RESULTS:           NOR3_X1 cells:      268
ABC RESULTS:           NOR4_X1 cells:       38
ABC RESULTS:         OAI211_X1 cells:      173
ABC RESULTS:          OAI21_X1 cells:      898
ABC RESULTS:         OAI221_X1 cells:      104
ABC RESULTS:         OAI222_X1 cells:        6
ABC RESULTS:          OAI22_X1 cells:      146
ABC RESULTS:          OAI33_X1 cells:       25
ABC RESULTS:            OR2_X1 cells:      122
ABC RESULTS:            OR3_X1 cells:       62
ABC RESULTS:            OR4_X1 cells:       21
ABC RESULTS:          XNOR2_X1 cells:      606
ABC RESULTS:           XOR2_X1 cells:      207
ABC RESULTS:        internal signals:    15818
ABC RESULTS:           input signals:     3364
ABC RESULTS:          output signals:     3235
Removing temp directory.
Removing global temp directory.
Removed 0 unused cells and 21967 unused wires.

6. Printing statistics.

=== rv32im_core ===

        +----------Local Count, excluding submodules.
        |        +-Local Area, excluding submodules.
        |        | 
    15548        - wires
    19866        - wire bits
      241        - public wires
     4185        - public wire bits
       38        - ports
      354        - port bits
    15516 3.31E+04 cells
      168  178.752   AND2_X1
       89   118.37   AND3_X1
       55    87.78   AND4_X1
      147   195.51   AOI211_X1
      774  823.536   AOI21_X1
      197  314.412   AOI221_X1
      608 1.29E+03   AOI222_X1
     1129  1501.57   AOI22_X1
     2321 1.23E+04   DFFR_X1
       69   367.08   DFFS_X1
      850   3843.7   DFF_X1
      752  400.064   INV_X1
     3213 5.98E+03   MUX2_X1
     1036  826.728   NAND2_X1
      400    425.6   NAND3_X1
      245   325.85   NAND4_X1
      787  628.026   NOR2_X1
      268  285.152   NOR3_X1
       38    50.54   NOR4_X1
      173   230.09   OAI211_X1
      898  955.472   OAI21_X1
      104  165.984   OAI221_X1
        6   12.768   OAI222_X1
      146   194.18   OAI22_X1
       25    46.55   OAI33_X1
      122  129.808   OR2_X1
       62    82.46   OR3_X1
       21   33.516   OR4_X1
      606  967.176   XNOR2_X1
      207  330.372   XOR2_X1

   Chip area for module '\rv32im_core': 33145.196000
     of which used for sequential elements: 16558.500000 (49.96%)

7. Executing Verilog backend.
Dumping module `\rv32im_core'.

Warnings: 2 unique messages, 2 total
End of script. Logfile hash: 4d8f628200, time: 10.50s, user: 2.84s, system: 0.08s, MEM: 181.83 MB peak
Yosys 0.64 (git sha1 d8dab5b32666564eca8e18f412973853ce006e61, clang++ 21.0.0 -fPIC -O3)
Time spent: 55% 2x abc (3 sec), 7% 56x opt_expr (0 sec), ...
